2025-11-03 14:01:30,679 [INFO] Activator:176 - 


2025-11-03 14:01:30,683 [INFO] Activator:177 - !SESSION log4j initialized
2025-11-03 14:01:46,271 [INFO] LogOutputStream:77 - [STDOUT_REDIRECT] 
2025-11-03 14:01:58,567 [ERROR] ConfigurationRetriever:142 - IOException on connection: sw-center.st.com
2025-11-03 14:01:58,568 [ERROR] ConfigurationRetriever:142 - IOException on connection: sw-center.st.com
2025-11-03 14:01:58,568 [ERROR] ConfigurationRetriever:142 - IOException on connection: sw-center.st.com
2025-11-03 14:01:59,004 [INFO] ApplicationProperties:184 - Using Application install path: C:\ST\STM32CubeIDE_1.19.0\STM32CubeIDE\plugins\com.st.stm32cube.common.mx_6.15.0.202507011659
2025-11-03 14:01:59,017 [INFO] DbMcusXml:78 - Set database path to: C:\ST\STM32CubeIDE_1.19.0\STM32CubeIDE\plugins\com.st.stm32cube.common.mx_6.15.0.202507011659\\db\/mcu/
2025-11-03 14:01:59,017 [INFO] ApiDb:274 - Set plugin database path to: C:\ST\STM32CubeIDE_1.19.0\STM32CubeIDE\plugins\com.st.stm32cube.common.mx_6.15.0.202507011659\\db\/plugins/boardmanager/
2025-11-03 14:01:59,018 [WARN] ApiDb:259 - Overriding images path with different value:  => C:\ST\STM32CubeIDE_1.19.0\STM32CubeIDE\plugins\com.st.stm32cube.common.mx_6.15.0.202507011659\\db\/plugins/mcufinder/images/
2025-11-03 14:01:59,021 [INFO] ApiDb:250 - Set database path to: C:\Users\USER\.stmcufinder\plugins\mcufinder//mcu/
2025-11-03 14:01:59,022 [INFO] DbMcusAds:125 - Set database path to: C:\Users\USER\.stmcufinder\plugins\mcufinder//mcu/
2025-11-03 14:01:59,024 [INFO] CrossReferenceDbSqlite:203 - Set database path to: C:\Users\USER\.stmcufinder\plugins\mcufinder//mcu/cs/
2025-11-03 14:01:59,108 [INFO] RulesReader:64 - Compatibility file has been processed (317 Rules)
2025-11-03 14:01:59,170 [INFO] DbMcusXml:78 - Set database path to: C:\ST\STM32CubeIDE_1.19.0\STM32CubeIDE\plugins\com.st.stm32cube.common.mx_6.15.0.202507011659\\db\/mcu/
2025-11-03 14:01:59,170 [INFO] ApiDb:274 - Set plugin database path to: C:\ST\STM32CubeIDE_1.19.0\STM32CubeIDE\plugins\com.st.stm32cube.common.mx_6.15.0.202507011659\\db\/plugins/boardmanager/
2025-11-03 14:01:59,170 [INFO] ApiDb:261 - Set plugin images path to: C:\ST\STM32CubeIDE_1.19.0\STM32CubeIDE\plugins\com.st.stm32cube.common.mx_6.15.0.202507011659\\db\/plugins/mcufinder/images/
2025-11-03 14:01:59,170 [WARN] DbFile:41 - Overriding database path with different value: C:\Users\USER\.stmcufinder\plugins\mcufinder/ => C:\Users\USER\.stmcufinder\plugins\mcufinder
2025-11-03 14:01:59,170 [INFO] ApiDb:250 - Set database path to: C:\Users\USER\.stmcufinder\plugins\mcufinder//mcu/
2025-11-03 14:01:59,170 [WARN] DbFile:41 - Overriding database path with different value: C:\Users\USER\.stmcufinder\plugins\mcufinder/ => C:\Users\USER\.stmcufinder\plugins\mcufinder
2025-11-03 14:01:59,170 [INFO] DbMcusAds:125 - Set database path to: C:\Users\USER\.stmcufinder\plugins\mcufinder//mcu/
2025-11-03 14:01:59,170 [WARN] DbFile:41 - Overriding database path with different value: C:\Users\USER\.stmcufinder\plugins\mcufinder/ => C:\Users\USER\.stmcufinder\plugins\mcufinder
2025-11-03 14:01:59,170 [WARN] DbFile:41 - Overriding database path with different value: C:\Users\USER\.stmcufinder\plugins\mcufinder/ => C:\Users\USER\.stmcufinder\plugins\mcufinder
2025-11-03 14:01:59,170 [INFO] CrossReferenceDbSqlite:203 - Set database path to: C:\Users\USER\.stmcufinder\plugins\mcufinder//mcu/cs/
2025-11-03 14:01:59,220 [INFO] MainPanel:274 - HeapMemory: 268435456
2025-11-03 14:01:59,279 [INFO] DbMcusXml:78 - Set database path to: C:\ST\STM32CubeIDE_1.19.0\STM32CubeIDE\plugins\com.st.stm32cube.common.mx_6.15.0.202507011659\\db\/mcu/
2025-11-03 14:01:59,280 [INFO] ApiDb:274 - Set plugin database path to: C:\ST\STM32CubeIDE_1.19.0\STM32CubeIDE\plugins\com.st.stm32cube.common.mx_6.15.0.202507011659\\db\/plugins/boardmanager/
2025-11-03 14:01:59,280 [INFO] ApiDb:261 - Set plugin images path to: C:\ST\STM32CubeIDE_1.19.0\STM32CubeIDE\plugins\com.st.stm32cube.common.mx_6.15.0.202507011659\\db\/plugins/mcufinder/images/
2025-11-03 14:01:59,280 [WARN] DbFile:41 - Overriding database path with different value: C:\Users\USER\.stmcufinder\plugins\mcufinder/ => C:\Users\USER\.stmcufinder\plugins\mcufinder
2025-11-03 14:01:59,280 [INFO] ApiDb:250 - Set database path to: C:\Users\USER\.stmcufinder\plugins\mcufinder//mcu/
2025-11-03 14:01:59,280 [WARN] DbFile:41 - Overriding database path with different value: C:\Users\USER\.stmcufinder\plugins\mcufinder/ => C:\Users\USER\.stmcufinder\plugins\mcufinder
2025-11-03 14:01:59,280 [INFO] DbMcusAds:125 - Set database path to: C:\Users\USER\.stmcufinder\plugins\mcufinder//mcu/
2025-11-03 14:01:59,280 [WARN] DbFile:41 - Overriding database path with different value: C:\Users\USER\.stmcufinder\plugins\mcufinder/ => C:\Users\USER\.stmcufinder\plugins\mcufinder
2025-11-03 14:01:59,280 [WARN] DbFile:41 - Overriding database path with different value: C:\Users\USER\.stmcufinder\plugins\mcufinder/ => C:\Users\USER\.stmcufinder\plugins\mcufinder
2025-11-03 14:01:59,280 [INFO] CrossReferenceDbSqlite:203 - Set database path to: C:\Users\USER\.stmcufinder\plugins\mcufinder//mcu/cs/
2025-11-03 14:01:59,292 [INFO] ApplicationProperties:184 - Using Application install path: C:\ST\STM32CubeIDE_1.19.0\STM32CubeIDE\plugins\com.st.stm32cube.common.mx_6.15.0.202507011659
2025-11-03 14:01:59,293 [INFO] PluginManage:196 - Search for loadable plugins [exclusion list=, ]
2025-11-03 14:01:59,294 [INFO] PluginManage:310 - Check plugin analytics
2025-11-03 14:01:59,427 [INFO] AnalyticsPlugin:253 - Accepted Software Licenses: 
2025-11-03 14:01:59,427 [INFO] AnalyticsPlugin:255 - Accepted CMSIS Pack Licenses: 
2025-11-03 14:01:59,427 [INFO] AnalyticsPlugin:257 - Accepted Firmware Licenses: 
2025-11-03 14:01:59,430 [INFO] PluginManage:359 - Loaded plugin analytics (category:tool,tabindex:-1)
2025-11-03 14:01:59,430 [ERROR] ConfigurationRetriever:142 - IOException on connection: sw-center.st.com
2025-11-03 14:01:59,430 [INFO] PluginManage:310 - Check plugin cadmodel
2025-11-03 14:01:59,431 [ERROR] ConfigurationRetriever:142 - IOException on connection: sw-center.st.com
2025-11-03 14:01:59,431 [ERROR] ConfigurationRetriever:142 - IOException on connection: sw-center.st.com
2025-11-03 14:01:59,434 [INFO] CADModel:105 - Init CAD model plugin
2025-11-03 14:01:59,434 [INFO] PluginManage:359 - Loaded plugin cadmodel (category:power,tabindex:5)
2025-11-03 14:01:59,434 [INFO] PluginManage:310 - Check plugin clock
2025-11-03 14:01:59,442 [INFO] PluginManage:359 - Loaded plugin clock (category:base,tabindex:2)
2025-11-03 14:01:59,442 [INFO] PluginManage:310 - Check plugin ddr
2025-11-03 14:01:59,444 [INFO] PluginManage:359 - Loaded plugin ddr (category:tool,tabindex:6)
2025-11-03 14:01:59,444 [INFO] PluginManage:310 - Check plugin filemanager
2025-11-03 14:01:59,559 [INFO] PluginManage:359 - Loaded plugin filemanager (category:base,tabindex:10)
2025-11-03 14:01:59,560 [INFO] PluginManage:310 - Check plugin ipmanager
2025-11-03 14:01:59,565 [INFO] PluginManage:359 - Loaded plugin ipmanager (category:base,tabindex:5)
2025-11-03 14:01:59,565 [INFO] PluginManage:310 - Check plugin lpbam
2025-11-03 14:01:59,572 [INFO] PluginManage:359 - Loaded plugin lpbam (category:base,tabindex:0)
2025-11-03 14:01:59,572 [INFO] PluginManage:310 - Check plugin memorymap
2025-11-03 14:01:59,584 [INFO] PluginManage:359 - Loaded plugin memorymap (category:base,tabindex:4)
2025-11-03 14:01:59,584 [INFO] PluginManage:310 - Check plugin pinoutandconfiguration
2025-11-03 14:01:59,590 [INFO] PluginManage:359 - Loaded plugin pinoutandconfiguration (category:base,tabindex:1)
2025-11-03 14:01:59,590 [INFO] PluginManage:310 - Check plugin pinoutconfig
2025-11-03 14:01:59,656 [WARN] SupportedApi:132 - Cannot load RTOS API schema: s4s-elt-must-match.1: The content of 'definitions' must match (annotation?, (simpleType | complexType)?, (unique | key | keyref)*)). A problem was found starting at: attribute.
2025-11-03 14:01:59,752 [INFO] PluginManage:359 - Loaded plugin pinoutconfig (category:base,tabindex:0)
2025-11-03 14:01:59,752 [INFO] PluginManage:310 - Check plugin power
2025-11-03 14:01:59,757 [INFO] PluginManage:359 - Loaded plugin power (category:power,tabindex:4)
2025-11-03 14:01:59,757 [INFO] PluginManage:310 - Check plugin projectmanager
2025-11-03 14:01:59,769 [INFO] PluginManage:359 - Loaded plugin projectmanager (category:projectmanager,tabindex:4)
2025-11-03 14:01:59,769 [INFO] PluginManage:310 - Check plugin rif
2025-11-03 14:01:59,775 [INFO] PluginManage:359 - Loaded plugin rif (category:base,tabindex:3)
2025-11-03 14:01:59,776 [INFO] PluginManage:310 - Check plugin thirdparty
2025-11-03 14:01:59,860 [WARN] IntegrityCheckThread:84 - waiting for thirdparty lock release [integrity check]
2025-11-03 14:01:59,860 [INFO] PluginManage:359 - Loaded plugin thirdparty (category:base,tabindex:-1)
2025-11-03 14:01:59,860 [INFO] IntegrityCheckThread:86 - entering critical section [integrity check]
2025-11-03 14:01:59,860 [INFO] PluginManage:310 - Check plugin tools
2025-11-03 14:01:59,860 [INFO] ThirdPartyUpdaterWithRetryManager:70 - Updater plugin not ready yet. [1/15]
2025-11-03 14:01:59,863 [INFO] PluginManage:359 - Loaded plugin tools (category:base,tabindex:7)
2025-11-03 14:01:59,863 [INFO] PluginManage:310 - Check plugin tutovideos
2025-11-03 14:01:59,998 [INFO] PluginManage:359 - Loaded plugin tutovideos (category:base,tabindex:-1)
2025-11-03 14:01:59,998 [INFO] PluginManage:310 - Check plugin updater
2025-11-03 14:02:00,014 [INFO] PluginManage:359 - Loaded plugin updater (category:base,tabindex:12)
2025-11-03 14:02:00,014 [INFO] PluginManage:310 - Check plugin userauth
2025-11-03 14:02:00,017 [INFO] UserAuth:118 - Init User Auth plugin
2025-11-03 14:02:00,018 [INFO] PluginManage:359 - Loaded plugin userauth (category:base,tabindex:14)
2025-11-03 14:02:00,018 [INFO] PluginManage:283 - PluginManage : Loaded plugins [18]
2025-11-03 14:02:00,176 [INFO] PinOutPanel:1589 - setPackage(No Configuration,No Configuration)
2025-11-03 14:02:00,233 [INFO] CADModel:165 - CPN selected for project level
2025-11-03 14:02:00,233 [INFO] CADModel:114 - Register for checkConnection events
2025-11-03 14:02:00,245 [INFO] IPUIPlugin:80 - create IPUIPlugin
2025-11-03 14:02:00,245 [INFO] PluginManager:220 - loadIPPluginJar : add adc
2025-11-03 14:02:00,246 [INFO] IPUIPlugin:80 - create IPUIPlugin
2025-11-03 14:02:00,246 [INFO] PluginManager:220 - loadIPPluginJar : add aes
2025-11-03 14:02:00,248 [INFO] IPUIPlugin:80 - create IPUIPlugin
2025-11-03 14:02:00,248 [INFO] PluginManager:220 - loadIPPluginJar : add can
2025-11-03 14:02:00,249 [INFO] IPUIPlugin:80 - create IPUIPlugin
2025-11-03 14:02:00,249 [INFO] PluginManager:220 - loadIPPluginJar : add comp
2025-11-03 14:02:00,250 [INFO] IPUIPlugin:80 - create IPUIPlugin
2025-11-03 14:02:00,250 [INFO] PluginManager:220 - loadIPPluginJar : add cryp
2025-11-03 14:02:00,251 [INFO] IPUIPlugin:80 - create IPUIPlugin
2025-11-03 14:02:00,251 [INFO] PluginManager:220 - loadIPPluginJar : add ddr_ctrl_phy
2025-11-03 14:02:00,252 [INFO] IPUIPlugin:80 - create IPUIPlugin
2025-11-03 14:02:00,253 [INFO] PluginManager:220 - loadIPPluginJar : add dfsdm
2025-11-03 14:02:00,256 [INFO] IPUIPlugin:80 - create IPUIPlugin
2025-11-03 14:02:00,256 [INFO] PluginManager:220 - loadIPPluginJar : add dma
2025-11-03 14:02:00,257 [INFO] IPUIPlugin:80 - create IPUIPlugin
2025-11-03 14:02:00,257 [INFO] PluginManager:220 - loadIPPluginJar : add dma3
2025-11-03 14:02:00,259 [INFO] IPUIPlugin:80 - create IPUIPlugin
2025-11-03 14:02:00,259 [INFO] PluginManager:220 - loadIPPluginJar : add extmemmanager
2025-11-03 14:02:00,260 [INFO] IPUIPlugin:80 - create IPUIPlugin
2025-11-03 14:02:00,260 [INFO] PluginManager:220 - loadIPPluginJar : add fatfs
2025-11-03 14:02:00,263 [INFO] IPUIPlugin:80 - create IPUIPlugin
2025-11-03 14:02:00,263 [INFO] PluginManager:220 - loadIPPluginJar : add fmc
2025-11-03 14:02:00,266 [INFO] IPUIPlugin:80 - create IPUIPlugin
2025-11-03 14:02:00,266 [INFO] PluginManager:220 - loadIPPluginJar : add freertos
2025-11-03 14:02:00,267 [INFO] IPUIPlugin:80 - create IPUIPlugin
2025-11-03 14:02:00,267 [INFO] PluginManager:220 - loadIPPluginJar : add genericplugin
2025-11-03 14:02:00,268 [INFO] IPUIPlugin:80 - create IPUIPlugin
2025-11-03 14:02:00,268 [INFO] PluginManager:220 - loadIPPluginJar : add gfxmmu
2025-11-03 14:02:00,271 [INFO] IPUIPlugin:80 - create IPUIPlugin
2025-11-03 14:02:00,271 [INFO] PluginManager:220 - loadIPPluginJar : add gic
2025-11-03 14:02:00,273 [INFO] IPUIPlugin:80 - create IPUIPlugin
2025-11-03 14:02:00,273 [INFO] PluginManager:220 - loadIPPluginJar : add gpio
2025-11-03 14:02:00,274 [INFO] IPUIPlugin:80 - create IPUIPlugin
2025-11-03 14:02:00,274 [INFO] PluginManager:220 - loadIPPluginJar : add gtzc
2025-11-03 14:02:00,276 [INFO] IPUIPlugin:80 - create IPUIPlugin
2025-11-03 14:02:00,276 [INFO] PluginManager:220 - loadIPPluginJar : add hash
2025-11-03 14:02:00,277 [INFO] IPUIPlugin:80 - create IPUIPlugin
2025-11-03 14:02:00,277 [INFO] PluginManager:220 - loadIPPluginJar : add i2c
2025-11-03 14:02:00,278 [INFO] IPUIPlugin:80 - create IPUIPlugin
2025-11-03 14:02:00,278 [INFO] PluginManager:220 - loadIPPluginJar : add i2s
2025-11-03 14:02:00,280 [INFO] IPUIPlugin:80 - create IPUIPlugin
2025-11-03 14:02:00,280 [INFO] PluginManager:220 - loadIPPluginJar : add i3c
2025-11-03 14:02:00,282 [INFO] IPUIPlugin:80 - create IPUIPlugin
2025-11-03 14:02:00,282 [INFO] PluginManager:220 - loadIPPluginJar : add ipddr
2025-11-03 14:02:00,286 [INFO] IPUIPlugin:80 - create IPUIPlugin
2025-11-03 14:02:00,286 [INFO] PluginManager:220 - loadIPPluginJar : add linkedlist
2025-11-03 14:02:00,288 [INFO] IPUIPlugin:80 - create IPUIPlugin
2025-11-03 14:02:00,288 [INFO] PluginManager:220 - loadIPPluginJar : add lorawan
2025-11-03 14:02:00,288 [INFO] IPUIPlugin:80 - create IPUIPlugin
2025-11-03 14:02:00,288 [INFO] PluginManager:220 - loadIPPluginJar : add ltdc
2025-11-03 14:02:00,292 [INFO] IPUIPlugin:80 - create IPUIPlugin
2025-11-03 14:02:00,292 [INFO] PluginManager:220 - loadIPPluginJar : add mdma
2025-11-03 14:02:00,293 [INFO] IPUIPlugin:80 - create IPUIPlugin
2025-11-03 14:02:00,294 [INFO] PluginManager:220 - loadIPPluginJar : add nvic
2025-11-03 14:02:00,295 [INFO] IPUIPlugin:80 - create IPUIPlugin
2025-11-03 14:02:00,295 [INFO] PluginManager:220 - loadIPPluginJar : add opamp
2025-11-03 14:02:00,297 [INFO] IPUIPlugin:80 - create IPUIPlugin
2025-11-03 14:02:00,297 [INFO] PluginManager:220 - loadIPPluginJar : add openamp
2025-11-03 14:02:00,298 [INFO] IPUIPlugin:80 - create IPUIPlugin
2025-11-03 14:02:00,298 [INFO] PluginManager:220 - loadIPPluginJar : add pdm2pcm
2025-11-03 14:02:00,302 [INFO] IPUIPlugin:80 - create IPUIPlugin
2025-11-03 14:02:00,303 [INFO] PluginManager:220 - loadIPPluginJar : add plateformsettings
2025-11-03 14:02:00,304 [INFO] IPUIPlugin:80 - create IPUIPlugin
2025-11-03 14:02:00,304 [INFO] PluginManager:220 - loadIPPluginJar : add quadspi
2025-11-03 14:02:00,305 [INFO] IPUIPlugin:80 - create IPUIPlugin
2025-11-03 14:02:00,305 [INFO] PluginManager:220 - loadIPPluginJar : add radio
2025-11-03 14:02:00,307 [INFO] IPUIPlugin:80 - create IPUIPlugin
2025-11-03 14:02:00,307 [INFO] PluginManager:220 - loadIPPluginJar : add resmgrutility
2025-11-03 14:02:00,309 [INFO] IPUIPlugin:80 - create IPUIPlugin
2025-11-03 14:02:00,309 [INFO] PluginManager:220 - loadIPPluginJar : add sai
2025-11-03 14:02:00,310 [INFO] IPUIPlugin:80 - create IPUIPlugin
2025-11-03 14:02:00,310 [INFO] PluginManager:220 - loadIPPluginJar : add spi
2025-11-03 14:02:00,314 [INFO] IPUIPlugin:80 - create IPUIPlugin
2025-11-03 14:02:00,314 [INFO] PluginManager:220 - loadIPPluginJar : add stm32_wpan
2025-11-03 14:02:00,315 [INFO] IPUIPlugin:80 - create IPUIPlugin
2025-11-03 14:02:00,315 [INFO] PluginManager:220 - loadIPPluginJar : add tim
2025-11-03 14:02:00,316 [INFO] IPUIPlugin:80 - create IPUIPlugin
2025-11-03 14:02:00,316 [INFO] PluginManager:220 - loadIPPluginJar : add touchsensing
2025-11-03 14:02:00,317 [INFO] IPUIPlugin:80 - create IPUIPlugin
2025-11-03 14:02:00,317 [INFO] PluginManager:220 - loadIPPluginJar : add tracer_emb
2025-11-03 14:02:00,318 [INFO] IPUIPlugin:80 - create IPUIPlugin
2025-11-03 14:02:00,318 [INFO] PluginManager:220 - loadIPPluginJar : add ts
2025-11-03 14:02:00,319 [INFO] IPUIPlugin:80 - create IPUIPlugin
2025-11-03 14:02:00,319 [INFO] PluginManager:220 - loadIPPluginJar : add tsc
2025-11-03 14:02:00,320 [INFO] IPUIPlugin:80 - create IPUIPlugin
2025-11-03 14:02:00,320 [INFO] PluginManager:220 - loadIPPluginJar : add ucpd
2025-11-03 14:02:00,322 [INFO] IPUIPlugin:80 - create IPUIPlugin
2025-11-03 14:02:00,322 [INFO] PluginManager:220 - loadIPPluginJar : add usart
2025-11-03 14:02:00,323 [INFO] IPUIPlugin:80 - create IPUIPlugin
2025-11-03 14:02:00,323 [INFO] PluginManager:220 - loadIPPluginJar : add usbx
2025-11-03 14:02:00,432 [FATAL] Updater:351 - Updater called before beeing initialized
2025-11-03 14:02:00,450 [INFO] RulesReader:64 - Compatibility file has been processed (317 Rules)
2025-11-03 14:02:00,459 [INFO] RulesReader:64 - Compatibility file has been processed (317 Rules)
2025-11-03 14:02:00,466 [INFO] CADModel:165 - CPN selected for project level
2025-11-03 14:02:00,466 [INFO] CADModel:114 - Register for checkConnection events
2025-11-03 14:02:00,466 [FATAL] Updater:351 - Updater called before beeing initialized
2025-11-03 14:02:00,466 [ERROR] CADModel:125 - Updater not yet initialized, retry later 
2025-11-03 14:02:00,562 [FATAL] Updater:351 - Updater called before beeing initialized
2025-11-03 14:02:00,563 [INFO] CADModel:165 - CPN selected for project level
2025-11-03 14:02:00,563 [INFO] CADModel:114 - Register for checkConnection events
2025-11-03 14:02:00,563 [FATAL] Updater:351 - Updater called before beeing initialized
2025-11-03 14:02:00,563 [ERROR] CADModel:125 - Updater not yet initialized, retry later 
2025-11-03 14:02:00,566 [FATAL] Updater:351 - Updater called before beeing initialized
2025-11-03 14:02:00,646 [FATAL] Updater:351 - Updater called before beeing initialized
2025-11-03 14:02:00,650 [INFO] DbMcusAds:53 - JSON generation date=Thu Oct 02 15:06:05 IST 2025 (1759397765645)
2025-11-03 14:02:00,650 [FATAL] Updater:351 - Updater called before beeing initialized
2025-11-03 14:02:00,675 [WARN] DetailPanel:346 - Failed to get advertising image, set to default
2025-11-03 14:02:00,742 [FATAL] Updater:351 - Updater called before beeing initialized
2025-11-03 14:02:00,744 [FATAL] Updater:351 - Updater called before beeing initialized
2025-11-03 14:02:00,744 [FATAL] Updater:351 - Updater called before beeing initialized
2025-11-03 14:02:00,744 [WARN] DetailPanel:346 - Failed to get advertising image, set to default
2025-11-03 14:02:00,744 [FATAL] Updater:351 - Updater called before beeing initialized
2025-11-03 14:02:00,775 [ERROR] Updater:1198 - MainUpdater not yet initialized. External WinMGr cannot be set.
2025-11-03 14:02:00,776 [INFO] Updater:1134 - Updater Version found : 6.15.0
2025-11-03 14:02:00,789 [INFO] ApplicationProperties:184 - Using Application install path: C:\ST\STM32CubeIDE_1.19.0\STM32CubeIDE\plugins\com.st.stm32cube.common.mx_6.15.0.202507011659
2025-11-03 14:02:02,354 [ERROR] LogOutputStream:75 - [STDERR_REDIRECT] Nov 03, 2025 2:02:02 PM java.util.prefs.WindowsPreferences <init>
2025-11-03 14:02:02,355 [ERROR] LogOutputStream:75 - [STDERR_REDIRECT] WARNING: Could not open/create prefs root node Software\JavaSoft\Prefs at root 0xffffffff80000002. Windows RegCreateKeyEx(...) returned error code 5.
2025-11-03 14:02:02,355 [ERROR] LogOutputStream:75 - [STDERR_REDIRECT] 
2025-11-03 14:02:02,516 [INFO] MainUpdater:2872 - connection check result : 22
2025-11-03 14:02:02,517 [INFO] MainUpdater:289 - Updater Check For Update Now.
2025-11-03 14:02:02,517 [INFO] MicroXplorer:498 - Change Database Version : DB.6.0.150
2025-11-03 14:02:02,521 [INFO] McuFinderGlobals:63 - Set McuFinder mode to 2 (CubeIDE integrated)
2025-11-03 14:02:02,521 [INFO] UserAuth:171 - activating auth plugin
2025-11-03 14:02:02,523 [INFO] UserAuth:487 - Internet connection configuration mode: 2
2025-11-03 14:02:02,535 [INFO] UserAuth:487 - Internet connection configuration mode: 2
2025-11-03 14:02:02,687 [INFO] CheckServerUpdateThread:120 - End of CheckServer Thread
2025-11-03 14:02:03,040 [WARN] PackLoader:240 - Cannot read IP mode file for STMicroelectronics.FP-SNS-MOTENVWB1.1.4.0
2025-11-03 14:02:03,046 [WARN] PackLoader:240 - Cannot read IP mode file for STMicroelectronics.FP-ATR-ASTRA1.2.0.2
2025-11-03 14:02:03,052 [WARN] PackLoader:240 - Cannot read IP mode file for STMicroelectronics.X-CUBE-SMBUS.2.1.0
2025-11-03 14:02:03,072 [WARN] PackLoader:240 - Cannot read IP mode file for STMicroelectronics.X-CUBE-AZRTOS-F7.1.1.0
2025-11-03 14:02:03,079 [WARN] PackLoader:240 - Cannot read IP mode file for Cesanta.I-CUBE-Mongoose.7.19.0
2025-11-03 14:02:03,083 [WARN] PackLoader:240 - Cannot read IP mode file for STMicroelectronics.FP-SNS-MOTENV1.5.1.0
2025-11-03 14:02:03,092 [WARN] PackLoader:240 - Cannot read IP mode file for WES.I-CUBE-Cesium.1.4.0
2025-11-03 14:02:03,108 [WARN] PackLoader:240 - Cannot read IP mode file for Infineon.AIROC-Wi-Fi-Bluetooth-STM32.1.7.1
2025-11-03 14:02:03,128 [WARN] PackLoader:240 - Cannot read IP mode file for STMicroelectronics.X-CUBE-AZRTOS-H7.3.4.0
2025-11-03 14:02:03,137 [WARN] PackLoader:240 - Cannot read IP mode file for STMicroelectronics.X-CUBE-DISPLAY.3.0.0
2025-11-03 14:02:03,147 [WARN] PackLoader:240 - Cannot read IP mode file for STMicroelectronics.X-CUBE-NFC10.1.0.0
2025-11-03 14:02:03,162 [WARN] PackLoader:240 - Cannot read IP mode file for STMicroelectronics.X-CUBE-ST60.1.1.0
2025-11-03 14:02:03,170 [WARN] PackLoader:240 - Cannot read IP mode file for emotas.I-CUBE-CANOPEN.1.3.0
2025-11-03 14:02:03,176 [WARN] PackLoader:240 - Cannot read IP mode file for STMicroelectronics.X-CUBE-GNSS1.7.1.0
2025-11-03 14:02:03,184 [WARN] PackLoader:240 - Cannot read IP mode file for STMicroelectronics.FP-SNS-STBOX1.2.1.0
2025-11-03 14:02:03,190 [WARN] PackLoader:240 - Cannot read IP mode file for STMicroelectronics.FP-SNS-SMARTAG2.1.2.0
2025-11-03 14:02:03,195 [WARN] PackLoader:240 - Cannot read IP mode file for STMicroelectronics.FP-SNS-FLIGHT1.5.1.0
2025-11-03 14:02:03,204 [INFO] LogOutputStream:77 - [STDOUT_REDIRECT] 1 : Invalid condition id : UX_CORESTACK_Condition cause : null
2025-11-03 14:02:03,205 [INFO] LogOutputStream:77 - [STDOUT_REDIRECT] 1 : Invalid condition id : UX_CORESTACK_Condition cause : null
2025-11-03 14:02:03,206 [INFO] LogOutputStream:77 - [STDOUT_REDIRECT] 1 : Invalid condition id : UX_CORESTACK_Condition cause : null
2025-11-03 14:02:03,216 [INFO] LogOutputStream:77 - [STDOUT_REDIRECT] 1 : Invalid condition id : UX_CORESTACK_Condition cause : null
2025-11-03 14:02:03,217 [INFO] LogOutputStream:77 - [STDOUT_REDIRECT] 1 : Invalid condition id : UX_CORESTACK_Condition cause : null
2025-11-03 14:02:03,221 [WARN] PackLoader:240 - Cannot read IP mode file for STMicroelectronics.X-CUBE-AZRTOS-WL.2.0.0
2025-11-03 14:02:03,231 [WARN] PackLoader:240 - Cannot read IP mode file for STMicroelectronics.X-CUBE-BLE2.3.3.0
2025-11-03 14:02:03,238 [WARN] PackLoader:240 - Cannot read IP mode file for STMicroelectronics.X-CUBE-NFC9.1.0.0
2025-11-03 14:02:03,245 [WARN] PackLoader:240 - Cannot read IP mode file for wolfSSL.I-CUBE-wolfSSL.5.8.2
2025-11-03 14:02:03,249 [WARN] PackLoader:240 - Cannot read IP mode file for STMicroelectronics.X-CUBE-BLE1.7.1.0
2025-11-03 14:02:03,252 [WARN] PackLoader:240 - Cannot read IP mode file for wolfSSL.I-CUBE-wolfMQTT.1.19.2
2025-11-03 14:02:03,257 [WARN] PackLoader:240 - Cannot read IP mode file for STMicroelectronics.X-CUBE-EEPRMA1.5.2.0
2025-11-03 14:02:03,263 [WARN] PackLoader:240 - Cannot read IP mode file for STMicroelectronics.X-CUBE-ST67W61.1.1.0
2025-11-03 14:02:03,273 [WARN] PackLoader:240 - Cannot read IP mode file for STMicroelectronics.X-CUBE-AZRTOS-G0.1.1.0
2025-11-03 14:02:03,279 [WARN] PackLoader:240 - Cannot read IP mode file for STMicroelectronics.X-CUBE-SAFEA1.1.2.2
2025-11-03 14:02:03,283 [WARN] PackLoader:240 - Cannot read IP mode file for STMicroelectronics.X-CUBE-NFC4.3.0.0
2025-11-03 14:02:03,290 [WARN] PackLoader:240 - Cannot read IP mode file for EmbeddedOffice.I-CUBE-FS-RTOS.1.0.1
2025-11-03 14:02:03,294 [WARN] PackLoader:240 - Cannot read IP mode file for STMicroelectronics.X-CUBE-WB05N.2.0.0
2025-11-03 14:02:03,299 [WARN] PackLoader:240 - Cannot read IP mode file for wolfSSL.I-CUBE-wolfTPM.3.8.0
2025-11-03 14:02:03,304 [WARN] PackLoader:240 - Cannot read IP mode file for STMicroelectronics.X-CUBE-TCPP.4.2.0
2025-11-03 14:02:03,309 [WARN] PackLoader:240 - Cannot read IP mode file for RealThread.X-CUBE-RT-Thread_Nano.4.1.1
2025-11-03 14:02:03,313 [WARN] PackLoader:240 - Cannot read IP mode file for STMicroelectronics.FP-ATR-SIGFOX1.3.2.0
2025-11-03 14:02:03,319 [WARN] PackLoader:240 - Cannot read IP mode file for ITTIA_DB.I-CUBE-ITTIADB.8.9.0
2025-11-03 14:02:03,323 [WARN] PackLoader:240 - Cannot read IP mode file for STMicroelectronics.X-CUBE-AI.10.2.0
2025-11-03 14:02:03,339 [WARN] PackLoader:240 - Cannot read IP mode file for SEGGER.I-CUBE-embOS.1.3.1
2025-11-03 14:02:03,370 [WARN] PackLoader:240 - Cannot read IP mode file for STMicroelectronics.X-CUBE-ALGOBUILD.1.4.0
2025-11-03 14:02:03,398 [WARN] PackLoader:240 - Cannot read IP mode file for STMicroelectronics.X-CUBE-MEMS1.11.3.0
2025-11-03 14:02:03,487 [WARN] PackLoader:240 - Cannot read IP mode file for STMicroelectronics.X-CUBE-PM33A1.1.0.0
2025-11-03 14:02:03,501 [WARN] PackLoader:240 - Cannot read IP mode file for STMicroelectronics.X-CUBE-AZRTOS-F4.1.1.0
2025-11-03 14:02:03,508 [WARN] PackLoader:240 - Cannot read IP mode file for STMicroelectronics.X-CUBE-ISPU.2.1.0
2025-11-03 14:02:03,521 [WARN] PackLoader:240 - Cannot read IP mode file for STMicroelectronics.X-CUBE-IPS.3.2.0
2025-11-03 14:02:03,530 [WARN] PackLoader:240 - Cannot read IP mode file for STMicroelectronics.X-CUBE-NFC12.1.0.0
2025-11-03 14:02:03,542 [WARN] PackLoader:240 - Cannot read IP mode file for STMicroelectronics.X-CUBE-AZRTOS-L5.2.0.0
2025-11-03 14:02:03,550 [WARN] PackLoader:240 - Cannot read IP mode file for STMicroelectronics.X-CUBE-NFC6.3.1.0
2025-11-03 14:02:03,556 [WARN] PackLoader:240 - Cannot read IP mode file for STMicroelectronics.X-CUBE-FREERTOS.1.3.1
2025-11-03 14:02:03,562 [WARN] PackLoader:240 - Cannot read IP mode file for STMicroelectronics.X-CUBE-TOUCHGFX.4.26.0
2025-11-03 14:02:03,567 [WARN] PackLoader:240 - Cannot read IP mode file for STMicroelectronics.FP-SNS-STAIOTCFT.1.0.0
2025-11-03 14:02:03,572 [WARN] PackLoader:240 - Cannot read IP mode file for STMicroelectronics.X-CUBE-DPower.1.3.0
2025-11-03 14:02:03,590 [WARN] ConditionMgr:438 - getConditionDescription Invalid condition id : LAN8742 Phy interface Condition cause : null
2025-11-03 14:02:03,591 [WARN] PackLoader:240 - Cannot read IP mode file for STMicroelectronics.X-CUBE-AZRTOS-L4.2.0.0
2025-11-03 14:02:03,592 [WARN] ConditionMgr:1044 - genDependencies : Invalid condition id : LAN8742 Phy interface Condition cause : null
2025-11-03 14:02:03,592 [WARN] ConditionMgr:1044 - genDependencies : Invalid condition id : LAN8742 Phy interface Condition cause : null
2025-11-03 14:02:03,592 [WARN] ConditionMgr:1044 - genDependencies : Invalid condition id : LAN8742 Phy interface Condition cause : null
2025-11-03 14:02:03,601 [WARN] PackLoader:240 - Cannot read IP mode file for STMicroelectronics.X-CUBE-SFXS2LP1.4.0.0
2025-11-03 14:02:03,612 [WARN] PackLoader:240 - Cannot read IP mode file for STMicroelectronics.X-CUBE-BLEMGR.4.1.0
2025-11-03 14:02:03,627 [WARN] ConditionMgr:438 - getConditionDescription Invalid condition id : UX DEVICE CLASS RTOS Condition cause : null
2025-11-03 14:02:03,627 [WARN] ConditionMgr:438 - getConditionDescription Invalid condition id : UX DEVICE CLASS RTOS Condition cause : null
2025-11-03 14:02:03,629 [WARN] PackLoader:240 - Cannot read IP mode file for STMicroelectronics.X-CUBE-AZRTOS-WB.2.0.0
2025-11-03 14:02:03,630 [WARN] ConditionMgr:1044 - genDependencies : Invalid condition id : UX DEVICE CLASS RTOS Condition cause : null
2025-11-03 14:02:03,630 [WARN] ConditionMgr:1044 - genDependencies : Invalid condition id : UX DEVICE CLASS RTOS Condition cause : null
2025-11-03 14:02:03,630 [WARN] ConditionMgr:1044 - genDependencies : Invalid condition id : UX DEVICE CLASS RTOS Condition cause : null
2025-11-03 14:02:03,630 [WARN] ConditionMgr:1044 - genDependencies : Invalid condition id : UX DEVICE CLASS RTOS Condition cause : null
2025-11-03 14:02:03,630 [WARN] ConditionMgr:1044 - genDependencies : Invalid condition id : UX DEVICE CLASS RTOS Condition cause : null
2025-11-03 14:02:03,637 [WARN] ConditionMgr:438 - getConditionDescription Invalid condition id : Cortex-A Device cause : null
2025-11-03 14:02:03,673 [WARN] ConditionMgr:1044 - genDependencies : Invalid condition id : Cortex-A Device cause : null
2025-11-03 14:02:03,673 [WARN] ConditionMgr:1044 - genDependencies : Invalid condition id : Cortex-A Device cause : null
2025-11-03 14:02:03,673 [WARN] ConditionMgr:1044 - genDependencies : Invalid condition id : Cortex-A Device cause : null
2025-11-03 14:02:03,684 [WARN] PackLoader:240 - Cannot read IP mode file for STMicroelectronics.X-CUBE-SUBG2.5.0.0
2025-11-03 14:02:03,702 [WARN] PackLoader:240 - Cannot read IP mode file for STMicroelectronics.X-CUBE-AZRTOS-H7RS.1.1.0
2025-11-03 14:02:03,715 [WARN] PackLoader:240 - Cannot read IP mode file for STMicroelectronics.X-CUBE-AZRTOS-G4.2.0.0
2025-11-03 14:02:03,719 [WARN] PackLoader:240 - Cannot read IP mode file for wolfSSL.I-CUBE-wolfSSH.1.4.20
2025-11-03 14:02:03,723 [WARN] PackLoader:240 - Cannot read IP mode file for STMicroelectronics.X-CUBE-NFC7.2.0.0
2025-11-03 14:02:03,726 [WARN] PackLoader:240 - Cannot read IP mode file for STMicroelectronics.X-CUBE-ALS.1.0.2
2025-11-03 14:02:03,732 [WARN] PackLoader:240 - Cannot read IP mode file for STMicroelectronics.X-CUBE-STSE01.1.0.0
2025-11-03 14:02:03,741 [WARN] PackLoader:240 - Cannot read IP mode file for STMicroelectronics.X-CUBE-TOF1.3.4.3
2025-11-03 14:02:03,748 [INFO] ThirdParty:978 - Integrity check success = true
2025-11-03 14:02:03,748 [INFO] IntegrityCheckThread:100 - exiting critical section [integrity check]
2025-11-03 14:02:03,748 [INFO] IntegrityCheckThread:103 - End integrity checks thread
2025-11-03 14:11:40,791 [INFO] McuFinderGlobals:63 - Set McuFinder mode to 2 (CubeIDE integrated)
2025-11-03 14:11:41,474 [INFO] MainUpdater:2872 - connection check result : 10
2025-11-03 14:11:41,475 [INFO] MainUpdater:2872 - connection check result : 10
2025-11-03 14:11:41,501 [INFO] MicroXplorer:468 - Change Database Path : 
2025-11-03 14:11:41,501 [INFO] MicroXplorer:498 - Change Database Version : DB.6.0.150
2025-11-03 14:11:41,507 [WARN] ThirdParty:871 - waiting for thirdparty lock release [close project]
2025-11-03 14:11:41,507 [INFO] ThirdParty:873 - entering critical section [close project]
2025-11-03 14:11:41,508 [INFO] ThirdParty:883 - exiting critical section [close project]
2025-11-03 14:11:41,509 [INFO] PinOutPanel:1589 - setPackage(No Configuration,No Configuration)
2025-11-03 14:11:41,511 [INFO] UtilMem:75 - Begin LoadConfig() Used Memory: 210014064 Bytes (293601280)
2025-11-03 14:11:41,511 [INFO] MicroXplorer:468 - Change Database Path : 
2025-11-03 14:11:41,511 [INFO] MicroXplorer:498 - Change Database Version : DB.6.0.150
2025-11-03 14:11:41,512 [INFO] OpenFileManager:355 - Change cursor
2025-11-03 14:11:41,530 [INFO] Mcu:2029 - Initializing MCU STM32F103R(C-D-E)Tx STM32F103RCTx STM32F103RCT6TR
2025-11-03 14:11:42,315 [INFO] Context:786 - Trying to add GPIOservice into a context  which must be forbidden
2025-11-03 14:11:42,557 [INFO] ImportTextPane:234 - (OptionalMessage_ERROR) Pin17 (VP_RIF_VS_RIF1) cannot be retrieved for this MCU
2025-11-03 14:11:42,642 [INFO] RtosManager:558 - Registered RTOS mode: class=CMSIS, group=RTOS, mode=CMSIS_V1, owner=FREERTOS
2025-11-03 14:11:42,643 [INFO] RtosManager:558 - Registered RTOS mode: class=CMSIS, group=RTOS2, mode=CMSIS_V2, owner=FREERTOS
2025-11-03 14:11:42,643 [INFO] RtosManager:558 - Registered RTOS mode: class=RTOS, group=Core, mode=CMSIS_V1, owner=FREERTOS
2025-11-03 14:11:42,643 [INFO] RtosManager:558 - Registered RTOS mode: class=RTOS, group=Core, mode=CMSIS_V2, owner=FREERTOS
2025-11-03 14:11:42,643 [WARN] ModelIntegratedComponent:184 - Missing modes for component STMicroelectronics:FreeRTOS:0.0.1:STMicroelectronics:RTOS:FreeRTOS:Core:::10.2.0:
2025-11-03 14:11:42,660 [WARN] ModelIntegratedComponent:63 - No mode defined for component null
2025-11-03 14:11:42,660 [WARN] ModelIntegratedComponent:63 - No mode defined for component null
2025-11-03 14:11:42,660 [WARN] ModelIntegratedComponent:63 - No mode defined for component null
2025-11-03 14:11:42,660 [WARN] ModelIntegratedComponent:63 - No mode defined for component null
2025-11-03 14:11:42,660 [WARN] ModelIntegratedComponent:63 - No mode defined for component null
2025-11-03 14:11:42,660 [WARN] ModelIntegratedComponent:63 - No mode defined for component null
2025-11-03 14:11:42,660 [WARN] ModelIntegratedComponent:63 - No mode defined for component null
2025-11-03 14:11:42,660 [WARN] ModelIntegratedComponent:63 - No mode defined for component null
2025-11-03 14:11:42,660 [WARN] ModelIntegratedComponent:63 - No mode defined for component null
2025-11-03 14:11:42,660 [WARN] ModelIntegratedComponent:63 - No mode defined for component null
2025-11-03 14:11:42,660 [WARN] ModelIntegratedComponent:63 - No mode defined for component null
2025-11-03 14:11:42,660 [WARN] ModelIntegratedComponent:63 - No mode defined for component null
2025-11-03 14:11:42,661 [WARN] ModelIntegratedComponent:63 - No mode defined for component null
2025-11-03 14:11:42,661 [WARN] ModelIntegratedComponent:63 - No mode defined for component null
2025-11-03 14:11:42,661 [WARN] ModelIntegratedComponent:63 - No mode defined for component null
2025-11-03 14:11:42,661 [WARN] ModelIntegratedComponent:63 - No mode defined for component null
2025-11-03 14:11:42,661 [WARN] ModelIntegratedComponent:63 - No mode defined for component null
2025-11-03 14:11:42,661 [WARN] ModelIntegratedComponent:63 - No mode defined for component null
2025-11-03 14:11:42,661 [WARN] ModelIntegratedComponent:63 - No mode defined for component null
2025-11-03 14:11:42,661 [WARN] ModelIntegratedComponent:63 - No mode defined for component null
2025-11-03 14:11:42,661 [WARN] ModelIntegratedComponent:63 - No mode defined for component null
2025-11-03 14:11:42,661 [WARN] ModelIntegratedComponent:63 - No mode defined for component null
2025-11-03 14:11:42,661 [WARN] ModelIntegratedComponent:63 - No mode defined for component null
2025-11-03 14:11:42,661 [WARN] ModelIntegratedComponent:63 - No mode defined for component null
2025-11-03 14:11:42,661 [WARN] ModelIntegratedComponent:63 - No mode defined for component null
2025-11-03 14:11:42,661 [WARN] ModelIntegratedComponent:63 - No mode defined for component null
2025-11-03 14:11:42,661 [WARN] ModelIntegratedComponent:63 - No mode defined for component null
2025-11-03 14:11:42,661 [WARN] ModelIntegratedComponent:63 - No mode defined for component null
2025-11-03 14:11:42,661 [WARN] ModelIntegratedComponent:63 - No mode defined for component null
2025-11-03 14:11:42,661 [WARN] ModelIntegratedComponent:63 - No mode defined for component null
2025-11-03 14:11:42,661 [WARN] ModelIntegratedComponent:63 - No mode defined for component null
2025-11-03 14:11:42,661 [WARN] ModelIntegratedComponent:63 - No mode defined for component null
2025-11-03 14:11:42,661 [WARN] ModelIntegratedComponent:63 - No mode defined for component null
2025-11-03 14:11:42,661 [WARN] ModelIntegratedComponent:63 - No mode defined for component null
2025-11-03 14:11:42,661 [WARN] ModelIntegratedComponent:63 - No mode defined for component null
2025-11-03 14:11:42,662 [WARN] ModelPack:524 - Component already loaded: STMicroelectronics:HAL Drivers:0.0.0:STMicroelectronics:Device:STMicro_Driver:XSPI:HAL::0.0.1:HAL_XSPI
2025-11-03 14:11:42,754 [INFO] ThirdPartyModel:298 - Start build external matchings
2025-11-03 14:11:43,044 [INFO] ThirdPartyModel:316 - End build external matchings
2025-11-03 14:11:43,058 [INFO] RtosManager:1018 - Current active RTOS is FREERTOS [Cortex-M3NS]
2025-11-03 14:11:43,064 [INFO] ImportTextPane:234 - (OptionalMessage_ERROR) IP (DMA) : Parameter (Instance) has Id (ADC1) currently not set
2025-11-03 14:11:43,064 [INFO] ImportTextPane:234 - (OptionalMessage_ERROR) IP (DMA) : Parameter (Direction) has Id (ADC1) currently not set
2025-11-03 14:11:43,064 [INFO] ImportTextPane:234 - (OptionalMessage_ERROR) IP (DMA) : Parameter (PeriphInc) has Id (ADC1) currently not set
2025-11-03 14:11:43,064 [INFO] ImportTextPane:234 - (OptionalMessage_ERROR) IP (DMA) : Parameter (MemInc) has Id (ADC1) currently not set
2025-11-03 14:11:43,065 [INFO] ImportTextPane:234 - (OptionalMessage_ERROR) IP (DMA) : Parameter (PeriphDataAlignment) has Id (ADC1) currently not set
2025-11-03 14:11:43,065 [INFO] ImportTextPane:234 - (OptionalMessage_ERROR) IP (DMA) : Parameter (MemDataAlignment) has Id (ADC1) currently not set
2025-11-03 14:11:43,065 [INFO] ImportTextPane:234 - (OptionalMessage_ERROR) IP (DMA) : Parameter (Mode) has Id (ADC1) currently not set
2025-11-03 14:11:43,065 [INFO] ImportTextPane:234 - (OptionalMessage_ERROR) IP (DMA) : Parameter (Priority) has Id (ADC1) currently not set
2025-11-03 14:11:43,070 [INFO] ImportTextPane:234 - (OptionalMessage_ERROR) IP (RCC) : Invalid parameter (FamilyName)
2025-11-03 14:11:43,070 [INFO] ImportTextPane:234 - (OptionalMessage_ERROR) IP (RCC) : Parameter (MCOFreq_Value) has invalid value (72000000)
2025-11-03 14:11:43,070 [INFO] ImportTextPane:234 - (OptionalMessage_ERROR) IP (RCC) : Parameter (USBFreq_Value) has invalid value (72000000)
2025-11-03 14:11:43,292 [INFO] ApiDb:581 - Connected to CubeFinder SQLite database (C:\Users\USER\.stmcufinder\plugins\mcufinder\mcu\cube-finder-db.db)
2025-11-03 14:11:43,385 [INFO] ApiDb:668 - CubeFinder database Data Model version=2.1
2025-11-03 14:11:43,386 [INFO] ApiDb:669 - CubeFinder database Configuration version=3.0.39
2025-11-03 14:11:43,386 [INFO] ApiDb:670 - CubeFinder database generation date=2025-10-27 (1761571959)
2025-11-03 14:11:43,386 [INFO] ApiDb:671 - CubeFinder database FW Pack versions=[FP-ATR-ASTRA1_V2.0.0, FP-SNS-FLIGHT1_V5.1.0, FP-SNS-MOTENV1_V5.0.0, FP-SNS-MOTENVWB1_V1.4.0, FP-SNS-SMARTAG2_V1.2.0, FP-SNS-STBOX1_V2.1.0, STM32Cube_FW_C0_V1.4.0, STM32Cube_FW_F4_V1.28.3, STM32Cube_FW_F7_V1.17.4, STM32Cube_FW_G0_V1.6.2, STM32Cube_FW_G4_V1.6.1, STM32Cube_FW_H5_V1.5.0, STM32Cube_FW_H7RS_V1.2.0, STM32Cube_FW_H7_V1.12.1, STM32Cube_FW_L0_V1.12.2, STM32Cube_FW_L4_V1.18.1, STM32Cube_FW_L5_V1.5.1, STM32Cube_FW_N6_V1.2.0, STM32Cube_FW_U0_V1.3.0, STM32Cube_FW_U3_V1.2.1, STM32Cube_FW_U5_V1.8.0, STM32Cube_FW_WB0_V1.3.0, STM32Cube_FW_WBA_V1.7.0, STM32Cube_FW_WB_V1.23.0, STM32Cube_FW_WL3_V1.2.0, STM32Cube_FW_WL_V1.3.1, X-CUBE-ALGOBUILD_V1.4.0, X-CUBE-ALS_V1.0.2, X-CUBE-AZRTOS-F4_V1.1.0, X-CUBE-AZRTOS-F7_V1.1.0, X-CUBE-AZRTOS-G0_V1.1.0, X-CUBE-AZRTOS-G4_V2.0.0, X-CUBE-AZRTOS-H7RS_V1.1.0, X-CUBE-AZRTOS-H7_V3.4.0, X-CUBE-AZRTOS-L4_V2.0.0, X-CUBE-AZRTOS-L5_V2.0.0, X-CUBE-AZRTOS-WB_V2.0.0, X-CUBE-AZRTOS-WL_V2.0.0, X-CUBE-BLE1_V7.1.0, X-CUBE-BLE2_V3.3.0, X-CUBE-BLEMGR_V4.1.0, X-CUBE-EEPRMA1_V5.2.0, X-CUBE-FREERTOS_V1.3.1, X-CUBE-GNSS1_V6.0.0, X-CUBE-MEMS1_V11.3.0, X-CUBE-NFC4_V3.0.0, X-CUBE-NFC7_V2.0.0, X-CUBE-SFXS2LP1_V4.0.0, X-CUBE-ST67W61_V1.1.0, X-CUBE-SUBG2_V5.0.0, X-CUBE-TOF1_V3.4.3]
2025-11-03 14:11:43,490 [INFO] DbBoardsSqlite:226 - include board P-NUCLEO-WB55-NUCLEO as a kit item of type 'Nucleo-64'
2025-11-03 14:11:43,491 [INFO] DbBoardsSqlite:226 - include board P-NUCLEO-WB55-USBDONGLE as a kit item of type 'Nucleo USB Dongle'
2025-11-03 14:11:43,491 [INFO] DbBoardsSqlite:226 - include board STEVAL-IDP005V1 as a kit item of type 'Evaluation Board'
2025-11-03 14:11:43,492 [INFO] DbBoardsSqlite:226 - include board STEVAL-IDP005V2 as a kit item of type 'Evaluation Board'
2025-11-03 14:11:44,090 [INFO] ApiDb:240 - Found 880 in-development CPN: [B-G473E-ZEST1S, B-WB1M-WPAN1, B-WBA5M-WPAN, B-WL5M-SUBG1, NUCLEO-C031C6, NUCLEO-C051C8, NUCLEO-C071RB, NUCLEO-C092RC, NUCLEO-H503RB, NUCLEO-H533RE, NUCLEO-H563ZI, NUCLEO-H7S3L8, NUCLEO-N657X0-Q, NUCLEO-U031R8, NUCLEO-U083RC, NUCLEO-U385RG-Q, NUCLEO-U545RE-Q, NUCLEO-U5A5ZJ-Q, NUCLEO-WB05KZ, NUCLEO-WB07CC, NUCLEO-WB09KE, NUCLEO-WBA52CG, NUCLEO-WBA55CG, NUCLEO-WL33CC1, NUCLEO-WL33CC2, STEVAL-PROTEUS1, STEVAL-SMARTAG2, STEVAL-STWINBX1, STM320518-EVAL, STM32C0116-DK, STM32C011D6Y3TR, STM32C011D6Y6TR, STM32C011F4P3, STM32C011F4P6, STM32C011F4U3, STM32C011F4U6TR, STM32C011F6P3, STM32C011F6P6, STM32C011F6U3, STM32C011F6U6TR, STM32C011J4M3, STM32C011J4M6, STM32C011J6M3, STM32C011J6M6, STM32C0316-DK, STM32C031C4T3, STM32C031C4T6, STM32C031C4U3, STM32C031C4U6, STM32C031C6T3, STM32C031C6T6, STM32C031C6U3, STM32C031C6U6, STM32C031F4P3, STM32C031F4P6, STM32C031F6P3, STM32C031F6P6, STM32C031G4U3, STM32C031G4U6, STM32C031G6U3, STM32C031G6U6, STM32C031K4T3, STM32C031K4T6, STM32C031K4U3, STM32C031K4U6, STM32C031K6T3, STM32C031K6T6, STM32C031K6U3, STM32C031K6U6, STM32C051C6T6, STM32C051C6U6, STM32C051C8T6, STM32C051C8U6, STM32C051D8Y6TR, STM32C051F6P6, STM32C051F8P6, STM32C051G6U6, STM32C051G8U6, STM32C051K6T6, STM32C051K6U6, STM32C051K8T6, STM32C071C8T6, STM32C071C8T6N, STM32C071C8U6, STM32C071C8U6N, STM32C071CBT6, STM32C071CBT6N, STM32C071CBU6, STM32C071CBU6N, STM32C071F8P6, STM32C071F8P6N, STM32C071FBP6, STM32C071FBP6N, STM32C071FBY6TR, STM32C071G8U6, STM32C071G8U6N, STM32C071GBU6, STM32C071GBU6N, STM32C071K8T6, STM32C071K8T6N, STM32C071K8U6, STM32C071K8U6N, STM32C071KBT6, STM32C071KBT6N, STM32C071KBU6, STM32C071KBU6N, STM32C071R8T6, STM32C071R8T6N, STM32C071RBI6N, STM32C071RBT6, STM32C071RBT6N, STM32C091CBT6, STM32C091CBU6, STM32C091CCT6, STM32C091CCU6, STM32C091ECY6TR, STM32C091FBP6, STM32C091FCP6, STM32C091GBU6, STM32C091GCU6, STM32C091KBT6, STM32C091KBU6, STM32C091KCT6, STM32C091KCU6, STM32C091RBT6, STM32C091RCI6, STM32C091RCT6, STM32C092CBT6, STM32C092CBU6, STM32C092CCT6, STM32C092CCU6, STM32C092ECY6TR, STM32C092FBP6, STM32C092FCP6, STM32C092GBU6, STM32C092GCU6, STM32C092KBT6, STM32C092KBU6, STM32C092KCT6, STM32C092KCU6, STM32C092RBT6, STM32C092RCI6, STM32C092RCT6, STM32G071K8TXN, STM32G071K8UXN, STM32G081GBU6N, STM32G081KBT6N, STM32G081KBUXN, STM32G0B1CCT6N, STM32G0B1KCT6, STM32G0B1NEY6TR, STM32G0B1RCT6N, STM32G0C1CCT6, STM32G0C1CCT6N, STM32G0C1CCU6N, STM32G0C1CET6N, STM32G0C1CEU6N, STM32G0C1KCT6, STM32G0C1NEY6TR, STM32G0C1RCI6N, STM32G0C1RCT6N, STM32G0C1REI6N, STM32G0C1RET6N, STM32G0C1VCI6, STM32G0C1VEI6, STM32G411C6T3, STM32G411C6T6, STM32G411C6U3, STM32G411C6U6, STM32G411C8T3, STM32G411C8T6, STM32G411C8U3, STM32G411C8U6, STM32G411CBT3, STM32G411CBT6, STM32G411CBU3, STM32G411CBU6, STM32G411K6T3, STM32G411K6T6, STM32G411K6U3, STM32G411K6U6, STM32G411K8T3, STM32G411K8T6, STM32G411K8U3, STM32G411K8U6, STM32G411KBT3, STM32G411KBT6, STM32G411KBU3, STM32G411KBU6, STM32G411M6T3, STM32G411M6T6, STM32G411M8T3, STM32G411M8T6, STM32G411MBT3, STM32G411MBT6, STM32G411R6T3, STM32G411R6T6, STM32G411R8T3, STM32G411R8T6, STM32G411RBT3, STM32G411RBT6, STM32G414CBT3, STM32G414CBT6, STM32G414CBU3, STM32G414CBU6, STM32G414CCT3, STM32G414CCT6, STM32G414CCU3, STM32G414CCU6, STM32G414MBT3, STM32G414MBT6, STM32G414MCT3, STM32G414MCT6, STM32G414RBT3, STM32G414RBT6, STM32G414RCT3, STM32G414RCT6, STM32G414VBT3, STM32G414VBT6, STM32G414VCT3, STM32G414VCT6, STM32G431CBT3Z, STM32G431RBT3Z, STM32G471CCT6, STM32G471CCU6, STM32G471CET3, STM32G471CET6, STM32G471CEU3, STM32G471CEU6, STM32G471MCT6, STM32G471MET3, STM32G471MET6, STM32G471MEY6TR, STM32G471QCT6, STM32G471QET3, STM32G471RCT6, STM32G471RET3, STM32G471RET6, STM32G471VCH6, STM32G471VCI6, STM32G471VCT6, STM32G471VEH3, STM32G471VEH6, STM32G471VEI3, STM32G471VEI6, STM32G471VET3, STM32G471VET6, STM32G473QET3Z, STM32G473RET3Z, STM32G474CCT6, STM32G491RET3Z, STM32H503CBT6, STM32H503CBU6, STM32H503EBY6TR, STM32H503KBU6, STM32H503RBT6, STM32H523CCT6, STM32H523CCU6, STM32H523CET6, STM32H523CEU6, STM32H523HEY6TR, STM32H523RCT6, STM32H523RET6, STM32H523VCI6, STM32H523VCT6, STM32H523VEI6, STM32H523VET6, STM32H523ZCJ6, STM32H523ZCT6, STM32H523ZEJ6, STM32H523ZET6, STM32H533CET6, STM32H533CEU6, STM32H533HEY6TR, STM32H533RET6, STM32H533VEI6, STM32H533VET6, STM32H533ZEJ6, STM32H533ZET6, STM32H562AGI6, STM32H562AII6, STM32H562IGK6, STM32H562IGT6, STM32H562IIK6, STM32H562IIT6, STM32H562RGT6, STM32H562RGV6, STM32H562RIT6, STM32H562RIV6, STM32H562VGT6, STM32H562VIT6, STM32H562ZGT6, STM32H562ZIT6, STM32H563AGI6, STM32H563AII3Q, STM32H563AII6, STM32H563IGK6, STM32H563IGT6, STM32H563IIK3Q, STM32H563IIK6, STM32H563IIT3Q, STM32H563IIT6, STM32H563MIY3QTR, STM32H563RGT6, STM32H563RGV6, STM32H563RIT6, STM32H563RIV6, STM32H563VGT6, STM32H563VIT3Q, STM32H563VIT6, STM32H563ZGT6, STM32H563ZIT3Q, STM32H563ZIT6, STM32H573AII3Q, STM32H573AII6, STM32H573I-DK, STM32H573IIK3Q, STM32H573IIK6, STM32H573IIT3Q, STM32H573IIT6, STM32H573MIY3QTR, STM32H573RIT6, STM32H573RIV6, STM32H573VIT3Q, STM32H573VIT6, STM32H573ZIT3Q, STM32H573ZIT6, STM32H7R3A8I6, STM32H7R3I8K6, STM32H7R3I8T6, STM32H7R3L8H6, STM32H7R3L8H6H, STM32H7R3R8V6, STM32H7R3V8H6, STM32H7R3V8T6, STM32H7R3V8Y6TR, STM32H7R3Z8J6, STM32H7R3Z8T6, STM32H7R7A8I6, STM32H7R7I8K6, STM32H7R7I8T6, STM32H7R7L8H6, STM32H7R7L8H6H, STM32H7R7Z8J6, STM32H7S3A8I6, STM32H7S3I8K6, STM32H7S3I8T6, STM32H7S3L8H6, STM32H7S3L8H6H, STM32H7S3R8V6, STM32H7S3V8H6, STM32H7S3V8T6, STM32H7S3V8Y6TR, STM32H7S3Z8J6, STM32H7S3Z8T6, STM32H7S78-DK, STM32H7S7A8I6, STM32H7S7I8K6, STM32H7S7I8T6, STM32H7S7L8H6, STM32H7S7L8H6H, STM32H7S7Z8J6, STM32L4R5QGI6STR, STM32MP131AAE3, STM32MP131AAF3, STM32MP131AAG3, STM32MP131CAE3, STM32MP131CAF3, STM32MP131CAG3, STM32MP131DAE7, STM32MP131DAF7, STM32MP131DAG7, STM32MP131FAE7, STM32MP131FAF7, STM32MP131FAG7, STM32MP133AAE3, STM32MP133AAF3, STM32MP133AAG3, STM32MP133CAE3, STM32MP133CAF3, STM32MP133CAG3, STM32MP133DAE7, STM32MP133DAF7, STM32MP133DAG7, STM32MP133FAE7, STM32MP133FAF7, STM32MP133FAG7, STM32MP135AAE3, STM32MP135AAF3, STM32MP135AAG3, STM32MP135CAE3, STM32MP135CAF3, STM32MP135CAG3, STM32MP135DAE7, STM32MP135DAF7, STM32MP135DAG7, STM32MP135F-DK, STM32MP135FAE7, STM32MP135FAF7, STM32MP135FAF7T, STM32MP135FAF7U, STM32MP135FAG7, STM32MP211AAL3, STM32MP211AAM3, STM32MP211AAN3, STM32MP211AAO3, STM32MP211CAL3, STM32MP211CAM3, STM32MP211CAN3, STM32MP211CAO3, STM32MP211DAL3, STM32MP211DAM3, STM32MP211DAN3, STM32MP211DAO3, STM32MP211FAL3, STM32MP211FAM3, STM32MP211FAN3, STM32MP211FAO3, STM32MP213AAL3, STM32MP213AAM3, STM32MP213AAN3, STM32MP213AAO3, STM32MP213CAL3, STM32MP213CAM3, STM32MP213CAN3, STM32MP213CAO3, STM32MP213DAL3, STM32MP213DAM3, STM32MP213DAN3, STM32MP213DAO3, STM32MP213FAL3, STM32MP213FAM3, STM32MP213FAN3, STM32MP213FAO3, STM32MP215AAL3, STM32MP215AAM3, STM32MP215AAN3, STM32MP215AAO3, STM32MP215CAL3, STM32MP215CAM3, STM32MP215CAN3, STM32MP215CAO3, STM32MP215DAL3, STM32MP215DAM3, STM32MP215DAN3, STM32MP215DAO3, STM32MP215F-DK, STM32MP215FAL3, STM32MP215FAM3, STM32MP215FAN3, STM32MP215FAO3, STM32MP231AAJ3, STM32MP231AAK3, STM32MP231AAL3, STM32MP231CAJ3, STM32MP231CAK3, STM32MP231CAL3, STM32MP231DAJ3, STM32MP231DAK3, STM32MP231DAL3, STM32MP231FAJ3, STM32MP231FAK3, STM32MP231FAL3, STM32MP233AAJ3, STM32MP233AAK3, STM32MP233AAL3, STM32MP233CAJ3, STM32MP233CAK3, STM32MP233CAL3, STM32MP233DAJ3, STM32MP233DAK3, STM32MP233DAL3, STM32MP233FAJ3, STM32MP233FAK3, STM32MP233FAL3, STM32MP235AAJ3, STM32MP235AAK3, STM32MP235AAL3, STM32MP235CAJ3, STM32MP235CAK3, STM32MP235CAL3, STM32MP235DAJ3, STM32MP235DAK3, STM32MP235DAL3, STM32MP235FAJ3, STM32MP235FAK3, STM32MP235FAL3, STM32MP251AAI3, STM32MP251AAK3, STM32MP251AAL3, STM32MP251CAI3, STM32MP251CAK3, STM32MP251CAL3, STM32MP251DAI3, STM32MP251DAK3, STM32MP251DAL3, STM32MP251FAI3, STM32MP251FAK3, STM32MP251FAL3, STM32MP253AAI3, STM32MP253AAK3, STM32MP253AAL3, STM32MP253CAI3, STM32MP253CAK3, STM32MP253CAL3, STM32MP253DAI3, STM32MP253DAK3, STM32MP253DAL3, STM32MP253FAI3, STM32MP253FAK3, STM32MP253FAL3, STM32MP255AAI3, STM32MP255AAK3, STM32MP255AAL3, STM32MP255CAI3, STM32MP255CAK3, STM32MP255CAL3, STM32MP255DAI3, STM32MP255DAK3, STM32MP255DAL3, STM32MP255FAI3, STM32MP255FAK3, STM32MP255FAL3, STM32MP257AAI3, STM32MP257AAK3, STM32MP257AAL3, STM32MP257CAI3, STM32MP257CAK3, STM32MP257CAL3, STM32MP257DAI3, STM32MP257DAK3, STM32MP257DAL3, STM32MP257F-DK, STM32MP257F-EV1, STM32MP257FAI3, STM32MP257FAK3, STM32MP257FAL3, STM32N645A0H3Q, STM32N645B0H3Q, STM32N645I0H3Q, STM32N645L0H3Q, STM32N645X0H3Q, STM32N645Z0H3Q, STM32N647A0H3Q, STM32N647B0H3Q, STM32N647I0H3Q, STM32N647L0H3Q, STM32N647X0H3Q, STM32N647Z0H3Q, STM32N655A0H3Q, STM32N655B0H3Q, STM32N655I0H3Q, STM32N655L0H3Q, STM32N655X0H3Q, STM32N655Z0H3Q, STM32N6570-DK, STM32N657A0H3Q, STM32N657B0H3Q, STM32N657I0H3Q, STM32N657L0H3Q, STM32N657X0H3Q, STM32N657Z0H3Q, STM32U031C6T6, STM32U031C6U6, STM32U031C8T6, STM32U031C8U6, STM32U031F4P6, STM32U031F6P6, STM32U031F8P6, STM32U031G6Y6TR, STM32U031G8Y6TR, STM32U031K4U6, STM32U031K6U6, STM32U031K8U6, STM32U031R6I6, STM32U031R6T6, STM32U031R8I6, STM32U031R8T6, STM32U073C8T6, STM32U073C8U6, STM32U073CBT6, STM32U073CBU6, STM32U073CCT6, STM32U073CCU6, STM32U073H8Y6TR, STM32U073HBY6TR, STM32U073HCY6TR, STM32U073K8U6, STM32U073KBU6, STM32U073KCU6, STM32U073M8I6, STM32U073M8T6, STM32U073MBI6, STM32U073MBT6, STM32U073MCI6, STM32U073MCT6, STM32U073R8I6, STM32U073R8T6, STM32U073RBI6, STM32U073RBT6, STM32U073RCI6, STM32U073RCT6, STM32U083C-DK, STM32U083CCT6, STM32U083CCU6, STM32U083HCY6TR, STM32U083KCU6, STM32U083MCI6, STM32U083MCT6, STM32U083RCI6, STM32U083RCT6, STM32U375CET6, STM32U375CET6Q, STM32U375CEU6, STM32U375CEU6Q, STM32U375CEY6QTR, STM32U375CGT6, STM32U375CGT6Q, STM32U375CGU6, STM32U375CGU6Q, STM32U375CGY6QTR, STM32U375KEU6, STM32U375KGU6, STM32U375REI6, STM32U375REI6Q, STM32U375RET6, STM32U375RET6Q, STM32U375REY6GTR, STM32U375REY6QTR, STM32U375RGI6, STM32U375RGI6Q, STM32U375RGT6, STM32U375RGT6Q, STM32U375RGY6GTR, STM32U375RGY6QTR, STM32U375VEI6, STM32U375VEI6Q, STM32U375VET6, STM32U375VET6Q, STM32U375VGI6, STM32U375VGI6Q, STM32U375VGT6, STM32U375VGT6Q, STM32U385CGT6, STM32U385CGT6Q, STM32U385CGU6, STM32U385CGU6Q, STM32U385CGY6QTR, STM32U385KGU6, STM32U385RGI6, STM32U385RGI6Q, STM32U385RGT6, STM32U385RGT6Q, STM32U385RGY6GTR, STM32U385RGY6QTR, STM32U385VGI6, STM32U385VGI6Q, STM32U385VGT6, STM32U385VGT6Q, STM32U535CBT6, STM32U535CBT6Q, STM32U535CBU6, STM32U535CBU6Q, STM32U535CCT6, STM32U535CCT6Q, STM32U535CCU6, STM32U535CCU6Q, STM32U535CET6, STM32U535CET6Q, STM32U535CEU6, STM32U535CEU6Q, STM32U535JEY6QTR, STM32U535NCY6QTR, STM32U535NEY6QTR, STM32U535RBI6, STM32U535RBI6Q, STM32U535RBT6, STM32U535RBT6Q, STM32U535RCI6, STM32U535RCI6Q, STM32U535RCT6, STM32U535RCT6Q, STM32U535REI6, STM32U535REI6Q, STM32U535RET6, STM32U535RET6Q, STM32U535VCI6, STM32U535VCI6Q, STM32U535VCT6, STM32U535VCT6Q, STM32U535VEI6, STM32U535VEI6Q, STM32U535VET6, STM32U535VET6Q, STM32U545CET6, STM32U545CET6Q, STM32U545CEU6, STM32U545CEU6Q, STM32U545JEY6QTR, STM32U545NEY6QTR, STM32U545REI6, STM32U545REI6Q, STM32U545RET6, STM32U545RET6Q, STM32U545VEI6, STM32U545VEI6Q, STM32U545VET6, STM32U545VET6Q, STM32U595AIH6, STM32U595AIH6Q, STM32U595AJH6, STM32U595AJH6Q, STM32U595QII6, STM32U595QII6Q, STM32U595QJI6, STM32U595QJI6Q, STM32U595RIT6, STM32U595RIT6Q, STM32U595RJT6, STM32U595RJT6Q, STM32U595VIT6, STM32U595VIT6Q, STM32U595VJT6, STM32U595VJT6Q, STM32U595ZIT6, STM32U595ZIT6Q, STM32U595ZIY6QTR, STM32U595ZJT6, STM32U595ZJT6Q, STM32U595ZJY6QTR, STM32U599BJY6QTR, STM32U599NIH6Q, STM32U599NJH6Q, STM32U599VIT6Q, STM32U599VJT6, STM32U599VJT6Q, STM32U599ZIT6Q, STM32U599ZIY6QTR, STM32U599ZJT6Q, STM32U599ZJY6QTR, STM32U5A5AJH6, STM32U5A5AJH6Q, STM32U5A5QII3Q , STM32U5A5QJI6, STM32U5A5QJI6Q, STM32U5A5RJT6, STM32U5A5RJT6Q, STM32U5A5VJT6, STM32U5A5VJT6Q, STM32U5A5ZJT6, STM32U5A5ZJT6Q, STM32U5A5ZJY6QTR, STM32U5A9BJY6QTR, STM32U5A9J-DK, STM32U5A9NJH6Q, STM32U5A9VJT6Q, STM32U5A9ZJT6Q, STM32U5A9ZJY6QTR, STM32U5F7VIT6, STM32U5F7VIT6Q, STM32U5F7VJT6, STM32U5F7VJT6Q, STM32U5F9BJY6QTR, STM32U5F9NJH6Q, STM32U5F9VIT6Q, STM32U5F9VJT6Q, STM32U5F9ZIJ6QTR, STM32U5F9ZIT6Q, STM32U5F9ZJJ6QTR, STM32U5F9ZJT6Q, STM32U5G7VJT6, STM32U5G7VJT6Q, STM32U5G9BJY6QTR, STM32U5G9J-DK1, STM32U5G9J-DK2, STM32U5G9NJH6Q, STM32U5G9VJT6Q, STM32U5G9ZJJ6QTR, STM32U5G9ZJT6Q, STM32WB05KZV6TR, STM32WB05KZV7TR, STM32WB05TZF6TR, STM32WB05TZF7TR, STM32WB06CCF6TR, STM32WB06CCF7TR, STM32WB06CCV6TR, STM32WB06CCV7TR, STM32WB06KCV6TR, STM32WB06KCV7TR, STM32WB07CCF6TR, STM32WB07CCF7TR, STM32WB07CCV6TR, STM32WB07CCV7TR, STM32WB07KCV6TR, STM32WB07KCV7TR, STM32WB09KEV6TR, STM32WB09KEV7TR, STM32WB09TEF6TR, STM32WB09TEF7TR, STM32WB1MMCH6, STM32WBA50KGU6, STM32WBA50KGU6TR, STM32WBA52CEU6, STM32WBA52CEU6TR, STM32WBA52CEU7, STM32WBA52CEU7TR, STM32WBA52CGU6, STM32WBA52CGU6TR, STM32WBA52CGU6U, STM32WBA52CGU7, STM32WBA52CGU7TR, STM32WBA52KEU6, STM32WBA52KEU6TR, STM32WBA52KGU6, STM32WBA52KGU6TR, STM32WBA54CEU6, STM32WBA54CEU6TR, STM32WBA54CEU7, STM32WBA54CEU7TR, STM32WBA54CGU6, STM32WBA54CGU6TR, STM32WBA54CGU7, STM32WBA54CGU7TR, STM32WBA54KEU6, STM32WBA54KEU6TR, STM32WBA54KEU7, STM32WBA54KEU7TR, STM32WBA54KGU6, STM32WBA54KGU6TR, STM32WBA54KGU7, STM32WBA54KGU7TR, STM32WBA55CEU6, STM32WBA55CEU6TR, STM32WBA55CEU7, STM32WBA55CEU7TR, STM32WBA55CGU6, STM32WBA55CGU6TR, STM32WBA55CGU6U, STM32WBA55CGU7, STM32WBA55CGU7TR, STM32WBA55G-DK1, STM32WBA55HEF6, STM32WBA55HEF7, STM32WBA55HGF6, STM32WBA55HGF7, STM32WBA55UEI6, STM32WBA55UEI6TR, STM32WBA55UEI7, STM32WBA55UEI7TR, STM32WBA55UGI6, STM32WBA55UGI6TR, STM32WBA55UGI7, STM32WBA55UGI7TR, STM32WBA5MMGH6TR, STM32WBA62MGF6, STM32WBA62MIF6, STM32WBA65MGF7, STM32WBA65MIF6, STM32WBA65MIF7, STM32WL30K8V6, STM32WL30KBV6, STM32WL31C8V6, STM32WL31CBV6, STM32WL31K8V6, STM32WL31KBV6, STM32WL33C8V6, STM32WL33C8V6X, STM32WL33CBV6, STM32WL33CBV6X, STM32WL33CCV6, STM32WL33CCV6A, STM32WL33CCV6X, STM32WL33K8V7, STM32WL33K8V7X, STM32WL33KBV7 , STM32WL33KBV7X, STM32WL33KCV7, STM32WL33KCV7X, STM32WL5MOCH6, STM32WL5MOCH6TR]
2025-11-03 14:11:44,348 [INFO] BoardInfo:889 - No configuration file found for board P-NUCLEO-WB55
2025-11-03 14:11:44,350 [INFO] DbBoards:161 - Kit is not supported: P-NUCLEO-WB55
2025-11-03 14:11:44,358 [INFO] BoardInfo:889 - No configuration file found for board STEVAL-BFA001V1B
2025-11-03 14:11:44,359 [INFO] DbBoards:161 - Kit is not supported: STEVAL-BFA001V1B
2025-11-03 14:11:44,360 [INFO] BoardInfo:889 - No configuration file found for board STEVAL-BFA001V2B
2025-11-03 14:11:44,362 [INFO] DbBoards:161 - Kit is not supported: STEVAL-BFA001V2B
2025-11-03 14:11:44,619 [INFO] DbBoards:168 - Found 212 boards, 209 are supported
2025-11-03 14:11:44,619 [INFO] DbBoards:169 - Found 212 boards, 43 of them is supported for  Bsp
2025-11-03 14:11:44,623 [INFO] ApiDb:668 - CubeFinder database Data Model version=2.1
2025-11-03 14:11:44,623 [INFO] ApiDb:669 - CubeFinder database Configuration version=3.0.39
2025-11-03 14:11:44,623 [INFO] ApiDb:670 - CubeFinder database generation date=2025-10-27 (1761571959)
2025-11-03 14:11:44,623 [INFO] ApiDb:671 - CubeFinder database FW Pack versions=[FP-ATR-ASTRA1_V2.0.0, FP-SNS-FLIGHT1_V5.1.0, FP-SNS-MOTENV1_V5.0.0, FP-SNS-MOTENVWB1_V1.4.0, FP-SNS-SMARTAG2_V1.2.0, FP-SNS-STBOX1_V2.1.0, STM32Cube_FW_C0_V1.4.0, STM32Cube_FW_F4_V1.28.3, STM32Cube_FW_F7_V1.17.4, STM32Cube_FW_G0_V1.6.2, STM32Cube_FW_G4_V1.6.1, STM32Cube_FW_H5_V1.5.0, STM32Cube_FW_H7RS_V1.2.0, STM32Cube_FW_H7_V1.12.1, STM32Cube_FW_L0_V1.12.2, STM32Cube_FW_L4_V1.18.1, STM32Cube_FW_L5_V1.5.1, STM32Cube_FW_N6_V1.2.0, STM32Cube_FW_U0_V1.3.0, STM32Cube_FW_U3_V1.2.1, STM32Cube_FW_U5_V1.8.0, STM32Cube_FW_WB0_V1.3.0, STM32Cube_FW_WBA_V1.7.0, STM32Cube_FW_WB_V1.23.0, STM32Cube_FW_WL3_V1.2.0, STM32Cube_FW_WL_V1.3.1, X-CUBE-ALGOBUILD_V1.4.0, X-CUBE-ALS_V1.0.2, X-CUBE-AZRTOS-F4_V1.1.0, X-CUBE-AZRTOS-F7_V1.1.0, X-CUBE-AZRTOS-G0_V1.1.0, X-CUBE-AZRTOS-G4_V2.0.0, X-CUBE-AZRTOS-H7RS_V1.1.0, X-CUBE-AZRTOS-H7_V3.4.0, X-CUBE-AZRTOS-L4_V2.0.0, X-CUBE-AZRTOS-L5_V2.0.0, X-CUBE-AZRTOS-WB_V2.0.0, X-CUBE-AZRTOS-WL_V2.0.0, X-CUBE-BLE1_V7.1.0, X-CUBE-BLE2_V3.3.0, X-CUBE-BLEMGR_V4.1.0, X-CUBE-EEPRMA1_V5.2.0, X-CUBE-FREERTOS_V1.3.1, X-CUBE-GNSS1_V6.0.0, X-CUBE-MEMS1_V11.3.0, X-CUBE-NFC4_V3.0.0, X-CUBE-NFC7_V2.0.0, X-CUBE-SFXS2LP1_V4.0.0, X-CUBE-ST67W61_V1.1.0, X-CUBE-SUBG2_V5.0.0, X-CUBE-TOF1_V3.4.3]
2025-11-03 14:11:46,603 [INFO] ApiDb:240 - Found 880 in-development CPN: [B-G473E-ZEST1S, B-WB1M-WPAN1, B-WBA5M-WPAN, B-WL5M-SUBG1, NUCLEO-C031C6, NUCLEO-C051C8, NUCLEO-C071RB, NUCLEO-C092RC, NUCLEO-H503RB, NUCLEO-H533RE, NUCLEO-H563ZI, NUCLEO-H7S3L8, NUCLEO-N657X0-Q, NUCLEO-U031R8, NUCLEO-U083RC, NUCLEO-U385RG-Q, NUCLEO-U545RE-Q, NUCLEO-U5A5ZJ-Q, NUCLEO-WB05KZ, NUCLEO-WB07CC, NUCLEO-WB09KE, NUCLEO-WBA52CG, NUCLEO-WBA55CG, NUCLEO-WL33CC1, NUCLEO-WL33CC2, STEVAL-PROTEUS1, STEVAL-SMARTAG2, STEVAL-STWINBX1, STM320518-EVAL, STM32C0116-DK, STM32C011D6Y3TR, STM32C011D6Y6TR, STM32C011F4P3, STM32C011F4P6, STM32C011F4U3, STM32C011F4U6TR, STM32C011F6P3, STM32C011F6P6, STM32C011F6U3, STM32C011F6U6TR, STM32C011J4M3, STM32C011J4M6, STM32C011J6M3, STM32C011J6M6, STM32C0316-DK, STM32C031C4T3, STM32C031C4T6, STM32C031C4U3, STM32C031C4U6, STM32C031C6T3, STM32C031C6T6, STM32C031C6U3, STM32C031C6U6, STM32C031F4P3, STM32C031F4P6, STM32C031F6P3, STM32C031F6P6, STM32C031G4U3, STM32C031G4U6, STM32C031G6U3, STM32C031G6U6, STM32C031K4T3, STM32C031K4T6, STM32C031K4U3, STM32C031K4U6, STM32C031K6T3, STM32C031K6T6, STM32C031K6U3, STM32C031K6U6, STM32C051C6T6, STM32C051C6U6, STM32C051C8T6, STM32C051C8U6, STM32C051D8Y6TR, STM32C051F6P6, STM32C051F8P6, STM32C051G6U6, STM32C051G8U6, STM32C051K6T6, STM32C051K6U6, STM32C051K8T6, STM32C071C8T6, STM32C071C8T6N, STM32C071C8U6, STM32C071C8U6N, STM32C071CBT6, STM32C071CBT6N, STM32C071CBU6, STM32C071CBU6N, STM32C071F8P6, STM32C071F8P6N, STM32C071FBP6, STM32C071FBP6N, STM32C071FBY6TR, STM32C071G8U6, STM32C071G8U6N, STM32C071GBU6, STM32C071GBU6N, STM32C071K8T6, STM32C071K8T6N, STM32C071K8U6, STM32C071K8U6N, STM32C071KBT6, STM32C071KBT6N, STM32C071KBU6, STM32C071KBU6N, STM32C071R8T6, STM32C071R8T6N, STM32C071RBI6N, STM32C071RBT6, STM32C071RBT6N, STM32C091CBT6, STM32C091CBU6, STM32C091CCT6, STM32C091CCU6, STM32C091ECY6TR, STM32C091FBP6, STM32C091FCP6, STM32C091GBU6, STM32C091GCU6, STM32C091KBT6, STM32C091KBU6, STM32C091KCT6, STM32C091KCU6, STM32C091RBT6, STM32C091RCI6, STM32C091RCT6, STM32C092CBT6, STM32C092CBU6, STM32C092CCT6, STM32C092CCU6, STM32C092ECY6TR, STM32C092FBP6, STM32C092FCP6, STM32C092GBU6, STM32C092GCU6, STM32C092KBT6, STM32C092KBU6, STM32C092KCT6, STM32C092KCU6, STM32C092RBT6, STM32C092RCI6, STM32C092RCT6, STM32G071K8TXN, STM32G071K8UXN, STM32G081GBU6N, STM32G081KBT6N, STM32G081KBUXN, STM32G0B1CCT6N, STM32G0B1KCT6, STM32G0B1NEY6TR, STM32G0B1RCT6N, STM32G0C1CCT6, STM32G0C1CCT6N, STM32G0C1CCU6N, STM32G0C1CET6N, STM32G0C1CEU6N, STM32G0C1KCT6, STM32G0C1NEY6TR, STM32G0C1RCI6N, STM32G0C1RCT6N, STM32G0C1REI6N, STM32G0C1RET6N, STM32G0C1VCI6, STM32G0C1VEI6, STM32G411C6T3, STM32G411C6T6, STM32G411C6U3, STM32G411C6U6, STM32G411C8T3, STM32G411C8T6, STM32G411C8U3, STM32G411C8U6, STM32G411CBT3, STM32G411CBT6, STM32G411CBU3, STM32G411CBU6, STM32G411K6T3, STM32G411K6T6, STM32G411K6U3, STM32G411K6U6, STM32G411K8T3, STM32G411K8T6, STM32G411K8U3, STM32G411K8U6, STM32G411KBT3, STM32G411KBT6, STM32G411KBU3, STM32G411KBU6, STM32G411M6T3, STM32G411M6T6, STM32G411M8T3, STM32G411M8T6, STM32G411MBT3, STM32G411MBT6, STM32G411R6T3, STM32G411R6T6, STM32G411R8T3, STM32G411R8T6, STM32G411RBT3, STM32G411RBT6, STM32G414CBT3, STM32G414CBT6, STM32G414CBU3, STM32G414CBU6, STM32G414CCT3, STM32G414CCT6, STM32G414CCU3, STM32G414CCU6, STM32G414MBT3, STM32G414MBT6, STM32G414MCT3, STM32G414MCT6, STM32G414RBT3, STM32G414RBT6, STM32G414RCT3, STM32G414RCT6, STM32G414VBT3, STM32G414VBT6, STM32G414VCT3, STM32G414VCT6, STM32G431CBT3Z, STM32G431RBT3Z, STM32G471CCT6, STM32G471CCU6, STM32G471CET3, STM32G471CET6, STM32G471CEU3, STM32G471CEU6, STM32G471MCT6, STM32G471MET3, STM32G471MET6, STM32G471MEY6TR, STM32G471QCT6, STM32G471QET3, STM32G471RCT6, STM32G471RET3, STM32G471RET6, STM32G471VCH6, STM32G471VCI6, STM32G471VCT6, STM32G471VEH3, STM32G471VEH6, STM32G471VEI3, STM32G471VEI6, STM32G471VET3, STM32G471VET6, STM32G473QET3Z, STM32G473RET3Z, STM32G474CCT6, STM32G491RET3Z, STM32H503CBT6, STM32H503CBU6, STM32H503EBY6TR, STM32H503KBU6, STM32H503RBT6, STM32H523CCT6, STM32H523CCU6, STM32H523CET6, STM32H523CEU6, STM32H523HEY6TR, STM32H523RCT6, STM32H523RET6, STM32H523VCI6, STM32H523VCT6, STM32H523VEI6, STM32H523VET6, STM32H523ZCJ6, STM32H523ZCT6, STM32H523ZEJ6, STM32H523ZET6, STM32H533CET6, STM32H533CEU6, STM32H533HEY6TR, STM32H533RET6, STM32H533VEI6, STM32H533VET6, STM32H533ZEJ6, STM32H533ZET6, STM32H562AGI6, STM32H562AII6, STM32H562IGK6, STM32H562IGT6, STM32H562IIK6, STM32H562IIT6, STM32H562RGT6, STM32H562RGV6, STM32H562RIT6, STM32H562RIV6, STM32H562VGT6, STM32H562VIT6, STM32H562ZGT6, STM32H562ZIT6, STM32H563AGI6, STM32H563AII3Q, STM32H563AII6, STM32H563IGK6, STM32H563IGT6, STM32H563IIK3Q, STM32H563IIK6, STM32H563IIT3Q, STM32H563IIT6, STM32H563MIY3QTR, STM32H563RGT6, STM32H563RGV6, STM32H563RIT6, STM32H563RIV6, STM32H563VGT6, STM32H563VIT3Q, STM32H563VIT6, STM32H563ZGT6, STM32H563ZIT3Q, STM32H563ZIT6, STM32H573AII3Q, STM32H573AII6, STM32H573I-DK, STM32H573IIK3Q, STM32H573IIK6, STM32H573IIT3Q, STM32H573IIT6, STM32H573MIY3QTR, STM32H573RIT6, STM32H573RIV6, STM32H573VIT3Q, STM32H573VIT6, STM32H573ZIT3Q, STM32H573ZIT6, STM32H7R3A8I6, STM32H7R3I8K6, STM32H7R3I8T6, STM32H7R3L8H6, STM32H7R3L8H6H, STM32H7R3R8V6, STM32H7R3V8H6, STM32H7R3V8T6, STM32H7R3V8Y6TR, STM32H7R3Z8J6, STM32H7R3Z8T6, STM32H7R7A8I6, STM32H7R7I8K6, STM32H7R7I8T6, STM32H7R7L8H6, STM32H7R7L8H6H, STM32H7R7Z8J6, STM32H7S3A8I6, STM32H7S3I8K6, STM32H7S3I8T6, STM32H7S3L8H6, STM32H7S3L8H6H, STM32H7S3R8V6, STM32H7S3V8H6, STM32H7S3V8T6, STM32H7S3V8Y6TR, STM32H7S3Z8J6, STM32H7S3Z8T6, STM32H7S78-DK, STM32H7S7A8I6, STM32H7S7I8K6, STM32H7S7I8T6, STM32H7S7L8H6, STM32H7S7L8H6H, STM32H7S7Z8J6, STM32L4R5QGI6STR, STM32MP131AAE3, STM32MP131AAF3, STM32MP131AAG3, STM32MP131CAE3, STM32MP131CAF3, STM32MP131CAG3, STM32MP131DAE7, STM32MP131DAF7, STM32MP131DAG7, STM32MP131FAE7, STM32MP131FAF7, STM32MP131FAG7, STM32MP133AAE3, STM32MP133AAF3, STM32MP133AAG3, STM32MP133CAE3, STM32MP133CAF3, STM32MP133CAG3, STM32MP133DAE7, STM32MP133DAF7, STM32MP133DAG7, STM32MP133FAE7, STM32MP133FAF7, STM32MP133FAG7, STM32MP135AAE3, STM32MP135AAF3, STM32MP135AAG3, STM32MP135CAE3, STM32MP135CAF3, STM32MP135CAG3, STM32MP135DAE7, STM32MP135DAF7, STM32MP135DAG7, STM32MP135F-DK, STM32MP135FAE7, STM32MP135FAF7, STM32MP135FAF7T, STM32MP135FAF7U, STM32MP135FAG7, STM32MP211AAL3, STM32MP211AAM3, STM32MP211AAN3, STM32MP211AAO3, STM32MP211CAL3, STM32MP211CAM3, STM32MP211CAN3, STM32MP211CAO3, STM32MP211DAL3, STM32MP211DAM3, STM32MP211DAN3, STM32MP211DAO3, STM32MP211FAL3, STM32MP211FAM3, STM32MP211FAN3, STM32MP211FAO3, STM32MP213AAL3, STM32MP213AAM3, STM32MP213AAN3, STM32MP213AAO3, STM32MP213CAL3, STM32MP213CAM3, STM32MP213CAN3, STM32MP213CAO3, STM32MP213DAL3, STM32MP213DAM3, STM32MP213DAN3, STM32MP213DAO3, STM32MP213FAL3, STM32MP213FAM3, STM32MP213FAN3, STM32MP213FAO3, STM32MP215AAL3, STM32MP215AAM3, STM32MP215AAN3, STM32MP215AAO3, STM32MP215CAL3, STM32MP215CAM3, STM32MP215CAN3, STM32MP215CAO3, STM32MP215DAL3, STM32MP215DAM3, STM32MP215DAN3, STM32MP215DAO3, STM32MP215F-DK, STM32MP215FAL3, STM32MP215FAM3, STM32MP215FAN3, STM32MP215FAO3, STM32MP231AAJ3, STM32MP231AAK3, STM32MP231AAL3, STM32MP231CAJ3, STM32MP231CAK3, STM32MP231CAL3, STM32MP231DAJ3, STM32MP231DAK3, STM32MP231DAL3, STM32MP231FAJ3, STM32MP231FAK3, STM32MP231FAL3, STM32MP233AAJ3, STM32MP233AAK3, STM32MP233AAL3, STM32MP233CAJ3, STM32MP233CAK3, STM32MP233CAL3, STM32MP233DAJ3, STM32MP233DAK3, STM32MP233DAL3, STM32MP233FAJ3, STM32MP233FAK3, STM32MP233FAL3, STM32MP235AAJ3, STM32MP235AAK3, STM32MP235AAL3, STM32MP235CAJ3, STM32MP235CAK3, STM32MP235CAL3, STM32MP235DAJ3, STM32MP235DAK3, STM32MP235DAL3, STM32MP235FAJ3, STM32MP235FAK3, STM32MP235FAL3, STM32MP251AAI3, STM32MP251AAK3, STM32MP251AAL3, STM32MP251CAI3, STM32MP251CAK3, STM32MP251CAL3, STM32MP251DAI3, STM32MP251DAK3, STM32MP251DAL3, STM32MP251FAI3, STM32MP251FAK3, STM32MP251FAL3, STM32MP253AAI3, STM32MP253AAK3, STM32MP253AAL3, STM32MP253CAI3, STM32MP253CAK3, STM32MP253CAL3, STM32MP253DAI3, STM32MP253DAK3, STM32MP253DAL3, STM32MP253FAI3, STM32MP253FAK3, STM32MP253FAL3, STM32MP255AAI3, STM32MP255AAK3, STM32MP255AAL3, STM32MP255CAI3, STM32MP255CAK3, STM32MP255CAL3, STM32MP255DAI3, STM32MP255DAK3, STM32MP255DAL3, STM32MP255FAI3, STM32MP255FAK3, STM32MP255FAL3, STM32MP257AAI3, STM32MP257AAK3, STM32MP257AAL3, STM32MP257CAI3, STM32MP257CAK3, STM32MP257CAL3, STM32MP257DAI3, STM32MP257DAK3, STM32MP257DAL3, STM32MP257F-DK, STM32MP257F-EV1, STM32MP257FAI3, STM32MP257FAK3, STM32MP257FAL3, STM32N645A0H3Q, STM32N645B0H3Q, STM32N645I0H3Q, STM32N645L0H3Q, STM32N645X0H3Q, STM32N645Z0H3Q, STM32N647A0H3Q, STM32N647B0H3Q, STM32N647I0H3Q, STM32N647L0H3Q, STM32N647X0H3Q, STM32N647Z0H3Q, STM32N655A0H3Q, STM32N655B0H3Q, STM32N655I0H3Q, STM32N655L0H3Q, STM32N655X0H3Q, STM32N655Z0H3Q, STM32N6570-DK, STM32N657A0H3Q, STM32N657B0H3Q, STM32N657I0H3Q, STM32N657L0H3Q, STM32N657X0H3Q, STM32N657Z0H3Q, STM32U031C6T6, STM32U031C6U6, STM32U031C8T6, STM32U031C8U6, STM32U031F4P6, STM32U031F6P6, STM32U031F8P6, STM32U031G6Y6TR, STM32U031G8Y6TR, STM32U031K4U6, STM32U031K6U6, STM32U031K8U6, STM32U031R6I6, STM32U031R6T6, STM32U031R8I6, STM32U031R8T6, STM32U073C8T6, STM32U073C8U6, STM32U073CBT6, STM32U073CBU6, STM32U073CCT6, STM32U073CCU6, STM32U073H8Y6TR, STM32U073HBY6TR, STM32U073HCY6TR, STM32U073K8U6, STM32U073KBU6, STM32U073KCU6, STM32U073M8I6, STM32U073M8T6, STM32U073MBI6, STM32U073MBT6, STM32U073MCI6, STM32U073MCT6, STM32U073R8I6, STM32U073R8T6, STM32U073RBI6, STM32U073RBT6, STM32U073RCI6, STM32U073RCT6, STM32U083C-DK, STM32U083CCT6, STM32U083CCU6, STM32U083HCY6TR, STM32U083KCU6, STM32U083MCI6, STM32U083MCT6, STM32U083RCI6, STM32U083RCT6, STM32U375CET6, STM32U375CET6Q, STM32U375CEU6, STM32U375CEU6Q, STM32U375CEY6QTR, STM32U375CGT6, STM32U375CGT6Q, STM32U375CGU6, STM32U375CGU6Q, STM32U375CGY6QTR, STM32U375KEU6, STM32U375KGU6, STM32U375REI6, STM32U375REI6Q, STM32U375RET6, STM32U375RET6Q, STM32U375REY6GTR, STM32U375REY6QTR, STM32U375RGI6, STM32U375RGI6Q, STM32U375RGT6, STM32U375RGT6Q, STM32U375RGY6GTR, STM32U375RGY6QTR, STM32U375VEI6, STM32U375VEI6Q, STM32U375VET6, STM32U375VET6Q, STM32U375VGI6, STM32U375VGI6Q, STM32U375VGT6, STM32U375VGT6Q, STM32U385CGT6, STM32U385CGT6Q, STM32U385CGU6, STM32U385CGU6Q, STM32U385CGY6QTR, STM32U385KGU6, STM32U385RGI6, STM32U385RGI6Q, STM32U385RGT6, STM32U385RGT6Q, STM32U385RGY6GTR, STM32U385RGY6QTR, STM32U385VGI6, STM32U385VGI6Q, STM32U385VGT6, STM32U385VGT6Q, STM32U535CBT6, STM32U535CBT6Q, STM32U535CBU6, STM32U535CBU6Q, STM32U535CCT6, STM32U535CCT6Q, STM32U535CCU6, STM32U535CCU6Q, STM32U535CET6, STM32U535CET6Q, STM32U535CEU6, STM32U535CEU6Q, STM32U535JEY6QTR, STM32U535NCY6QTR, STM32U535NEY6QTR, STM32U535RBI6, STM32U535RBI6Q, STM32U535RBT6, STM32U535RBT6Q, STM32U535RCI6, STM32U535RCI6Q, STM32U535RCT6, STM32U535RCT6Q, STM32U535REI6, STM32U535REI6Q, STM32U535RET6, STM32U535RET6Q, STM32U535VCI6, STM32U535VCI6Q, STM32U535VCT6, STM32U535VCT6Q, STM32U535VEI6, STM32U535VEI6Q, STM32U535VET6, STM32U535VET6Q, STM32U545CET6, STM32U545CET6Q, STM32U545CEU6, STM32U545CEU6Q, STM32U545JEY6QTR, STM32U545NEY6QTR, STM32U545REI6, STM32U545REI6Q, STM32U545RET6, STM32U545RET6Q, STM32U545VEI6, STM32U545VEI6Q, STM32U545VET6, STM32U545VET6Q, STM32U595AIH6, STM32U595AIH6Q, STM32U595AJH6, STM32U595AJH6Q, STM32U595QII6, STM32U595QII6Q, STM32U595QJI6, STM32U595QJI6Q, STM32U595RIT6, STM32U595RIT6Q, STM32U595RJT6, STM32U595RJT6Q, STM32U595VIT6, STM32U595VIT6Q, STM32U595VJT6, STM32U595VJT6Q, STM32U595ZIT6, STM32U595ZIT6Q, STM32U595ZIY6QTR, STM32U595ZJT6, STM32U595ZJT6Q, STM32U595ZJY6QTR, STM32U599BJY6QTR, STM32U599NIH6Q, STM32U599NJH6Q, STM32U599VIT6Q, STM32U599VJT6, STM32U599VJT6Q, STM32U599ZIT6Q, STM32U599ZIY6QTR, STM32U599ZJT6Q, STM32U599ZJY6QTR, STM32U5A5AJH6, STM32U5A5AJH6Q, STM32U5A5QII3Q , STM32U5A5QJI6, STM32U5A5QJI6Q, STM32U5A5RJT6, STM32U5A5RJT6Q, STM32U5A5VJT6, STM32U5A5VJT6Q, STM32U5A5ZJT6, STM32U5A5ZJT6Q, STM32U5A5ZJY6QTR, STM32U5A9BJY6QTR, STM32U5A9J-DK, STM32U5A9NJH6Q, STM32U5A9VJT6Q, STM32U5A9ZJT6Q, STM32U5A9ZJY6QTR, STM32U5F7VIT6, STM32U5F7VIT6Q, STM32U5F7VJT6, STM32U5F7VJT6Q, STM32U5F9BJY6QTR, STM32U5F9NJH6Q, STM32U5F9VIT6Q, STM32U5F9VJT6Q, STM32U5F9ZIJ6QTR, STM32U5F9ZIT6Q, STM32U5F9ZJJ6QTR, STM32U5F9ZJT6Q, STM32U5G7VJT6, STM32U5G7VJT6Q, STM32U5G9BJY6QTR, STM32U5G9J-DK1, STM32U5G9J-DK2, STM32U5G9NJH6Q, STM32U5G9VJT6Q, STM32U5G9ZJJ6QTR, STM32U5G9ZJT6Q, STM32WB05KZV6TR, STM32WB05KZV7TR, STM32WB05TZF6TR, STM32WB05TZF7TR, STM32WB06CCF6TR, STM32WB06CCF7TR, STM32WB06CCV6TR, STM32WB06CCV7TR, STM32WB06KCV6TR, STM32WB06KCV7TR, STM32WB07CCF6TR, STM32WB07CCF7TR, STM32WB07CCV6TR, STM32WB07CCV7TR, STM32WB07KCV6TR, STM32WB07KCV7TR, STM32WB09KEV6TR, STM32WB09KEV7TR, STM32WB09TEF6TR, STM32WB09TEF7TR, STM32WB1MMCH6, STM32WBA50KGU6, STM32WBA50KGU6TR, STM32WBA52CEU6, STM32WBA52CEU6TR, STM32WBA52CEU7, STM32WBA52CEU7TR, STM32WBA52CGU6, STM32WBA52CGU6TR, STM32WBA52CGU6U, STM32WBA52CGU7, STM32WBA52CGU7TR, STM32WBA52KEU6, STM32WBA52KEU6TR, STM32WBA52KGU6, STM32WBA52KGU6TR, STM32WBA54CEU6, STM32WBA54CEU6TR, STM32WBA54CEU7, STM32WBA54CEU7TR, STM32WBA54CGU6, STM32WBA54CGU6TR, STM32WBA54CGU7, STM32WBA54CGU7TR, STM32WBA54KEU6, STM32WBA54KEU6TR, STM32WBA54KEU7, STM32WBA54KEU7TR, STM32WBA54KGU6, STM32WBA54KGU6TR, STM32WBA54KGU7, STM32WBA54KGU7TR, STM32WBA55CEU6, STM32WBA55CEU6TR, STM32WBA55CEU7, STM32WBA55CEU7TR, STM32WBA55CGU6, STM32WBA55CGU6TR, STM32WBA55CGU6U, STM32WBA55CGU7, STM32WBA55CGU7TR, STM32WBA55G-DK1, STM32WBA55HEF6, STM32WBA55HEF7, STM32WBA55HGF6, STM32WBA55HGF7, STM32WBA55UEI6, STM32WBA55UEI6TR, STM32WBA55UEI7, STM32WBA55UEI7TR, STM32WBA55UGI6, STM32WBA55UGI6TR, STM32WBA55UGI7, STM32WBA55UGI7TR, STM32WBA5MMGH6TR, STM32WBA62MGF6, STM32WBA62MIF6, STM32WBA65MGF7, STM32WBA65MIF6, STM32WBA65MIF7, STM32WL30K8V6, STM32WL30KBV6, STM32WL31C8V6, STM32WL31CBV6, STM32WL31K8V6, STM32WL31KBV6, STM32WL33C8V6, STM32WL33C8V6X, STM32WL33CBV6, STM32WL33CBV6X, STM32WL33CCV6, STM32WL33CCV6A, STM32WL33CCV6X, STM32WL33K8V7, STM32WL33K8V7X, STM32WL33KBV7 , STM32WL33KBV7X, STM32WL33KCV7, STM32WL33KCV7X, STM32WL5MOCH6, STM32WL5MOCH6TR]
2025-11-03 14:11:46,608 [INFO] DbMcus:218 - Found 4801 MCUs, 4801 are supported
2025-11-03 14:11:46,608 [INFO] ApiDb:423 - Load user favorites file C:\Users\USER/.stm32cubeide/favorites.mcus.txt: 0 item(s)
2025-11-03 14:11:46,608 [INFO] ApiDb:427 - User favorites MCUs=[]
2025-11-03 14:11:46,608 [INFO] DbMcus:224 - Set 0 / 0 favorites MCUs
2025-11-03 14:11:46,915 [INFO] ApiDb:423 - Load user favorites file C:\Users\USER/.stm32cubeide/favorites.boards.txt: 0 item(s)
2025-11-03 14:11:46,915 [INFO] ApiDb:427 - User favorites Boards=[]
2025-11-03 14:11:46,915 [INFO] DbBoards:198 - Set 0 / 0 favorites Boards
2025-11-03 14:11:46,969 [INFO] UtilMem:75 - End LoadConfig() Used Memory: 311220904 Bytes (363855872)
2025-11-03 14:11:47,092 [WARN] ThirdParty:833 - waiting for thirdparty lock release [change project]
2025-11-03 14:11:47,092 [INFO] ThirdParty:835 - entering critical section [change project]
2025-11-03 14:11:47,092 [INFO] ThirdParty:1030 - CMSIS Pack Vendor :STMicroelectronics X-CUBE-PM33A1 1.0.0
2025-11-03 14:11:47,092 [INFO] ThirdParty:1030 - CMSIS Pack Vendor :STMicroelectronics USBPD 4.1
2025-11-03 14:11:47,092 [INFO] ThirdParty:1030 - CMSIS Pack Vendor :STMicroelectronics X-CUBE-NFC9 1.0.0
2025-11-03 14:11:47,092 [INFO] ThirdParty:1030 - CMSIS Pack Vendor :STMicroelectronics USB_HOST 2.0.0
2025-11-03 14:11:47,092 [INFO] ThirdParty:1030 - CMSIS Pack Vendor :STMicroelectronics FP-SNS-MOTENVWB1 1.4.0
2025-11-03 14:11:47,092 [INFO] ThirdParty:1030 - CMSIS Pack Vendor :STMicroelectronics X-CUBE-AZRTOS-F4 1.1.0
2025-11-03 14:11:47,092 [INFO] ThirdParty:1030 - CMSIS Pack Vendor :STMicroelectronics LIBJPEG 8.0.0
2025-11-03 14:11:47,092 [INFO] ThirdParty:1030 - CMSIS Pack Vendor :STMicroelectronics FP-ATR-ASTRA1 2.0.2
2025-11-03 14:11:47,092 [INFO] ThirdParty:1030 - CMSIS Pack Vendor :wolfSSL I-CUBE-wolfSSL 5.8.2
2025-11-03 14:11:47,092 [INFO] ThirdParty:1030 - CMSIS Pack Vendor :STMicroelectronics X-CUBE-BLE1 7.1.0
2025-11-03 14:11:47,092 [INFO] ThirdParty:1030 - CMSIS Pack Vendor :STMicroelectronics X-CUBE-SMBUS 2.1.0
2025-11-03 14:11:47,092 [INFO] ThirdParty:1030 - CMSIS Pack Vendor :wolfSSL I-CUBE-wolfMQTT 1.19.2
2025-11-03 14:11:47,092 [INFO] ThirdParty:1030 - CMSIS Pack Vendor :STMicroelectronics USB_DEVICE 3.0.0
2025-11-03 14:11:47,092 [INFO] ThirdParty:1030 - CMSIS Pack Vendor :STMicroelectronics X-CUBE-ISPU 2.1.0
2025-11-03 14:11:47,092 [INFO] ThirdParty:1030 - CMSIS Pack Vendor :STMicroelectronics X-CUBE-EEPRMA1 5.2.0
2025-11-03 14:11:47,092 [INFO] ThirdParty:1030 - CMSIS Pack Vendor :STMicroelectronics X-CUBE-IPS 3.2.0
2025-11-03 14:11:47,092 [INFO] ThirdParty:1030 - CMSIS Pack Vendor :STMicroelectronics X-CUBE-BLEMGR 4.1.0
2025-11-03 14:11:47,092 [INFO] ThirdParty:1030 - CMSIS Pack Vendor :STMicroelectronics X-CUBE-AZRTOS-WB 2.0.0
2025-11-03 14:11:47,092 [INFO] ThirdParty:1030 - CMSIS Pack Vendor :STMicroelectronics X-CUBE-NFC12 1.0.0
2025-11-03 14:11:47,092 [INFO] ThirdParty:1030 - CMSIS Pack Vendor :STMicroelectronics X-CUBE-AZRTOS-F7 1.1.0
2025-11-03 14:11:47,092 [INFO] ThirdParty:1030 - CMSIS Pack Vendor :STMicroelectronics X-CUBE-AZRTOS-L5 2.0.0
2025-11-03 14:11:47,093 [INFO] ThirdParty:1030 - CMSIS Pack Vendor :STMicroelectronics USB_DEVICE 2.0.0
2025-11-03 14:11:47,093 [INFO] ThirdParty:1030 - CMSIS Pack Vendor :STMicroelectronics X-CUBE-NFC6 3.1.0
2025-11-03 14:11:47,093 [INFO] ThirdParty:1030 - CMSIS Pack Vendor :STMicroelectronics X-CUBE-ST67W61 1.1.0
2025-11-03 14:11:47,093 [INFO] ThirdParty:1030 - CMSIS Pack Vendor :Cesanta I-CUBE-Mongoose 7.19.0
2025-11-03 14:11:47,093 [INFO] ThirdParty:1030 - CMSIS Pack Vendor :quantropi X-CUBE-qispace-sdk-base 2.1.0
2025-11-03 14:11:47,093 [INFO] ThirdParty:1030 - CMSIS Pack Vendor :STMicroelectronics FP-SNS-MOTENV1 5.1.0
2025-11-03 14:11:47,093 [INFO] ThirdParty:1030 - CMSIS Pack Vendor :STMicroelectronics FreeRTOS 0.0.1
2025-11-03 14:11:47,093 [INFO] ThirdParty:1030 - CMSIS Pack Vendor :STMicroelectronics X-CUBE-AZRTOS-G0 1.1.0
2025-11-03 14:11:47,093 [INFO] ThirdParty:1030 - CMSIS Pack Vendor :STMicroelectronics X-CUBE-SAFEA1 1.2.2
2025-11-03 14:11:47,093 [INFO] ThirdParty:1030 - CMSIS Pack Vendor :STMicroelectronics X-CUBE-NFC4 3.0.0
2025-11-03 14:11:47,093 [INFO] ThirdParty:1030 - CMSIS Pack Vendor :STMicroelectronics X-CUBE-SUBG2 5.0.0
2025-11-03 14:11:47,093 [INFO] ThirdParty:1030 - CMSIS Pack Vendor :STMicroelectronics X-CUBE-AZRTOS-H7RS 1.1.0
2025-11-03 14:11:47,093 [INFO] ThirdParty:1030 - CMSIS Pack Vendor :STMicroelectronics STM32_WPAN 1.0.0
2025-11-03 14:11:47,093 [INFO] ThirdParty:1030 - CMSIS Pack Vendor :EmbeddedOffice I-CUBE-FS-RTOS 1.0.1
2025-11-03 14:11:47,093 [INFO] ThirdParty:1030 - CMSIS Pack Vendor :STMicroelectronics lwIP 2.0.3
2025-11-03 14:11:47,093 [INFO] ThirdParty:1030 - CMSIS Pack Vendor :WES I-CUBE-Cesium 1.4.0
2025-11-03 14:11:47,093 [INFO] ThirdParty:1030 - CMSIS Pack Vendor :STMicroelectronics USB_HOST 1.0.0
2025-11-03 14:11:47,093 [INFO] ThirdParty:1030 - CMSIS Pack Vendor :Infineon AIROC-Wi-Fi-Bluetooth-STM32 1.7.1
2025-11-03 14:11:47,093 [INFO] ThirdParty:1030 - CMSIS Pack Vendor :STMicroelectronics X-CUBE-AZRTOS-G4 2.0.0
2025-11-03 14:11:47,093 [INFO] ThirdParty:1030 - CMSIS Pack Vendor :STMicroelectronics X-CUBE-WB05N 2.0.0
2025-11-03 14:11:47,093 [INFO] ThirdParty:1030 - CMSIS Pack Vendor :STMicroelectronics PDM2PCM 3.1.0
2025-11-03 14:11:47,093 [INFO] ThirdParty:1030 - CMSIS Pack Vendor :STMicroelectronics PDM2PCM 3.3.0
2025-11-03 14:11:47,093 [INFO] ThirdParty:1030 - CMSIS Pack Vendor :wolfSSL I-CUBE-wolfTPM 3.8.0
2025-11-03 14:11:47,093 [INFO] ThirdParty:1030 - CMSIS Pack Vendor :STMicroelectronics X-CUBE-AZRTOS-H7 3.4.0
2025-11-03 14:11:47,093 [INFO] ThirdParty:1030 - CMSIS Pack Vendor :STMicroelectronics X-CUBE-DISPLAY 3.0.0
2025-11-03 14:11:47,093 [INFO] ThirdParty:1030 - CMSIS Pack Vendor :wolfSSL I-CUBE-wolfSSH 1.4.20
2025-11-03 14:11:47,093 [INFO] ThirdParty:1030 - CMSIS Pack Vendor :STMicroelectronics X-CUBE-NFC7 2.0.0
2025-11-03 14:11:47,093 [INFO] ThirdParty:1030 - CMSIS Pack Vendor :STMicroelectronics X-CUBE-TCPP 4.2.0
2025-11-03 14:11:47,093 [INFO] ThirdParty:1030 - CMSIS Pack Vendor :RealThread X-CUBE-RT-Thread_Nano 4.1.1
2025-11-03 14:11:47,093 [INFO] ThirdParty:1030 - CMSIS Pack Vendor :STMicroelectronics FP-ATR-SIGFOX1 3.2.0
2025-11-03 14:11:47,093 [INFO] ThirdParty:1030 - CMSIS Pack Vendor :STMicroelectronics X-CUBE-NFC10 1.0.0
2025-11-03 14:11:47,093 [INFO] ThirdParty:1030 - CMSIS Pack Vendor :STMicroelectronics X-CUBE-FREERTOS 1.3.1
2025-11-03 14:11:47,093 [INFO] ThirdParty:1030 - CMSIS Pack Vendor :STMicroelectronics HAL Drivers 0.0.0
2025-11-03 14:11:47,093 [INFO] ThirdParty:1030 - CMSIS Pack Vendor :STMicroelectronics MBEDTLS 2.16.2
2025-11-03 14:11:47,093 [INFO] ThirdParty:1030 - CMSIS Pack Vendor :STMicroelectronics X-CUBE-ST60 1.1.0
2025-11-03 14:11:47,093 [INFO] ThirdParty:1030 - CMSIS Pack Vendor :STMicroelectronics X-CUBE-ALS 1.0.2
2025-11-03 14:11:47,093 [INFO] ThirdParty:1030 - CMSIS Pack Vendor :emotas I-CUBE-CANOPEN 1.3.0
2025-11-03 14:11:47,093 [INFO] ThirdParty:1030 - CMSIS Pack Vendor :STMicroelectronics MBEDTLS 2.14.1
2025-11-03 14:11:47,093 [INFO] ThirdParty:1030 - CMSIS Pack Vendor :STMicroelectronics X-CUBE-GNSS1 7.1.0
2025-11-03 14:11:47,094 [INFO] ThirdParty:1030 - CMSIS Pack Vendor :ITTIA_DB I-CUBE-ITTIADB 8.9.0
2025-11-03 14:11:47,094 [INFO] ThirdParty:1030 - CMSIS Pack Vendor :STMicroelectronics X-CUBE-TOUCHGFX 4.26.0
2025-11-03 14:11:47,094 [INFO] ThirdParty:1030 - CMSIS Pack Vendor :STMicroelectronics X-CUBE-STSE01 1.0.0
2025-11-03 14:11:47,094 [INFO] ThirdParty:1030 - CMSIS Pack Vendor :STMicroelectronics FP-SNS-STBOX1 2.1.0
2025-11-03 14:11:47,094 [INFO] ThirdParty:1030 - CMSIS Pack Vendor :STMicroelectronics X-CUBE-AI 10.2.0
2025-11-03 14:11:47,094 [INFO] ThirdParty:1030 - CMSIS Pack Vendor :STMicroelectronics FP-SNS-STAIOTCFT 1.0.0
2025-11-03 14:11:47,094 [INFO] ThirdParty:1030 - CMSIS Pack Vendor :STMicroelectronics ThreadX 1.0.0
2025-11-03 14:11:47,094 [INFO] ThirdParty:1030 - CMSIS Pack Vendor :STMicroelectronics FP-SNS-SMARTAG2 1.2.0
2025-11-03 14:11:47,094 [INFO] ThirdParty:1030 - CMSIS Pack Vendor :STMicroelectronics FP-SNS-FLIGHT1 5.1.0
2025-11-03 14:11:47,094 [INFO] ThirdParty:1030 - CMSIS Pack Vendor :STMicroelectronics X-CUBE-AZRTOS-WL 2.0.0
2025-11-03 14:11:47,094 [INFO] ThirdParty:1030 - CMSIS Pack Vendor :SEGGER I-CUBE-embOS 1.3.1
2025-11-03 14:11:47,094 [INFO] ThirdParty:1030 - CMSIS Pack Vendor :STMicroelectronics X-CUBE-ALGOBUILD 1.4.0
2025-11-03 14:11:47,094 [INFO] ThirdParty:1030 - CMSIS Pack Vendor :STMicroelectronics X-CUBE-DPower 1.3.0
2025-11-03 14:11:47,094 [INFO] ThirdParty:1030 - CMSIS Pack Vendor :STMicroelectronics X-CUBE-MEMS1 11.3.0
2025-11-03 14:11:47,094 [INFO] ThirdParty:1030 - CMSIS Pack Vendor :STMicroelectronics USB_DEVICE 1.0.0
2025-11-03 14:11:47,094 [INFO] ThirdParty:1030 - CMSIS Pack Vendor :STMicroelectronics X-CUBE-AZRTOS-L4 2.0.0
2025-11-03 14:11:47,094 [INFO] ThirdParty:1030 - CMSIS Pack Vendor :STMicroelectronics ThreadX 0.0.2
2025-11-03 14:11:47,094 [INFO] ThirdParty:1030 - CMSIS Pack Vendor :STMicroelectronics lwIP 2.1.2
2025-11-03 14:11:47,094 [INFO] ThirdParty:1030 - CMSIS Pack Vendor :STMicroelectronics X-CUBE-SFXS2LP1 4.0.0
2025-11-03 14:11:47,094 [INFO] ThirdParty:1030 - CMSIS Pack Vendor :STMicroelectronics X-CUBE-BLE2 3.3.0
2025-11-03 14:11:47,094 [INFO] ThirdParty:1030 - CMSIS Pack Vendor :STMicroelectronics X-CUBE-TOF1 3.4.3
2025-11-03 14:11:47,094 [INFO] ThirdParty:1030 - CMSIS Pack Vendor :STMicroelectronics PDM2PCM 3.2.0
2025-11-03 14:11:47,094 [INFO] ThirdParty:841 - exiting critical section [change project]
2025-11-03 14:11:47,395 [INFO] PinOutPanel:1589 - setPackage(No Configuration,No Configuration)
2025-11-03 14:11:47,397 [INFO] PinOutPanel:1589 - setPackage(STM32F103RCTx,LQFP64)
2025-11-03 14:11:47,837 [INFO] UtilMem:75 - Before build in PCC Used Memory: 217626112 Bytes (392167424)
2025-11-03 14:11:48,498 [INFO] UtilMem:75 - After build in PCC Used Memory: 284269936 Bytes (392167424)
2025-11-03 14:11:48,575 [INFO] ApiDbMcu:532 - Load IP Config File for FREERTOS
2025-11-03 14:11:48,598 [INFO] IPUIPlugin:80 - create IPUIPlugin
2025-11-03 14:11:48,598 [INFO] IPUIPlugin:80 - create IPUIPlugin
2025-11-03 14:11:48,598 [INFO] IPUIPlugin:80 - create IPUIPlugin
2025-11-03 14:11:48,598 [INFO] IPUIPlugin:80 - create IPUIPlugin
2025-11-03 14:11:48,598 [INFO] IPUIPlugin:80 - create IPUIPlugin
2025-11-03 14:11:48,598 [INFO] IPUIPlugin:80 - create IPUIPlugin
2025-11-03 14:11:48,598 [INFO] IPUIPlugin:80 - create IPUIPlugin
2025-11-03 14:11:48,598 [INFO] IPUIPlugin:80 - create IPUIPlugin
2025-11-03 14:11:48,598 [INFO] IPUIPlugin:80 - create IPUIPlugin
2025-11-03 14:11:48,598 [INFO] IPUIPlugin:80 - create IPUIPlugin
2025-11-03 14:11:48,598 [INFO] IPUIPlugin:80 - create IPUIPlugin
2025-11-03 14:11:48,598 [INFO] IPUIPlugin:80 - create IPUIPlugin
2025-11-03 14:11:48,599 [INFO] IPUIPlugin:80 - create IPUIPlugin
2025-11-03 14:11:48,599 [INFO] IPUIPlugin:80 - create IPUIPlugin
2025-11-03 14:11:48,599 [INFO] IPUIPlugin:80 - create IPUIPlugin
2025-11-03 14:11:48,599 [INFO] IPUIPlugin:80 - create IPUIPlugin
2025-11-03 14:11:48,599 [INFO] IPUIPlugin:80 - create IPUIPlugin
2025-11-03 14:11:48,599 [INFO] IPUIPlugin:80 - create IPUIPlugin
2025-11-03 14:11:48,599 [INFO] IPUIPlugin:80 - create IPUIPlugin
2025-11-03 14:11:48,599 [INFO] IPUIPlugin:80 - create IPUIPlugin
2025-11-03 14:11:48,599 [INFO] IPUIPlugin:80 - create IPUIPlugin
2025-11-03 14:11:48,600 [INFO] IPUIPlugin:80 - create IPUIPlugin
2025-11-03 14:11:48,600 [INFO] IPUIPlugin:80 - create IPUIPlugin
2025-11-03 14:11:48,600 [INFO] IPUIPlugin:80 - create IPUIPlugin
2025-11-03 14:11:48,600 [INFO] IPUIPlugin:80 - create IPUIPlugin
2025-11-03 14:11:48,600 [INFO] IPUIPlugin:80 - create IPUIPlugin
2025-11-03 14:11:48,600 [INFO] IPUIPlugin:80 - create IPUIPlugin
2025-11-03 14:11:48,600 [INFO] IPUIPlugin:80 - create IPUIPlugin
2025-11-03 14:11:48,600 [INFO] IPUIPlugin:80 - create IPUIPlugin
2025-11-03 14:11:48,601 [INFO] IPUIPlugin:80 - create IPUIPlugin
2025-11-03 14:11:48,601 [INFO] IPUIPlugin:80 - create IPUIPlugin
2025-11-03 14:11:48,601 [INFO] IPUIPlugin:80 - create IPUIPlugin
2025-11-03 14:11:48,602 [INFO] IPUIPlugin:80 - create IPUIPlugin
2025-11-03 14:11:48,602 [INFO] IPUIPlugin:80 - create IPUIPlugin
2025-11-03 14:11:48,602 [INFO] IPUIPlugin:80 - create IPUIPlugin
2025-11-03 14:11:48,602 [INFO] IPUIPlugin:80 - create IPUIPlugin
2025-11-03 14:11:48,603 [INFO] IPUIPlugin:80 - create IPUIPlugin
2025-11-03 14:11:48,603 [INFO] IPUIPlugin:80 - create IPUIPlugin
2025-11-03 14:11:48,603 [INFO] IPUIPlugin:80 - create IPUIPlugin
2025-11-03 14:11:48,632 [WARN] FreeRTOS:1023 - Null or empty value: should not occur! (nothing added to the table)
2025-11-03 14:11:48,797 [INFO] CADModel:165 - CPN selected for project levelSTM32F103RCT6TR
2025-11-03 14:11:48,797 [INFO] CADModel:114 - Register for checkConnection events
2025-11-03 14:11:48,799 [INFO] RtosManager:728 - Active RTOS found at IOC load: FREERTOS [Cortex-M3NS]
2025-11-03 14:11:48,852 [INFO] OpenFileManager:386 - Restore cursor
2025-11-03 14:17:21,217 [INFO] UtilMem:75 - End SaveConfig() Used Memory: 377219752 Bytes (538968064)
2025-11-03 14:17:24,081 [INFO] UtilMem:75 - End SaveConfig() Used Memory: 426499392 Bytes (538968064)
2025-11-03 14:17:24,789 [INFO] UtilMem:75 - End SaveConfig() Used Memory: 466874920 Bytes (538968064)
2025-11-03 14:17:25,435 [INFO] BlockDiagram:2775 - set Specific Code input for plugin: NVIC
2025-11-03 14:17:25,435 [INFO] BlockDiagram:2775 - set Specific Code input for plugin: FREERTOS
2025-11-03 14:17:25,436 [INFO] BlockDiagram:2775 - set Specific Code input for plugin: IWDG
2025-11-03 14:17:25,436 [INFO] BlockDiagram:2775 - set Specific Code input for plugin: DMA
2025-11-03 14:17:25,436 [INFO] BlockDiagram:2775 - set Specific Code input for plugin: SYS
2025-11-03 14:17:25,437 [INFO] BlockDiagram:2775 - set Specific Code input for plugin: GPIO
2025-11-03 14:17:25,437 [INFO] BlockDiagram:2775 - set Specific Code input for plugin: ADC
2025-11-03 14:17:25,437 [INFO] BlockDiagram:2775 - set Specific Code input for plugin: RCC
2025-11-03 14:17:25,439 [INFO] CodeGenerator:892 - code generatio: config db path: C:\ST\STM32CubeIDE_1.19.0\STM32CubeIDE\plugins\com.st.stm32cube.common.mx_6.15.0.202507011659\\db\
2025-11-03 14:17:25,611 [INFO] CodeEngine:265 - oldGeneratedFile, C:\Users\USER\STM32CubeIDE\workspace_1.19.0\Hip-Pro_Hardware_V1.2\HardwareV1.2\MXTmpFiles\license.tmp_save
2025-11-03 14:17:25,911 [INFO] CodeEngine:289 - Generated code: C:\Users\USER\STM32CubeIDE\workspace_1.19.0\Hip-Pro_Hardware_V1.2\HardwareV1.2\MXTmpFiles\license.tmp
2025-11-03 14:17:25,994 [INFO] CodeEngine:265 - oldGeneratedFile, C:\Users\USER\STM32CubeIDE\workspace_1.19.0\Hip-Pro_Hardware_V1.2\HardwareV1.2\MXTmpFiles\gpio.tmp_save
2025-11-03 14:17:26,134 [INFO] CodeEngine:289 - Generated code: C:\Users\USER\STM32CubeIDE\workspace_1.19.0\Hip-Pro_Hardware_V1.2\HardwareV1.2\MXTmpFiles\gpio.tmp
2025-11-03 14:17:26,287 [INFO] Middleware:1452 - No code input for Bsp Dependency
2025-11-03 14:17:26,294 [INFO] CodeEngine:265 - oldGeneratedFile, C:\Users\USER\STM32CubeIDE\workspace_1.19.0\Hip-Pro_Hardware_V1.2\HardwareV1.2\MXTmpFiles\rtos_inc.tmp_save
2025-11-03 14:17:26,376 [INFO] CodeEngine:289 - Generated code: C:\Users\USER\STM32CubeIDE\workspace_1.19.0\Hip-Pro_Hardware_V1.2\HardwareV1.2\MXTmpFiles\rtos_inc.tmp
2025-11-03 14:17:26,385 [INFO] CodeEngine:265 - oldGeneratedFile, C:\Users\USER\STM32CubeIDE\workspace_1.19.0\Hip-Pro_Hardware_V1.2\HardwareV1.2\MXTmpFiles\rtos_vars.tmp_save
2025-11-03 14:17:26,467 [INFO] CodeEngine:289 - Generated code: C:\Users\USER\STM32CubeIDE\workspace_1.19.0\Hip-Pro_Hardware_V1.2\HardwareV1.2\MXTmpFiles\rtos_vars.tmp
2025-11-03 14:17:26,474 [INFO] CodeEngine:265 - oldGeneratedFile, C:\Users\USER\STM32CubeIDE\workspace_1.19.0\Hip-Pro_Hardware_V1.2\HardwareV1.2\MXTmpFiles\rtos_pfp.tmp_save
2025-11-03 14:17:26,538 [INFO] CodeEngine:289 - Generated code: C:\Users\USER\STM32CubeIDE\workspace_1.19.0\Hip-Pro_Hardware_V1.2\HardwareV1.2\MXTmpFiles\rtos_pfp.tmp
2025-11-03 14:17:26,543 [INFO] CodeEngine:265 - oldGeneratedFile, C:\Users\USER\STM32CubeIDE\workspace_1.19.0\Hip-Pro_Hardware_V1.2\HardwareV1.2\MXTmpFiles\rtos_obj_creat.tmp_save
2025-11-03 14:17:26,633 [INFO] CodeEngine:289 - Generated code: C:\Users\USER\STM32CubeIDE\workspace_1.19.0\Hip-Pro_Hardware_V1.2\HardwareV1.2\MXTmpFiles\rtos_obj_creat.tmp
2025-11-03 14:17:26,639 [INFO] CodeEngine:265 - oldGeneratedFile, C:\Users\USER\STM32CubeIDE\workspace_1.19.0\Hip-Pro_Hardware_V1.2\HardwareV1.2\MXTmpFiles\rtos_kernelStart.tmp_save
2025-11-03 14:17:26,692 [INFO] CodeEngine:289 - Generated code: C:\Users\USER\STM32CubeIDE\workspace_1.19.0\Hip-Pro_Hardware_V1.2\HardwareV1.2\MXTmpFiles\rtos_kernelStart.tmp
2025-11-03 14:17:26,697 [INFO] CodeEngine:265 - oldGeneratedFile, C:\Users\USER\STM32CubeIDE\workspace_1.19.0\Hip-Pro_Hardware_V1.2\HardwareV1.2\MXTmpFiles\rtos_default_thread.tmp_save
2025-11-03 14:17:26,746 [INFO] CodeEngine:289 - Generated code: C:\Users\USER\STM32CubeIDE\workspace_1.19.0\Hip-Pro_Hardware_V1.2\HardwareV1.2\MXTmpFiles\rtos_default_thread.tmp
2025-11-03 14:17:26,750 [INFO] CodeEngine:265 - oldGeneratedFile, C:\Users\USER\STM32CubeIDE\workspace_1.19.0\Hip-Pro_Hardware_V1.2\HardwareV1.2\MXTmpFiles\rtos_threads.tmp_save
2025-11-03 14:17:26,798 [INFO] CodeEngine:289 - Generated code: C:\Users\USER\STM32CubeIDE\workspace_1.19.0\Hip-Pro_Hardware_V1.2\HardwareV1.2\MXTmpFiles\rtos_threads.tmp
2025-11-03 14:17:26,812 [INFO] Middleware:1452 - No code input for Bsp Dependency
2025-11-03 14:17:26,820 [INFO] CodeEngine:265 - oldGeneratedFile, C:\Users\USER\STM32CubeIDE\workspace_1.19.0\Hip-Pro_Hardware_V1.2\HardwareV1.2\MXTmpFiles\rtos_inc.tmp_save
2025-11-03 14:17:26,869 [INFO] CodeEngine:289 - Generated code: C:\Users\USER\STM32CubeIDE\workspace_1.19.0\Hip-Pro_Hardware_V1.2\HardwareV1.2\MXTmpFiles\rtos_inc.tmp
2025-11-03 14:17:26,875 [INFO] CodeEngine:265 - oldGeneratedFile, C:\Users\USER\STM32CubeIDE\workspace_1.19.0\Hip-Pro_Hardware_V1.2\HardwareV1.2\MXTmpFiles\rtos_vars.tmp_save
2025-11-03 14:17:26,926 [INFO] CodeEngine:289 - Generated code: C:\Users\USER\STM32CubeIDE\workspace_1.19.0\Hip-Pro_Hardware_V1.2\HardwareV1.2\MXTmpFiles\rtos_vars.tmp
2025-11-03 14:17:26,933 [INFO] CodeEngine:265 - oldGeneratedFile, C:\Users\USER\STM32CubeIDE\workspace_1.19.0\Hip-Pro_Hardware_V1.2\HardwareV1.2\MXTmpFiles\rtos_pfp.tmp_save
2025-11-03 14:17:26,983 [INFO] CodeEngine:289 - Generated code: C:\Users\USER\STM32CubeIDE\workspace_1.19.0\Hip-Pro_Hardware_V1.2\HardwareV1.2\MXTmpFiles\rtos_pfp.tmp
2025-11-03 14:17:26,989 [INFO] CodeEngine:265 - oldGeneratedFile, C:\Users\USER\STM32CubeIDE\workspace_1.19.0\Hip-Pro_Hardware_V1.2\HardwareV1.2\MXTmpFiles\rtos_obj_creat.tmp_save
2025-11-03 14:17:27,041 [INFO] CodeEngine:289 - Generated code: C:\Users\USER\STM32CubeIDE\workspace_1.19.0\Hip-Pro_Hardware_V1.2\HardwareV1.2\MXTmpFiles\rtos_obj_creat.tmp
2025-11-03 14:17:27,046 [INFO] CodeEngine:265 - oldGeneratedFile, C:\Users\USER\STM32CubeIDE\workspace_1.19.0\Hip-Pro_Hardware_V1.2\HardwareV1.2\MXTmpFiles\rtos_kernelStart.tmp_save
2025-11-03 14:17:27,095 [INFO] CodeEngine:289 - Generated code: C:\Users\USER\STM32CubeIDE\workspace_1.19.0\Hip-Pro_Hardware_V1.2\HardwareV1.2\MXTmpFiles\rtos_kernelStart.tmp
2025-11-03 14:17:27,100 [INFO] CodeEngine:265 - oldGeneratedFile, C:\Users\USER\STM32CubeIDE\workspace_1.19.0\Hip-Pro_Hardware_V1.2\HardwareV1.2\MXTmpFiles\rtos_default_thread.tmp_save
2025-11-03 14:17:27,150 [INFO] CodeEngine:289 - Generated code: C:\Users\USER\STM32CubeIDE\workspace_1.19.0\Hip-Pro_Hardware_V1.2\HardwareV1.2\MXTmpFiles\rtos_default_thread.tmp
2025-11-03 14:17:27,155 [INFO] CodeEngine:265 - oldGeneratedFile, C:\Users\USER\STM32CubeIDE\workspace_1.19.0\Hip-Pro_Hardware_V1.2\HardwareV1.2\MXTmpFiles\rtos_threads.tmp_save
2025-11-03 14:17:27,203 [INFO] CodeEngine:289 - Generated code: C:\Users\USER\STM32CubeIDE\workspace_1.19.0\Hip-Pro_Hardware_V1.2\HardwareV1.2\MXTmpFiles\rtos_threads.tmp
2025-11-03 14:17:27,209 [INFO] CodeEngine:265 - oldGeneratedFile, C:\Users\USER\STM32CubeIDE\workspace_1.19.0\Hip-Pro_Hardware_V1.2\HardwareV1.2\Core\Inc\FreeRTOSConfig.h_save
2025-11-03 14:17:27,278 [INFO] CodeEngine:289 - Generated code: C:\Users\USER\STM32CubeIDE\workspace_1.19.0\Hip-Pro_Hardware_V1.2\HardwareV1.2\Core\Inc\FreeRTOSConfig.h
2025-11-03 14:17:27,284 [INFO] CodeEngine:265 - oldGeneratedFile, C:\Users\USER\STM32CubeIDE\workspace_1.19.0\Hip-Pro_Hardware_V1.2\HardwareV1.2\Core\Src\freertos.c_save
2025-11-03 14:17:27,341 [INFO] CodeEngine:289 - Generated code: C:\Users\USER\STM32CubeIDE\workspace_1.19.0\Hip-Pro_Hardware_V1.2\HardwareV1.2\Core\Src\freertos.c
2025-11-03 14:17:27,358 [INFO] CodeEngine:265 - oldGeneratedFile, C:\Users\USER\STM32CubeIDE\workspace_1.19.0\Hip-Pro_Hardware_V1.2\HardwareV1.2\MXTmpFiles\dma.tmp_save
2025-11-03 14:17:27,410 [INFO] CodeEngine:289 - Generated code: C:\Users\USER\STM32CubeIDE\workspace_1.19.0\Hip-Pro_Hardware_V1.2\HardwareV1.2\MXTmpFiles\dma.tmp
2025-11-03 14:17:27,414 [INFO] CodeEngine:265 - oldGeneratedFile, C:\Users\USER\STM32CubeIDE\workspace_1.19.0\Hip-Pro_Hardware_V1.2\HardwareV1.2\MXTmpFiles\dma_GV.tmp_save
2025-11-03 14:17:27,460 [INFO] CodeEngine:289 - Generated code: C:\Users\USER\STM32CubeIDE\workspace_1.19.0\Hip-Pro_Hardware_V1.2\HardwareV1.2\MXTmpFiles\dma_GV.tmp
2025-11-03 14:17:27,471 [INFO] CodeEngine:265 - oldGeneratedFile, C:\Users\USER\STM32CubeIDE\workspace_1.19.0\Hip-Pro_Hardware_V1.2\HardwareV1.2\Core\Src\stm32f1xx_it.c_save
2025-11-03 14:17:27,551 [INFO] CodeEngine:289 - Generated code: C:\Users\USER\STM32CubeIDE\workspace_1.19.0\Hip-Pro_Hardware_V1.2\HardwareV1.2\Core\Src\stm32f1xx_it.c
2025-11-03 14:17:27,558 [INFO] CodeEngine:265 - oldGeneratedFile, C:\Users\USER\STM32CubeIDE\workspace_1.19.0\Hip-Pro_Hardware_V1.2\HardwareV1.2\Core\Inc\stm32f1xx_it.h_save
2025-11-03 14:17:27,610 [INFO] CodeEngine:289 - Generated code: C:\Users\USER\STM32CubeIDE\workspace_1.19.0\Hip-Pro_Hardware_V1.2\HardwareV1.2\Core\Inc\stm32f1xx_it.h
2025-11-03 14:17:27,623 [INFO] CodeEngine:265 - oldGeneratedFile, C:\Users\USER\STM32CubeIDE\workspace_1.19.0\Hip-Pro_Hardware_V1.2\HardwareV1.2\Core\Src\stm32f1xx_hal_msp.c_save
2025-11-03 14:17:27,721 [INFO] CodeEngine:289 - Generated code: C:\Users\USER\STM32CubeIDE\workspace_1.19.0\Hip-Pro_Hardware_V1.2\HardwareV1.2\Core\Src\stm32f1xx_hal_msp.c
2025-11-03 14:17:27,725 [INFO] CodeEngine:265 - oldGeneratedFile, C:\Users\USER\STM32CubeIDE\workspace_1.19.0\Hip-Pro_Hardware_V1.2\HardwareV1.2\MXTmpFiles\system.tmp_save
2025-11-03 14:17:27,785 [INFO] CodeEngine:289 - Generated code: C:\Users\USER\STM32CubeIDE\workspace_1.19.0\Hip-Pro_Hardware_V1.2\HardwareV1.2\MXTmpFiles\system.tmp
2025-11-03 14:17:27,790 [INFO] CodeEngine:265 - oldGeneratedFile, C:\Users\USER\STM32CubeIDE\workspace_1.19.0\Hip-Pro_Hardware_V1.2\HardwareV1.2\Core\Src\stm32f1xx_hal_timebase_tim.c_save
2025-11-03 14:17:27,845 [INFO] CodeEngine:289 - Generated code: C:\Users\USER\STM32CubeIDE\workspace_1.19.0\Hip-Pro_Hardware_V1.2\HardwareV1.2\Core\Src\stm32f1xx_hal_timebase_tim.c
2025-11-03 14:17:27,855 [INFO] CodeEngine:321 - oldGeneratedFile, C:\Users\USER\STM32CubeIDE\workspace_1.19.0\Hip-Pro_Hardware_V1.2\HardwareV1.2\Core\Inc\stm32f1xx_hal_conf.h_save
2025-11-03 14:17:27,911 [INFO] CodeEngine:345 - Generated code: C:\Users\USER\STM32CubeIDE\workspace_1.19.0\Hip-Pro_Hardware_V1.2\HardwareV1.2\Core\Inc\stm32f1xx_hal_conf.h
2025-11-03 14:17:27,937 [INFO] ApiDbMcu:532 - Load IP Config File for ADC1
2025-11-03 14:17:27,939 [INFO] ApiDbMcu:532 - Load IP Config File for IWDG
2025-11-03 14:17:27,941 [INFO] ApiDbMcu:532 - Load IP Config File for RCC
2025-11-03 14:17:27,952 [INFO] CodeEngine:265 - oldGeneratedFile, C:\Users\USER\STM32CubeIDE\workspace_1.19.0\Hip-Pro_Hardware_V1.2\HardwareV1.2\Core\Inc\main.h_save
2025-11-03 14:17:28,035 [INFO] CodeEngine:289 - Generated code: C:\Users\USER\STM32CubeIDE\workspace_1.19.0\Hip-Pro_Hardware_V1.2\HardwareV1.2\Core\Inc\main.h
2025-11-03 14:17:28,043 [INFO] CodeEngine:265 - oldGeneratedFile, C:\Users\USER\STM32CubeIDE\workspace_1.19.0\Hip-Pro_Hardware_V1.2\HardwareV1.2\Core\Src\main.c_save
2025-11-03 14:17:28,171 [INFO] CodeEngine:289 - Generated code: C:\Users\USER\STM32CubeIDE\workspace_1.19.0\Hip-Pro_Hardware_V1.2\HardwareV1.2\Core\Src\main.c
2025-11-03 14:17:28,605 [INFO] ProjectBuilder:3606 - Time for Copy HAL[1] : 197mS.
2025-11-03 14:17:28,614 [INFO] ProjectBuilder:5216 - Project Generator version: 4.7.0-B52
2025-11-03 14:17:28,690 [INFO] ConfigFileManager:1595 - The Die is : DIE414
2025-11-03 14:17:28,695 [INFO] ApiDbMcu:532 - Load IP Config File for FATFS
2025-11-03 14:17:28,700 [INFO] ApiDbMcu:532 - Load IP Config File for USB_DEVICE
2025-11-03 14:17:29,076 [INFO] LogOutputStream:77 - [STDOUT_REDIRECT] 
2025-11-03 14:17:30,261 [INFO] ProjectBuilder:5496 - Time for Generating toolchain IDE Files: 1647mS.
2025-11-03 14:17:30,263 [INFO] ProjectBuilder:3463 - Time for Copy CMSIS : 0mS.
2025-11-03 14:17:30,269 [INFO] ProjectBuilder:3463 - Time for Copy CMSIS : 0mS.
2025-11-03 16:54:48,732 [INFO] UtilMem:75 - End SaveConfig() Used Memory: 641622888 Bytes (692060160)
2025-11-03 16:54:52,023 [INFO] UtilMem:75 - End SaveConfig() Used Memory: 282674376 Bytes (692060160)
2025-11-03 16:54:52,734 [INFO] UtilMem:75 - End SaveConfig() Used Memory: 320949448 Bytes (692060160)
2025-11-03 16:54:53,321 [INFO] BlockDiagram:2775 - set Specific Code input for plugin: NVIC
2025-11-03 16:54:53,322 [INFO] BlockDiagram:2775 - set Specific Code input for plugin: FREERTOS
2025-11-03 16:54:53,322 [INFO] BlockDiagram:2775 - set Specific Code input for plugin: IWDG
2025-11-03 16:54:53,322 [INFO] BlockDiagram:2775 - set Specific Code input for plugin: DMA
2025-11-03 16:54:53,322 [INFO] BlockDiagram:2775 - set Specific Code input for plugin: SYS
2025-11-03 16:54:53,322 [INFO] BlockDiagram:2775 - set Specific Code input for plugin: GPIO
2025-11-03 16:54:53,323 [INFO] BlockDiagram:2775 - set Specific Code input for plugin: ADC
2025-11-03 16:54:53,323 [INFO] BlockDiagram:2775 - set Specific Code input for plugin: RCC
2025-11-03 16:54:53,325 [INFO] CodeGenerator:892 - code generatio: config db path: C:\ST\STM32CubeIDE_1.19.0\STM32CubeIDE\plugins\com.st.stm32cube.common.mx_6.15.0.202507011659\\db\
2025-11-03 16:54:53,331 [INFO] Argument:325 - Argument : hdmavalue: null
2025-11-03 16:54:53,332 [INFO] Argument:327 - 	 sub Args: 
2025-11-03 16:54:53,332 [INFO] Argument:325 - Argument : Instancevalue: DMA1_Channel1
2025-11-03 16:54:53,332 [INFO] Argument:335 - Argument : Instancevalue: DMA1_Channel1
2025-11-03 16:54:53,332 [INFO] Argument:325 - Argument : Initvalue: null
2025-11-03 16:54:53,332 [INFO] Argument:327 - 	 sub Args: 
2025-11-03 16:54:53,332 [INFO] Argument:325 - Argument : Directionvalue: DMA_PERIPH_TO_MEMORY
2025-11-03 16:54:53,332 [INFO] Argument:335 - Argument : Directionvalue: DMA_PERIPH_TO_MEMORY
2025-11-03 16:54:53,332 [INFO] Argument:325 - Argument : PeriphIncvalue: DMA_PINC_DISABLE
2025-11-03 16:54:53,332 [INFO] Argument:335 - Argument : PeriphIncvalue: DMA_PINC_DISABLE
2025-11-03 16:54:53,333 [INFO] Argument:325 - Argument : MemIncvalue: DMA_MINC_ENABLE
2025-11-03 16:54:53,333 [INFO] Argument:335 - Argument : MemIncvalue: DMA_MINC_ENABLE
2025-11-03 16:54:53,333 [INFO] Argument:325 - Argument : PeriphDataAlignmentvalue: DMA_PDATAALIGN_HALFWORD
2025-11-03 16:54:53,333 [INFO] Argument:335 - Argument : PeriphDataAlignmentvalue: DMA_PDATAALIGN_HALFWORD
2025-11-03 16:54:53,333 [INFO] Argument:325 - Argument : MemDataAlignmentvalue: DMA_MDATAALIGN_HALFWORD
2025-11-03 16:54:53,333 [INFO] Argument:335 - Argument : MemDataAlignmentvalue: DMA_MDATAALIGN_HALFWORD
2025-11-03 16:54:53,333 [INFO] Argument:325 - Argument : Modevalue: DMA_CIRCULAR
2025-11-03 16:54:53,333 [INFO] Argument:335 - Argument : Modevalue: DMA_CIRCULAR
2025-11-03 16:54:53,333 [INFO] Argument:325 - Argument : Priorityvalue: DMA_PRIORITY_LOW
2025-11-03 16:54:53,333 [INFO] Argument:335 - Argument : Priorityvalue: DMA_PRIORITY_LOW
2025-11-03 16:54:53,333 [INFO] Argument:325 - Argument : Lockvalue: null
2025-11-03 16:54:53,333 [INFO] Argument:335 - Argument : Lockvalue: null
2025-11-03 16:54:53,334 [INFO] Argument:325 - Argument : Statevalue: null
2025-11-03 16:54:53,334 [INFO] Argument:335 - Argument : Statevalue: null
2025-11-03 16:54:53,334 [INFO] Argument:325 - Argument : Parentvalue: null
2025-11-03 16:54:53,334 [INFO] Argument:335 - Argument : Parentvalue: null
2025-11-03 16:54:53,334 [INFO] Argument:325 - Argument : XferCpltCallbackvalue: null
2025-11-03 16:54:53,334 [INFO] Argument:335 - Argument : XferCpltCallbackvalue: null
2025-11-03 16:54:53,334 [INFO] Argument:325 - Argument : XferHalfCpltCallbackvalue: null
2025-11-03 16:54:53,334 [INFO] Argument:335 - Argument : XferHalfCpltCallbackvalue: null
2025-11-03 16:54:53,334 [INFO] Argument:325 - Argument : XferErrorCallbackvalue: null
2025-11-03 16:54:53,334 [INFO] Argument:335 - Argument : XferErrorCallbackvalue: null
2025-11-03 16:54:53,334 [INFO] Argument:325 - Argument : ErrorCodevalue: null
2025-11-03 16:54:53,334 [INFO] Argument:335 - Argument : ErrorCodevalue: null
2025-11-03 16:54:53,437 [INFO] CodeEngine:265 - oldGeneratedFile, C:\Users\USER\STM32CubeIDE\workspace_1.19.0\Hip-Pro_Hardware_V1.2\HardwareV1.2\MXTmpFiles\license.tmp_save
2025-11-03 16:54:53,611 [INFO] CodeEngine:289 - Generated code: C:\Users\USER\STM32CubeIDE\workspace_1.19.0\Hip-Pro_Hardware_V1.2\HardwareV1.2\MXTmpFiles\license.tmp
2025-11-03 16:54:53,668 [INFO] CodeEngine:265 - oldGeneratedFile, C:\Users\USER\STM32CubeIDE\workspace_1.19.0\Hip-Pro_Hardware_V1.2\HardwareV1.2\MXTmpFiles\gpio.tmp_save
2025-11-03 16:54:53,797 [INFO] CodeEngine:289 - Generated code: C:\Users\USER\STM32CubeIDE\workspace_1.19.0\Hip-Pro_Hardware_V1.2\HardwareV1.2\MXTmpFiles\gpio.tmp
2025-11-03 16:54:53,974 [INFO] Middleware:1452 - No code input for Bsp Dependency
2025-11-03 16:54:53,984 [INFO] CodeEngine:265 - oldGeneratedFile, C:\Users\USER\STM32CubeIDE\workspace_1.19.0\Hip-Pro_Hardware_V1.2\HardwareV1.2\MXTmpFiles\rtos_inc.tmp_save
2025-11-03 16:54:54,052 [INFO] CodeEngine:289 - Generated code: C:\Users\USER\STM32CubeIDE\workspace_1.19.0\Hip-Pro_Hardware_V1.2\HardwareV1.2\MXTmpFiles\rtos_inc.tmp
2025-11-03 16:54:54,060 [INFO] CodeEngine:265 - oldGeneratedFile, C:\Users\USER\STM32CubeIDE\workspace_1.19.0\Hip-Pro_Hardware_V1.2\HardwareV1.2\MXTmpFiles\rtos_vars.tmp_save
2025-11-03 16:54:54,131 [INFO] CodeEngine:289 - Generated code: C:\Users\USER\STM32CubeIDE\workspace_1.19.0\Hip-Pro_Hardware_V1.2\HardwareV1.2\MXTmpFiles\rtos_vars.tmp
2025-11-03 16:54:54,137 [INFO] CodeEngine:265 - oldGeneratedFile, C:\Users\USER\STM32CubeIDE\workspace_1.19.0\Hip-Pro_Hardware_V1.2\HardwareV1.2\MXTmpFiles\rtos_pfp.tmp_save
2025-11-03 16:54:54,199 [INFO] CodeEngine:289 - Generated code: C:\Users\USER\STM32CubeIDE\workspace_1.19.0\Hip-Pro_Hardware_V1.2\HardwareV1.2\MXTmpFiles\rtos_pfp.tmp
2025-11-03 16:54:54,205 [INFO] CodeEngine:265 - oldGeneratedFile, C:\Users\USER\STM32CubeIDE\workspace_1.19.0\Hip-Pro_Hardware_V1.2\HardwareV1.2\MXTmpFiles\rtos_obj_creat.tmp_save
2025-11-03 16:54:54,266 [INFO] CodeEngine:289 - Generated code: C:\Users\USER\STM32CubeIDE\workspace_1.19.0\Hip-Pro_Hardware_V1.2\HardwareV1.2\MXTmpFiles\rtos_obj_creat.tmp
2025-11-03 16:54:54,272 [INFO] CodeEngine:265 - oldGeneratedFile, C:\Users\USER\STM32CubeIDE\workspace_1.19.0\Hip-Pro_Hardware_V1.2\HardwareV1.2\MXTmpFiles\rtos_kernelStart.tmp_save
2025-11-03 16:54:54,331 [INFO] CodeEngine:289 - Generated code: C:\Users\USER\STM32CubeIDE\workspace_1.19.0\Hip-Pro_Hardware_V1.2\HardwareV1.2\MXTmpFiles\rtos_kernelStart.tmp
2025-11-03 16:54:54,336 [INFO] CodeEngine:265 - oldGeneratedFile, C:\Users\USER\STM32CubeIDE\workspace_1.19.0\Hip-Pro_Hardware_V1.2\HardwareV1.2\MXTmpFiles\rtos_default_thread.tmp_save
2025-11-03 16:54:54,395 [INFO] CodeEngine:289 - Generated code: C:\Users\USER\STM32CubeIDE\workspace_1.19.0\Hip-Pro_Hardware_V1.2\HardwareV1.2\MXTmpFiles\rtos_default_thread.tmp
2025-11-03 16:54:54,402 [INFO] CodeEngine:265 - oldGeneratedFile, C:\Users\USER\STM32CubeIDE\workspace_1.19.0\Hip-Pro_Hardware_V1.2\HardwareV1.2\MXTmpFiles\rtos_threads.tmp_save
2025-11-03 16:54:54,461 [INFO] CodeEngine:289 - Generated code: C:\Users\USER\STM32CubeIDE\workspace_1.19.0\Hip-Pro_Hardware_V1.2\HardwareV1.2\MXTmpFiles\rtos_threads.tmp
2025-11-03 16:54:54,478 [INFO] Middleware:1452 - No code input for Bsp Dependency
2025-11-03 16:54:54,490 [INFO] CodeEngine:265 - oldGeneratedFile, C:\Users\USER\STM32CubeIDE\workspace_1.19.0\Hip-Pro_Hardware_V1.2\HardwareV1.2\MXTmpFiles\rtos_inc.tmp_save
2025-11-03 16:54:54,557 [INFO] CodeEngine:289 - Generated code: C:\Users\USER\STM32CubeIDE\workspace_1.19.0\Hip-Pro_Hardware_V1.2\HardwareV1.2\MXTmpFiles\rtos_inc.tmp
2025-11-03 16:54:54,566 [INFO] CodeEngine:265 - oldGeneratedFile, C:\Users\USER\STM32CubeIDE\workspace_1.19.0\Hip-Pro_Hardware_V1.2\HardwareV1.2\MXTmpFiles\rtos_vars.tmp_save
2025-11-03 16:54:54,636 [INFO] CodeEngine:289 - Generated code: C:\Users\USER\STM32CubeIDE\workspace_1.19.0\Hip-Pro_Hardware_V1.2\HardwareV1.2\MXTmpFiles\rtos_vars.tmp
2025-11-03 16:54:54,648 [INFO] CodeEngine:265 - oldGeneratedFile, C:\Users\USER\STM32CubeIDE\workspace_1.19.0\Hip-Pro_Hardware_V1.2\HardwareV1.2\MXTmpFiles\rtos_pfp.tmp_save
2025-11-03 16:54:54,710 [INFO] CodeEngine:289 - Generated code: C:\Users\USER\STM32CubeIDE\workspace_1.19.0\Hip-Pro_Hardware_V1.2\HardwareV1.2\MXTmpFiles\rtos_pfp.tmp
2025-11-03 16:54:54,717 [INFO] CodeEngine:265 - oldGeneratedFile, C:\Users\USER\STM32CubeIDE\workspace_1.19.0\Hip-Pro_Hardware_V1.2\HardwareV1.2\MXTmpFiles\rtos_obj_creat.tmp_save
2025-11-03 16:54:54,778 [INFO] CodeEngine:289 - Generated code: C:\Users\USER\STM32CubeIDE\workspace_1.19.0\Hip-Pro_Hardware_V1.2\HardwareV1.2\MXTmpFiles\rtos_obj_creat.tmp
2025-11-03 16:54:54,787 [INFO] CodeEngine:265 - oldGeneratedFile, C:\Users\USER\STM32CubeIDE\workspace_1.19.0\Hip-Pro_Hardware_V1.2\HardwareV1.2\MXTmpFiles\rtos_kernelStart.tmp_save
2025-11-03 16:54:54,845 [INFO] CodeEngine:289 - Generated code: C:\Users\USER\STM32CubeIDE\workspace_1.19.0\Hip-Pro_Hardware_V1.2\HardwareV1.2\MXTmpFiles\rtos_kernelStart.tmp
2025-11-03 16:54:54,852 [INFO] CodeEngine:265 - oldGeneratedFile, C:\Users\USER\STM32CubeIDE\workspace_1.19.0\Hip-Pro_Hardware_V1.2\HardwareV1.2\MXTmpFiles\rtos_default_thread.tmp_save
2025-11-03 16:54:54,910 [INFO] CodeEngine:289 - Generated code: C:\Users\USER\STM32CubeIDE\workspace_1.19.0\Hip-Pro_Hardware_V1.2\HardwareV1.2\MXTmpFiles\rtos_default_thread.tmp
2025-11-03 16:54:54,917 [INFO] CodeEngine:265 - oldGeneratedFile, C:\Users\USER\STM32CubeIDE\workspace_1.19.0\Hip-Pro_Hardware_V1.2\HardwareV1.2\MXTmpFiles\rtos_threads.tmp_save
2025-11-03 16:54:54,970 [INFO] CodeEngine:289 - Generated code: C:\Users\USER\STM32CubeIDE\workspace_1.19.0\Hip-Pro_Hardware_V1.2\HardwareV1.2\MXTmpFiles\rtos_threads.tmp
2025-11-03 16:54:54,982 [INFO] CodeEngine:265 - oldGeneratedFile, C:\Users\USER\STM32CubeIDE\workspace_1.19.0\Hip-Pro_Hardware_V1.2\HardwareV1.2\Core\Inc\FreeRTOSConfig.h_save
2025-11-03 16:54:55,056 [INFO] CodeEngine:289 - Generated code: C:\Users\USER\STM32CubeIDE\workspace_1.19.0\Hip-Pro_Hardware_V1.2\HardwareV1.2\Core\Inc\FreeRTOSConfig.h
2025-11-03 16:54:55,065 [INFO] CodeEngine:265 - oldGeneratedFile, C:\Users\USER\STM32CubeIDE\workspace_1.19.0\Hip-Pro_Hardware_V1.2\HardwareV1.2\Core\Src\freertos.c_save
2025-11-03 16:54:55,127 [INFO] CodeEngine:289 - Generated code: C:\Users\USER\STM32CubeIDE\workspace_1.19.0\Hip-Pro_Hardware_V1.2\HardwareV1.2\Core\Src\freertos.c
2025-11-03 16:54:55,145 [INFO] CodeEngine:265 - oldGeneratedFile, C:\Users\USER\STM32CubeIDE\workspace_1.19.0\Hip-Pro_Hardware_V1.2\HardwareV1.2\MXTmpFiles\dma.tmp_save
2025-11-03 16:54:55,207 [INFO] CodeEngine:289 - Generated code: C:\Users\USER\STM32CubeIDE\workspace_1.19.0\Hip-Pro_Hardware_V1.2\HardwareV1.2\MXTmpFiles\dma.tmp
2025-11-03 16:54:55,212 [INFO] CodeEngine:265 - oldGeneratedFile, C:\Users\USER\STM32CubeIDE\workspace_1.19.0\Hip-Pro_Hardware_V1.2\HardwareV1.2\MXTmpFiles\dma_GV.tmp_save
2025-11-03 16:54:55,270 [INFO] CodeEngine:289 - Generated code: C:\Users\USER\STM32CubeIDE\workspace_1.19.0\Hip-Pro_Hardware_V1.2\HardwareV1.2\MXTmpFiles\dma_GV.tmp
2025-11-03 16:54:55,286 [INFO] CodeEngine:265 - oldGeneratedFile, C:\Users\USER\STM32CubeIDE\workspace_1.19.0\Hip-Pro_Hardware_V1.2\HardwareV1.2\Core\Src\stm32f1xx_it.c_save
2025-11-03 16:54:55,461 [INFO] CodeEngine:289 - Generated code: C:\Users\USER\STM32CubeIDE\workspace_1.19.0\Hip-Pro_Hardware_V1.2\HardwareV1.2\Core\Src\stm32f1xx_it.c
2025-11-03 16:54:55,470 [INFO] CodeEngine:265 - oldGeneratedFile, C:\Users\USER\STM32CubeIDE\workspace_1.19.0\Hip-Pro_Hardware_V1.2\HardwareV1.2\Core\Inc\stm32f1xx_it.h_save
2025-11-03 16:54:55,531 [INFO] CodeEngine:289 - Generated code: C:\Users\USER\STM32CubeIDE\workspace_1.19.0\Hip-Pro_Hardware_V1.2\HardwareV1.2\Core\Inc\stm32f1xx_it.h
2025-11-03 16:54:55,551 [INFO] CodeEngine:265 - oldGeneratedFile, C:\Users\USER\STM32CubeIDE\workspace_1.19.0\Hip-Pro_Hardware_V1.2\HardwareV1.2\Core\Src\stm32f1xx_hal_msp.c_save
2025-11-03 16:54:55,652 [INFO] CodeEngine:289 - Generated code: C:\Users\USER\STM32CubeIDE\workspace_1.19.0\Hip-Pro_Hardware_V1.2\HardwareV1.2\Core\Src\stm32f1xx_hal_msp.c
2025-11-03 16:54:55,658 [INFO] CodeEngine:265 - oldGeneratedFile, C:\Users\USER\STM32CubeIDE\workspace_1.19.0\Hip-Pro_Hardware_V1.2\HardwareV1.2\MXTmpFiles\system.tmp_save
2025-11-03 16:54:55,709 [INFO] CodeEngine:289 - Generated code: C:\Users\USER\STM32CubeIDE\workspace_1.19.0\Hip-Pro_Hardware_V1.2\HardwareV1.2\MXTmpFiles\system.tmp
2025-11-03 16:54:55,715 [INFO] CodeEngine:265 - oldGeneratedFile, C:\Users\USER\STM32CubeIDE\workspace_1.19.0\Hip-Pro_Hardware_V1.2\HardwareV1.2\Core\Src\stm32f1xx_hal_timebase_tim.c_save
2025-11-03 16:54:55,770 [INFO] CodeEngine:289 - Generated code: C:\Users\USER\STM32CubeIDE\workspace_1.19.0\Hip-Pro_Hardware_V1.2\HardwareV1.2\Core\Src\stm32f1xx_hal_timebase_tim.c
2025-11-03 16:54:55,780 [INFO] CodeEngine:321 - oldGeneratedFile, C:\Users\USER\STM32CubeIDE\workspace_1.19.0\Hip-Pro_Hardware_V1.2\HardwareV1.2\Core\Inc\stm32f1xx_hal_conf.h_save
2025-11-03 16:54:55,835 [INFO] CodeEngine:345 - Generated code: C:\Users\USER\STM32CubeIDE\workspace_1.19.0\Hip-Pro_Hardware_V1.2\HardwareV1.2\Core\Inc\stm32f1xx_hal_conf.h
2025-11-03 16:54:55,861 [INFO] CodeEngine:265 - oldGeneratedFile, C:\Users\USER\STM32CubeIDE\workspace_1.19.0\Hip-Pro_Hardware_V1.2\HardwareV1.2\Core\Inc\main.h_save
2025-11-03 16:54:55,932 [INFO] CodeEngine:289 - Generated code: C:\Users\USER\STM32CubeIDE\workspace_1.19.0\Hip-Pro_Hardware_V1.2\HardwareV1.2\Core\Inc\main.h
2025-11-03 16:54:55,940 [INFO] CodeEngine:265 - oldGeneratedFile, C:\Users\USER\STM32CubeIDE\workspace_1.19.0\Hip-Pro_Hardware_V1.2\HardwareV1.2\Core\Src\main.c_save
2025-11-03 16:54:56,037 [INFO] CodeEngine:289 - Generated code: C:\Users\USER\STM32CubeIDE\workspace_1.19.0\Hip-Pro_Hardware_V1.2\HardwareV1.2\Core\Src\main.c
2025-11-03 16:54:56,429 [INFO] ProjectBuilder:3606 - Time for Copy HAL[1] : 230mS.
2025-11-03 16:54:56,432 [INFO] ProjectBuilder:5216 - Project Generator version: 4.7.0-B52
2025-11-03 16:54:56,500 [INFO] ConfigFileManager:1595 - The Die is : DIE414
2025-11-03 16:54:57,745 [INFO] ProjectBuilder:5496 - Time for Generating toolchain IDE Files: 1312mS.
2025-11-03 16:54:57,746 [INFO] ProjectBuilder:3463 - Time for Copy CMSIS : 1mS.
2025-11-03 16:54:57,754 [INFO] ProjectBuilder:3463 - Time for Copy CMSIS : 0mS.
2025-11-03 19:22:49,160 [ERROR] LogOutputStream:75 - [STDERR_REDIRECT] 
2025-11-03 19:25:59,299 [INFO] Activator:176 - 


2025-11-03 19:25:59,300 [INFO] Activator:177 - !SESSION log4j initialized
2025-11-03 19:26:04,093 [INFO] LogOutputStream:77 - [STDOUT_REDIRECT] 
2025-11-03 19:26:05,157 [INFO] ApplicationProperties:184 - Using Application install path: C:\ST\STM32CubeIDE_1.19.0\STM32CubeIDE\plugins\com.st.stm32cube.common.mx_6.15.0.202507011659
2025-11-03 19:26:05,175 [INFO] DbMcusXml:78 - Set database path to: C:\ST\STM32CubeIDE_1.19.0\STM32CubeIDE\plugins\com.st.stm32cube.common.mx_6.15.0.202507011659\\db\/mcu/
2025-11-03 19:26:05,175 [INFO] ApiDb:274 - Set plugin database path to: C:\ST\STM32CubeIDE_1.19.0\STM32CubeIDE\plugins\com.st.stm32cube.common.mx_6.15.0.202507011659\\db\/plugins/boardmanager/
2025-11-03 19:26:05,175 [WARN] ApiDb:259 - Overriding images path with different value:  => C:\ST\STM32CubeIDE_1.19.0\STM32CubeIDE\plugins\com.st.stm32cube.common.mx_6.15.0.202507011659\\db\/plugins/mcufinder/images/
2025-11-03 19:26:05,183 [INFO] ApiDb:250 - Set database path to: C:\Users\USER\.stmcufinder\plugins\mcufinder//mcu/
2025-11-03 19:26:05,184 [INFO] DbMcusAds:125 - Set database path to: C:\Users\USER\.stmcufinder\plugins\mcufinder//mcu/
2025-11-03 19:26:05,186 [INFO] CrossReferenceDbSqlite:203 - Set database path to: C:\Users\USER\.stmcufinder\plugins\mcufinder//mcu/cs/
2025-11-03 19:26:05,276 [INFO] RulesReader:64 - Compatibility file has been processed (317 Rules)
2025-11-03 19:26:05,344 [INFO] DbMcusXml:78 - Set database path to: C:\ST\STM32CubeIDE_1.19.0\STM32CubeIDE\plugins\com.st.stm32cube.common.mx_6.15.0.202507011659\\db\/mcu/
2025-11-03 19:26:05,344 [INFO] ApiDb:274 - Set plugin database path to: C:\ST\STM32CubeIDE_1.19.0\STM32CubeIDE\plugins\com.st.stm32cube.common.mx_6.15.0.202507011659\\db\/plugins/boardmanager/
2025-11-03 19:26:05,344 [INFO] ApiDb:261 - Set plugin images path to: C:\ST\STM32CubeIDE_1.19.0\STM32CubeIDE\plugins\com.st.stm32cube.common.mx_6.15.0.202507011659\\db\/plugins/mcufinder/images/
2025-11-03 19:26:05,344 [WARN] DbFile:41 - Overriding database path with different value: C:\Users\USER\.stmcufinder\plugins\mcufinder/ => C:\Users\USER\.stmcufinder\plugins\mcufinder
2025-11-03 19:26:05,344 [INFO] ApiDb:250 - Set database path to: C:\Users\USER\.stmcufinder\plugins\mcufinder//mcu/
2025-11-03 19:26:05,344 [WARN] DbFile:41 - Overriding database path with different value: C:\Users\USER\.stmcufinder\plugins\mcufinder/ => C:\Users\USER\.stmcufinder\plugins\mcufinder
2025-11-03 19:26:05,344 [INFO] DbMcusAds:125 - Set database path to: C:\Users\USER\.stmcufinder\plugins\mcufinder//mcu/
2025-11-03 19:26:05,344 [WARN] DbFile:41 - Overriding database path with different value: C:\Users\USER\.stmcufinder\plugins\mcufinder/ => C:\Users\USER\.stmcufinder\plugins\mcufinder
2025-11-03 19:26:05,345 [WARN] DbFile:41 - Overriding database path with different value: C:\Users\USER\.stmcufinder\plugins\mcufinder/ => C:\Users\USER\.stmcufinder\plugins\mcufinder
2025-11-03 19:26:05,345 [INFO] CrossReferenceDbSqlite:203 - Set database path to: C:\Users\USER\.stmcufinder\plugins\mcufinder//mcu/cs/
2025-11-03 19:26:05,414 [INFO] MainPanel:274 - HeapMemory: 268435456
2025-11-03 19:26:05,513 [INFO] DbMcusXml:78 - Set database path to: C:\ST\STM32CubeIDE_1.19.0\STM32CubeIDE\plugins\com.st.stm32cube.common.mx_6.15.0.202507011659\\db\/mcu/
2025-11-03 19:26:05,513 [INFO] ApiDb:274 - Set plugin database path to: C:\ST\STM32CubeIDE_1.19.0\STM32CubeIDE\plugins\com.st.stm32cube.common.mx_6.15.0.202507011659\\db\/plugins/boardmanager/
2025-11-03 19:26:05,513 [INFO] ApiDb:261 - Set plugin images path to: C:\ST\STM32CubeIDE_1.19.0\STM32CubeIDE\plugins\com.st.stm32cube.common.mx_6.15.0.202507011659\\db\/plugins/mcufinder/images/
2025-11-03 19:26:05,514 [WARN] DbFile:41 - Overriding database path with different value: C:\Users\USER\.stmcufinder\plugins\mcufinder/ => C:\Users\USER\.stmcufinder\plugins\mcufinder
2025-11-03 19:26:05,514 [INFO] ApiDb:250 - Set database path to: C:\Users\USER\.stmcufinder\plugins\mcufinder//mcu/
2025-11-03 19:26:05,514 [WARN] DbFile:41 - Overriding database path with different value: C:\Users\USER\.stmcufinder\plugins\mcufinder/ => C:\Users\USER\.stmcufinder\plugins\mcufinder
2025-11-03 19:26:05,514 [INFO] DbMcusAds:125 - Set database path to: C:\Users\USER\.stmcufinder\plugins\mcufinder//mcu/
2025-11-03 19:26:05,514 [WARN] DbFile:41 - Overriding database path with different value: C:\Users\USER\.stmcufinder\plugins\mcufinder/ => C:\Users\USER\.stmcufinder\plugins\mcufinder
2025-11-03 19:26:05,514 [WARN] DbFile:41 - Overriding database path with different value: C:\Users\USER\.stmcufinder\plugins\mcufinder/ => C:\Users\USER\.stmcufinder\plugins\mcufinder
2025-11-03 19:26:05,514 [INFO] CrossReferenceDbSqlite:203 - Set database path to: C:\Users\USER\.stmcufinder\plugins\mcufinder//mcu/cs/
2025-11-03 19:26:05,530 [INFO] ApplicationProperties:184 - Using Application install path: C:\ST\STM32CubeIDE_1.19.0\STM32CubeIDE\plugins\com.st.stm32cube.common.mx_6.15.0.202507011659
2025-11-03 19:26:05,531 [INFO] PluginManage:196 - Search for loadable plugins [exclusion list=, ]
2025-11-03 19:26:05,532 [INFO] PluginManage:310 - Check plugin analytics
2025-11-03 19:26:05,696 [INFO] AnalyticsPlugin:253 - Accepted Software Licenses: 
2025-11-03 19:26:05,697 [INFO] AnalyticsPlugin:255 - Accepted CMSIS Pack Licenses: 
2025-11-03 19:26:05,697 [INFO] AnalyticsPlugin:257 - Accepted Firmware Licenses: 
2025-11-03 19:26:05,700 [INFO] PluginManage:359 - Loaded plugin analytics (category:tool,tabindex:-1)
2025-11-03 19:26:05,700 [INFO] PluginManage:310 - Check plugin cadmodel
2025-11-03 19:26:05,705 [INFO] CADModel:105 - Init CAD model plugin
2025-11-03 19:26:05,705 [INFO] PluginManage:359 - Loaded plugin cadmodel (category:power,tabindex:5)
2025-11-03 19:26:05,705 [INFO] PluginManage:310 - Check plugin clock
2025-11-03 19:26:05,712 [INFO] PluginManage:359 - Loaded plugin clock (category:base,tabindex:2)
2025-11-03 19:26:05,713 [INFO] PluginManage:310 - Check plugin ddr
2025-11-03 19:26:05,714 [INFO] PluginManage:359 - Loaded plugin ddr (category:tool,tabindex:6)
2025-11-03 19:26:05,715 [INFO] PluginManage:310 - Check plugin filemanager
2025-11-03 19:26:05,860 [INFO] PluginManage:359 - Loaded plugin filemanager (category:base,tabindex:10)
2025-11-03 19:26:05,860 [INFO] PluginManage:310 - Check plugin ipmanager
2025-11-03 19:26:05,866 [INFO] PluginManage:359 - Loaded plugin ipmanager (category:base,tabindex:5)
2025-11-03 19:26:05,866 [INFO] PluginManage:310 - Check plugin lpbam
2025-11-03 19:26:05,873 [INFO] PluginManage:359 - Loaded plugin lpbam (category:base,tabindex:0)
2025-11-03 19:26:05,873 [INFO] PluginManage:310 - Check plugin memorymap
2025-11-03 19:26:05,885 [INFO] PluginManage:359 - Loaded plugin memorymap (category:base,tabindex:4)
2025-11-03 19:26:05,885 [INFO] PluginManage:310 - Check plugin pinoutandconfiguration
2025-11-03 19:26:05,891 [INFO] PluginManage:359 - Loaded plugin pinoutandconfiguration (category:base,tabindex:1)
2025-11-03 19:26:05,891 [INFO] PluginManage:310 - Check plugin pinoutconfig
2025-11-03 19:26:05,974 [WARN] SupportedApi:132 - Cannot load RTOS API schema: s4s-elt-must-match.1: The content of 'definitions' must match (annotation?, (simpleType | complexType)?, (unique | key | keyref)*)). A problem was found starting at: attribute.
2025-11-03 19:26:06,092 [INFO] PluginManage:359 - Loaded plugin pinoutconfig (category:base,tabindex:0)
2025-11-03 19:26:06,092 [INFO] PluginManage:310 - Check plugin power
2025-11-03 19:26:06,101 [INFO] PluginManage:359 - Loaded plugin power (category:power,tabindex:4)
2025-11-03 19:26:06,101 [INFO] PluginManage:310 - Check plugin projectmanager
2025-11-03 19:26:06,116 [INFO] PluginManage:359 - Loaded plugin projectmanager (category:projectmanager,tabindex:4)
2025-11-03 19:26:06,116 [INFO] PluginManage:310 - Check plugin rif
2025-11-03 19:26:06,125 [INFO] PluginManage:359 - Loaded plugin rif (category:base,tabindex:3)
2025-11-03 19:26:06,125 [INFO] PluginManage:310 - Check plugin thirdparty
2025-11-03 19:26:06,243 [INFO] PluginManage:359 - Loaded plugin thirdparty (category:base,tabindex:-1)
2025-11-03 19:26:06,243 [INFO] PluginManage:310 - Check plugin tools
2025-11-03 19:26:06,243 [WARN] IntegrityCheckThread:84 - waiting for thirdparty lock release [integrity check]
2025-11-03 19:26:06,243 [INFO] IntegrityCheckThread:86 - entering critical section [integrity check]
2025-11-03 19:26:06,244 [INFO] ThirdPartyUpdaterWithRetryManager:70 - Updater plugin not ready yet. [1/15]
2025-11-03 19:26:06,246 [INFO] PluginManage:359 - Loaded plugin tools (category:base,tabindex:7)
2025-11-03 19:26:06,246 [INFO] PluginManage:310 - Check plugin tutovideos
2025-11-03 19:26:06,431 [INFO] PluginManage:359 - Loaded plugin tutovideos (category:base,tabindex:-1)
2025-11-03 19:26:06,431 [INFO] PluginManage:310 - Check plugin updater
2025-11-03 19:26:06,450 [INFO] PluginManage:359 - Loaded plugin updater (category:base,tabindex:12)
2025-11-03 19:26:06,450 [INFO] PluginManage:310 - Check plugin userauth
2025-11-03 19:26:06,453 [INFO] UserAuth:118 - Init User Auth plugin
2025-11-03 19:26:06,453 [INFO] PluginManage:359 - Loaded plugin userauth (category:base,tabindex:14)
2025-11-03 19:26:06,454 [INFO] PluginManage:283 - PluginManage : Loaded plugins [18]
2025-11-03 19:26:06,635 [INFO] PinOutPanel:1589 - setPackage(No Configuration,No Configuration)
2025-11-03 19:26:06,710 [INFO] CADModel:165 - CPN selected for project level
2025-11-03 19:26:06,710 [INFO] CADModel:114 - Register for checkConnection events
2025-11-03 19:26:06,725 [INFO] IPUIPlugin:80 - create IPUIPlugin
2025-11-03 19:26:06,725 [INFO] PluginManager:220 - loadIPPluginJar : add adc
2025-11-03 19:26:06,728 [INFO] IPUIPlugin:80 - create IPUIPlugin
2025-11-03 19:26:06,728 [INFO] PluginManager:220 - loadIPPluginJar : add aes
2025-11-03 19:26:06,730 [INFO] IPUIPlugin:80 - create IPUIPlugin
2025-11-03 19:26:06,730 [INFO] PluginManager:220 - loadIPPluginJar : add can
2025-11-03 19:26:06,731 [INFO] IPUIPlugin:80 - create IPUIPlugin
2025-11-03 19:26:06,731 [INFO] PluginManager:220 - loadIPPluginJar : add comp
2025-11-03 19:26:06,733 [INFO] IPUIPlugin:80 - create IPUIPlugin
2025-11-03 19:26:06,733 [INFO] PluginManager:220 - loadIPPluginJar : add cryp
2025-11-03 19:26:06,735 [INFO] IPUIPlugin:80 - create IPUIPlugin
2025-11-03 19:26:06,735 [INFO] PluginManager:220 - loadIPPluginJar : add ddr_ctrl_phy
2025-11-03 19:26:06,737 [INFO] IPUIPlugin:80 - create IPUIPlugin
2025-11-03 19:26:06,737 [INFO] PluginManager:220 - loadIPPluginJar : add dfsdm
2025-11-03 19:26:06,741 [INFO] IPUIPlugin:80 - create IPUIPlugin
2025-11-03 19:26:06,742 [INFO] PluginManager:220 - loadIPPluginJar : add dma
2025-11-03 19:26:06,744 [INFO] IPUIPlugin:80 - create IPUIPlugin
2025-11-03 19:26:06,744 [INFO] PluginManager:220 - loadIPPluginJar : add dma3
2025-11-03 19:26:06,746 [INFO] IPUIPlugin:80 - create IPUIPlugin
2025-11-03 19:26:06,746 [INFO] PluginManager:220 - loadIPPluginJar : add extmemmanager
2025-11-03 19:26:06,746 [INFO] IPUIPlugin:80 - create IPUIPlugin
2025-11-03 19:26:06,746 [INFO] PluginManager:220 - loadIPPluginJar : add fatfs
2025-11-03 19:26:06,750 [INFO] IPUIPlugin:80 - create IPUIPlugin
2025-11-03 19:26:06,750 [INFO] PluginManager:220 - loadIPPluginJar : add fmc
2025-11-03 19:26:06,755 [INFO] IPUIPlugin:80 - create IPUIPlugin
2025-11-03 19:26:06,756 [INFO] PluginManager:220 - loadIPPluginJar : add freertos
2025-11-03 19:26:06,757 [INFO] IPUIPlugin:80 - create IPUIPlugin
2025-11-03 19:26:06,757 [INFO] PluginManager:220 - loadIPPluginJar : add genericplugin
2025-11-03 19:26:06,759 [INFO] IPUIPlugin:80 - create IPUIPlugin
2025-11-03 19:26:06,759 [INFO] PluginManager:220 - loadIPPluginJar : add gfxmmu
2025-11-03 19:26:06,763 [INFO] IPUIPlugin:80 - create IPUIPlugin
2025-11-03 19:26:06,763 [INFO] PluginManager:220 - loadIPPluginJar : add gic
2025-11-03 19:26:06,766 [INFO] IPUIPlugin:80 - create IPUIPlugin
2025-11-03 19:26:06,766 [INFO] PluginManager:220 - loadIPPluginJar : add gpio
2025-11-03 19:26:06,768 [INFO] IPUIPlugin:80 - create IPUIPlugin
2025-11-03 19:26:06,768 [INFO] PluginManager:220 - loadIPPluginJar : add gtzc
2025-11-03 19:26:06,770 [INFO] IPUIPlugin:80 - create IPUIPlugin
2025-11-03 19:26:06,770 [INFO] PluginManager:220 - loadIPPluginJar : add hash
2025-11-03 19:26:06,772 [INFO] IPUIPlugin:80 - create IPUIPlugin
2025-11-03 19:26:06,772 [INFO] PluginManager:220 - loadIPPluginJar : add i2c
2025-11-03 19:26:06,774 [INFO] IPUIPlugin:80 - create IPUIPlugin
2025-11-03 19:26:06,774 [INFO] PluginManager:220 - loadIPPluginJar : add i2s
2025-11-03 19:26:06,776 [INFO] IPUIPlugin:80 - create IPUIPlugin
2025-11-03 19:26:06,776 [INFO] PluginManager:220 - loadIPPluginJar : add i3c
2025-11-03 19:26:06,779 [INFO] IPUIPlugin:80 - create IPUIPlugin
2025-11-03 19:26:06,780 [INFO] PluginManager:220 - loadIPPluginJar : add ipddr
2025-11-03 19:26:06,786 [INFO] IPUIPlugin:80 - create IPUIPlugin
2025-11-03 19:26:06,786 [INFO] PluginManager:220 - loadIPPluginJar : add linkedlist
2025-11-03 19:26:06,789 [INFO] IPUIPlugin:80 - create IPUIPlugin
2025-11-03 19:26:06,789 [INFO] PluginManager:220 - loadIPPluginJar : add lorawan
2025-11-03 19:26:06,789 [INFO] IPUIPlugin:80 - create IPUIPlugin
2025-11-03 19:26:06,790 [INFO] PluginManager:220 - loadIPPluginJar : add ltdc
2025-11-03 19:26:06,794 [INFO] IPUIPlugin:80 - create IPUIPlugin
2025-11-03 19:26:06,794 [INFO] PluginManager:220 - loadIPPluginJar : add mdma
2025-11-03 19:26:06,797 [INFO] IPUIPlugin:80 - create IPUIPlugin
2025-11-03 19:26:06,797 [INFO] PluginManager:220 - loadIPPluginJar : add nvic
2025-11-03 19:26:06,799 [INFO] IPUIPlugin:80 - create IPUIPlugin
2025-11-03 19:26:06,799 [INFO] PluginManager:220 - loadIPPluginJar : add opamp
2025-11-03 19:26:06,801 [INFO] IPUIPlugin:80 - create IPUIPlugin
2025-11-03 19:26:06,801 [INFO] PluginManager:220 - loadIPPluginJar : add openamp
2025-11-03 19:26:06,803 [INFO] IPUIPlugin:80 - create IPUIPlugin
2025-11-03 19:26:06,804 [INFO] PluginManager:220 - loadIPPluginJar : add pdm2pcm
2025-11-03 19:26:06,808 [INFO] IPUIPlugin:80 - create IPUIPlugin
2025-11-03 19:26:06,810 [INFO] PluginManager:220 - loadIPPluginJar : add plateformsettings
2025-11-03 19:26:06,812 [INFO] IPUIPlugin:80 - create IPUIPlugin
2025-11-03 19:26:06,812 [INFO] PluginManager:220 - loadIPPluginJar : add quadspi
2025-11-03 19:26:06,813 [INFO] IPUIPlugin:80 - create IPUIPlugin
2025-11-03 19:26:06,814 [INFO] PluginManager:220 - loadIPPluginJar : add radio
2025-11-03 19:26:06,816 [INFO] IPUIPlugin:80 - create IPUIPlugin
2025-11-03 19:26:06,816 [INFO] PluginManager:220 - loadIPPluginJar : add resmgrutility
2025-11-03 19:26:06,818 [INFO] IPUIPlugin:80 - create IPUIPlugin
2025-11-03 19:26:06,818 [INFO] PluginManager:220 - loadIPPluginJar : add sai
2025-11-03 19:26:06,820 [INFO] IPUIPlugin:80 - create IPUIPlugin
2025-11-03 19:26:06,820 [INFO] PluginManager:220 - loadIPPluginJar : add spi
2025-11-03 19:26:06,825 [INFO] IPUIPlugin:80 - create IPUIPlugin
2025-11-03 19:26:06,826 [INFO] PluginManager:220 - loadIPPluginJar : add stm32_wpan
2025-11-03 19:26:06,827 [INFO] IPUIPlugin:80 - create IPUIPlugin
2025-11-03 19:26:06,827 [INFO] PluginManager:220 - loadIPPluginJar : add tim
2025-11-03 19:26:06,830 [INFO] IPUIPlugin:80 - create IPUIPlugin
2025-11-03 19:26:06,830 [INFO] PluginManager:220 - loadIPPluginJar : add touchsensing
2025-11-03 19:26:06,831 [INFO] IPUIPlugin:80 - create IPUIPlugin
2025-11-03 19:26:06,831 [INFO] PluginManager:220 - loadIPPluginJar : add tracer_emb
2025-11-03 19:26:06,833 [INFO] IPUIPlugin:80 - create IPUIPlugin
2025-11-03 19:26:06,833 [INFO] PluginManager:220 - loadIPPluginJar : add ts
2025-11-03 19:26:06,834 [INFO] IPUIPlugin:80 - create IPUIPlugin
2025-11-03 19:26:06,834 [INFO] PluginManager:220 - loadIPPluginJar : add tsc
2025-11-03 19:26:06,835 [INFO] IPUIPlugin:80 - create IPUIPlugin
2025-11-03 19:26:06,835 [INFO] PluginManager:220 - loadIPPluginJar : add ucpd
2025-11-03 19:26:06,837 [INFO] IPUIPlugin:80 - create IPUIPlugin
2025-11-03 19:26:06,837 [INFO] PluginManager:220 - loadIPPluginJar : add usart
2025-11-03 19:26:06,840 [INFO] IPUIPlugin:80 - create IPUIPlugin
2025-11-03 19:26:06,840 [INFO] PluginManager:220 - loadIPPluginJar : add usbx
2025-11-03 19:26:06,958 [FATAL] Updater:351 - Updater called before beeing initialized
2025-11-03 19:26:06,981 [INFO] RulesReader:64 - Compatibility file has been processed (317 Rules)
2025-11-03 19:26:06,993 [INFO] RulesReader:64 - Compatibility file has been processed (317 Rules)
2025-11-03 19:26:07,002 [INFO] CADModel:165 - CPN selected for project level
2025-11-03 19:26:07,003 [INFO] CADModel:114 - Register for checkConnection events
2025-11-03 19:26:07,003 [FATAL] Updater:351 - Updater called before beeing initialized
2025-11-03 19:26:07,003 [ERROR] CADModel:125 - Updater not yet initialized, retry later 
2025-11-03 19:26:07,150 [FATAL] Updater:351 - Updater called before beeing initialized
2025-11-03 19:26:07,151 [INFO] CADModel:165 - CPN selected for project level
2025-11-03 19:26:07,151 [INFO] CADModel:114 - Register for checkConnection events
2025-11-03 19:26:07,151 [FATAL] Updater:351 - Updater called before beeing initialized
2025-11-03 19:26:07,152 [ERROR] CADModel:125 - Updater not yet initialized, retry later 
2025-11-03 19:26:07,154 [FATAL] Updater:351 - Updater called before beeing initialized
2025-11-03 19:26:07,259 [FATAL] Updater:351 - Updater called before beeing initialized
2025-11-03 19:26:07,262 [INFO] DbMcusAds:53 - JSON generation date=Thu Oct 02 15:06:05 IST 2025 (1759397765645)
2025-11-03 19:26:07,263 [FATAL] Updater:351 - Updater called before beeing initialized
2025-11-03 19:26:07,295 [WARN] DetailPanel:346 - Failed to get advertising image, set to default
2025-11-03 19:26:07,408 [FATAL] Updater:351 - Updater called before beeing initialized
2025-11-03 19:26:07,410 [FATAL] Updater:351 - Updater called before beeing initialized
2025-11-03 19:26:07,410 [FATAL] Updater:351 - Updater called before beeing initialized
2025-11-03 19:26:07,410 [WARN] DetailPanel:346 - Failed to get advertising image, set to default
2025-11-03 19:26:07,412 [FATAL] Updater:351 - Updater called before beeing initialized
2025-11-03 19:26:07,456 [ERROR] Updater:1198 - MainUpdater not yet initialized. External WinMGr cannot be set.
2025-11-03 19:26:07,458 [INFO] Updater:1134 - Updater Version found : 6.15.0
2025-11-03 19:26:07,472 [INFO] ApplicationProperties:184 - Using Application install path: C:\ST\STM32CubeIDE_1.19.0\STM32CubeIDE\plugins\com.st.stm32cube.common.mx_6.15.0.202507011659
2025-11-03 19:26:09,044 [ERROR] LogOutputStream:75 - [STDERR_REDIRECT] Nov 03, 2025 7:26:09 PM java.util.prefs.WindowsPreferences <init>
2025-11-03 19:26:09,045 [ERROR] LogOutputStream:75 - [STDERR_REDIRECT] WARNING: Could not open/create prefs root node Software\JavaSoft\Prefs at root 0xffffffff80000002. Windows RegCreateKeyEx(...) returned error code 5.
2025-11-03 19:26:09,045 [ERROR] LogOutputStream:75 - [STDERR_REDIRECT] 
2025-11-03 19:26:09,245 [INFO] ThirdPartyUpdaterWithRetryManager:70 - Updater plugin not ready yet. [2/15]
2025-11-03 19:26:09,345 [INFO] MainUpdater:2872 - connection check result : 10
2025-11-03 19:26:09,345 [INFO] MainUpdater:289 - Updater Check For Update Now.
2025-11-03 19:26:09,345 [INFO] MicroXplorer:498 - Change Database Version : DB.6.0.150
2025-11-03 19:26:09,350 [INFO] McuFinderGlobals:63 - Set McuFinder mode to 2 (CubeIDE integrated)
2025-11-03 19:26:09,350 [INFO] UserAuth:171 - activating auth plugin
2025-11-03 19:26:09,352 [INFO] UserAuth:487 - Internet connection configuration mode: 1
2025-11-03 19:26:09,375 [INFO] JxBrowserEngine:152 - Initiate JxBrowser Engine with user profile folder
2025-11-03 19:26:09,514 [INFO] CheckServerUpdateThread:120 - End of CheckServer Thread
2025-11-03 19:26:10,763 [INFO] WebApp:169 - Instantiating new browser for Auth
2025-11-03 19:26:11,324 [INFO] WebApp:463 - Apply proxy settings
2025-11-03 19:26:11,324 [INFO] WebApp:548 - Chromium requires no authentication
2025-11-03 19:26:11,333 [INFO] WebApp:491 - Direct internet connection detected
2025-11-03 19:26:11,353 [INFO] WebApp:900 - Register for checkConnection events
2025-11-03 19:26:11,353 [INFO] WebApp:463 - Apply proxy settings
2025-11-03 19:26:11,353 [INFO] WebApp:548 - Chromium requires no authentication
2025-11-03 19:26:11,354 [INFO] WebApp:491 - Direct internet connection detected
2025-11-03 19:26:11,483 [INFO] WebApp:225 - Starting web application
2025-11-03 19:26:11,484 [INFO] WebApp:593 - Web application path used C:\ST\STM32CubeIDE_1.19.0\STM32CubeIDE\plugins\com.st.stm32cube.common.mx_6.15.0.202507011659\db\plugins\mcufinder\reactClient1\index.html
2025-11-03 19:26:11,748 [INFO] WebApp:191 - Connection restablished
2025-11-03 19:26:12,434 [WARN] PackLoader:240 - Cannot read IP mode file for STMicroelectronics.FP-SNS-MOTENVWB1.1.4.0
2025-11-03 19:26:12,440 [WARN] PackLoader:240 - Cannot read IP mode file for STMicroelectronics.FP-ATR-ASTRA1.2.0.2
2025-11-03 19:26:12,446 [WARN] PackLoader:240 - Cannot read IP mode file for STMicroelectronics.X-CUBE-SMBUS.2.1.0
2025-11-03 19:26:12,469 [WARN] PackLoader:240 - Cannot read IP mode file for STMicroelectronics.X-CUBE-AZRTOS-F7.1.1.0
2025-11-03 19:26:12,477 [WARN] PackLoader:240 - Cannot read IP mode file for Cesanta.I-CUBE-Mongoose.7.19.0
2025-11-03 19:26:12,482 [WARN] PackLoader:240 - Cannot read IP mode file for STMicroelectronics.FP-SNS-MOTENV1.5.1.0
2025-11-03 19:26:12,491 [WARN] PackLoader:240 - Cannot read IP mode file for WES.I-CUBE-Cesium.1.4.0
2025-11-03 19:26:12,512 [WARN] PackLoader:240 - Cannot read IP mode file for Infineon.AIROC-Wi-Fi-Bluetooth-STM32.1.7.1
2025-11-03 19:26:12,536 [WARN] PackLoader:240 - Cannot read IP mode file for STMicroelectronics.X-CUBE-AZRTOS-H7.3.4.0
2025-11-03 19:26:12,548 [WARN] PackLoader:240 - Cannot read IP mode file for STMicroelectronics.X-CUBE-DISPLAY.3.0.0
2025-11-03 19:26:12,559 [WARN] PackLoader:240 - Cannot read IP mode file for STMicroelectronics.X-CUBE-NFC10.1.0.0
2025-11-03 19:26:12,566 [WARN] PackLoader:240 - Cannot read IP mode file for STMicroelectronics.X-CUBE-ST60.1.1.0
2025-11-03 19:26:12,572 [WARN] PackLoader:240 - Cannot read IP mode file for emotas.I-CUBE-CANOPEN.1.3.0
2025-11-03 19:26:12,577 [WARN] PackLoader:240 - Cannot read IP mode file for STMicroelectronics.X-CUBE-GNSS1.7.1.0
2025-11-03 19:26:12,587 [WARN] PackLoader:240 - Cannot read IP mode file for STMicroelectronics.FP-SNS-STBOX1.2.1.0
2025-11-03 19:26:12,593 [WARN] PackLoader:240 - Cannot read IP mode file for STMicroelectronics.FP-SNS-SMARTAG2.1.2.0
2025-11-03 19:26:12,599 [WARN] PackLoader:240 - Cannot read IP mode file for STMicroelectronics.FP-SNS-FLIGHT1.5.1.0
2025-11-03 19:26:12,608 [INFO] LogOutputStream:77 - [STDOUT_REDIRECT] 1 : Invalid condition id : UX_CORESTACK_Condition cause : null
2025-11-03 19:26:12,609 [INFO] LogOutputStream:77 - [STDOUT_REDIRECT] 1 : Invalid condition id : UX_CORESTACK_Condition cause : null
2025-11-03 19:26:12,610 [INFO] LogOutputStream:77 - [STDOUT_REDIRECT] 1 : Invalid condition id : UX_CORESTACK_Condition cause : null
2025-11-03 19:26:12,610 [INFO] LogOutputStream:77 - [STDOUT_REDIRECT] 1 : Invalid condition id : UX_CORESTACK_Condition cause : null
2025-11-03 19:26:12,611 [INFO] LogOutputStream:77 - [STDOUT_REDIRECT] 1 : Invalid condition id : UX_CORESTACK_Condition cause : null
2025-11-03 19:26:12,614 [WARN] PackLoader:240 - Cannot read IP mode file for STMicroelectronics.X-CUBE-AZRTOS-WL.2.0.0
2025-11-03 19:26:12,620 [WARN] PackLoader:240 - Cannot read IP mode file for STMicroelectronics.X-CUBE-BLE2.3.3.0
2025-11-03 19:26:12,637 [WARN] PackLoader:240 - Cannot read IP mode file for STMicroelectronics.X-CUBE-NFC9.1.0.0
2025-11-03 19:26:12,644 [WARN] PackLoader:240 - Cannot read IP mode file for wolfSSL.I-CUBE-wolfSSL.5.8.2
2025-11-03 19:26:12,649 [WARN] PackLoader:240 - Cannot read IP mode file for STMicroelectronics.X-CUBE-BLE1.7.1.0
2025-11-03 19:26:12,654 [WARN] PackLoader:240 - Cannot read IP mode file for wolfSSL.I-CUBE-wolfMQTT.1.19.2
2025-11-03 19:26:12,659 [WARN] PackLoader:240 - Cannot read IP mode file for STMicroelectronics.X-CUBE-EEPRMA1.5.2.0
2025-11-03 19:26:12,667 [WARN] PackLoader:240 - Cannot read IP mode file for STMicroelectronics.X-CUBE-ST67W61.1.1.0
2025-11-03 19:26:12,682 [WARN] PackLoader:240 - Cannot read IP mode file for STMicroelectronics.X-CUBE-AZRTOS-G0.1.1.0
2025-11-03 19:26:12,690 [WARN] PackLoader:240 - Cannot read IP mode file for STMicroelectronics.X-CUBE-SAFEA1.1.2.2
2025-11-03 19:26:12,698 [WARN] PackLoader:240 - Cannot read IP mode file for STMicroelectronics.X-CUBE-NFC4.3.0.0
2025-11-03 19:26:12,708 [WARN] PackLoader:240 - Cannot read IP mode file for EmbeddedOffice.I-CUBE-FS-RTOS.1.0.1
2025-11-03 19:26:12,715 [WARN] PackLoader:240 - Cannot read IP mode file for STMicroelectronics.X-CUBE-WB05N.2.0.0
2025-11-03 19:26:12,719 [WARN] PackLoader:240 - Cannot read IP mode file for wolfSSL.I-CUBE-wolfTPM.3.8.0
2025-11-03 19:26:12,723 [WARN] PackLoader:240 - Cannot read IP mode file for STMicroelectronics.X-CUBE-TCPP.4.2.0
2025-11-03 19:26:12,729 [WARN] PackLoader:240 - Cannot read IP mode file for RealThread.X-CUBE-RT-Thread_Nano.4.1.1
2025-11-03 19:26:12,734 [WARN] PackLoader:240 - Cannot read IP mode file for STMicroelectronics.FP-ATR-SIGFOX1.3.2.0
2025-11-03 19:26:12,738 [WARN] PackLoader:240 - Cannot read IP mode file for ITTIA_DB.I-CUBE-ITTIADB.8.9.0
2025-11-03 19:26:12,742 [WARN] PackLoader:240 - Cannot read IP mode file for STMicroelectronics.X-CUBE-AI.10.2.0
2025-11-03 19:26:12,764 [WARN] PackLoader:240 - Cannot read IP mode file for SEGGER.I-CUBE-embOS.1.3.1
2025-11-03 19:26:12,792 [WARN] PackLoader:240 - Cannot read IP mode file for STMicroelectronics.X-CUBE-ALGOBUILD.1.4.0
2025-11-03 19:26:12,837 [WARN] PackLoader:240 - Cannot read IP mode file for STMicroelectronics.X-CUBE-MEMS1.11.3.0
2025-11-03 19:26:12,984 [WARN] PackLoader:240 - Cannot read IP mode file for STMicroelectronics.X-CUBE-PM33A1.1.0.0
2025-11-03 19:26:13,007 [WARN] PackLoader:240 - Cannot read IP mode file for STMicroelectronics.X-CUBE-AZRTOS-F4.1.1.0
2025-11-03 19:26:13,018 [WARN] PackLoader:240 - Cannot read IP mode file for STMicroelectronics.X-CUBE-ISPU.2.1.0
2025-11-03 19:26:13,039 [WARN] PackLoader:240 - Cannot read IP mode file for STMicroelectronics.X-CUBE-IPS.3.2.0
2025-11-03 19:26:13,052 [WARN] PackLoader:240 - Cannot read IP mode file for STMicroelectronics.X-CUBE-NFC12.1.0.0
2025-11-03 19:26:13,067 [WARN] PackLoader:240 - Cannot read IP mode file for STMicroelectronics.X-CUBE-AZRTOS-L5.2.0.0
2025-11-03 19:26:13,076 [WARN] PackLoader:240 - Cannot read IP mode file for STMicroelectronics.X-CUBE-NFC6.3.1.0
2025-11-03 19:26:13,083 [WARN] PackLoader:240 - Cannot read IP mode file for STMicroelectronics.X-CUBE-FREERTOS.1.3.1
2025-11-03 19:26:13,089 [WARN] PackLoader:240 - Cannot read IP mode file for STMicroelectronics.X-CUBE-TOUCHGFX.4.26.0
2025-11-03 19:26:13,093 [WARN] PackLoader:240 - Cannot read IP mode file for STMicroelectronics.FP-SNS-STAIOTCFT.1.0.0
2025-11-03 19:26:13,100 [WARN] PackLoader:240 - Cannot read IP mode file for STMicroelectronics.X-CUBE-DPower.1.3.0
2025-11-03 19:26:13,115 [WARN] ConditionMgr:438 - getConditionDescription Invalid condition id : LAN8742 Phy interface Condition cause : null
2025-11-03 19:26:13,116 [WARN] PackLoader:240 - Cannot read IP mode file for STMicroelectronics.X-CUBE-AZRTOS-L4.2.0.0
2025-11-03 19:26:13,117 [WARN] ConditionMgr:1044 - genDependencies : Invalid condition id : LAN8742 Phy interface Condition cause : null
2025-11-03 19:26:13,117 [WARN] ConditionMgr:1044 - genDependencies : Invalid condition id : LAN8742 Phy interface Condition cause : null
2025-11-03 19:26:13,118 [WARN] ConditionMgr:1044 - genDependencies : Invalid condition id : LAN8742 Phy interface Condition cause : null
2025-11-03 19:26:13,124 [WARN] PackLoader:240 - Cannot read IP mode file for STMicroelectronics.X-CUBE-SFXS2LP1.4.0.0
2025-11-03 19:26:13,136 [WARN] PackLoader:240 - Cannot read IP mode file for STMicroelectronics.X-CUBE-BLEMGR.4.1.0
2025-11-03 19:26:13,153 [WARN] ConditionMgr:438 - getConditionDescription Invalid condition id : UX DEVICE CLASS RTOS Condition cause : null
2025-11-03 19:26:13,153 [WARN] ConditionMgr:438 - getConditionDescription Invalid condition id : UX DEVICE CLASS RTOS Condition cause : null
2025-11-03 19:26:13,155 [WARN] PackLoader:240 - Cannot read IP mode file for STMicroelectronics.X-CUBE-AZRTOS-WB.2.0.0
2025-11-03 19:26:13,156 [WARN] ConditionMgr:1044 - genDependencies : Invalid condition id : UX DEVICE CLASS RTOS Condition cause : null
2025-11-03 19:26:13,156 [WARN] ConditionMgr:1044 - genDependencies : Invalid condition id : UX DEVICE CLASS RTOS Condition cause : null
2025-11-03 19:26:13,156 [WARN] ConditionMgr:1044 - genDependencies : Invalid condition id : UX DEVICE CLASS RTOS Condition cause : null
2025-11-03 19:26:13,157 [WARN] ConditionMgr:1044 - genDependencies : Invalid condition id : UX DEVICE CLASS RTOS Condition cause : null
2025-11-03 19:26:13,157 [WARN] ConditionMgr:1044 - genDependencies : Invalid condition id : UX DEVICE CLASS RTOS Condition cause : null
2025-11-03 19:26:13,163 [WARN] ConditionMgr:438 - getConditionDescription Invalid condition id : Cortex-A Device cause : null
2025-11-03 19:26:13,179 [WARN] ConditionMgr:1044 - genDependencies : Invalid condition id : Cortex-A Device cause : null
2025-11-03 19:26:13,179 [WARN] ConditionMgr:1044 - genDependencies : Invalid condition id : Cortex-A Device cause : null
2025-11-03 19:26:13,179 [WARN] ConditionMgr:1044 - genDependencies : Invalid condition id : Cortex-A Device cause : null
2025-11-03 19:26:13,191 [WARN] PackLoader:240 - Cannot read IP mode file for STMicroelectronics.X-CUBE-SUBG2.5.0.0
2025-11-03 19:26:13,212 [WARN] PackLoader:240 - Cannot read IP mode file for STMicroelectronics.X-CUBE-AZRTOS-H7RS.1.1.0
2025-11-03 19:26:13,230 [WARN] PackLoader:240 - Cannot read IP mode file for STMicroelectronics.X-CUBE-AZRTOS-G4.2.0.0
2025-11-03 19:26:13,239 [WARN] PackLoader:240 - Cannot read IP mode file for wolfSSL.I-CUBE-wolfSSH.1.4.20
2025-11-03 19:26:13,247 [WARN] PackLoader:240 - Cannot read IP mode file for STMicroelectronics.X-CUBE-NFC7.2.0.0
2025-11-03 19:26:13,254 [WARN] PackLoader:240 - Cannot read IP mode file for STMicroelectronics.X-CUBE-ALS.1.0.2
2025-11-03 19:26:13,260 [WARN] PackLoader:240 - Cannot read IP mode file for STMicroelectronics.X-CUBE-STSE01.1.0.0
2025-11-03 19:26:13,271 [WARN] PackLoader:240 - Cannot read IP mode file for STMicroelectronics.X-CUBE-TOF1.3.4.3
2025-11-03 19:26:13,278 [INFO] ThirdParty:978 - Integrity check success = true
2025-11-03 19:26:13,278 [INFO] IntegrityCheckThread:100 - exiting critical section [integrity check]
2025-11-03 19:26:13,278 [INFO] IntegrityCheckThread:103 - End integrity checks thread
2025-11-03 19:26:15,929 [ERROR] LogOutputStream:75 - [STDERR_REDIRECT] SLF4J: Failed to load class "org.slf4j.impl.StaticLoggerBinder".
2025-11-03 19:26:15,931 [ERROR] LogOutputStream:75 - [STDERR_REDIRECT] SLF4J: Defaulting to no-operation (NOP) logger implementation
2025-11-03 19:26:15,932 [ERROR] LogOutputStream:75 - [STDERR_REDIRECT] SLF4J: See http://www.slf4j.org/codes.html#StaticLoggerBinder for further details.
2025-11-03 19:30:02,077 [ERROR] LogOutputStream:75 - [STDERR_REDIRECT] 
2025-11-03 19:30:06,990 [INFO] Activator:176 - 


2025-11-03 19:30:06,992 [INFO] Activator:177 - !SESSION log4j initialized
2025-11-03 19:30:11,613 [INFO] LogOutputStream:77 - [STDOUT_REDIRECT] 
2025-11-03 19:30:12,442 [INFO] ApplicationProperties:184 - Using Application install path: C:\ST\STM32CubeIDE_1.19.0\STM32CubeIDE\plugins\com.st.stm32cube.common.mx_6.15.0.202507011659
2025-11-03 19:30:12,456 [INFO] DbMcusXml:78 - Set database path to: C:\ST\STM32CubeIDE_1.19.0\STM32CubeIDE\plugins\com.st.stm32cube.common.mx_6.15.0.202507011659\\db\/mcu/
2025-11-03 19:30:12,456 [INFO] ApiDb:274 - Set plugin database path to: C:\ST\STM32CubeIDE_1.19.0\STM32CubeIDE\plugins\com.st.stm32cube.common.mx_6.15.0.202507011659\\db\/plugins/boardmanager/
2025-11-03 19:30:12,456 [WARN] ApiDb:259 - Overriding images path with different value:  => C:\ST\STM32CubeIDE_1.19.0\STM32CubeIDE\plugins\com.st.stm32cube.common.mx_6.15.0.202507011659\\db\/plugins/mcufinder/images/
2025-11-03 19:30:12,460 [INFO] ApiDb:250 - Set database path to: C:\Users\USER\.stmcufinder\plugins\mcufinder//mcu/
2025-11-03 19:30:12,461 [INFO] DbMcusAds:125 - Set database path to: C:\Users\USER\.stmcufinder\plugins\mcufinder//mcu/
2025-11-03 19:30:12,463 [INFO] CrossReferenceDbSqlite:203 - Set database path to: C:\Users\USER\.stmcufinder\plugins\mcufinder//mcu/cs/
2025-11-03 19:30:12,546 [INFO] RulesReader:64 - Compatibility file has been processed (317 Rules)
2025-11-03 19:30:12,600 [INFO] DbMcusXml:78 - Set database path to: C:\ST\STM32CubeIDE_1.19.0\STM32CubeIDE\plugins\com.st.stm32cube.common.mx_6.15.0.202507011659\\db\/mcu/
2025-11-03 19:30:12,600 [INFO] ApiDb:274 - Set plugin database path to: C:\ST\STM32CubeIDE_1.19.0\STM32CubeIDE\plugins\com.st.stm32cube.common.mx_6.15.0.202507011659\\db\/plugins/boardmanager/
2025-11-03 19:30:12,601 [INFO] ApiDb:261 - Set plugin images path to: C:\ST\STM32CubeIDE_1.19.0\STM32CubeIDE\plugins\com.st.stm32cube.common.mx_6.15.0.202507011659\\db\/plugins/mcufinder/images/
2025-11-03 19:30:12,601 [WARN] DbFile:41 - Overriding database path with different value: C:\Users\USER\.stmcufinder\plugins\mcufinder/ => C:\Users\USER\.stmcufinder\plugins\mcufinder
2025-11-03 19:30:12,601 [INFO] ApiDb:250 - Set database path to: C:\Users\USER\.stmcufinder\plugins\mcufinder//mcu/
2025-11-03 19:30:12,601 [WARN] DbFile:41 - Overriding database path with different value: C:\Users\USER\.stmcufinder\plugins\mcufinder/ => C:\Users\USER\.stmcufinder\plugins\mcufinder
2025-11-03 19:30:12,601 [INFO] DbMcusAds:125 - Set database path to: C:\Users\USER\.stmcufinder\plugins\mcufinder//mcu/
2025-11-03 19:30:12,601 [WARN] DbFile:41 - Overriding database path with different value: C:\Users\USER\.stmcufinder\plugins\mcufinder/ => C:\Users\USER\.stmcufinder\plugins\mcufinder
2025-11-03 19:30:12,601 [WARN] DbFile:41 - Overriding database path with different value: C:\Users\USER\.stmcufinder\plugins\mcufinder/ => C:\Users\USER\.stmcufinder\plugins\mcufinder
2025-11-03 19:30:12,601 [INFO] CrossReferenceDbSqlite:203 - Set database path to: C:\Users\USER\.stmcufinder\plugins\mcufinder//mcu/cs/
2025-11-03 19:30:12,653 [INFO] MainPanel:274 - HeapMemory: 268435456
2025-11-03 19:30:12,715 [INFO] DbMcusXml:78 - Set database path to: C:\ST\STM32CubeIDE_1.19.0\STM32CubeIDE\plugins\com.st.stm32cube.common.mx_6.15.0.202507011659\\db\/mcu/
2025-11-03 19:30:12,715 [INFO] ApiDb:274 - Set plugin database path to: C:\ST\STM32CubeIDE_1.19.0\STM32CubeIDE\plugins\com.st.stm32cube.common.mx_6.15.0.202507011659\\db\/plugins/boardmanager/
2025-11-03 19:30:12,715 [INFO] ApiDb:261 - Set plugin images path to: C:\ST\STM32CubeIDE_1.19.0\STM32CubeIDE\plugins\com.st.stm32cube.common.mx_6.15.0.202507011659\\db\/plugins/mcufinder/images/
2025-11-03 19:30:12,716 [WARN] DbFile:41 - Overriding database path with different value: C:\Users\USER\.stmcufinder\plugins\mcufinder/ => C:\Users\USER\.stmcufinder\plugins\mcufinder
2025-11-03 19:30:12,716 [INFO] ApiDb:250 - Set database path to: C:\Users\USER\.stmcufinder\plugins\mcufinder//mcu/
2025-11-03 19:30:12,716 [WARN] DbFile:41 - Overriding database path with different value: C:\Users\USER\.stmcufinder\plugins\mcufinder/ => C:\Users\USER\.stmcufinder\plugins\mcufinder
2025-11-03 19:30:12,716 [INFO] DbMcusAds:125 - Set database path to: C:\Users\USER\.stmcufinder\plugins\mcufinder//mcu/
2025-11-03 19:30:12,716 [WARN] DbFile:41 - Overriding database path with different value: C:\Users\USER\.stmcufinder\plugins\mcufinder/ => C:\Users\USER\.stmcufinder\plugins\mcufinder
2025-11-03 19:30:12,716 [WARN] DbFile:41 - Overriding database path with different value: C:\Users\USER\.stmcufinder\plugins\mcufinder/ => C:\Users\USER\.stmcufinder\plugins\mcufinder
2025-11-03 19:30:12,716 [INFO] CrossReferenceDbSqlite:203 - Set database path to: C:\Users\USER\.stmcufinder\plugins\mcufinder//mcu/cs/
2025-11-03 19:30:12,729 [INFO] ApplicationProperties:184 - Using Application install path: C:\ST\STM32CubeIDE_1.19.0\STM32CubeIDE\plugins\com.st.stm32cube.common.mx_6.15.0.202507011659
2025-11-03 19:30:12,730 [INFO] PluginManage:196 - Search for loadable plugins [exclusion list=, ]
2025-11-03 19:30:12,731 [INFO] PluginManage:310 - Check plugin analytics
2025-11-03 19:30:12,878 [INFO] AnalyticsPlugin:253 - Accepted Software Licenses: 
2025-11-03 19:30:12,878 [INFO] AnalyticsPlugin:255 - Accepted CMSIS Pack Licenses: 
2025-11-03 19:30:12,878 [INFO] AnalyticsPlugin:257 - Accepted Firmware Licenses: 
2025-11-03 19:30:12,881 [INFO] PluginManage:359 - Loaded plugin analytics (category:tool,tabindex:-1)
2025-11-03 19:30:12,882 [INFO] PluginManage:310 - Check plugin cadmodel
2025-11-03 19:30:12,887 [INFO] CADModel:105 - Init CAD model plugin
2025-11-03 19:30:12,887 [INFO] PluginManage:359 - Loaded plugin cadmodel (category:power,tabindex:5)
2025-11-03 19:30:12,887 [INFO] PluginManage:310 - Check plugin clock
2025-11-03 19:30:12,897 [INFO] PluginManage:359 - Loaded plugin clock (category:base,tabindex:2)
2025-11-03 19:30:12,897 [INFO] PluginManage:310 - Check plugin ddr
2025-11-03 19:30:12,900 [INFO] PluginManage:359 - Loaded plugin ddr (category:tool,tabindex:6)
2025-11-03 19:30:12,900 [INFO] PluginManage:310 - Check plugin filemanager
2025-11-03 19:30:13,031 [INFO] PluginManage:359 - Loaded plugin filemanager (category:base,tabindex:10)
2025-11-03 19:30:13,031 [INFO] PluginManage:310 - Check plugin ipmanager
2025-11-03 19:30:13,036 [INFO] PluginManage:359 - Loaded plugin ipmanager (category:base,tabindex:5)
2025-11-03 19:30:13,036 [INFO] PluginManage:310 - Check plugin lpbam
2025-11-03 19:30:13,042 [INFO] PluginManage:359 - Loaded plugin lpbam (category:base,tabindex:0)
2025-11-03 19:30:13,042 [INFO] PluginManage:310 - Check plugin memorymap
2025-11-03 19:30:13,051 [INFO] PluginManage:359 - Loaded plugin memorymap (category:base,tabindex:4)
2025-11-03 19:30:13,051 [INFO] PluginManage:310 - Check plugin pinoutandconfiguration
2025-11-03 19:30:13,056 [INFO] PluginManage:359 - Loaded plugin pinoutandconfiguration (category:base,tabindex:1)
2025-11-03 19:30:13,056 [INFO] PluginManage:310 - Check plugin pinoutconfig
2025-11-03 19:30:13,121 [WARN] SupportedApi:132 - Cannot load RTOS API schema: s4s-elt-must-match.1: The content of 'definitions' must match (annotation?, (simpleType | complexType)?, (unique | key | keyref)*)). A problem was found starting at: attribute.
2025-11-03 19:30:13,210 [INFO] PluginManage:359 - Loaded plugin pinoutconfig (category:base,tabindex:0)
2025-11-03 19:30:13,210 [INFO] PluginManage:310 - Check plugin power
2025-11-03 19:30:13,216 [INFO] PluginManage:359 - Loaded plugin power (category:power,tabindex:4)
2025-11-03 19:30:13,216 [INFO] PluginManage:310 - Check plugin projectmanager
2025-11-03 19:30:13,230 [INFO] PluginManage:359 - Loaded plugin projectmanager (category:projectmanager,tabindex:4)
2025-11-03 19:30:13,230 [INFO] PluginManage:310 - Check plugin rif
2025-11-03 19:30:13,238 [INFO] PluginManage:359 - Loaded plugin rif (category:base,tabindex:3)
2025-11-03 19:30:13,238 [INFO] PluginManage:310 - Check plugin thirdparty
2025-11-03 19:30:13,363 [INFO] PluginManage:359 - Loaded plugin thirdparty (category:base,tabindex:-1)
2025-11-03 19:30:13,363 [INFO] PluginManage:310 - Check plugin tools
2025-11-03 19:30:13,363 [WARN] IntegrityCheckThread:84 - waiting for thirdparty lock release [integrity check]
2025-11-03 19:30:13,364 [INFO] IntegrityCheckThread:86 - entering critical section [integrity check]
2025-11-03 19:30:13,364 [INFO] ThirdPartyUpdaterWithRetryManager:70 - Updater plugin not ready yet. [1/15]
2025-11-03 19:30:13,365 [INFO] PluginManage:359 - Loaded plugin tools (category:base,tabindex:7)
2025-11-03 19:30:13,365 [INFO] PluginManage:310 - Check plugin tutovideos
2025-11-03 19:30:13,526 [INFO] PluginManage:359 - Loaded plugin tutovideos (category:base,tabindex:-1)
2025-11-03 19:30:13,526 [INFO] PluginManage:310 - Check plugin updater
2025-11-03 19:30:13,543 [INFO] PluginManage:359 - Loaded plugin updater (category:base,tabindex:12)
2025-11-03 19:30:13,543 [INFO] PluginManage:310 - Check plugin userauth
2025-11-03 19:30:13,546 [INFO] UserAuth:118 - Init User Auth plugin
2025-11-03 19:30:13,547 [INFO] PluginManage:359 - Loaded plugin userauth (category:base,tabindex:14)
2025-11-03 19:30:13,547 [INFO] PluginManage:283 - PluginManage : Loaded plugins [18]
2025-11-03 19:30:13,738 [INFO] PinOutPanel:1589 - setPackage(No Configuration,No Configuration)
2025-11-03 19:30:13,806 [INFO] CADModel:165 - CPN selected for project level
2025-11-03 19:30:13,807 [INFO] CADModel:114 - Register for checkConnection events
2025-11-03 19:30:13,822 [INFO] IPUIPlugin:80 - create IPUIPlugin
2025-11-03 19:30:13,822 [INFO] PluginManager:220 - loadIPPluginJar : add adc
2025-11-03 19:30:13,824 [INFO] IPUIPlugin:80 - create IPUIPlugin
2025-11-03 19:30:13,824 [INFO] PluginManager:220 - loadIPPluginJar : add aes
2025-11-03 19:30:13,826 [INFO] IPUIPlugin:80 - create IPUIPlugin
2025-11-03 19:30:13,826 [INFO] PluginManager:220 - loadIPPluginJar : add can
2025-11-03 19:30:13,827 [INFO] IPUIPlugin:80 - create IPUIPlugin
2025-11-03 19:30:13,828 [INFO] PluginManager:220 - loadIPPluginJar : add comp
2025-11-03 19:30:13,829 [INFO] IPUIPlugin:80 - create IPUIPlugin
2025-11-03 19:30:13,829 [INFO] PluginManager:220 - loadIPPluginJar : add cryp
2025-11-03 19:30:13,831 [INFO] IPUIPlugin:80 - create IPUIPlugin
2025-11-03 19:30:13,831 [INFO] PluginManager:220 - loadIPPluginJar : add ddr_ctrl_phy
2025-11-03 19:30:13,832 [INFO] IPUIPlugin:80 - create IPUIPlugin
2025-11-03 19:30:13,832 [INFO] PluginManager:220 - loadIPPluginJar : add dfsdm
2025-11-03 19:30:13,837 [INFO] IPUIPlugin:80 - create IPUIPlugin
2025-11-03 19:30:13,837 [INFO] PluginManager:220 - loadIPPluginJar : add dma
2025-11-03 19:30:13,839 [INFO] IPUIPlugin:80 - create IPUIPlugin
2025-11-03 19:30:13,839 [INFO] PluginManager:220 - loadIPPluginJar : add dma3
2025-11-03 19:30:13,842 [INFO] IPUIPlugin:80 - create IPUIPlugin
2025-11-03 19:30:13,842 [INFO] PluginManager:220 - loadIPPluginJar : add extmemmanager
2025-11-03 19:30:13,844 [INFO] IPUIPlugin:80 - create IPUIPlugin
2025-11-03 19:30:13,844 [INFO] PluginManager:220 - loadIPPluginJar : add fatfs
2025-11-03 19:30:13,847 [INFO] IPUIPlugin:80 - create IPUIPlugin
2025-11-03 19:30:13,848 [INFO] PluginManager:220 - loadIPPluginJar : add fmc
2025-11-03 19:30:13,852 [INFO] IPUIPlugin:80 - create IPUIPlugin
2025-11-03 19:30:13,852 [INFO] PluginManager:220 - loadIPPluginJar : add freertos
2025-11-03 19:30:13,853 [INFO] IPUIPlugin:80 - create IPUIPlugin
2025-11-03 19:30:13,853 [INFO] PluginManager:220 - loadIPPluginJar : add genericplugin
2025-11-03 19:30:13,854 [INFO] IPUIPlugin:80 - create IPUIPlugin
2025-11-03 19:30:13,854 [INFO] PluginManager:220 - loadIPPluginJar : add gfxmmu
2025-11-03 19:30:13,857 [INFO] IPUIPlugin:80 - create IPUIPlugin
2025-11-03 19:30:13,857 [INFO] PluginManager:220 - loadIPPluginJar : add gic
2025-11-03 19:30:13,860 [INFO] IPUIPlugin:80 - create IPUIPlugin
2025-11-03 19:30:13,860 [INFO] PluginManager:220 - loadIPPluginJar : add gpio
2025-11-03 19:30:13,863 [INFO] IPUIPlugin:80 - create IPUIPlugin
2025-11-03 19:30:13,864 [INFO] PluginManager:220 - loadIPPluginJar : add gtzc
2025-11-03 19:30:13,865 [INFO] IPUIPlugin:80 - create IPUIPlugin
2025-11-03 19:30:13,865 [INFO] PluginManager:220 - loadIPPluginJar : add hash
2025-11-03 19:30:13,867 [INFO] IPUIPlugin:80 - create IPUIPlugin
2025-11-03 19:30:13,867 [INFO] PluginManager:220 - loadIPPluginJar : add i2c
2025-11-03 19:30:13,868 [INFO] IPUIPlugin:80 - create IPUIPlugin
2025-11-03 19:30:13,868 [INFO] PluginManager:220 - loadIPPluginJar : add i2s
2025-11-03 19:30:13,870 [INFO] IPUIPlugin:80 - create IPUIPlugin
2025-11-03 19:30:13,870 [INFO] PluginManager:220 - loadIPPluginJar : add i3c
2025-11-03 19:30:13,873 [INFO] IPUIPlugin:80 - create IPUIPlugin
2025-11-03 19:30:13,874 [INFO] PluginManager:220 - loadIPPluginJar : add ipddr
2025-11-03 19:30:13,880 [INFO] IPUIPlugin:80 - create IPUIPlugin
2025-11-03 19:30:13,880 [INFO] PluginManager:220 - loadIPPluginJar : add linkedlist
2025-11-03 19:30:13,884 [INFO] IPUIPlugin:80 - create IPUIPlugin
2025-11-03 19:30:13,884 [INFO] PluginManager:220 - loadIPPluginJar : add lorawan
2025-11-03 19:30:13,885 [INFO] IPUIPlugin:80 - create IPUIPlugin
2025-11-03 19:30:13,885 [INFO] PluginManager:220 - loadIPPluginJar : add ltdc
2025-11-03 19:30:13,889 [INFO] IPUIPlugin:80 - create IPUIPlugin
2025-11-03 19:30:13,889 [INFO] PluginManager:220 - loadIPPluginJar : add mdma
2025-11-03 19:30:13,891 [INFO] IPUIPlugin:80 - create IPUIPlugin
2025-11-03 19:30:13,891 [INFO] PluginManager:220 - loadIPPluginJar : add nvic
2025-11-03 19:30:13,894 [INFO] IPUIPlugin:80 - create IPUIPlugin
2025-11-03 19:30:13,894 [INFO] PluginManager:220 - loadIPPluginJar : add opamp
2025-11-03 19:30:13,897 [INFO] IPUIPlugin:80 - create IPUIPlugin
2025-11-03 19:30:13,897 [INFO] PluginManager:220 - loadIPPluginJar : add openamp
2025-11-03 19:30:13,899 [INFO] IPUIPlugin:80 - create IPUIPlugin
2025-11-03 19:30:13,899 [INFO] PluginManager:220 - loadIPPluginJar : add pdm2pcm
2025-11-03 19:30:13,904 [INFO] IPUIPlugin:80 - create IPUIPlugin
2025-11-03 19:30:13,906 [INFO] PluginManager:220 - loadIPPluginJar : add plateformsettings
2025-11-03 19:30:13,907 [INFO] IPUIPlugin:80 - create IPUIPlugin
2025-11-03 19:30:13,907 [INFO] PluginManager:220 - loadIPPluginJar : add quadspi
2025-11-03 19:30:13,908 [INFO] IPUIPlugin:80 - create IPUIPlugin
2025-11-03 19:30:13,909 [INFO] PluginManager:220 - loadIPPluginJar : add radio
2025-11-03 19:30:13,911 [INFO] IPUIPlugin:80 - create IPUIPlugin
2025-11-03 19:30:13,911 [INFO] PluginManager:220 - loadIPPluginJar : add resmgrutility
2025-11-03 19:30:13,914 [INFO] IPUIPlugin:80 - create IPUIPlugin
2025-11-03 19:30:13,914 [INFO] PluginManager:220 - loadIPPluginJar : add sai
2025-11-03 19:30:13,915 [INFO] IPUIPlugin:80 - create IPUIPlugin
2025-11-03 19:30:13,915 [INFO] PluginManager:220 - loadIPPluginJar : add spi
2025-11-03 19:30:13,920 [INFO] IPUIPlugin:80 - create IPUIPlugin
2025-11-03 19:30:13,920 [INFO] PluginManager:220 - loadIPPluginJar : add stm32_wpan
2025-11-03 19:30:13,921 [INFO] IPUIPlugin:80 - create IPUIPlugin
2025-11-03 19:30:13,921 [INFO] PluginManager:220 - loadIPPluginJar : add tim
2025-11-03 19:30:13,924 [INFO] IPUIPlugin:80 - create IPUIPlugin
2025-11-03 19:30:13,925 [INFO] PluginManager:220 - loadIPPluginJar : add touchsensing
2025-11-03 19:30:13,926 [INFO] IPUIPlugin:80 - create IPUIPlugin
2025-11-03 19:30:13,926 [INFO] PluginManager:220 - loadIPPluginJar : add tracer_emb
2025-11-03 19:30:13,928 [INFO] IPUIPlugin:80 - create IPUIPlugin
2025-11-03 19:30:13,928 [INFO] PluginManager:220 - loadIPPluginJar : add ts
2025-11-03 19:30:13,929 [INFO] IPUIPlugin:80 - create IPUIPlugin
2025-11-03 19:30:13,929 [INFO] PluginManager:220 - loadIPPluginJar : add tsc
2025-11-03 19:30:13,930 [INFO] IPUIPlugin:80 - create IPUIPlugin
2025-11-03 19:30:13,930 [INFO] PluginManager:220 - loadIPPluginJar : add ucpd
2025-11-03 19:30:13,932 [INFO] IPUIPlugin:80 - create IPUIPlugin
2025-11-03 19:30:13,932 [INFO] PluginManager:220 - loadIPPluginJar : add usart
2025-11-03 19:30:13,934 [INFO] IPUIPlugin:80 - create IPUIPlugin
2025-11-03 19:30:13,934 [INFO] PluginManager:220 - loadIPPluginJar : add usbx
2025-11-03 19:30:14,055 [FATAL] Updater:351 - Updater called before beeing initialized
2025-11-03 19:30:14,077 [INFO] RulesReader:64 - Compatibility file has been processed (317 Rules)
2025-11-03 19:30:14,087 [INFO] RulesReader:64 - Compatibility file has been processed (317 Rules)
2025-11-03 19:30:14,096 [INFO] CADModel:165 - CPN selected for project level
2025-11-03 19:30:14,096 [INFO] CADModel:114 - Register for checkConnection events
2025-11-03 19:30:14,097 [FATAL] Updater:351 - Updater called before beeing initialized
2025-11-03 19:30:14,097 [ERROR] CADModel:125 - Updater not yet initialized, retry later 
2025-11-03 19:30:14,208 [FATAL] Updater:351 - Updater called before beeing initialized
2025-11-03 19:30:14,209 [INFO] CADModel:165 - CPN selected for project level
2025-11-03 19:30:14,209 [INFO] CADModel:114 - Register for checkConnection events
2025-11-03 19:30:14,209 [FATAL] Updater:351 - Updater called before beeing initialized
2025-11-03 19:30:14,209 [ERROR] CADModel:125 - Updater not yet initialized, retry later 
2025-11-03 19:30:14,212 [FATAL] Updater:351 - Updater called before beeing initialized
2025-11-03 19:30:14,304 [FATAL] Updater:351 - Updater called before beeing initialized
2025-11-03 19:30:14,308 [INFO] DbMcusAds:53 - JSON generation date=Thu Oct 02 15:06:05 IST 2025 (1759397765645)
2025-11-03 19:30:14,308 [FATAL] Updater:351 - Updater called before beeing initialized
2025-11-03 19:30:14,335 [WARN] DetailPanel:346 - Failed to get advertising image, set to default
2025-11-03 19:30:14,404 [FATAL] Updater:351 - Updater called before beeing initialized
2025-11-03 19:30:14,406 [FATAL] Updater:351 - Updater called before beeing initialized
2025-11-03 19:30:14,406 [FATAL] Updater:351 - Updater called before beeing initialized
2025-11-03 19:30:14,406 [WARN] DetailPanel:346 - Failed to get advertising image, set to default
2025-11-03 19:30:14,407 [FATAL] Updater:351 - Updater called before beeing initialized
2025-11-03 19:30:14,440 [ERROR] Updater:1198 - MainUpdater not yet initialized. External WinMGr cannot be set.
2025-11-03 19:30:14,442 [INFO] Updater:1134 - Updater Version found : 6.15.0
2025-11-03 19:30:14,456 [INFO] ApplicationProperties:184 - Using Application install path: C:\ST\STM32CubeIDE_1.19.0\STM32CubeIDE\plugins\com.st.stm32cube.common.mx_6.15.0.202507011659
2025-11-03 19:30:16,066 [ERROR] LogOutputStream:75 - [STDERR_REDIRECT] Nov 03, 2025 7:30:16 PM java.util.prefs.WindowsPreferences <init>
2025-11-03 19:30:16,067 [ERROR] LogOutputStream:75 - [STDERR_REDIRECT] WARNING: Could not open/create prefs root node Software\JavaSoft\Prefs at root 0xffffffff80000002. Windows RegCreateKeyEx(...) returned error code 5.
2025-11-03 19:30:16,067 [ERROR] LogOutputStream:75 - [STDERR_REDIRECT] 
2025-11-03 19:30:16,381 [INFO] ThirdPartyUpdaterWithRetryManager:70 - Updater plugin not ready yet. [2/15]
2025-11-03 19:30:16,518 [INFO] MainUpdater:2872 - connection check result : 10
2025-11-03 19:30:16,519 [INFO] MainUpdater:289 - Updater Check For Update Now.
2025-11-03 19:30:16,519 [INFO] MicroXplorer:498 - Change Database Version : DB.6.0.150
2025-11-03 19:30:16,523 [INFO] McuFinderGlobals:63 - Set McuFinder mode to 2 (CubeIDE integrated)
2025-11-03 19:30:16,523 [INFO] UserAuth:171 - activating auth plugin
2025-11-03 19:30:16,525 [INFO] UserAuth:487 - Internet connection configuration mode: 1
2025-11-03 19:30:16,543 [INFO] JxBrowserEngine:152 - Initiate JxBrowser Engine with user profile folder
2025-11-03 19:30:16,686 [INFO] CheckServerUpdateThread:120 - End of CheckServer Thread
2025-11-03 19:30:16,998 [INFO] WebApp:169 - Instantiating new browser for Auth
2025-11-03 19:30:17,500 [INFO] WebApp:463 - Apply proxy settings
2025-11-03 19:30:17,500 [INFO] WebApp:548 - Chromium requires no authentication
2025-11-03 19:30:17,506 [INFO] WebApp:491 - Direct internet connection detected
2025-11-03 19:30:17,521 [INFO] WebApp:900 - Register for checkConnection events
2025-11-03 19:30:17,522 [INFO] WebApp:463 - Apply proxy settings
2025-11-03 19:30:17,522 [INFO] WebApp:548 - Chromium requires no authentication
2025-11-03 19:30:17,522 [INFO] WebApp:491 - Direct internet connection detected
2025-11-03 19:30:17,629 [INFO] WebApp:225 - Starting web application
2025-11-03 19:30:17,629 [INFO] WebApp:593 - Web application path used C:\ST\STM32CubeIDE_1.19.0\STM32CubeIDE\plugins\com.st.stm32cube.common.mx_6.15.0.202507011659\db\plugins\mcufinder\reactClient1\index.html
2025-11-03 19:30:18,457 [INFO] WebApp:191 - Connection restablished
2025-11-03 19:30:19,587 [WARN] PackLoader:240 - Cannot read IP mode file for STMicroelectronics.FP-SNS-MOTENVWB1.1.4.0
2025-11-03 19:30:19,595 [WARN] PackLoader:240 - Cannot read IP mode file for STMicroelectronics.FP-ATR-ASTRA1.2.0.2
2025-11-03 19:30:19,602 [WARN] PackLoader:240 - Cannot read IP mode file for STMicroelectronics.X-CUBE-SMBUS.2.1.0
2025-11-03 19:30:19,629 [WARN] PackLoader:240 - Cannot read IP mode file for STMicroelectronics.X-CUBE-AZRTOS-F7.1.1.0
2025-11-03 19:30:19,636 [WARN] PackLoader:240 - Cannot read IP mode file for Cesanta.I-CUBE-Mongoose.7.19.0
2025-11-03 19:30:19,640 [WARN] PackLoader:240 - Cannot read IP mode file for STMicroelectronics.FP-SNS-MOTENV1.5.1.0
2025-11-03 19:30:19,650 [WARN] PackLoader:240 - Cannot read IP mode file for WES.I-CUBE-Cesium.1.4.0
2025-11-03 19:30:19,667 [WARN] PackLoader:240 - Cannot read IP mode file for Infineon.AIROC-Wi-Fi-Bluetooth-STM32.1.7.1
2025-11-03 19:30:19,702 [WARN] PackLoader:240 - Cannot read IP mode file for STMicroelectronics.X-CUBE-AZRTOS-H7.3.4.0
2025-11-03 19:30:19,716 [WARN] PackLoader:240 - Cannot read IP mode file for STMicroelectronics.X-CUBE-DISPLAY.3.0.0
2025-11-03 19:30:19,731 [WARN] PackLoader:240 - Cannot read IP mode file for STMicroelectronics.X-CUBE-NFC10.1.0.0
2025-11-03 19:30:19,737 [WARN] PackLoader:240 - Cannot read IP mode file for STMicroelectronics.X-CUBE-ST60.1.1.0
2025-11-03 19:30:19,745 [WARN] PackLoader:240 - Cannot read IP mode file for emotas.I-CUBE-CANOPEN.1.3.0
2025-11-03 19:30:19,751 [WARN] PackLoader:240 - Cannot read IP mode file for STMicroelectronics.X-CUBE-GNSS1.7.1.0
2025-11-03 19:30:19,780 [WARN] PackLoader:240 - Cannot read IP mode file for STMicroelectronics.FP-SNS-STBOX1.2.1.0
2025-11-03 19:30:19,787 [WARN] PackLoader:240 - Cannot read IP mode file for STMicroelectronics.FP-SNS-SMARTAG2.1.2.0
2025-11-03 19:30:19,795 [WARN] PackLoader:240 - Cannot read IP mode file for STMicroelectronics.FP-SNS-FLIGHT1.5.1.0
2025-11-03 19:30:19,806 [INFO] LogOutputStream:77 - [STDOUT_REDIRECT] 1 : Invalid condition id : UX_CORESTACK_Condition cause : null
2025-11-03 19:30:19,807 [INFO] LogOutputStream:77 - [STDOUT_REDIRECT] 1 : Invalid condition id : UX_CORESTACK_Condition cause : null
2025-11-03 19:30:19,807 [INFO] LogOutputStream:77 - [STDOUT_REDIRECT] 1 : Invalid condition id : UX_CORESTACK_Condition cause : null
2025-11-03 19:30:19,809 [INFO] LogOutputStream:77 - [STDOUT_REDIRECT] 1 : Invalid condition id : UX_CORESTACK_Condition cause : null
2025-11-03 19:30:19,811 [INFO] LogOutputStream:77 - [STDOUT_REDIRECT] 1 : Invalid condition id : UX_CORESTACK_Condition cause : null
2025-11-03 19:30:19,814 [WARN] PackLoader:240 - Cannot read IP mode file for STMicroelectronics.X-CUBE-AZRTOS-WL.2.0.0
2025-11-03 19:30:19,819 [WARN] PackLoader:240 - Cannot read IP mode file for STMicroelectronics.X-CUBE-BLE2.3.3.0
2025-11-03 19:30:19,824 [WARN] PackLoader:240 - Cannot read IP mode file for STMicroelectronics.X-CUBE-NFC9.1.0.0
2025-11-03 19:30:19,831 [WARN] PackLoader:240 - Cannot read IP mode file for wolfSSL.I-CUBE-wolfSSL.5.8.2
2025-11-03 19:30:19,834 [WARN] PackLoader:240 - Cannot read IP mode file for STMicroelectronics.X-CUBE-BLE1.7.1.0
2025-11-03 19:30:19,837 [WARN] PackLoader:240 - Cannot read IP mode file for wolfSSL.I-CUBE-wolfMQTT.1.19.2
2025-11-03 19:30:19,841 [WARN] PackLoader:240 - Cannot read IP mode file for STMicroelectronics.X-CUBE-EEPRMA1.5.2.0
2025-11-03 19:30:19,848 [WARN] PackLoader:240 - Cannot read IP mode file for STMicroelectronics.X-CUBE-ST67W61.1.1.0
2025-11-03 19:30:19,858 [WARN] PackLoader:240 - Cannot read IP mode file for STMicroelectronics.X-CUBE-AZRTOS-G0.1.1.0
2025-11-03 19:30:19,866 [WARN] PackLoader:240 - Cannot read IP mode file for STMicroelectronics.X-CUBE-SAFEA1.1.2.2
2025-11-03 19:30:19,873 [WARN] PackLoader:240 - Cannot read IP mode file for STMicroelectronics.X-CUBE-NFC4.3.0.0
2025-11-03 19:30:19,882 [WARN] PackLoader:240 - Cannot read IP mode file for EmbeddedOffice.I-CUBE-FS-RTOS.1.0.1
2025-11-03 19:30:19,886 [WARN] PackLoader:240 - Cannot read IP mode file for STMicroelectronics.X-CUBE-WB05N.2.0.0
2025-11-03 19:30:19,891 [WARN] PackLoader:240 - Cannot read IP mode file for wolfSSL.I-CUBE-wolfTPM.3.8.0
2025-11-03 19:30:19,897 [WARN] PackLoader:240 - Cannot read IP mode file for STMicroelectronics.X-CUBE-TCPP.4.2.0
2025-11-03 19:30:19,903 [WARN] PackLoader:240 - Cannot read IP mode file for RealThread.X-CUBE-RT-Thread_Nano.4.1.1
2025-11-03 19:30:19,907 [WARN] PackLoader:240 - Cannot read IP mode file for STMicroelectronics.FP-ATR-SIGFOX1.3.2.0
2025-11-03 19:30:19,914 [WARN] PackLoader:240 - Cannot read IP mode file for ITTIA_DB.I-CUBE-ITTIADB.8.9.0
2025-11-03 19:30:19,919 [WARN] PackLoader:240 - Cannot read IP mode file for STMicroelectronics.X-CUBE-AI.10.2.0
2025-11-03 19:30:19,939 [WARN] PackLoader:240 - Cannot read IP mode file for SEGGER.I-CUBE-embOS.1.3.1
2025-11-03 19:30:20,002 [WARN] PackLoader:240 - Cannot read IP mode file for STMicroelectronics.X-CUBE-ALGOBUILD.1.4.0
2025-11-03 19:30:20,081 [WARN] PackLoader:240 - Cannot read IP mode file for STMicroelectronics.X-CUBE-MEMS1.11.3.0
2025-11-03 19:30:20,205 [WARN] PackLoader:240 - Cannot read IP mode file for STMicroelectronics.X-CUBE-PM33A1.1.0.0
2025-11-03 19:30:20,219 [WARN] PackLoader:240 - Cannot read IP mode file for STMicroelectronics.X-CUBE-AZRTOS-F4.1.1.0
2025-11-03 19:30:20,224 [WARN] PackLoader:240 - Cannot read IP mode file for STMicroelectronics.X-CUBE-ISPU.2.1.0
2025-11-03 19:30:20,237 [WARN] PackLoader:240 - Cannot read IP mode file for STMicroelectronics.X-CUBE-IPS.3.2.0
2025-11-03 19:30:20,249 [WARN] PackLoader:240 - Cannot read IP mode file for STMicroelectronics.X-CUBE-NFC12.1.0.0
2025-11-03 19:30:20,265 [WARN] PackLoader:240 - Cannot read IP mode file for STMicroelectronics.X-CUBE-AZRTOS-L5.2.0.0
2025-11-03 19:30:20,273 [WARN] PackLoader:240 - Cannot read IP mode file for STMicroelectronics.X-CUBE-NFC6.3.1.0
2025-11-03 19:30:20,282 [WARN] PackLoader:240 - Cannot read IP mode file for STMicroelectronics.X-CUBE-FREERTOS.1.3.1
2025-11-03 19:30:20,288 [WARN] PackLoader:240 - Cannot read IP mode file for STMicroelectronics.X-CUBE-TOUCHGFX.4.26.0
2025-11-03 19:30:20,295 [WARN] PackLoader:240 - Cannot read IP mode file for STMicroelectronics.FP-SNS-STAIOTCFT.1.0.0
2025-11-03 19:30:20,301 [WARN] PackLoader:240 - Cannot read IP mode file for STMicroelectronics.X-CUBE-DPower.1.3.0
2025-11-03 19:30:20,317 [WARN] ConditionMgr:438 - getConditionDescription Invalid condition id : LAN8742 Phy interface Condition cause : null
2025-11-03 19:30:20,318 [WARN] PackLoader:240 - Cannot read IP mode file for STMicroelectronics.X-CUBE-AZRTOS-L4.2.0.0
2025-11-03 19:30:20,319 [WARN] ConditionMgr:1044 - genDependencies : Invalid condition id : LAN8742 Phy interface Condition cause : null
2025-11-03 19:30:20,319 [WARN] ConditionMgr:1044 - genDependencies : Invalid condition id : LAN8742 Phy interface Condition cause : null
2025-11-03 19:30:20,319 [WARN] ConditionMgr:1044 - genDependencies : Invalid condition id : LAN8742 Phy interface Condition cause : null
2025-11-03 19:30:20,329 [WARN] PackLoader:240 - Cannot read IP mode file for STMicroelectronics.X-CUBE-SFXS2LP1.4.0.0
2025-11-03 19:30:20,339 [WARN] PackLoader:240 - Cannot read IP mode file for STMicroelectronics.X-CUBE-BLEMGR.4.1.0
2025-11-03 19:30:20,363 [WARN] ConditionMgr:438 - getConditionDescription Invalid condition id : UX DEVICE CLASS RTOS Condition cause : null
2025-11-03 19:30:20,364 [WARN] ConditionMgr:438 - getConditionDescription Invalid condition id : UX DEVICE CLASS RTOS Condition cause : null
2025-11-03 19:30:20,366 [WARN] PackLoader:240 - Cannot read IP mode file for STMicroelectronics.X-CUBE-AZRTOS-WB.2.0.0
2025-11-03 19:30:20,366 [WARN] ConditionMgr:1044 - genDependencies : Invalid condition id : UX DEVICE CLASS RTOS Condition cause : null
2025-11-03 19:30:20,367 [WARN] ConditionMgr:1044 - genDependencies : Invalid condition id : UX DEVICE CLASS RTOS Condition cause : null
2025-11-03 19:30:20,367 [WARN] ConditionMgr:1044 - genDependencies : Invalid condition id : UX DEVICE CLASS RTOS Condition cause : null
2025-11-03 19:30:20,367 [WARN] ConditionMgr:1044 - genDependencies : Invalid condition id : UX DEVICE CLASS RTOS Condition cause : null
2025-11-03 19:30:20,367 [WARN] ConditionMgr:1044 - genDependencies : Invalid condition id : UX DEVICE CLASS RTOS Condition cause : null
2025-11-03 19:30:20,378 [WARN] ConditionMgr:438 - getConditionDescription Invalid condition id : Cortex-A Device cause : null
2025-11-03 19:30:20,400 [WARN] ConditionMgr:1044 - genDependencies : Invalid condition id : Cortex-A Device cause : null
2025-11-03 19:30:20,400 [WARN] ConditionMgr:1044 - genDependencies : Invalid condition id : Cortex-A Device cause : null
2025-11-03 19:30:20,400 [WARN] ConditionMgr:1044 - genDependencies : Invalid condition id : Cortex-A Device cause : null
2025-11-03 19:30:20,413 [WARN] PackLoader:240 - Cannot read IP mode file for STMicroelectronics.X-CUBE-SUBG2.5.0.0
2025-11-03 19:30:20,436 [WARN] PackLoader:240 - Cannot read IP mode file for STMicroelectronics.X-CUBE-AZRTOS-H7RS.1.1.0
2025-11-03 19:30:20,478 [WARN] PackLoader:240 - Cannot read IP mode file for STMicroelectronics.X-CUBE-AZRTOS-G4.2.0.0
2025-11-03 19:30:20,485 [WARN] PackLoader:240 - Cannot read IP mode file for wolfSSL.I-CUBE-wolfSSH.1.4.20
2025-11-03 19:30:20,492 [WARN] PackLoader:240 - Cannot read IP mode file for STMicroelectronics.X-CUBE-NFC7.2.0.0
2025-11-03 19:30:20,500 [WARN] PackLoader:240 - Cannot read IP mode file for STMicroelectronics.X-CUBE-ALS.1.0.2
2025-11-03 19:30:20,508 [WARN] PackLoader:240 - Cannot read IP mode file for STMicroelectronics.X-CUBE-STSE01.1.0.0
2025-11-03 19:30:20,518 [WARN] PackLoader:240 - Cannot read IP mode file for STMicroelectronics.X-CUBE-TOF1.3.4.3
2025-11-03 19:30:20,525 [INFO] ThirdParty:978 - Integrity check success = true
2025-11-03 19:30:20,525 [INFO] IntegrityCheckThread:100 - exiting critical section [integrity check]
2025-11-03 19:30:20,525 [INFO] IntegrityCheckThread:103 - End integrity checks thread
2025-11-03 19:34:00,487 [ERROR] LogOutputStream:75 - [STDERR_REDIRECT] 
