2025-11-10 10:49:05,922 [INFO] Activator:176 - 


2025-11-10 10:49:05,926 [INFO] Activator:177 - !SESSION log4j initialized
2025-11-10 10:49:11,481 [INFO] LogOutputStream:77 - [STDOUT_REDIRECT] 
2025-11-10 10:49:12,564 [INFO] ApplicationProperties:184 - Using Application install path: C:\ST\STM32CubeIDE_1.19.0\STM32CubeIDE\plugins\com.st.stm32cube.common.mx_6.15.0.202507011659
2025-11-10 10:49:12,583 [INFO] DbMcusXml:78 - Set database path to: C:\ST\STM32CubeIDE_1.19.0\STM32CubeIDE\plugins\com.st.stm32cube.common.mx_6.15.0.202507011659\\db\/mcu/
2025-11-10 10:49:12,583 [INFO] ApiDb:274 - Set plugin database path to: C:\ST\STM32CubeIDE_1.19.0\STM32CubeIDE\plugins\com.st.stm32cube.common.mx_6.15.0.202507011659\\db\/plugins/boardmanager/
2025-11-10 10:49:12,585 [WARN] ApiDb:259 - Overriding images path with different value:  => C:\ST\STM32CubeIDE_1.19.0\STM32CubeIDE\plugins\com.st.stm32cube.common.mx_6.15.0.202507011659\\db\/plugins/mcufinder/images/
2025-11-10 10:49:12,589 [INFO] ApiDb:250 - Set database path to: C:\Users\USER\.stmcufinder\plugins\mcufinder//mcu/
2025-11-10 10:49:12,590 [INFO] DbMcusAds:125 - Set database path to: C:\Users\USER\.stmcufinder\plugins\mcufinder//mcu/
2025-11-10 10:49:12,592 [INFO] CrossReferenceDbSqlite:203 - Set database path to: C:\Users\USER\.stmcufinder\plugins\mcufinder//mcu/cs/
2025-11-10 10:49:12,708 [INFO] RulesReader:64 - Compatibility file has been processed (317 Rules)
2025-11-10 10:49:12,773 [INFO] DbMcusXml:78 - Set database path to: C:\ST\STM32CubeIDE_1.19.0\STM32CubeIDE\plugins\com.st.stm32cube.common.mx_6.15.0.202507011659\\db\/mcu/
2025-11-10 10:49:12,774 [INFO] ApiDb:274 - Set plugin database path to: C:\ST\STM32CubeIDE_1.19.0\STM32CubeIDE\plugins\com.st.stm32cube.common.mx_6.15.0.202507011659\\db\/plugins/boardmanager/
2025-11-10 10:49:12,774 [INFO] ApiDb:261 - Set plugin images path to: C:\ST\STM32CubeIDE_1.19.0\STM32CubeIDE\plugins\com.st.stm32cube.common.mx_6.15.0.202507011659\\db\/plugins/mcufinder/images/
2025-11-10 10:49:12,774 [WARN] DbFile:41 - Overriding database path with different value: C:\Users\USER\.stmcufinder\plugins\mcufinder/ => C:\Users\USER\.stmcufinder\plugins\mcufinder
2025-11-10 10:49:12,774 [INFO] ApiDb:250 - Set database path to: C:\Users\USER\.stmcufinder\plugins\mcufinder//mcu/
2025-11-10 10:49:12,774 [WARN] DbFile:41 - Overriding database path with different value: C:\Users\USER\.stmcufinder\plugins\mcufinder/ => C:\Users\USER\.stmcufinder\plugins\mcufinder
2025-11-10 10:49:12,775 [INFO] DbMcusAds:125 - Set database path to: C:\Users\USER\.stmcufinder\plugins\mcufinder//mcu/
2025-11-10 10:49:12,775 [WARN] DbFile:41 - Overriding database path with different value: C:\Users\USER\.stmcufinder\plugins\mcufinder/ => C:\Users\USER\.stmcufinder\plugins\mcufinder
2025-11-10 10:49:12,775 [WARN] DbFile:41 - Overriding database path with different value: C:\Users\USER\.stmcufinder\plugins\mcufinder/ => C:\Users\USER\.stmcufinder\plugins\mcufinder
2025-11-10 10:49:12,775 [INFO] CrossReferenceDbSqlite:203 - Set database path to: C:\Users\USER\.stmcufinder\plugins\mcufinder//mcu/cs/
2025-11-10 10:49:12,836 [INFO] MainPanel:274 - HeapMemory: 268435456
2025-11-10 10:49:12,906 [INFO] DbMcusXml:78 - Set database path to: C:\ST\STM32CubeIDE_1.19.0\STM32CubeIDE\plugins\com.st.stm32cube.common.mx_6.15.0.202507011659\\db\/mcu/
2025-11-10 10:49:12,906 [INFO] ApiDb:274 - Set plugin database path to: C:\ST\STM32CubeIDE_1.19.0\STM32CubeIDE\plugins\com.st.stm32cube.common.mx_6.15.0.202507011659\\db\/plugins/boardmanager/
2025-11-10 10:49:12,906 [INFO] ApiDb:261 - Set plugin images path to: C:\ST\STM32CubeIDE_1.19.0\STM32CubeIDE\plugins\com.st.stm32cube.common.mx_6.15.0.202507011659\\db\/plugins/mcufinder/images/
2025-11-10 10:49:12,906 [WARN] DbFile:41 - Overriding database path with different value: C:\Users\USER\.stmcufinder\plugins\mcufinder/ => C:\Users\USER\.stmcufinder\plugins\mcufinder
2025-11-10 10:49:12,906 [INFO] ApiDb:250 - Set database path to: C:\Users\USER\.stmcufinder\plugins\mcufinder//mcu/
2025-11-10 10:49:12,907 [WARN] DbFile:41 - Overriding database path with different value: C:\Users\USER\.stmcufinder\plugins\mcufinder/ => C:\Users\USER\.stmcufinder\plugins\mcufinder
2025-11-10 10:49:12,907 [INFO] DbMcusAds:125 - Set database path to: C:\Users\USER\.stmcufinder\plugins\mcufinder//mcu/
2025-11-10 10:49:12,907 [WARN] DbFile:41 - Overriding database path with different value: C:\Users\USER\.stmcufinder\plugins\mcufinder/ => C:\Users\USER\.stmcufinder\plugins\mcufinder
2025-11-10 10:49:12,907 [WARN] DbFile:41 - Overriding database path with different value: C:\Users\USER\.stmcufinder\plugins\mcufinder/ => C:\Users\USER\.stmcufinder\plugins\mcufinder
2025-11-10 10:49:12,907 [INFO] CrossReferenceDbSqlite:203 - Set database path to: C:\Users\USER\.stmcufinder\plugins\mcufinder//mcu/cs/
2025-11-10 10:49:12,920 [INFO] ApplicationProperties:184 - Using Application install path: C:\ST\STM32CubeIDE_1.19.0\STM32CubeIDE\plugins\com.st.stm32cube.common.mx_6.15.0.202507011659
2025-11-10 10:49:12,921 [INFO] PluginManage:196 - Search for loadable plugins [exclusion list=, ]
2025-11-10 10:49:12,922 [INFO] PluginManage:310 - Check plugin analytics
2025-11-10 10:49:13,096 [INFO] AnalyticsPlugin:253 - Accepted Software Licenses: 
2025-11-10 10:49:13,096 [INFO] AnalyticsPlugin:255 - Accepted CMSIS Pack Licenses: 
2025-11-10 10:49:13,097 [INFO] AnalyticsPlugin:257 - Accepted Firmware Licenses: 
2025-11-10 10:49:13,099 [INFO] PluginManage:359 - Loaded plugin analytics (category:tool,tabindex:-1)
2025-11-10 10:49:13,099 [INFO] PluginManage:310 - Check plugin cadmodel
2025-11-10 10:49:13,103 [INFO] CADModel:105 - Init CAD model plugin
2025-11-10 10:49:13,103 [INFO] PluginManage:359 - Loaded plugin cadmodel (category:power,tabindex:5)
2025-11-10 10:49:13,103 [INFO] PluginManage:310 - Check plugin clock
2025-11-10 10:49:13,114 [INFO] PluginManage:359 - Loaded plugin clock (category:base,tabindex:2)
2025-11-10 10:49:13,114 [INFO] PluginManage:310 - Check plugin ddr
2025-11-10 10:49:13,116 [INFO] PluginManage:359 - Loaded plugin ddr (category:tool,tabindex:6)
2025-11-10 10:49:13,117 [INFO] PluginManage:310 - Check plugin filemanager
2025-11-10 10:49:13,283 [INFO] PluginManage:359 - Loaded plugin filemanager (category:base,tabindex:10)
2025-11-10 10:49:13,283 [INFO] PluginManage:310 - Check plugin ipmanager
2025-11-10 10:49:13,290 [INFO] PluginManage:359 - Loaded plugin ipmanager (category:base,tabindex:5)
2025-11-10 10:49:13,290 [INFO] PluginManage:310 - Check plugin lpbam
2025-11-10 10:49:13,298 [INFO] PluginManage:359 - Loaded plugin lpbam (category:base,tabindex:0)
2025-11-10 10:49:13,298 [INFO] PluginManage:310 - Check plugin memorymap
2025-11-10 10:49:13,309 [INFO] PluginManage:359 - Loaded plugin memorymap (category:base,tabindex:4)
2025-11-10 10:49:13,309 [INFO] PluginManage:310 - Check plugin pinoutandconfiguration
2025-11-10 10:49:13,317 [INFO] PluginManage:359 - Loaded plugin pinoutandconfiguration (category:base,tabindex:1)
2025-11-10 10:49:13,317 [INFO] PluginManage:310 - Check plugin pinoutconfig
2025-11-10 10:49:13,408 [WARN] SupportedApi:132 - Cannot load RTOS API schema: s4s-elt-must-match.1: The content of 'definitions' must match (annotation?, (simpleType | complexType)?, (unique | key | keyref)*)). A problem was found starting at: attribute.
2025-11-10 10:49:13,517 [INFO] PluginManage:359 - Loaded plugin pinoutconfig (category:base,tabindex:0)
2025-11-10 10:49:13,517 [INFO] PluginManage:310 - Check plugin power
2025-11-10 10:49:13,522 [INFO] PluginManage:359 - Loaded plugin power (category:power,tabindex:4)
2025-11-10 10:49:13,522 [INFO] PluginManage:310 - Check plugin projectmanager
2025-11-10 10:49:13,534 [INFO] PluginManage:359 - Loaded plugin projectmanager (category:projectmanager,tabindex:4)
2025-11-10 10:49:13,535 [INFO] PluginManage:310 - Check plugin rif
2025-11-10 10:49:13,543 [INFO] PluginManage:359 - Loaded plugin rif (category:base,tabindex:3)
2025-11-10 10:49:13,543 [INFO] PluginManage:310 - Check plugin thirdparty
2025-11-10 10:49:13,668 [INFO] PluginManage:359 - Loaded plugin thirdparty (category:base,tabindex:-1)
2025-11-10 10:49:13,668 [WARN] IntegrityCheckThread:84 - waiting for thirdparty lock release [integrity check]
2025-11-10 10:49:13,668 [INFO] IntegrityCheckThread:86 - entering critical section [integrity check]
2025-11-10 10:49:13,668 [INFO] PluginManage:310 - Check plugin tools
2025-11-10 10:49:13,668 [INFO] ThirdPartyUpdaterWithRetryManager:70 - Updater plugin not ready yet. [1/15]
2025-11-10 10:49:13,670 [INFO] PluginManage:359 - Loaded plugin tools (category:base,tabindex:7)
2025-11-10 10:49:13,670 [INFO] PluginManage:310 - Check plugin tutovideos
2025-11-10 10:49:13,851 [INFO] PluginManage:359 - Loaded plugin tutovideos (category:base,tabindex:-1)
2025-11-10 10:49:13,851 [INFO] PluginManage:310 - Check plugin updater
2025-11-10 10:49:13,871 [INFO] PluginManage:359 - Loaded plugin updater (category:base,tabindex:12)
2025-11-10 10:49:13,871 [INFO] PluginManage:310 - Check plugin userauth
2025-11-10 10:49:13,874 [INFO] UserAuth:118 - Init User Auth plugin
2025-11-10 10:49:13,874 [INFO] PluginManage:359 - Loaded plugin userauth (category:base,tabindex:14)
2025-11-10 10:49:13,875 [INFO] PluginManage:283 - PluginManage : Loaded plugins [18]
2025-11-10 10:49:14,049 [INFO] PinOutPanel:1589 - setPackage(No Configuration,No Configuration)
2025-11-10 10:49:14,123 [INFO] CADModel:165 - CPN selected for project level
2025-11-10 10:49:14,124 [INFO] CADModel:114 - Register for checkConnection events
2025-11-10 10:49:14,136 [INFO] IPUIPlugin:80 - create IPUIPlugin
2025-11-10 10:49:14,137 [INFO] PluginManager:220 - loadIPPluginJar : add adc
2025-11-10 10:49:14,138 [INFO] IPUIPlugin:80 - create IPUIPlugin
2025-11-10 10:49:14,139 [INFO] PluginManager:220 - loadIPPluginJar : add aes
2025-11-10 10:49:14,140 [INFO] IPUIPlugin:80 - create IPUIPlugin
2025-11-10 10:49:14,140 [INFO] PluginManager:220 - loadIPPluginJar : add can
2025-11-10 10:49:14,142 [INFO] IPUIPlugin:80 - create IPUIPlugin
2025-11-10 10:49:14,142 [INFO] PluginManager:220 - loadIPPluginJar : add comp
2025-11-10 10:49:14,144 [INFO] IPUIPlugin:80 - create IPUIPlugin
2025-11-10 10:49:14,144 [INFO] PluginManager:220 - loadIPPluginJar : add cryp
2025-11-10 10:49:14,146 [INFO] IPUIPlugin:80 - create IPUIPlugin
2025-11-10 10:49:14,146 [INFO] PluginManager:220 - loadIPPluginJar : add ddr_ctrl_phy
2025-11-10 10:49:14,147 [INFO] IPUIPlugin:80 - create IPUIPlugin
2025-11-10 10:49:14,148 [INFO] PluginManager:220 - loadIPPluginJar : add dfsdm
2025-11-10 10:49:14,158 [INFO] IPUIPlugin:80 - create IPUIPlugin
2025-11-10 10:49:14,158 [INFO] PluginManager:220 - loadIPPluginJar : add dma
2025-11-10 10:49:14,160 [INFO] IPUIPlugin:80 - create IPUIPlugin
2025-11-10 10:49:14,160 [INFO] PluginManager:220 - loadIPPluginJar : add dma3
2025-11-10 10:49:14,161 [INFO] IPUIPlugin:80 - create IPUIPlugin
2025-11-10 10:49:14,162 [INFO] PluginManager:220 - loadIPPluginJar : add extmemmanager
2025-11-10 10:49:14,162 [INFO] IPUIPlugin:80 - create IPUIPlugin
2025-11-10 10:49:14,162 [INFO] PluginManager:220 - loadIPPluginJar : add fatfs
2025-11-10 10:49:14,165 [INFO] IPUIPlugin:80 - create IPUIPlugin
2025-11-10 10:49:14,165 [INFO] PluginManager:220 - loadIPPluginJar : add fmc
2025-11-10 10:49:14,171 [INFO] IPUIPlugin:80 - create IPUIPlugin
2025-11-10 10:49:14,171 [INFO] PluginManager:220 - loadIPPluginJar : add freertos
2025-11-10 10:49:14,171 [INFO] IPUIPlugin:80 - create IPUIPlugin
2025-11-10 10:49:14,171 [INFO] PluginManager:220 - loadIPPluginJar : add genericplugin
2025-11-10 10:49:14,172 [INFO] IPUIPlugin:80 - create IPUIPlugin
2025-11-10 10:49:14,172 [INFO] PluginManager:220 - loadIPPluginJar : add gfxmmu
2025-11-10 10:49:14,177 [INFO] IPUIPlugin:80 - create IPUIPlugin
2025-11-10 10:49:14,177 [INFO] PluginManager:220 - loadIPPluginJar : add gic
2025-11-10 10:49:14,179 [INFO] IPUIPlugin:80 - create IPUIPlugin
2025-11-10 10:49:14,179 [INFO] PluginManager:220 - loadIPPluginJar : add gpio
2025-11-10 10:49:14,180 [INFO] IPUIPlugin:80 - create IPUIPlugin
2025-11-10 10:49:14,180 [INFO] PluginManager:220 - loadIPPluginJar : add gtzc
2025-11-10 10:49:14,182 [INFO] IPUIPlugin:80 - create IPUIPlugin
2025-11-10 10:49:14,182 [INFO] PluginManager:220 - loadIPPluginJar : add hash
2025-11-10 10:49:14,184 [INFO] IPUIPlugin:80 - create IPUIPlugin
2025-11-10 10:49:14,184 [INFO] PluginManager:220 - loadIPPluginJar : add i2c
2025-11-10 10:49:14,185 [INFO] IPUIPlugin:80 - create IPUIPlugin
2025-11-10 10:49:14,185 [INFO] PluginManager:220 - loadIPPluginJar : add i2s
2025-11-10 10:49:14,187 [INFO] IPUIPlugin:80 - create IPUIPlugin
2025-11-10 10:49:14,187 [INFO] PluginManager:220 - loadIPPluginJar : add i3c
2025-11-10 10:49:14,190 [INFO] IPUIPlugin:80 - create IPUIPlugin
2025-11-10 10:49:14,190 [INFO] PluginManager:220 - loadIPPluginJar : add ipddr
2025-11-10 10:49:14,197 [INFO] IPUIPlugin:80 - create IPUIPlugin
2025-11-10 10:49:14,197 [INFO] PluginManager:220 - loadIPPluginJar : add linkedlist
2025-11-10 10:49:14,200 [INFO] IPUIPlugin:80 - create IPUIPlugin
2025-11-10 10:49:14,200 [INFO] PluginManager:220 - loadIPPluginJar : add lorawan
2025-11-10 10:49:14,200 [INFO] IPUIPlugin:80 - create IPUIPlugin
2025-11-10 10:49:14,200 [INFO] PluginManager:220 - loadIPPluginJar : add ltdc
2025-11-10 10:49:14,206 [INFO] IPUIPlugin:80 - create IPUIPlugin
2025-11-10 10:49:14,206 [INFO] PluginManager:220 - loadIPPluginJar : add mdma
2025-11-10 10:49:14,207 [INFO] IPUIPlugin:80 - create IPUIPlugin
2025-11-10 10:49:14,207 [INFO] PluginManager:220 - loadIPPluginJar : add nvic
2025-11-10 10:49:14,210 [INFO] IPUIPlugin:80 - create IPUIPlugin
2025-11-10 10:49:14,210 [INFO] PluginManager:220 - loadIPPluginJar : add opamp
2025-11-10 10:49:14,212 [INFO] IPUIPlugin:80 - create IPUIPlugin
2025-11-10 10:49:14,212 [INFO] PluginManager:220 - loadIPPluginJar : add openamp
2025-11-10 10:49:14,213 [INFO] IPUIPlugin:80 - create IPUIPlugin
2025-11-10 10:49:14,213 [INFO] PluginManager:220 - loadIPPluginJar : add pdm2pcm
2025-11-10 10:49:14,218 [INFO] IPUIPlugin:80 - create IPUIPlugin
2025-11-10 10:49:14,221 [INFO] PluginManager:220 - loadIPPluginJar : add plateformsettings
2025-11-10 10:49:14,222 [INFO] IPUIPlugin:80 - create IPUIPlugin
2025-11-10 10:49:14,222 [INFO] PluginManager:220 - loadIPPluginJar : add quadspi
2025-11-10 10:49:14,222 [INFO] IPUIPlugin:80 - create IPUIPlugin
2025-11-10 10:49:14,224 [INFO] PluginManager:220 - loadIPPluginJar : add radio
2025-11-10 10:49:14,225 [INFO] IPUIPlugin:80 - create IPUIPlugin
2025-11-10 10:49:14,225 [INFO] PluginManager:220 - loadIPPluginJar : add resmgrutility
2025-11-10 10:49:14,227 [INFO] IPUIPlugin:80 - create IPUIPlugin
2025-11-10 10:49:14,228 [INFO] PluginManager:220 - loadIPPluginJar : add sai
2025-11-10 10:49:14,228 [INFO] IPUIPlugin:80 - create IPUIPlugin
2025-11-10 10:49:14,230 [INFO] PluginManager:220 - loadIPPluginJar : add spi
2025-11-10 10:49:14,236 [INFO] IPUIPlugin:80 - create IPUIPlugin
2025-11-10 10:49:14,236 [INFO] PluginManager:220 - loadIPPluginJar : add stm32_wpan
2025-11-10 10:49:14,238 [INFO] IPUIPlugin:80 - create IPUIPlugin
2025-11-10 10:49:14,239 [INFO] PluginManager:220 - loadIPPluginJar : add tim
2025-11-10 10:49:14,242 [INFO] IPUIPlugin:80 - create IPUIPlugin
2025-11-10 10:49:14,242 [INFO] PluginManager:220 - loadIPPluginJar : add touchsensing
2025-11-10 10:49:14,245 [INFO] IPUIPlugin:80 - create IPUIPlugin
2025-11-10 10:49:14,245 [INFO] PluginManager:220 - loadIPPluginJar : add tracer_emb
2025-11-10 10:49:14,246 [INFO] IPUIPlugin:80 - create IPUIPlugin
2025-11-10 10:49:14,246 [INFO] PluginManager:220 - loadIPPluginJar : add ts
2025-11-10 10:49:14,248 [INFO] IPUIPlugin:80 - create IPUIPlugin
2025-11-10 10:49:14,249 [INFO] PluginManager:220 - loadIPPluginJar : add tsc
2025-11-10 10:49:14,250 [INFO] IPUIPlugin:80 - create IPUIPlugin
2025-11-10 10:49:14,250 [INFO] PluginManager:220 - loadIPPluginJar : add ucpd
2025-11-10 10:49:14,252 [INFO] IPUIPlugin:80 - create IPUIPlugin
2025-11-10 10:49:14,252 [INFO] PluginManager:220 - loadIPPluginJar : add usart
2025-11-10 10:49:14,253 [INFO] IPUIPlugin:80 - create IPUIPlugin
2025-11-10 10:49:14,255 [INFO] PluginManager:220 - loadIPPluginJar : add usbx
2025-11-10 10:49:14,378 [FATAL] Updater:351 - Updater called before beeing initialized
2025-11-10 10:49:14,401 [INFO] RulesReader:64 - Compatibility file has been processed (317 Rules)
2025-11-10 10:49:14,413 [INFO] RulesReader:64 - Compatibility file has been processed (317 Rules)
2025-11-10 10:49:14,422 [INFO] CADModel:165 - CPN selected for project level
2025-11-10 10:49:14,422 [INFO] CADModel:114 - Register for checkConnection events
2025-11-10 10:49:14,423 [FATAL] Updater:351 - Updater called before beeing initialized
2025-11-10 10:49:14,423 [ERROR] CADModel:125 - Updater not yet initialized, retry later 
2025-11-10 10:49:14,595 [FATAL] Updater:351 - Updater called before beeing initialized
2025-11-10 10:49:14,598 [INFO] CADModel:165 - CPN selected for project level
2025-11-10 10:49:14,598 [INFO] CADModel:114 - Register for checkConnection events
2025-11-10 10:49:14,598 [FATAL] Updater:351 - Updater called before beeing initialized
2025-11-10 10:49:14,599 [ERROR] CADModel:125 - Updater not yet initialized, retry later 
2025-11-10 10:49:14,603 [FATAL] Updater:351 - Updater called before beeing initialized
2025-11-10 10:49:14,780 [FATAL] Updater:351 - Updater called before beeing initialized
2025-11-10 10:49:14,785 [INFO] DbMcusAds:53 - JSON generation date=Thu Oct 02 15:06:05 IST 2025 (1759397765645)
2025-11-10 10:49:14,786 [FATAL] Updater:351 - Updater called before beeing initialized
2025-11-10 10:49:14,819 [WARN] DetailPanel:346 - Failed to get advertising image, set to default
2025-11-10 10:49:14,911 [FATAL] Updater:351 - Updater called before beeing initialized
2025-11-10 10:49:14,913 [FATAL] Updater:351 - Updater called before beeing initialized
2025-11-10 10:49:14,913 [FATAL] Updater:351 - Updater called before beeing initialized
2025-11-10 10:49:14,913 [WARN] DetailPanel:346 - Failed to get advertising image, set to default
2025-11-10 10:49:14,914 [FATAL] Updater:351 - Updater called before beeing initialized
2025-11-10 10:49:14,962 [ERROR] Updater:1198 - MainUpdater not yet initialized. External WinMGr cannot be set.
2025-11-10 10:49:14,964 [INFO] Updater:1134 - Updater Version found : 6.15.0
2025-11-10 10:49:14,979 [INFO] ApplicationProperties:184 - Using Application install path: C:\ST\STM32CubeIDE_1.19.0\STM32CubeIDE\plugins\com.st.stm32cube.common.mx_6.15.0.202507011659
2025-11-10 10:49:16,581 [ERROR] LogOutputStream:75 - [STDERR_REDIRECT] Nov 10, 2025 10:49:16 AM java.util.prefs.WindowsPreferences <init>
2025-11-10 10:49:16,582 [ERROR] LogOutputStream:75 - [STDERR_REDIRECT] WARNING: Could not open/create prefs root node Software\JavaSoft\Prefs at root 0xffffffff80000002. Windows RegCreateKeyEx(...) returned error code 5.
2025-11-10 10:49:16,582 [ERROR] LogOutputStream:75 - [STDERR_REDIRECT] 
2025-11-10 10:49:16,670 [INFO] ThirdPartyUpdaterWithRetryManager:70 - Updater plugin not ready yet. [2/15]
2025-11-10 10:49:16,806 [INFO] MainUpdater:2872 - connection check result : 10
2025-11-10 10:49:16,806 [INFO] MainUpdater:289 - Updater Check For Update Now.
2025-11-10 10:49:16,806 [INFO] MicroXplorer:498 - Change Database Version : DB.6.0.150
2025-11-10 10:49:16,812 [INFO] McuFinderGlobals:63 - Set McuFinder mode to 2 (CubeIDE integrated)
2025-11-10 10:49:16,813 [INFO] UserAuth:171 - activating auth plugin
2025-11-10 10:49:16,816 [INFO] UserAuth:487 - Internet connection configuration mode: 1
2025-11-10 10:49:16,836 [INFO] JxBrowserEngine:152 - Initiate JxBrowser Engine with user profile folder
2025-11-10 10:49:16,988 [INFO] CheckServerUpdateThread:120 - End of CheckServer Thread
2025-11-10 10:49:17,262 [INFO] WebApp:169 - Instantiating new browser for Auth
2025-11-10 10:49:17,816 [INFO] WebApp:463 - Apply proxy settings
2025-11-10 10:49:17,817 [INFO] WebApp:548 - Chromium requires no authentication
2025-11-10 10:49:17,822 [INFO] WebApp:491 - Direct internet connection detected
2025-11-10 10:49:17,837 [INFO] WebApp:900 - Register for checkConnection events
2025-11-10 10:49:17,837 [INFO] WebApp:463 - Apply proxy settings
2025-11-10 10:49:17,837 [INFO] WebApp:548 - Chromium requires no authentication
2025-11-10 10:49:17,837 [INFO] WebApp:491 - Direct internet connection detected
2025-11-10 10:49:17,963 [INFO] WebApp:225 - Starting web application
2025-11-10 10:49:17,963 [INFO] WebApp:593 - Web application path used C:\ST\STM32CubeIDE_1.19.0\STM32CubeIDE\plugins\com.st.stm32cube.common.mx_6.15.0.202507011659\db\plugins\mcufinder\reactClient1\index.html
2025-11-10 10:49:18,545 [INFO] WebApp:191 - Connection restablished
2025-11-10 10:49:19,877 [WARN] PackLoader:240 - Cannot read IP mode file for STMicroelectronics.FP-SNS-MOTENVWB1.1.4.0
2025-11-10 10:49:19,885 [WARN] PackLoader:240 - Cannot read IP mode file for STMicroelectronics.FP-ATR-ASTRA1.2.0.2
2025-11-10 10:49:19,893 [WARN] PackLoader:240 - Cannot read IP mode file for STMicroelectronics.X-CUBE-SMBUS.2.1.0
2025-11-10 10:49:19,918 [WARN] PackLoader:240 - Cannot read IP mode file for STMicroelectronics.X-CUBE-AZRTOS-F7.1.1.0
2025-11-10 10:49:19,929 [WARN] PackLoader:240 - Cannot read IP mode file for Cesanta.I-CUBE-Mongoose.7.19.0
2025-11-10 10:49:19,934 [WARN] PackLoader:240 - Cannot read IP mode file for STMicroelectronics.FP-SNS-MOTENV1.5.1.0
2025-11-10 10:49:19,945 [WARN] PackLoader:240 - Cannot read IP mode file for WES.I-CUBE-Cesium.1.4.0
2025-11-10 10:49:19,963 [WARN] PackLoader:240 - Cannot read IP mode file for Infineon.AIROC-Wi-Fi-Bluetooth-STM32.1.7.1
2025-11-10 10:49:19,994 [WARN] PackLoader:240 - Cannot read IP mode file for STMicroelectronics.X-CUBE-AZRTOS-H7.3.4.0
2025-11-10 10:49:20,005 [WARN] PackLoader:240 - Cannot read IP mode file for STMicroelectronics.X-CUBE-DISPLAY.3.0.0
2025-11-10 10:49:20,016 [WARN] PackLoader:240 - Cannot read IP mode file for STMicroelectronics.X-CUBE-NFC10.1.0.0
2025-11-10 10:49:20,022 [WARN] PackLoader:240 - Cannot read IP mode file for STMicroelectronics.X-CUBE-ST60.1.1.0
2025-11-10 10:49:20,028 [WARN] PackLoader:240 - Cannot read IP mode file for emotas.I-CUBE-CANOPEN.1.3.0
2025-11-10 10:49:20,033 [WARN] PackLoader:240 - Cannot read IP mode file for STMicroelectronics.X-CUBE-GNSS1.7.1.0
2025-11-10 10:49:20,056 [WARN] PackLoader:240 - Cannot read IP mode file for STMicroelectronics.FP-SNS-STBOX1.2.1.0
2025-11-10 10:49:20,065 [WARN] PackLoader:240 - Cannot read IP mode file for STMicroelectronics.FP-SNS-SMARTAG2.1.2.0
2025-11-10 10:49:20,069 [WARN] PackLoader:240 - Cannot read IP mode file for STMicroelectronics.FP-SNS-FLIGHT1.5.1.0
2025-11-10 10:49:20,080 [INFO] LogOutputStream:77 - [STDOUT_REDIRECT] 1 : Invalid condition id : UX_CORESTACK_Condition cause : null
2025-11-10 10:49:20,080 [INFO] LogOutputStream:77 - [STDOUT_REDIRECT] 1 : Invalid condition id : UX_CORESTACK_Condition cause : null
2025-11-10 10:49:20,081 [INFO] LogOutputStream:77 - [STDOUT_REDIRECT] 1 : Invalid condition id : UX_CORESTACK_Condition cause : null
2025-11-10 10:49:20,082 [INFO] LogOutputStream:77 - [STDOUT_REDIRECT] 1 : Invalid condition id : UX_CORESTACK_Condition cause : null
2025-11-10 10:49:20,082 [INFO] LogOutputStream:77 - [STDOUT_REDIRECT] 1 : Invalid condition id : UX_CORESTACK_Condition cause : null
2025-11-10 10:49:20,085 [WARN] PackLoader:240 - Cannot read IP mode file for STMicroelectronics.X-CUBE-AZRTOS-WL.2.0.0
2025-11-10 10:49:20,093 [WARN] PackLoader:240 - Cannot read IP mode file for STMicroelectronics.X-CUBE-BLE2.3.3.0
2025-11-10 10:49:20,116 [WARN] PackLoader:240 - Cannot read IP mode file for STMicroelectronics.X-CUBE-NFC9.1.0.0
2025-11-10 10:49:20,122 [WARN] PackLoader:240 - Cannot read IP mode file for wolfSSL.I-CUBE-wolfSSL.5.8.2
2025-11-10 10:49:20,129 [WARN] PackLoader:240 - Cannot read IP mode file for STMicroelectronics.X-CUBE-BLE1.7.1.0
2025-11-10 10:49:20,133 [WARN] PackLoader:240 - Cannot read IP mode file for wolfSSL.I-CUBE-wolfMQTT.1.19.2
2025-11-10 10:49:20,138 [WARN] PackLoader:240 - Cannot read IP mode file for STMicroelectronics.X-CUBE-EEPRMA1.5.2.0
2025-11-10 10:49:20,148 [WARN] PackLoader:240 - Cannot read IP mode file for STMicroelectronics.X-CUBE-ST67W61.1.1.0
2025-11-10 10:49:20,162 [WARN] PackLoader:240 - Cannot read IP mode file for STMicroelectronics.X-CUBE-AZRTOS-G0.1.1.0
2025-11-10 10:49:20,169 [WARN] PackLoader:240 - Cannot read IP mode file for STMicroelectronics.X-CUBE-SAFEA1.1.2.2
2025-11-10 10:49:20,174 [WARN] PackLoader:240 - Cannot read IP mode file for STMicroelectronics.X-CUBE-NFC4.3.0.0
2025-11-10 10:49:20,183 [WARN] PackLoader:240 - Cannot read IP mode file for EmbeddedOffice.I-CUBE-FS-RTOS.1.0.1
2025-11-10 10:49:20,188 [WARN] PackLoader:240 - Cannot read IP mode file for STMicroelectronics.X-CUBE-WB05N.2.0.0
2025-11-10 10:49:20,194 [WARN] PackLoader:240 - Cannot read IP mode file for wolfSSL.I-CUBE-wolfTPM.3.8.0
2025-11-10 10:49:20,199 [WARN] PackLoader:240 - Cannot read IP mode file for STMicroelectronics.X-CUBE-TCPP.4.2.0
2025-11-10 10:49:20,204 [WARN] PackLoader:240 - Cannot read IP mode file for RealThread.X-CUBE-RT-Thread_Nano.4.1.1
2025-11-10 10:49:20,209 [WARN] PackLoader:240 - Cannot read IP mode file for STMicroelectronics.FP-ATR-SIGFOX1.3.2.0
2025-11-10 10:49:20,217 [WARN] PackLoader:240 - Cannot read IP mode file for ITTIA_DB.I-CUBE-ITTIADB.8.9.0
2025-11-10 10:49:20,221 [WARN] PackLoader:240 - Cannot read IP mode file for STMicroelectronics.X-CUBE-AI.10.2.0
2025-11-10 10:49:20,247 [WARN] PackLoader:240 - Cannot read IP mode file for SEGGER.I-CUBE-embOS.1.3.1
2025-11-10 10:49:20,301 [WARN] PackLoader:240 - Cannot read IP mode file for STMicroelectronics.X-CUBE-ALGOBUILD.1.4.0
2025-11-10 10:49:20,351 [WARN] PackLoader:240 - Cannot read IP mode file for STMicroelectronics.X-CUBE-MEMS1.11.3.0
2025-11-10 10:49:20,510 [WARN] PackLoader:240 - Cannot read IP mode file for STMicroelectronics.X-CUBE-PM33A1.1.0.0
2025-11-10 10:49:20,522 [WARN] PackLoader:240 - Cannot read IP mode file for STMicroelectronics.X-CUBE-AZRTOS-F4.1.1.0
2025-11-10 10:49:20,531 [WARN] PackLoader:240 - Cannot read IP mode file for STMicroelectronics.X-CUBE-ISPU.2.1.0
2025-11-10 10:49:20,544 [WARN] PackLoader:240 - Cannot read IP mode file for STMicroelectronics.X-CUBE-IPS.3.2.0
2025-11-10 10:49:20,558 [WARN] PackLoader:240 - Cannot read IP mode file for STMicroelectronics.X-CUBE-NFC12.1.0.0
2025-11-10 10:49:20,573 [WARN] PackLoader:240 - Cannot read IP mode file for STMicroelectronics.X-CUBE-AZRTOS-L5.2.0.0
2025-11-10 10:49:20,585 [WARN] PackLoader:240 - Cannot read IP mode file for STMicroelectronics.X-CUBE-NFC6.3.1.0
2025-11-10 10:49:20,593 [WARN] PackLoader:240 - Cannot read IP mode file for STMicroelectronics.X-CUBE-FREERTOS.1.3.1
2025-11-10 10:49:20,600 [WARN] PackLoader:240 - Cannot read IP mode file for STMicroelectronics.X-CUBE-TOUCHGFX.4.26.0
2025-11-10 10:49:20,605 [WARN] PackLoader:240 - Cannot read IP mode file for STMicroelectronics.FP-SNS-STAIOTCFT.1.0.0
2025-11-10 10:49:20,611 [WARN] PackLoader:240 - Cannot read IP mode file for STMicroelectronics.X-CUBE-DPower.1.3.0
2025-11-10 10:49:20,627 [WARN] ConditionMgr:438 - getConditionDescription Invalid condition id : LAN8742 Phy interface Condition cause : null
2025-11-10 10:49:20,628 [WARN] PackLoader:240 - Cannot read IP mode file for STMicroelectronics.X-CUBE-AZRTOS-L4.2.0.0
2025-11-10 10:49:20,630 [WARN] ConditionMgr:1044 - genDependencies : Invalid condition id : LAN8742 Phy interface Condition cause : null
2025-11-10 10:49:20,630 [WARN] ConditionMgr:1044 - genDependencies : Invalid condition id : LAN8742 Phy interface Condition cause : null
2025-11-10 10:49:20,630 [WARN] ConditionMgr:1044 - genDependencies : Invalid condition id : LAN8742 Phy interface Condition cause : null
2025-11-10 10:49:20,638 [WARN] PackLoader:240 - Cannot read IP mode file for STMicroelectronics.X-CUBE-SFXS2LP1.4.0.0
2025-11-10 10:49:20,650 [WARN] PackLoader:240 - Cannot read IP mode file for STMicroelectronics.X-CUBE-BLEMGR.4.1.0
2025-11-10 10:49:20,666 [WARN] ConditionMgr:438 - getConditionDescription Invalid condition id : UX DEVICE CLASS RTOS Condition cause : null
2025-11-10 10:49:20,666 [WARN] ConditionMgr:438 - getConditionDescription Invalid condition id : UX DEVICE CLASS RTOS Condition cause : null
2025-11-10 10:49:20,668 [WARN] PackLoader:240 - Cannot read IP mode file for STMicroelectronics.X-CUBE-AZRTOS-WB.2.0.0
2025-11-10 10:49:20,669 [WARN] ConditionMgr:1044 - genDependencies : Invalid condition id : UX DEVICE CLASS RTOS Condition cause : null
2025-11-10 10:49:20,669 [WARN] ConditionMgr:1044 - genDependencies : Invalid condition id : UX DEVICE CLASS RTOS Condition cause : null
2025-11-10 10:49:20,670 [WARN] ConditionMgr:1044 - genDependencies : Invalid condition id : UX DEVICE CLASS RTOS Condition cause : null
2025-11-10 10:49:20,670 [WARN] ConditionMgr:1044 - genDependencies : Invalid condition id : UX DEVICE CLASS RTOS Condition cause : null
2025-11-10 10:49:20,670 [WARN] ConditionMgr:1044 - genDependencies : Invalid condition id : UX DEVICE CLASS RTOS Condition cause : null
2025-11-10 10:49:20,675 [WARN] ConditionMgr:438 - getConditionDescription Invalid condition id : Cortex-A Device cause : null
2025-11-10 10:49:20,686 [WARN] ConditionMgr:1044 - genDependencies : Invalid condition id : Cortex-A Device cause : null
2025-11-10 10:49:20,686 [WARN] ConditionMgr:1044 - genDependencies : Invalid condition id : Cortex-A Device cause : null
2025-11-10 10:49:20,686 [WARN] ConditionMgr:1044 - genDependencies : Invalid condition id : Cortex-A Device cause : null
2025-11-10 10:49:20,696 [WARN] PackLoader:240 - Cannot read IP mode file for STMicroelectronics.X-CUBE-SUBG2.5.0.0
2025-11-10 10:49:20,716 [WARN] PackLoader:240 - Cannot read IP mode file for STMicroelectronics.X-CUBE-AZRTOS-H7RS.1.1.0
2025-11-10 10:49:20,729 [WARN] PackLoader:240 - Cannot read IP mode file for STMicroelectronics.X-CUBE-AZRTOS-G4.2.0.0
2025-11-10 10:49:20,734 [WARN] PackLoader:240 - Cannot read IP mode file for wolfSSL.I-CUBE-wolfSSH.1.4.20
2025-11-10 10:49:20,738 [WARN] PackLoader:240 - Cannot read IP mode file for STMicroelectronics.X-CUBE-NFC7.2.0.0
2025-11-10 10:49:20,744 [WARN] PackLoader:240 - Cannot read IP mode file for STMicroelectronics.X-CUBE-ALS.1.0.2
2025-11-10 10:49:20,750 [WARN] PackLoader:240 - Cannot read IP mode file for STMicroelectronics.X-CUBE-STSE01.1.0.0
2025-11-10 10:49:20,761 [WARN] PackLoader:240 - Cannot read IP mode file for STMicroelectronics.X-CUBE-TOF1.3.4.3
2025-11-10 10:49:20,775 [INFO] ThirdParty:978 - Integrity check success = true
2025-11-10 10:49:20,775 [INFO] IntegrityCheckThread:100 - exiting critical section [integrity check]
2025-11-10 10:49:20,775 [INFO] IntegrityCheckThread:103 - End integrity checks thread
2025-11-10 10:55:57,379 [INFO] McuFinderGlobals:63 - Set McuFinder mode to 2 (CubeIDE integrated)
2025-11-10 10:55:57,383 [INFO] MainUpdater:2872 - connection check result : 10
2025-11-10 10:55:57,384 [INFO] MainUpdater:2872 - connection check result : 10
2025-11-10 10:55:57,410 [INFO] MicroXplorer:468 - Change Database Path : 
2025-11-10 10:55:57,410 [INFO] MicroXplorer:498 - Change Database Version : DB.6.0.150
2025-11-10 10:55:57,417 [WARN] ThirdParty:871 - waiting for thirdparty lock release [close project]
2025-11-10 10:55:57,417 [INFO] ThirdParty:873 - entering critical section [close project]
2025-11-10 10:55:57,418 [INFO] ThirdParty:883 - exiting critical section [close project]
2025-11-10 10:55:57,419 [INFO] PinOutPanel:1589 - setPackage(No Configuration,No Configuration)
2025-11-10 10:55:57,420 [INFO] UtilMem:75 - Begin LoadConfig() Used Memory: 754804800 Bytes (984612864)
2025-11-10 10:55:57,421 [INFO] MicroXplorer:468 - Change Database Path : 
2025-11-10 10:55:57,421 [INFO] MicroXplorer:498 - Change Database Version : DB.6.0.150
2025-11-10 10:55:57,421 [INFO] OpenFileManager:355 - Change cursor
2025-11-10 10:55:57,437 [INFO] Mcu:2029 - Initializing MCU STM32F103R(C-D-E)Tx STM32F103RCTx STM32F103RCT6TR
2025-11-10 10:55:58,323 [INFO] Context:786 - Trying to add GPIOservice into a context  which must be forbidden
2025-11-10 10:55:58,569 [INFO] ImportTextPane:234 - (OptionalMessage_ERROR) Pin34 (VP_RIF_VS_RIF1) cannot be retrieved for this MCU
2025-11-10 10:55:58,654 [INFO] RtosManager:558 - Registered RTOS mode: class=CMSIS, group=RTOS, mode=CMSIS_V1, owner=FREERTOS
2025-11-10 10:55:58,654 [INFO] RtosManager:558 - Registered RTOS mode: class=CMSIS, group=RTOS2, mode=CMSIS_V2, owner=FREERTOS
2025-11-10 10:55:58,654 [INFO] RtosManager:558 - Registered RTOS mode: class=RTOS, group=Core, mode=CMSIS_V1, owner=FREERTOS
2025-11-10 10:55:58,654 [INFO] RtosManager:558 - Registered RTOS mode: class=RTOS, group=Core, mode=CMSIS_V2, owner=FREERTOS
2025-11-10 10:55:58,654 [WARN] ModelIntegratedComponent:184 - Missing modes for component STMicroelectronics:FreeRTOS:0.0.1:STMicroelectronics:RTOS:FreeRTOS:Core:::10.2.0:
2025-11-10 10:55:58,674 [WARN] ModelIntegratedComponent:63 - No mode defined for component null
2025-11-10 10:55:58,674 [WARN] ModelIntegratedComponent:63 - No mode defined for component null
2025-11-10 10:55:58,674 [WARN] ModelIntegratedComponent:63 - No mode defined for component null
2025-11-10 10:55:58,674 [WARN] ModelIntegratedComponent:63 - No mode defined for component null
2025-11-10 10:55:58,674 [WARN] ModelIntegratedComponent:63 - No mode defined for component null
2025-11-10 10:55:58,674 [WARN] ModelIntegratedComponent:63 - No mode defined for component null
2025-11-10 10:55:58,674 [WARN] ModelIntegratedComponent:63 - No mode defined for component null
2025-11-10 10:55:58,674 [WARN] ModelIntegratedComponent:63 - No mode defined for component null
2025-11-10 10:55:58,674 [WARN] ModelIntegratedComponent:63 - No mode defined for component null
2025-11-10 10:55:58,674 [WARN] ModelIntegratedComponent:63 - No mode defined for component null
2025-11-10 10:55:58,674 [WARN] ModelIntegratedComponent:63 - No mode defined for component null
2025-11-10 10:55:58,674 [WARN] ModelIntegratedComponent:63 - No mode defined for component null
2025-11-10 10:55:58,674 [WARN] ModelIntegratedComponent:63 - No mode defined for component null
2025-11-10 10:55:58,674 [WARN] ModelIntegratedComponent:63 - No mode defined for component null
2025-11-10 10:55:58,674 [WARN] ModelIntegratedComponent:63 - No mode defined for component null
2025-11-10 10:55:58,674 [WARN] ModelIntegratedComponent:63 - No mode defined for component null
2025-11-10 10:55:58,674 [WARN] ModelIntegratedComponent:63 - No mode defined for component null
2025-11-10 10:55:58,674 [WARN] ModelIntegratedComponent:63 - No mode defined for component null
2025-11-10 10:55:58,674 [WARN] ModelIntegratedComponent:63 - No mode defined for component null
2025-11-10 10:55:58,674 [WARN] ModelIntegratedComponent:63 - No mode defined for component null
2025-11-10 10:55:58,675 [WARN] ModelIntegratedComponent:63 - No mode defined for component null
2025-11-10 10:55:58,675 [WARN] ModelIntegratedComponent:63 - No mode defined for component null
2025-11-10 10:55:58,675 [WARN] ModelIntegratedComponent:63 - No mode defined for component null
2025-11-10 10:55:58,675 [WARN] ModelIntegratedComponent:63 - No mode defined for component null
2025-11-10 10:55:58,675 [WARN] ModelIntegratedComponent:63 - No mode defined for component null
2025-11-10 10:55:58,675 [WARN] ModelIntegratedComponent:63 - No mode defined for component null
2025-11-10 10:55:58,675 [WARN] ModelIntegratedComponent:63 - No mode defined for component null
2025-11-10 10:55:58,675 [WARN] ModelIntegratedComponent:63 - No mode defined for component null
2025-11-10 10:55:58,675 [WARN] ModelIntegratedComponent:63 - No mode defined for component null
2025-11-10 10:55:58,675 [WARN] ModelIntegratedComponent:63 - No mode defined for component null
2025-11-10 10:55:58,675 [WARN] ModelIntegratedComponent:63 - No mode defined for component null
2025-11-10 10:55:58,675 [WARN] ModelIntegratedComponent:63 - No mode defined for component null
2025-11-10 10:55:58,675 [WARN] ModelIntegratedComponent:63 - No mode defined for component null
2025-11-10 10:55:58,675 [WARN] ModelIntegratedComponent:63 - No mode defined for component null
2025-11-10 10:55:58,675 [WARN] ModelIntegratedComponent:63 - No mode defined for component null
2025-11-10 10:55:58,675 [WARN] ModelPack:524 - Component already loaded: STMicroelectronics:HAL Drivers:0.0.0:STMicroelectronics:Device:STMicro_Driver:XSPI:HAL::0.0.1:HAL_XSPI
2025-11-10 10:55:58,741 [INFO] ThirdPartyModel:298 - Start build external matchings
2025-11-10 10:55:59,004 [INFO] ThirdPartyModel:316 - End build external matchings
2025-11-10 10:55:59,019 [INFO] RtosManager:1018 - Current active RTOS is FREERTOS [Cortex-M3NS]
2025-11-10 10:55:59,026 [INFO] ImportTextPane:234 - (OptionalMessage_ERROR) IP (DMA) : Parameter (Instance) has Id (ADC1) currently not set
2025-11-10 10:55:59,026 [INFO] ImportTextPane:234 - (OptionalMessage_ERROR) IP (DMA) : Parameter (Direction) has Id (ADC1) currently not set
2025-11-10 10:55:59,026 [INFO] ImportTextPane:234 - (OptionalMessage_ERROR) IP (DMA) : Parameter (PeriphInc) has Id (ADC1) currently not set
2025-11-10 10:55:59,027 [INFO] ImportTextPane:234 - (OptionalMessage_ERROR) IP (DMA) : Parameter (MemInc) has Id (ADC1) currently not set
2025-11-10 10:55:59,027 [INFO] ImportTextPane:234 - (OptionalMessage_ERROR) IP (DMA) : Parameter (PeriphDataAlignment) has Id (ADC1) currently not set
2025-11-10 10:55:59,027 [INFO] ImportTextPane:234 - (OptionalMessage_ERROR) IP (DMA) : Parameter (MemDataAlignment) has Id (ADC1) currently not set
2025-11-10 10:55:59,027 [INFO] ImportTextPane:234 - (OptionalMessage_ERROR) IP (DMA) : Parameter (Mode) has Id (ADC1) currently not set
2025-11-10 10:55:59,027 [INFO] ImportTextPane:234 - (OptionalMessage_ERROR) IP (DMA) : Parameter (Priority) has Id (ADC1) currently not set
2025-11-10 10:55:59,033 [INFO] ImportTextPane:234 - (OptionalMessage_ERROR) IP (RCC) : Invalid parameter (FamilyName)
2025-11-10 10:55:59,033 [INFO] ImportTextPane:234 - (OptionalMessage_ERROR) IP (RCC) : Parameter (MCOFreq_Value) has invalid value (72000000)
2025-11-10 10:55:59,033 [INFO] ImportTextPane:234 - (OptionalMessage_ERROR) IP (RCC) : Parameter (USBFreq_Value) has invalid value (72000000)
2025-11-10 10:55:59,236 [INFO] ApiDb:581 - Connected to CubeFinder SQLite database (C:\Users\USER\.stmcufinder\plugins\mcufinder\mcu\cube-finder-db.db)
2025-11-10 10:55:59,328 [INFO] ApiDb:668 - CubeFinder database Data Model version=2.1
2025-11-10 10:55:59,329 [INFO] ApiDb:669 - CubeFinder database Configuration version=3.0.39
2025-11-10 10:55:59,329 [INFO] ApiDb:670 - CubeFinder database generation date=2025-10-27 (1761571959)
2025-11-10 10:55:59,329 [INFO] ApiDb:671 - CubeFinder database FW Pack versions=[FP-ATR-ASTRA1_V2.0.0, FP-SNS-FLIGHT1_V5.1.0, FP-SNS-MOTENV1_V5.0.0, FP-SNS-MOTENVWB1_V1.4.0, FP-SNS-SMARTAG2_V1.2.0, FP-SNS-STBOX1_V2.1.0, STM32Cube_FW_C0_V1.4.0, STM32Cube_FW_F4_V1.28.3, STM32Cube_FW_F7_V1.17.4, STM32Cube_FW_G0_V1.6.2, STM32Cube_FW_G4_V1.6.1, STM32Cube_FW_H5_V1.5.0, STM32Cube_FW_H7RS_V1.2.0, STM32Cube_FW_H7_V1.12.1, STM32Cube_FW_L0_V1.12.2, STM32Cube_FW_L4_V1.18.1, STM32Cube_FW_L5_V1.5.1, STM32Cube_FW_N6_V1.2.0, STM32Cube_FW_U0_V1.3.0, STM32Cube_FW_U3_V1.2.1, STM32Cube_FW_U5_V1.8.0, STM32Cube_FW_WB0_V1.3.0, STM32Cube_FW_WBA_V1.7.0, STM32Cube_FW_WB_V1.23.0, STM32Cube_FW_WL3_V1.2.0, STM32Cube_FW_WL_V1.3.1, X-CUBE-ALGOBUILD_V1.4.0, X-CUBE-ALS_V1.0.2, X-CUBE-AZRTOS-F4_V1.1.0, X-CUBE-AZRTOS-F7_V1.1.0, X-CUBE-AZRTOS-G0_V1.1.0, X-CUBE-AZRTOS-G4_V2.0.0, X-CUBE-AZRTOS-H7RS_V1.1.0, X-CUBE-AZRTOS-H7_V3.4.0, X-CUBE-AZRTOS-L4_V2.0.0, X-CUBE-AZRTOS-L5_V2.0.0, X-CUBE-AZRTOS-WB_V2.0.0, X-CUBE-AZRTOS-WL_V2.0.0, X-CUBE-BLE1_V7.1.0, X-CUBE-BLE2_V3.3.0, X-CUBE-BLEMGR_V4.1.0, X-CUBE-EEPRMA1_V5.2.0, X-CUBE-FREERTOS_V1.3.1, X-CUBE-GNSS1_V6.0.0, X-CUBE-MEMS1_V11.3.0, X-CUBE-NFC4_V3.0.0, X-CUBE-NFC7_V2.0.0, X-CUBE-SFXS2LP1_V4.0.0, X-CUBE-ST67W61_V1.1.0, X-CUBE-SUBG2_V5.0.0, X-CUBE-TOF1_V3.4.3]
2025-11-10 10:55:59,437 [INFO] DbBoardsSqlite:226 - include board P-NUCLEO-WB55-NUCLEO as a kit item of type 'Nucleo-64'
2025-11-10 10:55:59,437 [INFO] DbBoardsSqlite:226 - include board P-NUCLEO-WB55-USBDONGLE as a kit item of type 'Nucleo USB Dongle'
2025-11-10 10:55:59,438 [INFO] DbBoardsSqlite:226 - include board STEVAL-IDP005V1 as a kit item of type 'Evaluation Board'
2025-11-10 10:55:59,438 [INFO] DbBoardsSqlite:226 - include board STEVAL-IDP005V2 as a kit item of type 'Evaluation Board'
2025-11-10 10:56:00,063 [INFO] ApiDb:240 - Found 880 in-development CPN: [B-G473E-ZEST1S, B-WB1M-WPAN1, B-WBA5M-WPAN, B-WL5M-SUBG1, NUCLEO-C031C6, NUCLEO-C051C8, NUCLEO-C071RB, NUCLEO-C092RC, NUCLEO-H503RB, NUCLEO-H533RE, NUCLEO-H563ZI, NUCLEO-H7S3L8, NUCLEO-N657X0-Q, NUCLEO-U031R8, NUCLEO-U083RC, NUCLEO-U385RG-Q, NUCLEO-U545RE-Q, NUCLEO-U5A5ZJ-Q, NUCLEO-WB05KZ, NUCLEO-WB07CC, NUCLEO-WB09KE, NUCLEO-WBA52CG, NUCLEO-WBA55CG, NUCLEO-WL33CC1, NUCLEO-WL33CC2, STEVAL-PROTEUS1, STEVAL-SMARTAG2, STEVAL-STWINBX1, STM320518-EVAL, STM32C0116-DK, STM32C011D6Y3TR, STM32C011D6Y6TR, STM32C011F4P3, STM32C011F4P6, STM32C011F4U3, STM32C011F4U6TR, STM32C011F6P3, STM32C011F6P6, STM32C011F6U3, STM32C011F6U6TR, STM32C011J4M3, STM32C011J4M6, STM32C011J6M3, STM32C011J6M6, STM32C0316-DK, STM32C031C4T3, STM32C031C4T6, STM32C031C4U3, STM32C031C4U6, STM32C031C6T3, STM32C031C6T6, STM32C031C6U3, STM32C031C6U6, STM32C031F4P3, STM32C031F4P6, STM32C031F6P3, STM32C031F6P6, STM32C031G4U3, STM32C031G4U6, STM32C031G6U3, STM32C031G6U6, STM32C031K4T3, STM32C031K4T6, STM32C031K4U3, STM32C031K4U6, STM32C031K6T3, STM32C031K6T6, STM32C031K6U3, STM32C031K6U6, STM32C051C6T6, STM32C051C6U6, STM32C051C8T6, STM32C051C8U6, STM32C051D8Y6TR, STM32C051F6P6, STM32C051F8P6, STM32C051G6U6, STM32C051G8U6, STM32C051K6T6, STM32C051K6U6, STM32C051K8T6, STM32C071C8T6, STM32C071C8T6N, STM32C071C8U6, STM32C071C8U6N, STM32C071CBT6, STM32C071CBT6N, STM32C071CBU6, STM32C071CBU6N, STM32C071F8P6, STM32C071F8P6N, STM32C071FBP6, STM32C071FBP6N, STM32C071FBY6TR, STM32C071G8U6, STM32C071G8U6N, STM32C071GBU6, STM32C071GBU6N, STM32C071K8T6, STM32C071K8T6N, STM32C071K8U6, STM32C071K8U6N, STM32C071KBT6, STM32C071KBT6N, STM32C071KBU6, STM32C071KBU6N, STM32C071R8T6, STM32C071R8T6N, STM32C071RBI6N, STM32C071RBT6, STM32C071RBT6N, STM32C091CBT6, STM32C091CBU6, STM32C091CCT6, STM32C091CCU6, STM32C091ECY6TR, STM32C091FBP6, STM32C091FCP6, STM32C091GBU6, STM32C091GCU6, STM32C091KBT6, STM32C091KBU6, STM32C091KCT6, STM32C091KCU6, STM32C091RBT6, STM32C091RCI6, STM32C091RCT6, STM32C092CBT6, STM32C092CBU6, STM32C092CCT6, STM32C092CCU6, STM32C092ECY6TR, STM32C092FBP6, STM32C092FCP6, STM32C092GBU6, STM32C092GCU6, STM32C092KBT6, STM32C092KBU6, STM32C092KCT6, STM32C092KCU6, STM32C092RBT6, STM32C092RCI6, STM32C092RCT6, STM32G071K8TXN, STM32G071K8UXN, STM32G081GBU6N, STM32G081KBT6N, STM32G081KBUXN, STM32G0B1CCT6N, STM32G0B1KCT6, STM32G0B1NEY6TR, STM32G0B1RCT6N, STM32G0C1CCT6, STM32G0C1CCT6N, STM32G0C1CCU6N, STM32G0C1CET6N, STM32G0C1CEU6N, STM32G0C1KCT6, STM32G0C1NEY6TR, STM32G0C1RCI6N, STM32G0C1RCT6N, STM32G0C1REI6N, STM32G0C1RET6N, STM32G0C1VCI6, STM32G0C1VEI6, STM32G411C6T3, STM32G411C6T6, STM32G411C6U3, STM32G411C6U6, STM32G411C8T3, STM32G411C8T6, STM32G411C8U3, STM32G411C8U6, STM32G411CBT3, STM32G411CBT6, STM32G411CBU3, STM32G411CBU6, STM32G411K6T3, STM32G411K6T6, STM32G411K6U3, STM32G411K6U6, STM32G411K8T3, STM32G411K8T6, STM32G411K8U3, STM32G411K8U6, STM32G411KBT3, STM32G411KBT6, STM32G411KBU3, STM32G411KBU6, STM32G411M6T3, STM32G411M6T6, STM32G411M8T3, STM32G411M8T6, STM32G411MBT3, STM32G411MBT6, STM32G411R6T3, STM32G411R6T6, STM32G411R8T3, STM32G411R8T6, STM32G411RBT3, STM32G411RBT6, STM32G414CBT3, STM32G414CBT6, STM32G414CBU3, STM32G414CBU6, STM32G414CCT3, STM32G414CCT6, STM32G414CCU3, STM32G414CCU6, STM32G414MBT3, STM32G414MBT6, STM32G414MCT3, STM32G414MCT6, STM32G414RBT3, STM32G414RBT6, STM32G414RCT3, STM32G414RCT6, STM32G414VBT3, STM32G414VBT6, STM32G414VCT3, STM32G414VCT6, STM32G431CBT3Z, STM32G431RBT3Z, STM32G471CCT6, STM32G471CCU6, STM32G471CET3, STM32G471CET6, STM32G471CEU3, STM32G471CEU6, STM32G471MCT6, STM32G471MET3, STM32G471MET6, STM32G471MEY6TR, STM32G471QCT6, STM32G471QET3, STM32G471RCT6, STM32G471RET3, STM32G471RET6, STM32G471VCH6, STM32G471VCI6, STM32G471VCT6, STM32G471VEH3, STM32G471VEH6, STM32G471VEI3, STM32G471VEI6, STM32G471VET3, STM32G471VET6, STM32G473QET3Z, STM32G473RET3Z, STM32G474CCT6, STM32G491RET3Z, STM32H503CBT6, STM32H503CBU6, STM32H503EBY6TR, STM32H503KBU6, STM32H503RBT6, STM32H523CCT6, STM32H523CCU6, STM32H523CET6, STM32H523CEU6, STM32H523HEY6TR, STM32H523RCT6, STM32H523RET6, STM32H523VCI6, STM32H523VCT6, STM32H523VEI6, STM32H523VET6, STM32H523ZCJ6, STM32H523ZCT6, STM32H523ZEJ6, STM32H523ZET6, STM32H533CET6, STM32H533CEU6, STM32H533HEY6TR, STM32H533RET6, STM32H533VEI6, STM32H533VET6, STM32H533ZEJ6, STM32H533ZET6, STM32H562AGI6, STM32H562AII6, STM32H562IGK6, STM32H562IGT6, STM32H562IIK6, STM32H562IIT6, STM32H562RGT6, STM32H562RGV6, STM32H562RIT6, STM32H562RIV6, STM32H562VGT6, STM32H562VIT6, STM32H562ZGT6, STM32H562ZIT6, STM32H563AGI6, STM32H563AII3Q, STM32H563AII6, STM32H563IGK6, STM32H563IGT6, STM32H563IIK3Q, STM32H563IIK6, STM32H563IIT3Q, STM32H563IIT6, STM32H563MIY3QTR, STM32H563RGT6, STM32H563RGV6, STM32H563RIT6, STM32H563RIV6, STM32H563VGT6, STM32H563VIT3Q, STM32H563VIT6, STM32H563ZGT6, STM32H563ZIT3Q, STM32H563ZIT6, STM32H573AII3Q, STM32H573AII6, STM32H573I-DK, STM32H573IIK3Q, STM32H573IIK6, STM32H573IIT3Q, STM32H573IIT6, STM32H573MIY3QTR, STM32H573RIT6, STM32H573RIV6, STM32H573VIT3Q, STM32H573VIT6, STM32H573ZIT3Q, STM32H573ZIT6, STM32H7R3A8I6, STM32H7R3I8K6, STM32H7R3I8T6, STM32H7R3L8H6, STM32H7R3L8H6H, STM32H7R3R8V6, STM32H7R3V8H6, STM32H7R3V8T6, STM32H7R3V8Y6TR, STM32H7R3Z8J6, STM32H7R3Z8T6, STM32H7R7A8I6, STM32H7R7I8K6, STM32H7R7I8T6, STM32H7R7L8H6, STM32H7R7L8H6H, STM32H7R7Z8J6, STM32H7S3A8I6, STM32H7S3I8K6, STM32H7S3I8T6, STM32H7S3L8H6, STM32H7S3L8H6H, STM32H7S3R8V6, STM32H7S3V8H6, STM32H7S3V8T6, STM32H7S3V8Y6TR, STM32H7S3Z8J6, STM32H7S3Z8T6, STM32H7S78-DK, STM32H7S7A8I6, STM32H7S7I8K6, STM32H7S7I8T6, STM32H7S7L8H6, STM32H7S7L8H6H, STM32H7S7Z8J6, STM32L4R5QGI6STR, STM32MP131AAE3, STM32MP131AAF3, STM32MP131AAG3, STM32MP131CAE3, STM32MP131CAF3, STM32MP131CAG3, STM32MP131DAE7, STM32MP131DAF7, STM32MP131DAG7, STM32MP131FAE7, STM32MP131FAF7, STM32MP131FAG7, STM32MP133AAE3, STM32MP133AAF3, STM32MP133AAG3, STM32MP133CAE3, STM32MP133CAF3, STM32MP133CAG3, STM32MP133DAE7, STM32MP133DAF7, STM32MP133DAG7, STM32MP133FAE7, STM32MP133FAF7, STM32MP133FAG7, STM32MP135AAE3, STM32MP135AAF3, STM32MP135AAG3, STM32MP135CAE3, STM32MP135CAF3, STM32MP135CAG3, STM32MP135DAE7, STM32MP135DAF7, STM32MP135DAG7, STM32MP135F-DK, STM32MP135FAE7, STM32MP135FAF7, STM32MP135FAF7T, STM32MP135FAF7U, STM32MP135FAG7, STM32MP211AAL3, STM32MP211AAM3, STM32MP211AAN3, STM32MP211AAO3, STM32MP211CAL3, STM32MP211CAM3, STM32MP211CAN3, STM32MP211CAO3, STM32MP211DAL3, STM32MP211DAM3, STM32MP211DAN3, STM32MP211DAO3, STM32MP211FAL3, STM32MP211FAM3, STM32MP211FAN3, STM32MP211FAO3, STM32MP213AAL3, STM32MP213AAM3, STM32MP213AAN3, STM32MP213AAO3, STM32MP213CAL3, STM32MP213CAM3, STM32MP213CAN3, STM32MP213CAO3, STM32MP213DAL3, STM32MP213DAM3, STM32MP213DAN3, STM32MP213DAO3, STM32MP213FAL3, STM32MP213FAM3, STM32MP213FAN3, STM32MP213FAO3, STM32MP215AAL3, STM32MP215AAM3, STM32MP215AAN3, STM32MP215AAO3, STM32MP215CAL3, STM32MP215CAM3, STM32MP215CAN3, STM32MP215CAO3, STM32MP215DAL3, STM32MP215DAM3, STM32MP215DAN3, STM32MP215DAO3, STM32MP215F-DK, STM32MP215FAL3, STM32MP215FAM3, STM32MP215FAN3, STM32MP215FAO3, STM32MP231AAJ3, STM32MP231AAK3, STM32MP231AAL3, STM32MP231CAJ3, STM32MP231CAK3, STM32MP231CAL3, STM32MP231DAJ3, STM32MP231DAK3, STM32MP231DAL3, STM32MP231FAJ3, STM32MP231FAK3, STM32MP231FAL3, STM32MP233AAJ3, STM32MP233AAK3, STM32MP233AAL3, STM32MP233CAJ3, STM32MP233CAK3, STM32MP233CAL3, STM32MP233DAJ3, STM32MP233DAK3, STM32MP233DAL3, STM32MP233FAJ3, STM32MP233FAK3, STM32MP233FAL3, STM32MP235AAJ3, STM32MP235AAK3, STM32MP235AAL3, STM32MP235CAJ3, STM32MP235CAK3, STM32MP235CAL3, STM32MP235DAJ3, STM32MP235DAK3, STM32MP235DAL3, STM32MP235FAJ3, STM32MP235FAK3, STM32MP235FAL3, STM32MP251AAI3, STM32MP251AAK3, STM32MP251AAL3, STM32MP251CAI3, STM32MP251CAK3, STM32MP251CAL3, STM32MP251DAI3, STM32MP251DAK3, STM32MP251DAL3, STM32MP251FAI3, STM32MP251FAK3, STM32MP251FAL3, STM32MP253AAI3, STM32MP253AAK3, STM32MP253AAL3, STM32MP253CAI3, STM32MP253CAK3, STM32MP253CAL3, STM32MP253DAI3, STM32MP253DAK3, STM32MP253DAL3, STM32MP253FAI3, STM32MP253FAK3, STM32MP253FAL3, STM32MP255AAI3, STM32MP255AAK3, STM32MP255AAL3, STM32MP255CAI3, STM32MP255CAK3, STM32MP255CAL3, STM32MP255DAI3, STM32MP255DAK3, STM32MP255DAL3, STM32MP255FAI3, STM32MP255FAK3, STM32MP255FAL3, STM32MP257AAI3, STM32MP257AAK3, STM32MP257AAL3, STM32MP257CAI3, STM32MP257CAK3, STM32MP257CAL3, STM32MP257DAI3, STM32MP257DAK3, STM32MP257DAL3, STM32MP257F-DK, STM32MP257F-EV1, STM32MP257FAI3, STM32MP257FAK3, STM32MP257FAL3, STM32N645A0H3Q, STM32N645B0H3Q, STM32N645I0H3Q, STM32N645L0H3Q, STM32N645X0H3Q, STM32N645Z0H3Q, STM32N647A0H3Q, STM32N647B0H3Q, STM32N647I0H3Q, STM32N647L0H3Q, STM32N647X0H3Q, STM32N647Z0H3Q, STM32N655A0H3Q, STM32N655B0H3Q, STM32N655I0H3Q, STM32N655L0H3Q, STM32N655X0H3Q, STM32N655Z0H3Q, STM32N6570-DK, STM32N657A0H3Q, STM32N657B0H3Q, STM32N657I0H3Q, STM32N657L0H3Q, STM32N657X0H3Q, STM32N657Z0H3Q, STM32U031C6T6, STM32U031C6U6, STM32U031C8T6, STM32U031C8U6, STM32U031F4P6, STM32U031F6P6, STM32U031F8P6, STM32U031G6Y6TR, STM32U031G8Y6TR, STM32U031K4U6, STM32U031K6U6, STM32U031K8U6, STM32U031R6I6, STM32U031R6T6, STM32U031R8I6, STM32U031R8T6, STM32U073C8T6, STM32U073C8U6, STM32U073CBT6, STM32U073CBU6, STM32U073CCT6, STM32U073CCU6, STM32U073H8Y6TR, STM32U073HBY6TR, STM32U073HCY6TR, STM32U073K8U6, STM32U073KBU6, STM32U073KCU6, STM32U073M8I6, STM32U073M8T6, STM32U073MBI6, STM32U073MBT6, STM32U073MCI6, STM32U073MCT6, STM32U073R8I6, STM32U073R8T6, STM32U073RBI6, STM32U073RBT6, STM32U073RCI6, STM32U073RCT6, STM32U083C-DK, STM32U083CCT6, STM32U083CCU6, STM32U083HCY6TR, STM32U083KCU6, STM32U083MCI6, STM32U083MCT6, STM32U083RCI6, STM32U083RCT6, STM32U375CET6, STM32U375CET6Q, STM32U375CEU6, STM32U375CEU6Q, STM32U375CEY6QTR, STM32U375CGT6, STM32U375CGT6Q, STM32U375CGU6, STM32U375CGU6Q, STM32U375CGY6QTR, STM32U375KEU6, STM32U375KGU6, STM32U375REI6, STM32U375REI6Q, STM32U375RET6, STM32U375RET6Q, STM32U375REY6GTR, STM32U375REY6QTR, STM32U375RGI6, STM32U375RGI6Q, STM32U375RGT6, STM32U375RGT6Q, STM32U375RGY6GTR, STM32U375RGY6QTR, STM32U375VEI6, STM32U375VEI6Q, STM32U375VET6, STM32U375VET6Q, STM32U375VGI6, STM32U375VGI6Q, STM32U375VGT6, STM32U375VGT6Q, STM32U385CGT6, STM32U385CGT6Q, STM32U385CGU6, STM32U385CGU6Q, STM32U385CGY6QTR, STM32U385KGU6, STM32U385RGI6, STM32U385RGI6Q, STM32U385RGT6, STM32U385RGT6Q, STM32U385RGY6GTR, STM32U385RGY6QTR, STM32U385VGI6, STM32U385VGI6Q, STM32U385VGT6, STM32U385VGT6Q, STM32U535CBT6, STM32U535CBT6Q, STM32U535CBU6, STM32U535CBU6Q, STM32U535CCT6, STM32U535CCT6Q, STM32U535CCU6, STM32U535CCU6Q, STM32U535CET6, STM32U535CET6Q, STM32U535CEU6, STM32U535CEU6Q, STM32U535JEY6QTR, STM32U535NCY6QTR, STM32U535NEY6QTR, STM32U535RBI6, STM32U535RBI6Q, STM32U535RBT6, STM32U535RBT6Q, STM32U535RCI6, STM32U535RCI6Q, STM32U535RCT6, STM32U535RCT6Q, STM32U535REI6, STM32U535REI6Q, STM32U535RET6, STM32U535RET6Q, STM32U535VCI6, STM32U535VCI6Q, STM32U535VCT6, STM32U535VCT6Q, STM32U535VEI6, STM32U535VEI6Q, STM32U535VET6, STM32U535VET6Q, STM32U545CET6, STM32U545CET6Q, STM32U545CEU6, STM32U545CEU6Q, STM32U545JEY6QTR, STM32U545NEY6QTR, STM32U545REI6, STM32U545REI6Q, STM32U545RET6, STM32U545RET6Q, STM32U545VEI6, STM32U545VEI6Q, STM32U545VET6, STM32U545VET6Q, STM32U595AIH6, STM32U595AIH6Q, STM32U595AJH6, STM32U595AJH6Q, STM32U595QII6, STM32U595QII6Q, STM32U595QJI6, STM32U595QJI6Q, STM32U595RIT6, STM32U595RIT6Q, STM32U595RJT6, STM32U595RJT6Q, STM32U595VIT6, STM32U595VIT6Q, STM32U595VJT6, STM32U595VJT6Q, STM32U595ZIT6, STM32U595ZIT6Q, STM32U595ZIY6QTR, STM32U595ZJT6, STM32U595ZJT6Q, STM32U595ZJY6QTR, STM32U599BJY6QTR, STM32U599NIH6Q, STM32U599NJH6Q, STM32U599VIT6Q, STM32U599VJT6, STM32U599VJT6Q, STM32U599ZIT6Q, STM32U599ZIY6QTR, STM32U599ZJT6Q, STM32U599ZJY6QTR, STM32U5A5AJH6, STM32U5A5AJH6Q, STM32U5A5QII3Q , STM32U5A5QJI6, STM32U5A5QJI6Q, STM32U5A5RJT6, STM32U5A5RJT6Q, STM32U5A5VJT6, STM32U5A5VJT6Q, STM32U5A5ZJT6, STM32U5A5ZJT6Q, STM32U5A5ZJY6QTR, STM32U5A9BJY6QTR, STM32U5A9J-DK, STM32U5A9NJH6Q, STM32U5A9VJT6Q, STM32U5A9ZJT6Q, STM32U5A9ZJY6QTR, STM32U5F7VIT6, STM32U5F7VIT6Q, STM32U5F7VJT6, STM32U5F7VJT6Q, STM32U5F9BJY6QTR, STM32U5F9NJH6Q, STM32U5F9VIT6Q, STM32U5F9VJT6Q, STM32U5F9ZIJ6QTR, STM32U5F9ZIT6Q, STM32U5F9ZJJ6QTR, STM32U5F9ZJT6Q, STM32U5G7VJT6, STM32U5G7VJT6Q, STM32U5G9BJY6QTR, STM32U5G9J-DK1, STM32U5G9J-DK2, STM32U5G9NJH6Q, STM32U5G9VJT6Q, STM32U5G9ZJJ6QTR, STM32U5G9ZJT6Q, STM32WB05KZV6TR, STM32WB05KZV7TR, STM32WB05TZF6TR, STM32WB05TZF7TR, STM32WB06CCF6TR, STM32WB06CCF7TR, STM32WB06CCV6TR, STM32WB06CCV7TR, STM32WB06KCV6TR, STM32WB06KCV7TR, STM32WB07CCF6TR, STM32WB07CCF7TR, STM32WB07CCV6TR, STM32WB07CCV7TR, STM32WB07KCV6TR, STM32WB07KCV7TR, STM32WB09KEV6TR, STM32WB09KEV7TR, STM32WB09TEF6TR, STM32WB09TEF7TR, STM32WB1MMCH6, STM32WBA50KGU6, STM32WBA50KGU6TR, STM32WBA52CEU6, STM32WBA52CEU6TR, STM32WBA52CEU7, STM32WBA52CEU7TR, STM32WBA52CGU6, STM32WBA52CGU6TR, STM32WBA52CGU6U, STM32WBA52CGU7, STM32WBA52CGU7TR, STM32WBA52KEU6, STM32WBA52KEU6TR, STM32WBA52KGU6, STM32WBA52KGU6TR, STM32WBA54CEU6, STM32WBA54CEU6TR, STM32WBA54CEU7, STM32WBA54CEU7TR, STM32WBA54CGU6, STM32WBA54CGU6TR, STM32WBA54CGU7, STM32WBA54CGU7TR, STM32WBA54KEU6, STM32WBA54KEU6TR, STM32WBA54KEU7, STM32WBA54KEU7TR, STM32WBA54KGU6, STM32WBA54KGU6TR, STM32WBA54KGU7, STM32WBA54KGU7TR, STM32WBA55CEU6, STM32WBA55CEU6TR, STM32WBA55CEU7, STM32WBA55CEU7TR, STM32WBA55CGU6, STM32WBA55CGU6TR, STM32WBA55CGU6U, STM32WBA55CGU7, STM32WBA55CGU7TR, STM32WBA55G-DK1, STM32WBA55HEF6, STM32WBA55HEF7, STM32WBA55HGF6, STM32WBA55HGF7, STM32WBA55UEI6, STM32WBA55UEI6TR, STM32WBA55UEI7, STM32WBA55UEI7TR, STM32WBA55UGI6, STM32WBA55UGI6TR, STM32WBA55UGI7, STM32WBA55UGI7TR, STM32WBA5MMGH6TR, STM32WBA62MGF6, STM32WBA62MIF6, STM32WBA65MGF7, STM32WBA65MIF6, STM32WBA65MIF7, STM32WL30K8V6, STM32WL30KBV6, STM32WL31C8V6, STM32WL31CBV6, STM32WL31K8V6, STM32WL31KBV6, STM32WL33C8V6, STM32WL33C8V6X, STM32WL33CBV6, STM32WL33CBV6X, STM32WL33CCV6, STM32WL33CCV6A, STM32WL33CCV6X, STM32WL33K8V7, STM32WL33K8V7X, STM32WL33KBV7 , STM32WL33KBV7X, STM32WL33KCV7, STM32WL33KCV7X, STM32WL5MOCH6, STM32WL5MOCH6TR]
2025-11-10 10:56:00,308 [INFO] BoardInfo:889 - No configuration file found for board P-NUCLEO-WB55
2025-11-10 10:56:00,309 [INFO] DbBoards:161 - Kit is not supported: P-NUCLEO-WB55
2025-11-10 10:56:00,318 [INFO] BoardInfo:889 - No configuration file found for board STEVAL-BFA001V1B
2025-11-10 10:56:00,319 [INFO] DbBoards:161 - Kit is not supported: STEVAL-BFA001V1B
2025-11-10 10:56:00,320 [INFO] BoardInfo:889 - No configuration file found for board STEVAL-BFA001V2B
2025-11-10 10:56:00,322 [INFO] DbBoards:161 - Kit is not supported: STEVAL-BFA001V2B
2025-11-10 10:56:00,591 [INFO] DbBoards:168 - Found 212 boards, 209 are supported
2025-11-10 10:56:00,591 [INFO] DbBoards:169 - Found 212 boards, 43 of them is supported for  Bsp
2025-11-10 10:56:00,595 [INFO] ApiDb:668 - CubeFinder database Data Model version=2.1
2025-11-10 10:56:00,595 [INFO] ApiDb:669 - CubeFinder database Configuration version=3.0.39
2025-11-10 10:56:00,595 [INFO] ApiDb:670 - CubeFinder database generation date=2025-10-27 (1761571959)
2025-11-10 10:56:00,595 [INFO] ApiDb:671 - CubeFinder database FW Pack versions=[FP-ATR-ASTRA1_V2.0.0, FP-SNS-FLIGHT1_V5.1.0, FP-SNS-MOTENV1_V5.0.0, FP-SNS-MOTENVWB1_V1.4.0, FP-SNS-SMARTAG2_V1.2.0, FP-SNS-STBOX1_V2.1.0, STM32Cube_FW_C0_V1.4.0, STM32Cube_FW_F4_V1.28.3, STM32Cube_FW_F7_V1.17.4, STM32Cube_FW_G0_V1.6.2, STM32Cube_FW_G4_V1.6.1, STM32Cube_FW_H5_V1.5.0, STM32Cube_FW_H7RS_V1.2.0, STM32Cube_FW_H7_V1.12.1, STM32Cube_FW_L0_V1.12.2, STM32Cube_FW_L4_V1.18.1, STM32Cube_FW_L5_V1.5.1, STM32Cube_FW_N6_V1.2.0, STM32Cube_FW_U0_V1.3.0, STM32Cube_FW_U3_V1.2.1, STM32Cube_FW_U5_V1.8.0, STM32Cube_FW_WB0_V1.3.0, STM32Cube_FW_WBA_V1.7.0, STM32Cube_FW_WB_V1.23.0, STM32Cube_FW_WL3_V1.2.0, STM32Cube_FW_WL_V1.3.1, X-CUBE-ALGOBUILD_V1.4.0, X-CUBE-ALS_V1.0.2, X-CUBE-AZRTOS-F4_V1.1.0, X-CUBE-AZRTOS-F7_V1.1.0, X-CUBE-AZRTOS-G0_V1.1.0, X-CUBE-AZRTOS-G4_V2.0.0, X-CUBE-AZRTOS-H7RS_V1.1.0, X-CUBE-AZRTOS-H7_V3.4.0, X-CUBE-AZRTOS-L4_V2.0.0, X-CUBE-AZRTOS-L5_V2.0.0, X-CUBE-AZRTOS-WB_V2.0.0, X-CUBE-AZRTOS-WL_V2.0.0, X-CUBE-BLE1_V7.1.0, X-CUBE-BLE2_V3.3.0, X-CUBE-BLEMGR_V4.1.0, X-CUBE-EEPRMA1_V5.2.0, X-CUBE-FREERTOS_V1.3.1, X-CUBE-GNSS1_V6.0.0, X-CUBE-MEMS1_V11.3.0, X-CUBE-NFC4_V3.0.0, X-CUBE-NFC7_V2.0.0, X-CUBE-SFXS2LP1_V4.0.0, X-CUBE-ST67W61_V1.1.0, X-CUBE-SUBG2_V5.0.0, X-CUBE-TOF1_V3.4.3]
2025-11-10 10:56:02,644 [INFO] ApiDb:240 - Found 880 in-development CPN: [B-G473E-ZEST1S, B-WB1M-WPAN1, B-WBA5M-WPAN, B-WL5M-SUBG1, NUCLEO-C031C6, NUCLEO-C051C8, NUCLEO-C071RB, NUCLEO-C092RC, NUCLEO-H503RB, NUCLEO-H533RE, NUCLEO-H563ZI, NUCLEO-H7S3L8, NUCLEO-N657X0-Q, NUCLEO-U031R8, NUCLEO-U083RC, NUCLEO-U385RG-Q, NUCLEO-U545RE-Q, NUCLEO-U5A5ZJ-Q, NUCLEO-WB05KZ, NUCLEO-WB07CC, NUCLEO-WB09KE, NUCLEO-WBA52CG, NUCLEO-WBA55CG, NUCLEO-WL33CC1, NUCLEO-WL33CC2, STEVAL-PROTEUS1, STEVAL-SMARTAG2, STEVAL-STWINBX1, STM320518-EVAL, STM32C0116-DK, STM32C011D6Y3TR, STM32C011D6Y6TR, STM32C011F4P3, STM32C011F4P6, STM32C011F4U3, STM32C011F4U6TR, STM32C011F6P3, STM32C011F6P6, STM32C011F6U3, STM32C011F6U6TR, STM32C011J4M3, STM32C011J4M6, STM32C011J6M3, STM32C011J6M6, STM32C0316-DK, STM32C031C4T3, STM32C031C4T6, STM32C031C4U3, STM32C031C4U6, STM32C031C6T3, STM32C031C6T6, STM32C031C6U3, STM32C031C6U6, STM32C031F4P3, STM32C031F4P6, STM32C031F6P3, STM32C031F6P6, STM32C031G4U3, STM32C031G4U6, STM32C031G6U3, STM32C031G6U6, STM32C031K4T3, STM32C031K4T6, STM32C031K4U3, STM32C031K4U6, STM32C031K6T3, STM32C031K6T6, STM32C031K6U3, STM32C031K6U6, STM32C051C6T6, STM32C051C6U6, STM32C051C8T6, STM32C051C8U6, STM32C051D8Y6TR, STM32C051F6P6, STM32C051F8P6, STM32C051G6U6, STM32C051G8U6, STM32C051K6T6, STM32C051K6U6, STM32C051K8T6, STM32C071C8T6, STM32C071C8T6N, STM32C071C8U6, STM32C071C8U6N, STM32C071CBT6, STM32C071CBT6N, STM32C071CBU6, STM32C071CBU6N, STM32C071F8P6, STM32C071F8P6N, STM32C071FBP6, STM32C071FBP6N, STM32C071FBY6TR, STM32C071G8U6, STM32C071G8U6N, STM32C071GBU6, STM32C071GBU6N, STM32C071K8T6, STM32C071K8T6N, STM32C071K8U6, STM32C071K8U6N, STM32C071KBT6, STM32C071KBT6N, STM32C071KBU6, STM32C071KBU6N, STM32C071R8T6, STM32C071R8T6N, STM32C071RBI6N, STM32C071RBT6, STM32C071RBT6N, STM32C091CBT6, STM32C091CBU6, STM32C091CCT6, STM32C091CCU6, STM32C091ECY6TR, STM32C091FBP6, STM32C091FCP6, STM32C091GBU6, STM32C091GCU6, STM32C091KBT6, STM32C091KBU6, STM32C091KCT6, STM32C091KCU6, STM32C091RBT6, STM32C091RCI6, STM32C091RCT6, STM32C092CBT6, STM32C092CBU6, STM32C092CCT6, STM32C092CCU6, STM32C092ECY6TR, STM32C092FBP6, STM32C092FCP6, STM32C092GBU6, STM32C092GCU6, STM32C092KBT6, STM32C092KBU6, STM32C092KCT6, STM32C092KCU6, STM32C092RBT6, STM32C092RCI6, STM32C092RCT6, STM32G071K8TXN, STM32G071K8UXN, STM32G081GBU6N, STM32G081KBT6N, STM32G081KBUXN, STM32G0B1CCT6N, STM32G0B1KCT6, STM32G0B1NEY6TR, STM32G0B1RCT6N, STM32G0C1CCT6, STM32G0C1CCT6N, STM32G0C1CCU6N, STM32G0C1CET6N, STM32G0C1CEU6N, STM32G0C1KCT6, STM32G0C1NEY6TR, STM32G0C1RCI6N, STM32G0C1RCT6N, STM32G0C1REI6N, STM32G0C1RET6N, STM32G0C1VCI6, STM32G0C1VEI6, STM32G411C6T3, STM32G411C6T6, STM32G411C6U3, STM32G411C6U6, STM32G411C8T3, STM32G411C8T6, STM32G411C8U3, STM32G411C8U6, STM32G411CBT3, STM32G411CBT6, STM32G411CBU3, STM32G411CBU6, STM32G411K6T3, STM32G411K6T6, STM32G411K6U3, STM32G411K6U6, STM32G411K8T3, STM32G411K8T6, STM32G411K8U3, STM32G411K8U6, STM32G411KBT3, STM32G411KBT6, STM32G411KBU3, STM32G411KBU6, STM32G411M6T3, STM32G411M6T6, STM32G411M8T3, STM32G411M8T6, STM32G411MBT3, STM32G411MBT6, STM32G411R6T3, STM32G411R6T6, STM32G411R8T3, STM32G411R8T6, STM32G411RBT3, STM32G411RBT6, STM32G414CBT3, STM32G414CBT6, STM32G414CBU3, STM32G414CBU6, STM32G414CCT3, STM32G414CCT6, STM32G414CCU3, STM32G414CCU6, STM32G414MBT3, STM32G414MBT6, STM32G414MCT3, STM32G414MCT6, STM32G414RBT3, STM32G414RBT6, STM32G414RCT3, STM32G414RCT6, STM32G414VBT3, STM32G414VBT6, STM32G414VCT3, STM32G414VCT6, STM32G431CBT3Z, STM32G431RBT3Z, STM32G471CCT6, STM32G471CCU6, STM32G471CET3, STM32G471CET6, STM32G471CEU3, STM32G471CEU6, STM32G471MCT6, STM32G471MET3, STM32G471MET6, STM32G471MEY6TR, STM32G471QCT6, STM32G471QET3, STM32G471RCT6, STM32G471RET3, STM32G471RET6, STM32G471VCH6, STM32G471VCI6, STM32G471VCT6, STM32G471VEH3, STM32G471VEH6, STM32G471VEI3, STM32G471VEI6, STM32G471VET3, STM32G471VET6, STM32G473QET3Z, STM32G473RET3Z, STM32G474CCT6, STM32G491RET3Z, STM32H503CBT6, STM32H503CBU6, STM32H503EBY6TR, STM32H503KBU6, STM32H503RBT6, STM32H523CCT6, STM32H523CCU6, STM32H523CET6, STM32H523CEU6, STM32H523HEY6TR, STM32H523RCT6, STM32H523RET6, STM32H523VCI6, STM32H523VCT6, STM32H523VEI6, STM32H523VET6, STM32H523ZCJ6, STM32H523ZCT6, STM32H523ZEJ6, STM32H523ZET6, STM32H533CET6, STM32H533CEU6, STM32H533HEY6TR, STM32H533RET6, STM32H533VEI6, STM32H533VET6, STM32H533ZEJ6, STM32H533ZET6, STM32H562AGI6, STM32H562AII6, STM32H562IGK6, STM32H562IGT6, STM32H562IIK6, STM32H562IIT6, STM32H562RGT6, STM32H562RGV6, STM32H562RIT6, STM32H562RIV6, STM32H562VGT6, STM32H562VIT6, STM32H562ZGT6, STM32H562ZIT6, STM32H563AGI6, STM32H563AII3Q, STM32H563AII6, STM32H563IGK6, STM32H563IGT6, STM32H563IIK3Q, STM32H563IIK6, STM32H563IIT3Q, STM32H563IIT6, STM32H563MIY3QTR, STM32H563RGT6, STM32H563RGV6, STM32H563RIT6, STM32H563RIV6, STM32H563VGT6, STM32H563VIT3Q, STM32H563VIT6, STM32H563ZGT6, STM32H563ZIT3Q, STM32H563ZIT6, STM32H573AII3Q, STM32H573AII6, STM32H573I-DK, STM32H573IIK3Q, STM32H573IIK6, STM32H573IIT3Q, STM32H573IIT6, STM32H573MIY3QTR, STM32H573RIT6, STM32H573RIV6, STM32H573VIT3Q, STM32H573VIT6, STM32H573ZIT3Q, STM32H573ZIT6, STM32H7R3A8I6, STM32H7R3I8K6, STM32H7R3I8T6, STM32H7R3L8H6, STM32H7R3L8H6H, STM32H7R3R8V6, STM32H7R3V8H6, STM32H7R3V8T6, STM32H7R3V8Y6TR, STM32H7R3Z8J6, STM32H7R3Z8T6, STM32H7R7A8I6, STM32H7R7I8K6, STM32H7R7I8T6, STM32H7R7L8H6, STM32H7R7L8H6H, STM32H7R7Z8J6, STM32H7S3A8I6, STM32H7S3I8K6, STM32H7S3I8T6, STM32H7S3L8H6, STM32H7S3L8H6H, STM32H7S3R8V6, STM32H7S3V8H6, STM32H7S3V8T6, STM32H7S3V8Y6TR, STM32H7S3Z8J6, STM32H7S3Z8T6, STM32H7S78-DK, STM32H7S7A8I6, STM32H7S7I8K6, STM32H7S7I8T6, STM32H7S7L8H6, STM32H7S7L8H6H, STM32H7S7Z8J6, STM32L4R5QGI6STR, STM32MP131AAE3, STM32MP131AAF3, STM32MP131AAG3, STM32MP131CAE3, STM32MP131CAF3, STM32MP131CAG3, STM32MP131DAE7, STM32MP131DAF7, STM32MP131DAG7, STM32MP131FAE7, STM32MP131FAF7, STM32MP131FAG7, STM32MP133AAE3, STM32MP133AAF3, STM32MP133AAG3, STM32MP133CAE3, STM32MP133CAF3, STM32MP133CAG3, STM32MP133DAE7, STM32MP133DAF7, STM32MP133DAG7, STM32MP133FAE7, STM32MP133FAF7, STM32MP133FAG7, STM32MP135AAE3, STM32MP135AAF3, STM32MP135AAG3, STM32MP135CAE3, STM32MP135CAF3, STM32MP135CAG3, STM32MP135DAE7, STM32MP135DAF7, STM32MP135DAG7, STM32MP135F-DK, STM32MP135FAE7, STM32MP135FAF7, STM32MP135FAF7T, STM32MP135FAF7U, STM32MP135FAG7, STM32MP211AAL3, STM32MP211AAM3, STM32MP211AAN3, STM32MP211AAO3, STM32MP211CAL3, STM32MP211CAM3, STM32MP211CAN3, STM32MP211CAO3, STM32MP211DAL3, STM32MP211DAM3, STM32MP211DAN3, STM32MP211DAO3, STM32MP211FAL3, STM32MP211FAM3, STM32MP211FAN3, STM32MP211FAO3, STM32MP213AAL3, STM32MP213AAM3, STM32MP213AAN3, STM32MP213AAO3, STM32MP213CAL3, STM32MP213CAM3, STM32MP213CAN3, STM32MP213CAO3, STM32MP213DAL3, STM32MP213DAM3, STM32MP213DAN3, STM32MP213DAO3, STM32MP213FAL3, STM32MP213FAM3, STM32MP213FAN3, STM32MP213FAO3, STM32MP215AAL3, STM32MP215AAM3, STM32MP215AAN3, STM32MP215AAO3, STM32MP215CAL3, STM32MP215CAM3, STM32MP215CAN3, STM32MP215CAO3, STM32MP215DAL3, STM32MP215DAM3, STM32MP215DAN3, STM32MP215DAO3, STM32MP215F-DK, STM32MP215FAL3, STM32MP215FAM3, STM32MP215FAN3, STM32MP215FAO3, STM32MP231AAJ3, STM32MP231AAK3, STM32MP231AAL3, STM32MP231CAJ3, STM32MP231CAK3, STM32MP231CAL3, STM32MP231DAJ3, STM32MP231DAK3, STM32MP231DAL3, STM32MP231FAJ3, STM32MP231FAK3, STM32MP231FAL3, STM32MP233AAJ3, STM32MP233AAK3, STM32MP233AAL3, STM32MP233CAJ3, STM32MP233CAK3, STM32MP233CAL3, STM32MP233DAJ3, STM32MP233DAK3, STM32MP233DAL3, STM32MP233FAJ3, STM32MP233FAK3, STM32MP233FAL3, STM32MP235AAJ3, STM32MP235AAK3, STM32MP235AAL3, STM32MP235CAJ3, STM32MP235CAK3, STM32MP235CAL3, STM32MP235DAJ3, STM32MP235DAK3, STM32MP235DAL3, STM32MP235FAJ3, STM32MP235FAK3, STM32MP235FAL3, STM32MP251AAI3, STM32MP251AAK3, STM32MP251AAL3, STM32MP251CAI3, STM32MP251CAK3, STM32MP251CAL3, STM32MP251DAI3, STM32MP251DAK3, STM32MP251DAL3, STM32MP251FAI3, STM32MP251FAK3, STM32MP251FAL3, STM32MP253AAI3, STM32MP253AAK3, STM32MP253AAL3, STM32MP253CAI3, STM32MP253CAK3, STM32MP253CAL3, STM32MP253DAI3, STM32MP253DAK3, STM32MP253DAL3, STM32MP253FAI3, STM32MP253FAK3, STM32MP253FAL3, STM32MP255AAI3, STM32MP255AAK3, STM32MP255AAL3, STM32MP255CAI3, STM32MP255CAK3, STM32MP255CAL3, STM32MP255DAI3, STM32MP255DAK3, STM32MP255DAL3, STM32MP255FAI3, STM32MP255FAK3, STM32MP255FAL3, STM32MP257AAI3, STM32MP257AAK3, STM32MP257AAL3, STM32MP257CAI3, STM32MP257CAK3, STM32MP257CAL3, STM32MP257DAI3, STM32MP257DAK3, STM32MP257DAL3, STM32MP257F-DK, STM32MP257F-EV1, STM32MP257FAI3, STM32MP257FAK3, STM32MP257FAL3, STM32N645A0H3Q, STM32N645B0H3Q, STM32N645I0H3Q, STM32N645L0H3Q, STM32N645X0H3Q, STM32N645Z0H3Q, STM32N647A0H3Q, STM32N647B0H3Q, STM32N647I0H3Q, STM32N647L0H3Q, STM32N647X0H3Q, STM32N647Z0H3Q, STM32N655A0H3Q, STM32N655B0H3Q, STM32N655I0H3Q, STM32N655L0H3Q, STM32N655X0H3Q, STM32N655Z0H3Q, STM32N6570-DK, STM32N657A0H3Q, STM32N657B0H3Q, STM32N657I0H3Q, STM32N657L0H3Q, STM32N657X0H3Q, STM32N657Z0H3Q, STM32U031C6T6, STM32U031C6U6, STM32U031C8T6, STM32U031C8U6, STM32U031F4P6, STM32U031F6P6, STM32U031F8P6, STM32U031G6Y6TR, STM32U031G8Y6TR, STM32U031K4U6, STM32U031K6U6, STM32U031K8U6, STM32U031R6I6, STM32U031R6T6, STM32U031R8I6, STM32U031R8T6, STM32U073C8T6, STM32U073C8U6, STM32U073CBT6, STM32U073CBU6, STM32U073CCT6, STM32U073CCU6, STM32U073H8Y6TR, STM32U073HBY6TR, STM32U073HCY6TR, STM32U073K8U6, STM32U073KBU6, STM32U073KCU6, STM32U073M8I6, STM32U073M8T6, STM32U073MBI6, STM32U073MBT6, STM32U073MCI6, STM32U073MCT6, STM32U073R8I6, STM32U073R8T6, STM32U073RBI6, STM32U073RBT6, STM32U073RCI6, STM32U073RCT6, STM32U083C-DK, STM32U083CCT6, STM32U083CCU6, STM32U083HCY6TR, STM32U083KCU6, STM32U083MCI6, STM32U083MCT6, STM32U083RCI6, STM32U083RCT6, STM32U375CET6, STM32U375CET6Q, STM32U375CEU6, STM32U375CEU6Q, STM32U375CEY6QTR, STM32U375CGT6, STM32U375CGT6Q, STM32U375CGU6, STM32U375CGU6Q, STM32U375CGY6QTR, STM32U375KEU6, STM32U375KGU6, STM32U375REI6, STM32U375REI6Q, STM32U375RET6, STM32U375RET6Q, STM32U375REY6GTR, STM32U375REY6QTR, STM32U375RGI6, STM32U375RGI6Q, STM32U375RGT6, STM32U375RGT6Q, STM32U375RGY6GTR, STM32U375RGY6QTR, STM32U375VEI6, STM32U375VEI6Q, STM32U375VET6, STM32U375VET6Q, STM32U375VGI6, STM32U375VGI6Q, STM32U375VGT6, STM32U375VGT6Q, STM32U385CGT6, STM32U385CGT6Q, STM32U385CGU6, STM32U385CGU6Q, STM32U385CGY6QTR, STM32U385KGU6, STM32U385RGI6, STM32U385RGI6Q, STM32U385RGT6, STM32U385RGT6Q, STM32U385RGY6GTR, STM32U385RGY6QTR, STM32U385VGI6, STM32U385VGI6Q, STM32U385VGT6, STM32U385VGT6Q, STM32U535CBT6, STM32U535CBT6Q, STM32U535CBU6, STM32U535CBU6Q, STM32U535CCT6, STM32U535CCT6Q, STM32U535CCU6, STM32U535CCU6Q, STM32U535CET6, STM32U535CET6Q, STM32U535CEU6, STM32U535CEU6Q, STM32U535JEY6QTR, STM32U535NCY6QTR, STM32U535NEY6QTR, STM32U535RBI6, STM32U535RBI6Q, STM32U535RBT6, STM32U535RBT6Q, STM32U535RCI6, STM32U535RCI6Q, STM32U535RCT6, STM32U535RCT6Q, STM32U535REI6, STM32U535REI6Q, STM32U535RET6, STM32U535RET6Q, STM32U535VCI6, STM32U535VCI6Q, STM32U535VCT6, STM32U535VCT6Q, STM32U535VEI6, STM32U535VEI6Q, STM32U535VET6, STM32U535VET6Q, STM32U545CET6, STM32U545CET6Q, STM32U545CEU6, STM32U545CEU6Q, STM32U545JEY6QTR, STM32U545NEY6QTR, STM32U545REI6, STM32U545REI6Q, STM32U545RET6, STM32U545RET6Q, STM32U545VEI6, STM32U545VEI6Q, STM32U545VET6, STM32U545VET6Q, STM32U595AIH6, STM32U595AIH6Q, STM32U595AJH6, STM32U595AJH6Q, STM32U595QII6, STM32U595QII6Q, STM32U595QJI6, STM32U595QJI6Q, STM32U595RIT6, STM32U595RIT6Q, STM32U595RJT6, STM32U595RJT6Q, STM32U595VIT6, STM32U595VIT6Q, STM32U595VJT6, STM32U595VJT6Q, STM32U595ZIT6, STM32U595ZIT6Q, STM32U595ZIY6QTR, STM32U595ZJT6, STM32U595ZJT6Q, STM32U595ZJY6QTR, STM32U599BJY6QTR, STM32U599NIH6Q, STM32U599NJH6Q, STM32U599VIT6Q, STM32U599VJT6, STM32U599VJT6Q, STM32U599ZIT6Q, STM32U599ZIY6QTR, STM32U599ZJT6Q, STM32U599ZJY6QTR, STM32U5A5AJH6, STM32U5A5AJH6Q, STM32U5A5QII3Q , STM32U5A5QJI6, STM32U5A5QJI6Q, STM32U5A5RJT6, STM32U5A5RJT6Q, STM32U5A5VJT6, STM32U5A5VJT6Q, STM32U5A5ZJT6, STM32U5A5ZJT6Q, STM32U5A5ZJY6QTR, STM32U5A9BJY6QTR, STM32U5A9J-DK, STM32U5A9NJH6Q, STM32U5A9VJT6Q, STM32U5A9ZJT6Q, STM32U5A9ZJY6QTR, STM32U5F7VIT6, STM32U5F7VIT6Q, STM32U5F7VJT6, STM32U5F7VJT6Q, STM32U5F9BJY6QTR, STM32U5F9NJH6Q, STM32U5F9VIT6Q, STM32U5F9VJT6Q, STM32U5F9ZIJ6QTR, STM32U5F9ZIT6Q, STM32U5F9ZJJ6QTR, STM32U5F9ZJT6Q, STM32U5G7VJT6, STM32U5G7VJT6Q, STM32U5G9BJY6QTR, STM32U5G9J-DK1, STM32U5G9J-DK2, STM32U5G9NJH6Q, STM32U5G9VJT6Q, STM32U5G9ZJJ6QTR, STM32U5G9ZJT6Q, STM32WB05KZV6TR, STM32WB05KZV7TR, STM32WB05TZF6TR, STM32WB05TZF7TR, STM32WB06CCF6TR, STM32WB06CCF7TR, STM32WB06CCV6TR, STM32WB06CCV7TR, STM32WB06KCV6TR, STM32WB06KCV7TR, STM32WB07CCF6TR, STM32WB07CCF7TR, STM32WB07CCV6TR, STM32WB07CCV7TR, STM32WB07KCV6TR, STM32WB07KCV7TR, STM32WB09KEV6TR, STM32WB09KEV7TR, STM32WB09TEF6TR, STM32WB09TEF7TR, STM32WB1MMCH6, STM32WBA50KGU6, STM32WBA50KGU6TR, STM32WBA52CEU6, STM32WBA52CEU6TR, STM32WBA52CEU7, STM32WBA52CEU7TR, STM32WBA52CGU6, STM32WBA52CGU6TR, STM32WBA52CGU6U, STM32WBA52CGU7, STM32WBA52CGU7TR, STM32WBA52KEU6, STM32WBA52KEU6TR, STM32WBA52KGU6, STM32WBA52KGU6TR, STM32WBA54CEU6, STM32WBA54CEU6TR, STM32WBA54CEU7, STM32WBA54CEU7TR, STM32WBA54CGU6, STM32WBA54CGU6TR, STM32WBA54CGU7, STM32WBA54CGU7TR, STM32WBA54KEU6, STM32WBA54KEU6TR, STM32WBA54KEU7, STM32WBA54KEU7TR, STM32WBA54KGU6, STM32WBA54KGU6TR, STM32WBA54KGU7, STM32WBA54KGU7TR, STM32WBA55CEU6, STM32WBA55CEU6TR, STM32WBA55CEU7, STM32WBA55CEU7TR, STM32WBA55CGU6, STM32WBA55CGU6TR, STM32WBA55CGU6U, STM32WBA55CGU7, STM32WBA55CGU7TR, STM32WBA55G-DK1, STM32WBA55HEF6, STM32WBA55HEF7, STM32WBA55HGF6, STM32WBA55HGF7, STM32WBA55UEI6, STM32WBA55UEI6TR, STM32WBA55UEI7, STM32WBA55UEI7TR, STM32WBA55UGI6, STM32WBA55UGI6TR, STM32WBA55UGI7, STM32WBA55UGI7TR, STM32WBA5MMGH6TR, STM32WBA62MGF6, STM32WBA62MIF6, STM32WBA65MGF7, STM32WBA65MIF6, STM32WBA65MIF7, STM32WL30K8V6, STM32WL30KBV6, STM32WL31C8V6, STM32WL31CBV6, STM32WL31K8V6, STM32WL31KBV6, STM32WL33C8V6, STM32WL33C8V6X, STM32WL33CBV6, STM32WL33CBV6X, STM32WL33CCV6, STM32WL33CCV6A, STM32WL33CCV6X, STM32WL33K8V7, STM32WL33K8V7X, STM32WL33KBV7 , STM32WL33KBV7X, STM32WL33KCV7, STM32WL33KCV7X, STM32WL5MOCH6, STM32WL5MOCH6TR]
2025-11-10 10:56:02,649 [INFO] DbMcus:218 - Found 4801 MCUs, 4801 are supported
2025-11-10 10:56:02,649 [INFO] ApiDb:423 - Load user favorites file C:\Users\USER/.stm32cubeide/favorites.mcus.txt: 0 item(s)
2025-11-10 10:56:02,649 [INFO] ApiDb:427 - User favorites MCUs=[]
2025-11-10 10:56:02,649 [INFO] DbMcus:224 - Set 0 / 0 favorites MCUs
2025-11-10 10:56:02,965 [INFO] ApiDb:423 - Load user favorites file C:\Users\USER/.stm32cubeide/favorites.boards.txt: 0 item(s)
2025-11-10 10:56:02,966 [INFO] ApiDb:427 - User favorites Boards=[]
2025-11-10 10:56:02,966 [INFO] DbBoards:198 - Set 0 / 0 favorites Boards
2025-11-10 10:56:03,024 [INFO] UtilMem:75 - End LoadConfig() Used Memory: 744992760 Bytes (1073741824)
2025-11-10 10:56:03,150 [WARN] ThirdParty:833 - waiting for thirdparty lock release [change project]
2025-11-10 10:56:03,151 [INFO] ThirdParty:835 - entering critical section [change project]
2025-11-10 10:56:03,151 [INFO] ThirdParty:1030 - CMSIS Pack Vendor :STMicroelectronics X-CUBE-PM33A1 1.0.0
2025-11-10 10:56:03,151 [INFO] ThirdParty:1030 - CMSIS Pack Vendor :STMicroelectronics USBPD 4.1
2025-11-10 10:56:03,151 [INFO] ThirdParty:1030 - CMSIS Pack Vendor :STMicroelectronics X-CUBE-NFC9 1.0.0
2025-11-10 10:56:03,151 [INFO] ThirdParty:1030 - CMSIS Pack Vendor :STMicroelectronics USB_HOST 2.0.0
2025-11-10 10:56:03,151 [INFO] ThirdParty:1030 - CMSIS Pack Vendor :STMicroelectronics FP-SNS-MOTENVWB1 1.4.0
2025-11-10 10:56:03,151 [INFO] ThirdParty:1030 - CMSIS Pack Vendor :STMicroelectronics X-CUBE-AZRTOS-F4 1.1.0
2025-11-10 10:56:03,151 [INFO] ThirdParty:1030 - CMSIS Pack Vendor :STMicroelectronics LIBJPEG 8.0.0
2025-11-10 10:56:03,151 [INFO] ThirdParty:1030 - CMSIS Pack Vendor :STMicroelectronics FP-ATR-ASTRA1 2.0.2
2025-11-10 10:56:03,151 [INFO] ThirdParty:1030 - CMSIS Pack Vendor :wolfSSL I-CUBE-wolfSSL 5.8.2
2025-11-10 10:56:03,151 [INFO] ThirdParty:1030 - CMSIS Pack Vendor :STMicroelectronics X-CUBE-BLE1 7.1.0
2025-11-10 10:56:03,151 [INFO] ThirdParty:1030 - CMSIS Pack Vendor :STMicroelectronics X-CUBE-SMBUS 2.1.0
2025-11-10 10:56:03,151 [INFO] ThirdParty:1030 - CMSIS Pack Vendor :wolfSSL I-CUBE-wolfMQTT 1.19.2
2025-11-10 10:56:03,151 [INFO] ThirdParty:1030 - CMSIS Pack Vendor :STMicroelectronics USB_DEVICE 3.0.0
2025-11-10 10:56:03,151 [INFO] ThirdParty:1030 - CMSIS Pack Vendor :STMicroelectronics X-CUBE-ISPU 2.1.0
2025-11-10 10:56:03,151 [INFO] ThirdParty:1030 - CMSIS Pack Vendor :STMicroelectronics X-CUBE-EEPRMA1 5.2.0
2025-11-10 10:56:03,151 [INFO] ThirdParty:1030 - CMSIS Pack Vendor :STMicroelectronics X-CUBE-IPS 3.2.0
2025-11-10 10:56:03,151 [INFO] ThirdParty:1030 - CMSIS Pack Vendor :STMicroelectronics X-CUBE-BLEMGR 4.1.0
2025-11-10 10:56:03,151 [INFO] ThirdParty:1030 - CMSIS Pack Vendor :STMicroelectronics X-CUBE-AZRTOS-WB 2.0.0
2025-11-10 10:56:03,151 [INFO] ThirdParty:1030 - CMSIS Pack Vendor :STMicroelectronics X-CUBE-NFC12 1.0.0
2025-11-10 10:56:03,151 [INFO] ThirdParty:1030 - CMSIS Pack Vendor :STMicroelectronics X-CUBE-AZRTOS-F7 1.1.0
2025-11-10 10:56:03,151 [INFO] ThirdParty:1030 - CMSIS Pack Vendor :STMicroelectronics X-CUBE-AZRTOS-L5 2.0.0
2025-11-10 10:56:03,151 [INFO] ThirdParty:1030 - CMSIS Pack Vendor :STMicroelectronics USB_DEVICE 2.0.0
2025-11-10 10:56:03,151 [INFO] ThirdParty:1030 - CMSIS Pack Vendor :STMicroelectronics X-CUBE-NFC6 3.1.0
2025-11-10 10:56:03,151 [INFO] ThirdParty:1030 - CMSIS Pack Vendor :STMicroelectronics X-CUBE-ST67W61 1.1.0
2025-11-10 10:56:03,151 [INFO] ThirdParty:1030 - CMSIS Pack Vendor :Cesanta I-CUBE-Mongoose 7.19.0
2025-11-10 10:56:03,151 [INFO] ThirdParty:1030 - CMSIS Pack Vendor :quantropi X-CUBE-qispace-sdk-base 2.1.0
2025-11-10 10:56:03,151 [INFO] ThirdParty:1030 - CMSIS Pack Vendor :STMicroelectronics FP-SNS-MOTENV1 5.1.0
2025-11-10 10:56:03,151 [INFO] ThirdParty:1030 - CMSIS Pack Vendor :STMicroelectronics FreeRTOS 0.0.1
2025-11-10 10:56:03,151 [INFO] ThirdParty:1030 - CMSIS Pack Vendor :STMicroelectronics X-CUBE-AZRTOS-G0 1.1.0
2025-11-10 10:56:03,151 [INFO] ThirdParty:1030 - CMSIS Pack Vendor :STMicroelectronics X-CUBE-SAFEA1 1.2.2
2025-11-10 10:56:03,151 [INFO] ThirdParty:1030 - CMSIS Pack Vendor :STMicroelectronics X-CUBE-NFC4 3.0.0
2025-11-10 10:56:03,151 [INFO] ThirdParty:1030 - CMSIS Pack Vendor :STMicroelectronics X-CUBE-SUBG2 5.0.0
2025-11-10 10:56:03,152 [INFO] ThirdParty:1030 - CMSIS Pack Vendor :STMicroelectronics X-CUBE-AZRTOS-H7RS 1.1.0
2025-11-10 10:56:03,152 [INFO] ThirdParty:1030 - CMSIS Pack Vendor :STMicroelectronics STM32_WPAN 1.0.0
2025-11-10 10:56:03,152 [INFO] ThirdParty:1030 - CMSIS Pack Vendor :EmbeddedOffice I-CUBE-FS-RTOS 1.0.1
2025-11-10 10:56:03,152 [INFO] ThirdParty:1030 - CMSIS Pack Vendor :STMicroelectronics lwIP 2.0.3
2025-11-10 10:56:03,152 [INFO] ThirdParty:1030 - CMSIS Pack Vendor :WES I-CUBE-Cesium 1.4.0
2025-11-10 10:56:03,152 [INFO] ThirdParty:1030 - CMSIS Pack Vendor :STMicroelectronics USB_HOST 1.0.0
2025-11-10 10:56:03,152 [INFO] ThirdParty:1030 - CMSIS Pack Vendor :Infineon AIROC-Wi-Fi-Bluetooth-STM32 1.7.1
2025-11-10 10:56:03,152 [INFO] ThirdParty:1030 - CMSIS Pack Vendor :STMicroelectronics X-CUBE-AZRTOS-G4 2.0.0
2025-11-10 10:56:03,152 [INFO] ThirdParty:1030 - CMSIS Pack Vendor :STMicroelectronics X-CUBE-WB05N 2.0.0
2025-11-10 10:56:03,152 [INFO] ThirdParty:1030 - CMSIS Pack Vendor :STMicroelectronics PDM2PCM 3.1.0
2025-11-10 10:56:03,152 [INFO] ThirdParty:1030 - CMSIS Pack Vendor :STMicroelectronics PDM2PCM 3.3.0
2025-11-10 10:56:03,152 [INFO] ThirdParty:1030 - CMSIS Pack Vendor :wolfSSL I-CUBE-wolfTPM 3.8.0
2025-11-10 10:56:03,152 [INFO] ThirdParty:1030 - CMSIS Pack Vendor :STMicroelectronics X-CUBE-AZRTOS-H7 3.4.0
2025-11-10 10:56:03,152 [INFO] ThirdParty:1030 - CMSIS Pack Vendor :STMicroelectronics X-CUBE-DISPLAY 3.0.0
2025-11-10 10:56:03,152 [INFO] ThirdParty:1030 - CMSIS Pack Vendor :wolfSSL I-CUBE-wolfSSH 1.4.20
2025-11-10 10:56:03,152 [INFO] ThirdParty:1030 - CMSIS Pack Vendor :STMicroelectronics X-CUBE-NFC7 2.0.0
2025-11-10 10:56:03,152 [INFO] ThirdParty:1030 - CMSIS Pack Vendor :STMicroelectronics X-CUBE-TCPP 4.2.0
2025-11-10 10:56:03,152 [INFO] ThirdParty:1030 - CMSIS Pack Vendor :RealThread X-CUBE-RT-Thread_Nano 4.1.1
2025-11-10 10:56:03,152 [INFO] ThirdParty:1030 - CMSIS Pack Vendor :STMicroelectronics FP-ATR-SIGFOX1 3.2.0
2025-11-10 10:56:03,152 [INFO] ThirdParty:1030 - CMSIS Pack Vendor :STMicroelectronics X-CUBE-NFC10 1.0.0
2025-11-10 10:56:03,152 [INFO] ThirdParty:1030 - CMSIS Pack Vendor :STMicroelectronics X-CUBE-FREERTOS 1.3.1
2025-11-10 10:56:03,152 [INFO] ThirdParty:1030 - CMSIS Pack Vendor :STMicroelectronics HAL Drivers 0.0.0
2025-11-10 10:56:03,152 [INFO] ThirdParty:1030 - CMSIS Pack Vendor :STMicroelectronics MBEDTLS 2.16.2
2025-11-10 10:56:03,152 [INFO] ThirdParty:1030 - CMSIS Pack Vendor :STMicroelectronics X-CUBE-ST60 1.1.0
2025-11-10 10:56:03,152 [INFO] ThirdParty:1030 - CMSIS Pack Vendor :STMicroelectronics X-CUBE-ALS 1.0.2
2025-11-10 10:56:03,152 [INFO] ThirdParty:1030 - CMSIS Pack Vendor :emotas I-CUBE-CANOPEN 1.3.0
2025-11-10 10:56:03,152 [INFO] ThirdParty:1030 - CMSIS Pack Vendor :STMicroelectronics MBEDTLS 2.14.1
2025-11-10 10:56:03,152 [INFO] ThirdParty:1030 - CMSIS Pack Vendor :STMicroelectronics X-CUBE-GNSS1 7.1.0
2025-11-10 10:56:03,152 [INFO] ThirdParty:1030 - CMSIS Pack Vendor :ITTIA_DB I-CUBE-ITTIADB 8.9.0
2025-11-10 10:56:03,152 [INFO] ThirdParty:1030 - CMSIS Pack Vendor :STMicroelectronics X-CUBE-TOUCHGFX 4.26.0
2025-11-10 10:56:03,152 [INFO] ThirdParty:1030 - CMSIS Pack Vendor :STMicroelectronics X-CUBE-STSE01 1.0.0
2025-11-10 10:56:03,152 [INFO] ThirdParty:1030 - CMSIS Pack Vendor :STMicroelectronics FP-SNS-STBOX1 2.1.0
2025-11-10 10:56:03,152 [INFO] ThirdParty:1030 - CMSIS Pack Vendor :STMicroelectronics X-CUBE-AI 10.2.0
2025-11-10 10:56:03,152 [INFO] ThirdParty:1030 - CMSIS Pack Vendor :STMicroelectronics FP-SNS-STAIOTCFT 1.0.0
2025-11-10 10:56:03,152 [INFO] ThirdParty:1030 - CMSIS Pack Vendor :STMicroelectronics ThreadX 1.0.0
2025-11-10 10:56:03,152 [INFO] ThirdParty:1030 - CMSIS Pack Vendor :STMicroelectronics FP-SNS-SMARTAG2 1.2.0
2025-11-10 10:56:03,152 [INFO] ThirdParty:1030 - CMSIS Pack Vendor :STMicroelectronics FP-SNS-FLIGHT1 5.1.0
2025-11-10 10:56:03,152 [INFO] ThirdParty:1030 - CMSIS Pack Vendor :STMicroelectronics X-CUBE-AZRTOS-WL 2.0.0
2025-11-10 10:56:03,153 [INFO] ThirdParty:1030 - CMSIS Pack Vendor :SEGGER I-CUBE-embOS 1.3.1
2025-11-10 10:56:03,153 [INFO] ThirdParty:1030 - CMSIS Pack Vendor :STMicroelectronics X-CUBE-ALGOBUILD 1.4.0
2025-11-10 10:56:03,153 [INFO] ThirdParty:1030 - CMSIS Pack Vendor :STMicroelectronics X-CUBE-DPower 1.3.0
2025-11-10 10:56:03,153 [INFO] ThirdParty:1030 - CMSIS Pack Vendor :STMicroelectronics X-CUBE-MEMS1 11.3.0
2025-11-10 10:56:03,153 [INFO] ThirdParty:1030 - CMSIS Pack Vendor :STMicroelectronics USB_DEVICE 1.0.0
2025-11-10 10:56:03,153 [INFO] ThirdParty:1030 - CMSIS Pack Vendor :STMicroelectronics X-CUBE-AZRTOS-L4 2.0.0
2025-11-10 10:56:03,153 [INFO] ThirdParty:1030 - CMSIS Pack Vendor :STMicroelectronics ThreadX 0.0.2
2025-11-10 10:56:03,153 [INFO] ThirdParty:1030 - CMSIS Pack Vendor :STMicroelectronics lwIP 2.1.2
2025-11-10 10:56:03,153 [INFO] ThirdParty:1030 - CMSIS Pack Vendor :STMicroelectronics X-CUBE-SFXS2LP1 4.0.0
2025-11-10 10:56:03,153 [INFO] ThirdParty:1030 - CMSIS Pack Vendor :STMicroelectronics X-CUBE-BLE2 3.3.0
2025-11-10 10:56:03,153 [INFO] ThirdParty:1030 - CMSIS Pack Vendor :Avnet-IOTCONNECT X-CUBE-iotc-st67-sdk 1.0.0
2025-11-10 10:56:03,153 [INFO] ThirdParty:1030 - CMSIS Pack Vendor :STMicroelectronics X-CUBE-TOF1 3.4.3
2025-11-10 10:56:03,153 [INFO] ThirdParty:1030 - CMSIS Pack Vendor :STMicroelectronics PDM2PCM 3.2.0
2025-11-10 10:56:03,153 [INFO] ThirdParty:841 - exiting critical section [change project]
2025-11-10 10:56:03,408 [INFO] PinOutPanel:1589 - setPackage(No Configuration,No Configuration)
2025-11-10 10:56:03,409 [INFO] PinOutPanel:1589 - setPackage(STM32F103RCTx,LQFP64)
2025-11-10 10:56:03,856 [INFO] UtilMem:75 - Before build in PCC Used Memory: 626526208 Bytes (1073741824)
2025-11-10 10:56:04,495 [INFO] UtilMem:75 - After build in PCC Used Memory: 702190960 Bytes (1073741824)
2025-11-10 10:56:04,559 [INFO] ApiDbMcu:532 - Load IP Config File for FREERTOS
2025-11-10 10:56:04,580 [INFO] IPUIPlugin:80 - create IPUIPlugin
2025-11-10 10:56:04,580 [INFO] IPUIPlugin:80 - create IPUIPlugin
2025-11-10 10:56:04,581 [INFO] IPUIPlugin:80 - create IPUIPlugin
2025-11-10 10:56:04,581 [INFO] IPUIPlugin:80 - create IPUIPlugin
2025-11-10 10:56:04,581 [INFO] IPUIPlugin:80 - create IPUIPlugin
2025-11-10 10:56:04,581 [INFO] IPUIPlugin:80 - create IPUIPlugin
2025-11-10 10:56:04,581 [INFO] IPUIPlugin:80 - create IPUIPlugin
2025-11-10 10:56:04,581 [INFO] IPUIPlugin:80 - create IPUIPlugin
2025-11-10 10:56:04,581 [INFO] IPUIPlugin:80 - create IPUIPlugin
2025-11-10 10:56:04,581 [INFO] IPUIPlugin:80 - create IPUIPlugin
2025-11-10 10:56:04,581 [INFO] IPUIPlugin:80 - create IPUIPlugin
2025-11-10 10:56:04,581 [INFO] IPUIPlugin:80 - create IPUIPlugin
2025-11-10 10:56:04,581 [INFO] IPUIPlugin:80 - create IPUIPlugin
2025-11-10 10:56:04,581 [INFO] IPUIPlugin:80 - create IPUIPlugin
2025-11-10 10:56:04,582 [INFO] IPUIPlugin:80 - create IPUIPlugin
2025-11-10 10:56:04,582 [INFO] IPUIPlugin:80 - create IPUIPlugin
2025-11-10 10:56:04,582 [INFO] IPUIPlugin:80 - create IPUIPlugin
2025-11-10 10:56:04,582 [INFO] IPUIPlugin:80 - create IPUIPlugin
2025-11-10 10:56:04,582 [INFO] IPUIPlugin:80 - create IPUIPlugin
2025-11-10 10:56:04,582 [INFO] IPUIPlugin:80 - create IPUIPlugin
2025-11-10 10:56:04,582 [INFO] IPUIPlugin:80 - create IPUIPlugin
2025-11-10 10:56:04,582 [INFO] IPUIPlugin:80 - create IPUIPlugin
2025-11-10 10:56:04,583 [INFO] IPUIPlugin:80 - create IPUIPlugin
2025-11-10 10:56:04,583 [INFO] IPUIPlugin:80 - create IPUIPlugin
2025-11-10 10:56:04,584 [INFO] IPUIPlugin:80 - create IPUIPlugin
2025-11-10 10:56:04,584 [INFO] IPUIPlugin:80 - create IPUIPlugin
2025-11-10 10:56:04,584 [INFO] IPUIPlugin:80 - create IPUIPlugin
2025-11-10 10:56:04,584 [INFO] IPUIPlugin:80 - create IPUIPlugin
2025-11-10 10:56:04,584 [INFO] IPUIPlugin:80 - create IPUIPlugin
2025-11-10 10:56:04,584 [INFO] IPUIPlugin:80 - create IPUIPlugin
2025-11-10 10:56:04,584 [INFO] IPUIPlugin:80 - create IPUIPlugin
2025-11-10 10:56:04,584 [INFO] IPUIPlugin:80 - create IPUIPlugin
2025-11-10 10:56:04,585 [INFO] IPUIPlugin:80 - create IPUIPlugin
2025-11-10 10:56:04,585 [INFO] IPUIPlugin:80 - create IPUIPlugin
2025-11-10 10:56:04,585 [INFO] IPUIPlugin:80 - create IPUIPlugin
2025-11-10 10:56:04,585 [INFO] IPUIPlugin:80 - create IPUIPlugin
2025-11-10 10:56:04,585 [INFO] IPUIPlugin:80 - create IPUIPlugin
2025-11-10 10:56:04,585 [INFO] IPUIPlugin:80 - create IPUIPlugin
2025-11-10 10:56:04,586 [INFO] IPUIPlugin:80 - create IPUIPlugin
2025-11-10 10:56:04,593 [WARN] IP:2250 - I2C_Coeff_DF not found: check if there is a RefParameter without a condition.
2025-11-10 10:56:04,593 [WARN] IP:2250 - Analog_Filter not found: check if there is a RefParameter without a condition.
2025-11-10 10:56:04,597 [WARN] IP:2250 - I2C_Coeff_DF not found: check if there is a RefParameter without a condition.
2025-11-10 10:56:04,597 [WARN] IP:2250 - Analog_Filter not found: check if there is a RefParameter without a condition.
2025-11-10 10:56:04,614 [WARN] FreeRTOS:1023 - Null or empty value: should not occur! (nothing added to the table)
2025-11-10 10:56:04,762 [INFO] CADModel:165 - CPN selected for project levelSTM32F103RCT6TR
2025-11-10 10:56:04,762 [INFO] CADModel:114 - Register for checkConnection events
2025-11-10 10:56:04,765 [INFO] RtosManager:728 - Active RTOS found at IOC load: FREERTOS [Cortex-M3NS]
2025-11-10 10:56:04,819 [INFO] OpenFileManager:386 - Restore cursor
2025-11-10 10:56:04,985 [WARN] IP:2250 - I2C_Coeff_DF not found: check if there is a RefParameter without a condition.
2025-11-10 10:56:04,985 [WARN] IP:2250 - Analog_Filter not found: check if there is a RefParameter without a condition.
2025-11-10 10:56:04,986 [WARN] IP:2250 - I2C_Coeff_DF not found: check if there is a RefParameter without a condition.
2025-11-10 10:56:04,986 [WARN] IP:2250 - Analog_Filter not found: check if there is a RefParameter without a condition.
2025-11-10 10:56:04,989 [WARN] IP:2250 - I2C_Coeff_DF not found: check if there is a RefParameter without a condition.
2025-11-10 10:56:04,989 [WARN] IP:2250 - Analog_Filter not found: check if there is a RefParameter without a condition.
2025-11-10 10:56:04,989 [WARN] IP:2250 - I2C_Coeff_DF not found: check if there is a RefParameter without a condition.
2025-11-10 10:56:04,989 [WARN] IP:2250 - Analog_Filter not found: check if there is a RefParameter without a condition.
2025-11-10 10:56:12,859 [ERROR] RtosPanel:558 - Can not restore the selected Tab for FREERTOS(A reason can be that the tab is no more available.)
2025-11-10 10:56:43,824 [INFO] TasksAndQueuesTab:757 - Dynamic
2025-11-10 10:56:43,825 [WARN] TasksAndQueuesTab:763 - 128 128
2025-11-10 10:56:43,825 [WARN] TasksAndQueuesTab:775 - max value is: 768.0
2025-11-10 10:56:43,825 [INFO] TasksAndQueuesTab:757 - Dynamic
2025-11-10 10:56:43,825 [WARN] TasksAndQueuesTab:763 - 128 128
2025-11-10 10:56:43,825 [WARN] TasksAndQueuesTab:775 - max value is: 768.0
2025-11-10 10:56:54,810 [INFO] EditThreadDialog:704 - RAM SIZE (in KB): 48
2025-11-10 10:56:54,810 [INFO] EditThreadDialog:706 - RAM SIZE (in words): 12288
2025-11-10 10:57:15,088 [INFO] TasksAndQueuesTab:757 - Dynamic
2025-11-10 10:57:15,088 [WARN] TasksAndQueuesTab:763 - 128 128
2025-11-10 10:57:15,088 [WARN] TasksAndQueuesTab:775 - max value is: 768.0
2025-11-10 10:57:15,088 [INFO] TasksAndQueuesTab:757 - Dynamic
2025-11-10 10:57:15,088 [WARN] TasksAndQueuesTab:763 - 128 128
2025-11-10 10:57:15,088 [WARN] TasksAndQueuesTab:775 - max value is: 768.0
2025-11-10 10:57:16,446 [INFO] EditThreadDialog:704 - RAM SIZE (in KB): 48
2025-11-10 10:57:16,446 [INFO] EditThreadDialog:706 - RAM SIZE (in words): 12288
2025-11-10 10:58:01,274 [INFO] TasksAndQueuesTab:757 - Dynamic
2025-11-10 10:58:01,274 [WARN] TasksAndQueuesTab:763 - 128 128
2025-11-10 10:58:01,274 [WARN] TasksAndQueuesTab:775 - max value is: 768.0
2025-11-10 10:58:01,274 [INFO] TasksAndQueuesTab:757 - Dynamic
2025-11-10 10:58:01,274 [WARN] TasksAndQueuesTab:763 - 128 128
2025-11-10 10:58:01,274 [WARN] TasksAndQueuesTab:775 - max value is: 768.0
2025-11-10 10:58:01,274 [INFO] TasksAndQueuesTab:757 - Dynamic
2025-11-10 10:58:01,274 [WARN] TasksAndQueuesTab:763 - 128 128
2025-11-10 10:58:01,275 [WARN] TasksAndQueuesTab:775 - max value is: 768.0
2025-11-10 10:58:07,181 [INFO] UtilMem:75 - End SaveConfig() Used Memory: 802211832 Bytes (1073741824)
2025-11-10 10:58:08,415 [INFO] UtilMem:75 - End SaveConfig() Used Memory: 820502480 Bytes (1073741824)
2025-11-10 10:58:08,938 [INFO] UtilMem:75 - End SaveConfig() Used Memory: 856737784 Bytes (1073741824)
2025-11-10 10:58:09,570 [INFO] BlockDiagram:2775 - set Specific Code input for plugin: NVIC
2025-11-10 10:58:09,570 [INFO] BlockDiagram:2775 - set Specific Code input for plugin: FREERTOS
2025-11-10 10:58:09,570 [INFO] BlockDiagram:2775 - set Specific Code input for plugin: IWDG
2025-11-10 10:58:09,570 [INFO] BlockDiagram:2775 - set Specific Code input for plugin: DMA
2025-11-10 10:58:09,570 [INFO] BlockDiagram:2775 - set Specific Code input for plugin: SYS
2025-11-10 10:58:09,571 [INFO] BlockDiagram:2775 - set Specific Code input for plugin: GPIO
2025-11-10 10:58:09,571 [INFO] BlockDiagram:2775 - set Specific Code input for plugin: ADC
2025-11-10 10:58:09,571 [INFO] BlockDiagram:2775 - set Specific Code input for plugin: RCC
2025-11-10 10:58:09,571 [INFO] BlockDiagram:2775 - set Specific Code input for plugin: I2C
2025-11-10 10:58:09,571 [INFO] BlockDiagram:2775 - set Specific Code input for plugin: I2C
2025-11-10 10:58:09,572 [INFO] CodeGenerator:892 - code generatio: config db path: C:\ST\STM32CubeIDE_1.19.0\STM32CubeIDE\plugins\com.st.stm32cube.common.mx_6.15.0.202507011659\\db\
2025-11-10 10:58:09,586 [WARN] IP:2250 - I2C_Coeff_DF not found: check if there is a RefParameter without a condition.
2025-11-10 10:58:09,586 [WARN] IP:2250 - Analog_Filter not found: check if there is a RefParameter without a condition.
2025-11-10 10:58:09,587 [WARN] IP:2250 - I2C_Coeff_DF not found: check if there is a RefParameter without a condition.
2025-11-10 10:58:09,587 [WARN] IP:2250 - Analog_Filter not found: check if there is a RefParameter without a condition.
2025-11-10 10:58:09,741 [INFO] CodeEngine:265 - oldGeneratedFile, C:\Users\USER\STM32CubeIDE\workspace_1.19.0\Hip-Pro_Hardware_V1.2\HardwareV1.2\MXTmpFiles\license.tmp_save
2025-11-10 10:58:10,019 [INFO] CodeEngine:289 - Generated code: C:\Users\USER\STM32CubeIDE\workspace_1.19.0\Hip-Pro_Hardware_V1.2\HardwareV1.2\MXTmpFiles\license.tmp
2025-11-10 10:58:10,114 [INFO] CodeEngine:265 - oldGeneratedFile, C:\Users\USER\STM32CubeIDE\workspace_1.19.0\Hip-Pro_Hardware_V1.2\HardwareV1.2\MXTmpFiles\gpio.tmp_save
2025-11-10 10:58:10,260 [INFO] CodeEngine:289 - Generated code: C:\Users\USER\STM32CubeIDE\workspace_1.19.0\Hip-Pro_Hardware_V1.2\HardwareV1.2\MXTmpFiles\gpio.tmp
2025-11-10 10:58:10,521 [INFO] Middleware:1452 - No code input for Bsp Dependency
2025-11-10 10:58:10,529 [INFO] CodeEngine:265 - oldGeneratedFile, C:\Users\USER\STM32CubeIDE\workspace_1.19.0\Hip-Pro_Hardware_V1.2\HardwareV1.2\MXTmpFiles\rtos_inc.tmp_save
2025-11-10 10:58:10,615 [INFO] CodeEngine:289 - Generated code: C:\Users\USER\STM32CubeIDE\workspace_1.19.0\Hip-Pro_Hardware_V1.2\HardwareV1.2\MXTmpFiles\rtos_inc.tmp
2025-11-10 10:58:10,623 [INFO] CodeEngine:265 - oldGeneratedFile, C:\Users\USER\STM32CubeIDE\workspace_1.19.0\Hip-Pro_Hardware_V1.2\HardwareV1.2\MXTmpFiles\rtos_vars.tmp_save
2025-11-10 10:58:10,690 [INFO] CodeEngine:289 - Generated code: C:\Users\USER\STM32CubeIDE\workspace_1.19.0\Hip-Pro_Hardware_V1.2\HardwareV1.2\MXTmpFiles\rtos_vars.tmp
2025-11-10 10:58:10,695 [INFO] CodeEngine:265 - oldGeneratedFile, C:\Users\USER\STM32CubeIDE\workspace_1.19.0\Hip-Pro_Hardware_V1.2\HardwareV1.2\MXTmpFiles\rtos_pfp.tmp_save
2025-11-10 10:58:10,750 [INFO] CodeEngine:289 - Generated code: C:\Users\USER\STM32CubeIDE\workspace_1.19.0\Hip-Pro_Hardware_V1.2\HardwareV1.2\MXTmpFiles\rtos_pfp.tmp
2025-11-10 10:58:10,757 [INFO] CodeEngine:265 - oldGeneratedFile, C:\Users\USER\STM32CubeIDE\workspace_1.19.0\Hip-Pro_Hardware_V1.2\HardwareV1.2\MXTmpFiles\rtos_obj_creat.tmp_save
2025-11-10 10:58:10,813 [INFO] CodeEngine:289 - Generated code: C:\Users\USER\STM32CubeIDE\workspace_1.19.0\Hip-Pro_Hardware_V1.2\HardwareV1.2\MXTmpFiles\rtos_obj_creat.tmp
2025-11-10 10:58:10,819 [INFO] CodeEngine:265 - oldGeneratedFile, C:\Users\USER\STM32CubeIDE\workspace_1.19.0\Hip-Pro_Hardware_V1.2\HardwareV1.2\MXTmpFiles\rtos_kernelStart.tmp_save
2025-11-10 10:58:10,871 [INFO] CodeEngine:289 - Generated code: C:\Users\USER\STM32CubeIDE\workspace_1.19.0\Hip-Pro_Hardware_V1.2\HardwareV1.2\MXTmpFiles\rtos_kernelStart.tmp
2025-11-10 10:58:10,875 [INFO] CodeEngine:265 - oldGeneratedFile, C:\Users\USER\STM32CubeIDE\workspace_1.19.0\Hip-Pro_Hardware_V1.2\HardwareV1.2\MXTmpFiles\rtos_default_thread.tmp_save
2025-11-10 10:58:10,935 [INFO] CodeEngine:289 - Generated code: C:\Users\USER\STM32CubeIDE\workspace_1.19.0\Hip-Pro_Hardware_V1.2\HardwareV1.2\MXTmpFiles\rtos_default_thread.tmp
2025-11-10 10:58:10,941 [INFO] CodeEngine:265 - oldGeneratedFile, C:\Users\USER\STM32CubeIDE\workspace_1.19.0\Hip-Pro_Hardware_V1.2\HardwareV1.2\MXTmpFiles\rtos_threads.tmp_save
2025-11-10 10:58:10,992 [INFO] CodeEngine:289 - Generated code: C:\Users\USER\STM32CubeIDE\workspace_1.19.0\Hip-Pro_Hardware_V1.2\HardwareV1.2\MXTmpFiles\rtos_threads.tmp
2025-11-10 10:58:11,007 [INFO] Middleware:1452 - No code input for Bsp Dependency
2025-11-10 10:58:11,013 [INFO] CodeEngine:265 - oldGeneratedFile, C:\Users\USER\STM32CubeIDE\workspace_1.19.0\Hip-Pro_Hardware_V1.2\HardwareV1.2\MXTmpFiles\rtos_inc.tmp_save
2025-11-10 10:58:11,062 [INFO] CodeEngine:289 - Generated code: C:\Users\USER\STM32CubeIDE\workspace_1.19.0\Hip-Pro_Hardware_V1.2\HardwareV1.2\MXTmpFiles\rtos_inc.tmp
2025-11-10 10:58:11,067 [INFO] CodeEngine:265 - oldGeneratedFile, C:\Users\USER\STM32CubeIDE\workspace_1.19.0\Hip-Pro_Hardware_V1.2\HardwareV1.2\MXTmpFiles\rtos_vars.tmp_save
2025-11-10 10:58:11,117 [INFO] CodeEngine:289 - Generated code: C:\Users\USER\STM32CubeIDE\workspace_1.19.0\Hip-Pro_Hardware_V1.2\HardwareV1.2\MXTmpFiles\rtos_vars.tmp
2025-11-10 10:58:11,124 [INFO] CodeEngine:265 - oldGeneratedFile, C:\Users\USER\STM32CubeIDE\workspace_1.19.0\Hip-Pro_Hardware_V1.2\HardwareV1.2\MXTmpFiles\rtos_pfp.tmp_save
2025-11-10 10:58:11,174 [INFO] CodeEngine:289 - Generated code: C:\Users\USER\STM32CubeIDE\workspace_1.19.0\Hip-Pro_Hardware_V1.2\HardwareV1.2\MXTmpFiles\rtos_pfp.tmp
2025-11-10 10:58:11,180 [INFO] CodeEngine:265 - oldGeneratedFile, C:\Users\USER\STM32CubeIDE\workspace_1.19.0\Hip-Pro_Hardware_V1.2\HardwareV1.2\MXTmpFiles\rtos_obj_creat.tmp_save
2025-11-10 10:58:11,272 [INFO] CodeEngine:289 - Generated code: C:\Users\USER\STM32CubeIDE\workspace_1.19.0\Hip-Pro_Hardware_V1.2\HardwareV1.2\MXTmpFiles\rtos_obj_creat.tmp
2025-11-10 10:58:11,278 [INFO] CodeEngine:265 - oldGeneratedFile, C:\Users\USER\STM32CubeIDE\workspace_1.19.0\Hip-Pro_Hardware_V1.2\HardwareV1.2\MXTmpFiles\rtos_kernelStart.tmp_save
2025-11-10 10:58:11,327 [INFO] CodeEngine:289 - Generated code: C:\Users\USER\STM32CubeIDE\workspace_1.19.0\Hip-Pro_Hardware_V1.2\HardwareV1.2\MXTmpFiles\rtos_kernelStart.tmp
2025-11-10 10:58:11,332 [INFO] CodeEngine:265 - oldGeneratedFile, C:\Users\USER\STM32CubeIDE\workspace_1.19.0\Hip-Pro_Hardware_V1.2\HardwareV1.2\MXTmpFiles\rtos_default_thread.tmp_save
2025-11-10 10:58:11,381 [INFO] CodeEngine:289 - Generated code: C:\Users\USER\STM32CubeIDE\workspace_1.19.0\Hip-Pro_Hardware_V1.2\HardwareV1.2\MXTmpFiles\rtos_default_thread.tmp
2025-11-10 10:58:11,387 [INFO] CodeEngine:265 - oldGeneratedFile, C:\Users\USER\STM32CubeIDE\workspace_1.19.0\Hip-Pro_Hardware_V1.2\HardwareV1.2\MXTmpFiles\rtos_threads.tmp_save
2025-11-10 10:58:11,436 [INFO] CodeEngine:289 - Generated code: C:\Users\USER\STM32CubeIDE\workspace_1.19.0\Hip-Pro_Hardware_V1.2\HardwareV1.2\MXTmpFiles\rtos_threads.tmp
2025-11-10 10:58:11,442 [INFO] CodeEngine:265 - oldGeneratedFile, C:\Users\USER\STM32CubeIDE\workspace_1.19.0\Hip-Pro_Hardware_V1.2\HardwareV1.2\Core\Inc\FreeRTOSConfig.h_save
2025-11-10 10:58:11,510 [INFO] CodeEngine:289 - Generated code: C:\Users\USER\STM32CubeIDE\workspace_1.19.0\Hip-Pro_Hardware_V1.2\HardwareV1.2\Core\Inc\FreeRTOSConfig.h
2025-11-10 10:58:11,516 [INFO] CodeEngine:265 - oldGeneratedFile, C:\Users\USER\STM32CubeIDE\workspace_1.19.0\Hip-Pro_Hardware_V1.2\HardwareV1.2\Core\Src\freertos.c_save
2025-11-10 10:58:11,573 [INFO] CodeEngine:289 - Generated code: C:\Users\USER\STM32CubeIDE\workspace_1.19.0\Hip-Pro_Hardware_V1.2\HardwareV1.2\Core\Src\freertos.c
2025-11-10 10:58:11,596 [INFO] CodeEngine:265 - oldGeneratedFile, C:\Users\USER\STM32CubeIDE\workspace_1.19.0\Hip-Pro_Hardware_V1.2\HardwareV1.2\MXTmpFiles\dma.tmp_save
2025-11-10 10:58:11,649 [INFO] CodeEngine:289 - Generated code: C:\Users\USER\STM32CubeIDE\workspace_1.19.0\Hip-Pro_Hardware_V1.2\HardwareV1.2\MXTmpFiles\dma.tmp
2025-11-10 10:58:11,653 [INFO] CodeEngine:265 - oldGeneratedFile, C:\Users\USER\STM32CubeIDE\workspace_1.19.0\Hip-Pro_Hardware_V1.2\HardwareV1.2\MXTmpFiles\dma_GV.tmp_save
2025-11-10 10:58:11,702 [INFO] CodeEngine:289 - Generated code: C:\Users\USER\STM32CubeIDE\workspace_1.19.0\Hip-Pro_Hardware_V1.2\HardwareV1.2\MXTmpFiles\dma_GV.tmp
2025-11-10 10:58:11,715 [INFO] CodeEngine:265 - oldGeneratedFile, C:\Users\USER\STM32CubeIDE\workspace_1.19.0\Hip-Pro_Hardware_V1.2\HardwareV1.2\Core\Src\stm32f1xx_it.c_save
2025-11-10 10:58:11,798 [INFO] CodeEngine:289 - Generated code: C:\Users\USER\STM32CubeIDE\workspace_1.19.0\Hip-Pro_Hardware_V1.2\HardwareV1.2\Core\Src\stm32f1xx_it.c
2025-11-10 10:58:11,804 [INFO] CodeEngine:265 - oldGeneratedFile, C:\Users\USER\STM32CubeIDE\workspace_1.19.0\Hip-Pro_Hardware_V1.2\HardwareV1.2\Core\Inc\stm32f1xx_it.h_save
2025-11-10 10:58:11,857 [INFO] CodeEngine:289 - Generated code: C:\Users\USER\STM32CubeIDE\workspace_1.19.0\Hip-Pro_Hardware_V1.2\HardwareV1.2\Core\Inc\stm32f1xx_it.h
2025-11-10 10:58:11,871 [INFO] CodeEngine:265 - oldGeneratedFile, C:\Users\USER\STM32CubeIDE\workspace_1.19.0\Hip-Pro_Hardware_V1.2\HardwareV1.2\Core\Src\stm32f1xx_hal_msp.c_save
2025-11-10 10:58:11,965 [INFO] CodeEngine:289 - Generated code: C:\Users\USER\STM32CubeIDE\workspace_1.19.0\Hip-Pro_Hardware_V1.2\HardwareV1.2\Core\Src\stm32f1xx_hal_msp.c
2025-11-10 10:58:11,970 [INFO] CodeEngine:265 - oldGeneratedFile, C:\Users\USER\STM32CubeIDE\workspace_1.19.0\Hip-Pro_Hardware_V1.2\HardwareV1.2\MXTmpFiles\system.tmp_save
2025-11-10 10:58:12,018 [INFO] CodeEngine:289 - Generated code: C:\Users\USER\STM32CubeIDE\workspace_1.19.0\Hip-Pro_Hardware_V1.2\HardwareV1.2\MXTmpFiles\system.tmp
2025-11-10 10:58:12,024 [INFO] CodeEngine:265 - oldGeneratedFile, C:\Users\USER\STM32CubeIDE\workspace_1.19.0\Hip-Pro_Hardware_V1.2\HardwareV1.2\Core\Src\stm32f1xx_hal_timebase_tim.c_save
2025-11-10 10:58:12,077 [INFO] CodeEngine:289 - Generated code: C:\Users\USER\STM32CubeIDE\workspace_1.19.0\Hip-Pro_Hardware_V1.2\HardwareV1.2\Core\Src\stm32f1xx_hal_timebase_tim.c
2025-11-10 10:58:12,088 [INFO] CodeEngine:321 - oldGeneratedFile, C:\Users\USER\STM32CubeIDE\workspace_1.19.0\Hip-Pro_Hardware_V1.2\HardwareV1.2\Core\Inc\stm32f1xx_hal_conf.h_save
2025-11-10 10:58:12,142 [INFO] CodeEngine:345 - Generated code: C:\Users\USER\STM32CubeIDE\workspace_1.19.0\Hip-Pro_Hardware_V1.2\HardwareV1.2\Core\Inc\stm32f1xx_hal_conf.h
2025-11-10 10:58:12,162 [INFO] ApiDbMcu:532 - Load IP Config File for ADC1
2025-11-10 10:58:12,163 [INFO] ApiDbMcu:532 - Load IP Config File for I2C1
2025-11-10 10:58:12,165 [INFO] ApiDbMcu:532 - Load IP Config File for I2C2
2025-11-10 10:58:12,166 [INFO] ApiDbMcu:532 - Load IP Config File for IWDG
2025-11-10 10:58:12,167 [INFO] ApiDbMcu:532 - Load IP Config File for RCC
2025-11-10 10:58:12,177 [INFO] CodeEngine:265 - oldGeneratedFile, C:\Users\USER\STM32CubeIDE\workspace_1.19.0\Hip-Pro_Hardware_V1.2\HardwareV1.2\Core\Inc\main.h_save
2025-11-10 10:58:12,246 [INFO] CodeEngine:289 - Generated code: C:\Users\USER\STM32CubeIDE\workspace_1.19.0\Hip-Pro_Hardware_V1.2\HardwareV1.2\Core\Inc\main.h
2025-11-10 10:58:12,252 [INFO] CodeEngine:265 - oldGeneratedFile, C:\Users\USER\STM32CubeIDE\workspace_1.19.0\Hip-Pro_Hardware_V1.2\HardwareV1.2\Core\Src\main.c_save
2025-11-10 10:58:12,389 [INFO] CodeEngine:289 - Generated code: C:\Users\USER\STM32CubeIDE\workspace_1.19.0\Hip-Pro_Hardware_V1.2\HardwareV1.2\Core\Src\main.c
2025-11-10 10:58:12,816 [INFO] ProjectBuilder:3606 - Time for Copy HAL[1] : 223mS.
2025-11-10 10:58:12,823 [INFO] ProjectBuilder:5216 - Project Generator version: 4.7.0-B52
2025-11-10 10:58:12,896 [INFO] ConfigFileManager:1595 - The Die is : DIE414
2025-11-10 10:58:12,900 [INFO] ApiDbMcu:532 - Load IP Config File for FATFS
2025-11-10 10:58:12,904 [INFO] ApiDbMcu:532 - Load IP Config File for USB_DEVICE
2025-11-10 10:58:13,255 [INFO] LogOutputStream:77 - [STDOUT_REDIRECT] 
2025-11-10 10:58:14,331 [INFO] ProjectBuilder:5496 - Time for Generating toolchain IDE Files: 1508mS.
2025-11-10 10:58:14,332 [INFO] ProjectBuilder:3463 - Time for Copy CMSIS : 1mS.
2025-11-10 10:58:14,340 [INFO] ProjectBuilder:3463 - Time for Copy CMSIS : 0mS.
2025-11-10 10:58:44,225 [ERROR] LogOutputStream:75 - [STDERR_REDIRECT] SLF4J: Failed to load class "org.slf4j.impl.StaticLoggerBinder".
2025-11-10 10:58:44,226 [ERROR] LogOutputStream:75 - [STDERR_REDIRECT] SLF4J: Defaulting to no-operation (NOP) logger implementation
2025-11-10 10:58:44,228 [ERROR] LogOutputStream:75 - [STDERR_REDIRECT] SLF4J: See http://www.slf4j.org/codes.html#StaticLoggerBinder for further details.
2025-11-10 11:02:04,617 [ERROR] LogOutputStream:75 - [STDERR_REDIRECT] 
2025-11-10 11:02:08,917 [INFO] Activator:176 - 


2025-11-10 11:02:08,919 [INFO] Activator:177 - !SESSION log4j initialized
2025-11-10 11:02:12,992 [INFO] LogOutputStream:77 - [STDOUT_REDIRECT] 
2025-11-10 11:02:13,739 [INFO] ApplicationProperties:184 - Using Application install path: C:\ST\STM32CubeIDE_1.19.0\STM32CubeIDE\plugins\com.st.stm32cube.common.mx_6.15.0.202507011659
2025-11-10 11:02:13,752 [INFO] DbMcusXml:78 - Set database path to: C:\ST\STM32CubeIDE_1.19.0\STM32CubeIDE\plugins\com.st.stm32cube.common.mx_6.15.0.202507011659\\db\/mcu/
2025-11-10 11:02:13,752 [INFO] ApiDb:274 - Set plugin database path to: C:\ST\STM32CubeIDE_1.19.0\STM32CubeIDE\plugins\com.st.stm32cube.common.mx_6.15.0.202507011659\\db\/plugins/boardmanager/
2025-11-10 11:02:13,752 [WARN] ApiDb:259 - Overriding images path with different value:  => C:\ST\STM32CubeIDE_1.19.0\STM32CubeIDE\plugins\com.st.stm32cube.common.mx_6.15.0.202507011659\\db\/plugins/mcufinder/images/
2025-11-10 11:02:13,755 [INFO] ApiDb:250 - Set database path to: C:\Users\USER\.stmcufinder\plugins\mcufinder//mcu/
2025-11-10 11:02:13,756 [INFO] DbMcusAds:125 - Set database path to: C:\Users\USER\.stmcufinder\plugins\mcufinder//mcu/
2025-11-10 11:02:13,757 [INFO] CrossReferenceDbSqlite:203 - Set database path to: C:\Users\USER\.stmcufinder\plugins\mcufinder//mcu/cs/
2025-11-10 11:02:13,837 [INFO] RulesReader:64 - Compatibility file has been processed (317 Rules)
2025-11-10 11:02:13,896 [INFO] DbMcusXml:78 - Set database path to: C:\ST\STM32CubeIDE_1.19.0\STM32CubeIDE\plugins\com.st.stm32cube.common.mx_6.15.0.202507011659\\db\/mcu/
2025-11-10 11:02:13,896 [INFO] ApiDb:274 - Set plugin database path to: C:\ST\STM32CubeIDE_1.19.0\STM32CubeIDE\plugins\com.st.stm32cube.common.mx_6.15.0.202507011659\\db\/plugins/boardmanager/
2025-11-10 11:02:13,896 [INFO] ApiDb:261 - Set plugin images path to: C:\ST\STM32CubeIDE_1.19.0\STM32CubeIDE\plugins\com.st.stm32cube.common.mx_6.15.0.202507011659\\db\/plugins/mcufinder/images/
2025-11-10 11:02:13,896 [WARN] DbFile:41 - Overriding database path with different value: C:\Users\USER\.stmcufinder\plugins\mcufinder/ => C:\Users\USER\.stmcufinder\plugins\mcufinder
2025-11-10 11:02:13,896 [INFO] ApiDb:250 - Set database path to: C:\Users\USER\.stmcufinder\plugins\mcufinder//mcu/
2025-11-10 11:02:13,896 [WARN] DbFile:41 - Overriding database path with different value: C:\Users\USER\.stmcufinder\plugins\mcufinder/ => C:\Users\USER\.stmcufinder\plugins\mcufinder
2025-11-10 11:02:13,897 [INFO] DbMcusAds:125 - Set database path to: C:\Users\USER\.stmcufinder\plugins\mcufinder//mcu/
2025-11-10 11:02:13,897 [WARN] DbFile:41 - Overriding database path with different value: C:\Users\USER\.stmcufinder\plugins\mcufinder/ => C:\Users\USER\.stmcufinder\plugins\mcufinder
2025-11-10 11:02:13,897 [WARN] DbFile:41 - Overriding database path with different value: C:\Users\USER\.stmcufinder\plugins\mcufinder/ => C:\Users\USER\.stmcufinder\plugins\mcufinder
2025-11-10 11:02:13,897 [INFO] CrossReferenceDbSqlite:203 - Set database path to: C:\Users\USER\.stmcufinder\plugins\mcufinder//mcu/cs/
2025-11-10 11:02:13,946 [INFO] MainPanel:274 - HeapMemory: 268435456
2025-11-10 11:02:14,006 [INFO] DbMcusXml:78 - Set database path to: C:\ST\STM32CubeIDE_1.19.0\STM32CubeIDE\plugins\com.st.stm32cube.common.mx_6.15.0.202507011659\\db\/mcu/
2025-11-10 11:02:14,006 [INFO] ApiDb:274 - Set plugin database path to: C:\ST\STM32CubeIDE_1.19.0\STM32CubeIDE\plugins\com.st.stm32cube.common.mx_6.15.0.202507011659\\db\/plugins/boardmanager/
2025-11-10 11:02:14,006 [INFO] ApiDb:261 - Set plugin images path to: C:\ST\STM32CubeIDE_1.19.0\STM32CubeIDE\plugins\com.st.stm32cube.common.mx_6.15.0.202507011659\\db\/plugins/mcufinder/images/
2025-11-10 11:02:14,006 [WARN] DbFile:41 - Overriding database path with different value: C:\Users\USER\.stmcufinder\plugins\mcufinder/ => C:\Users\USER\.stmcufinder\plugins\mcufinder
2025-11-10 11:02:14,006 [INFO] ApiDb:250 - Set database path to: C:\Users\USER\.stmcufinder\plugins\mcufinder//mcu/
2025-11-10 11:02:14,006 [WARN] DbFile:41 - Overriding database path with different value: C:\Users\USER\.stmcufinder\plugins\mcufinder/ => C:\Users\USER\.stmcufinder\plugins\mcufinder
2025-11-10 11:02:14,006 [INFO] DbMcusAds:125 - Set database path to: C:\Users\USER\.stmcufinder\plugins\mcufinder//mcu/
2025-11-10 11:02:14,007 [WARN] DbFile:41 - Overriding database path with different value: C:\Users\USER\.stmcufinder\plugins\mcufinder/ => C:\Users\USER\.stmcufinder\plugins\mcufinder
2025-11-10 11:02:14,007 [WARN] DbFile:41 - Overriding database path with different value: C:\Users\USER\.stmcufinder\plugins\mcufinder/ => C:\Users\USER\.stmcufinder\plugins\mcufinder
2025-11-10 11:02:14,007 [INFO] CrossReferenceDbSqlite:203 - Set database path to: C:\Users\USER\.stmcufinder\plugins\mcufinder//mcu/cs/
2025-11-10 11:02:14,019 [INFO] ApplicationProperties:184 - Using Application install path: C:\ST\STM32CubeIDE_1.19.0\STM32CubeIDE\plugins\com.st.stm32cube.common.mx_6.15.0.202507011659
2025-11-10 11:02:14,020 [INFO] PluginManage:196 - Search for loadable plugins [exclusion list=, ]
2025-11-10 11:02:14,021 [INFO] PluginManage:310 - Check plugin analytics
2025-11-10 11:02:14,153 [INFO] AnalyticsPlugin:253 - Accepted Software Licenses: 
2025-11-10 11:02:14,153 [INFO] AnalyticsPlugin:255 - Accepted CMSIS Pack Licenses: 
2025-11-10 11:02:14,153 [INFO] AnalyticsPlugin:257 - Accepted Firmware Licenses: 
2025-11-10 11:02:14,155 [INFO] PluginManage:359 - Loaded plugin analytics (category:tool,tabindex:-1)
2025-11-10 11:02:14,156 [INFO] PluginManage:310 - Check plugin cadmodel
2025-11-10 11:02:14,159 [INFO] CADModel:105 - Init CAD model plugin
2025-11-10 11:02:14,159 [INFO] PluginManage:359 - Loaded plugin cadmodel (category:power,tabindex:5)
2025-11-10 11:02:14,159 [INFO] PluginManage:310 - Check plugin clock
2025-11-10 11:02:14,166 [INFO] PluginManage:359 - Loaded plugin clock (category:base,tabindex:2)
2025-11-10 11:02:14,166 [INFO] PluginManage:310 - Check plugin ddr
2025-11-10 11:02:14,167 [INFO] PluginManage:359 - Loaded plugin ddr (category:tool,tabindex:6)
2025-11-10 11:02:14,168 [INFO] PluginManage:310 - Check plugin filemanager
2025-11-10 11:02:14,285 [INFO] PluginManage:359 - Loaded plugin filemanager (category:base,tabindex:10)
2025-11-10 11:02:14,285 [INFO] PluginManage:310 - Check plugin ipmanager
2025-11-10 11:02:14,290 [INFO] PluginManage:359 - Loaded plugin ipmanager (category:base,tabindex:5)
2025-11-10 11:02:14,291 [INFO] PluginManage:310 - Check plugin lpbam
2025-11-10 11:02:14,297 [INFO] PluginManage:359 - Loaded plugin lpbam (category:base,tabindex:0)
2025-11-10 11:02:14,297 [INFO] PluginManage:310 - Check plugin memorymap
2025-11-10 11:02:14,309 [INFO] PluginManage:359 - Loaded plugin memorymap (category:base,tabindex:4)
2025-11-10 11:02:14,309 [INFO] PluginManage:310 - Check plugin pinoutandconfiguration
2025-11-10 11:02:14,314 [INFO] PluginManage:359 - Loaded plugin pinoutandconfiguration (category:base,tabindex:1)
2025-11-10 11:02:14,314 [INFO] PluginManage:310 - Check plugin pinoutconfig
2025-11-10 11:02:14,388 [WARN] SupportedApi:132 - Cannot load RTOS API schema: s4s-elt-must-match.1: The content of 'definitions' must match (annotation?, (simpleType | complexType)?, (unique | key | keyref)*)). A problem was found starting at: attribute.
2025-11-10 11:02:14,477 [INFO] PluginManage:359 - Loaded plugin pinoutconfig (category:base,tabindex:0)
2025-11-10 11:02:14,477 [INFO] PluginManage:310 - Check plugin power
2025-11-10 11:02:14,483 [INFO] PluginManage:359 - Loaded plugin power (category:power,tabindex:4)
2025-11-10 11:02:14,483 [INFO] PluginManage:310 - Check plugin projectmanager
2025-11-10 11:02:14,494 [INFO] PluginManage:359 - Loaded plugin projectmanager (category:projectmanager,tabindex:4)
2025-11-10 11:02:14,494 [INFO] PluginManage:310 - Check plugin rif
2025-11-10 11:02:14,503 [INFO] PluginManage:359 - Loaded plugin rif (category:base,tabindex:3)
2025-11-10 11:02:14,503 [INFO] PluginManage:310 - Check plugin thirdparty
2025-11-10 11:02:14,592 [WARN] IntegrityCheckThread:84 - waiting for thirdparty lock release [integrity check]
2025-11-10 11:02:14,592 [INFO] PluginManage:359 - Loaded plugin thirdparty (category:base,tabindex:-1)
2025-11-10 11:02:14,592 [INFO] IntegrityCheckThread:86 - entering critical section [integrity check]
2025-11-10 11:02:14,592 [INFO] PluginManage:310 - Check plugin tools
2025-11-10 11:02:14,592 [INFO] ThirdPartyUpdaterWithRetryManager:70 - Updater plugin not ready yet. [1/15]
2025-11-10 11:02:14,595 [INFO] PluginManage:359 - Loaded plugin tools (category:base,tabindex:7)
2025-11-10 11:02:14,595 [INFO] PluginManage:310 - Check plugin tutovideos
2025-11-10 11:02:14,754 [INFO] PluginManage:359 - Loaded plugin tutovideos (category:base,tabindex:-1)
2025-11-10 11:02:14,754 [INFO] PluginManage:310 - Check plugin updater
2025-11-10 11:02:14,771 [INFO] PluginManage:359 - Loaded plugin updater (category:base,tabindex:12)
2025-11-10 11:02:14,771 [INFO] PluginManage:310 - Check plugin userauth
2025-11-10 11:02:14,774 [INFO] UserAuth:118 - Init User Auth plugin
2025-11-10 11:02:14,775 [INFO] PluginManage:359 - Loaded plugin userauth (category:base,tabindex:14)
2025-11-10 11:02:14,775 [INFO] PluginManage:283 - PluginManage : Loaded plugins [18]
2025-11-10 11:02:14,943 [INFO] PinOutPanel:1589 - setPackage(No Configuration,No Configuration)
2025-11-10 11:02:15,004 [INFO] CADModel:165 - CPN selected for project level
2025-11-10 11:02:15,004 [INFO] CADModel:114 - Register for checkConnection events
2025-11-10 11:02:15,017 [INFO] IPUIPlugin:80 - create IPUIPlugin
2025-11-10 11:02:15,018 [INFO] PluginManager:220 - loadIPPluginJar : add adc
2025-11-10 11:02:15,020 [INFO] IPUIPlugin:80 - create IPUIPlugin
2025-11-10 11:02:15,020 [INFO] PluginManager:220 - loadIPPluginJar : add aes
2025-11-10 11:02:15,022 [INFO] IPUIPlugin:80 - create IPUIPlugin
2025-11-10 11:02:15,022 [INFO] PluginManager:220 - loadIPPluginJar : add can
2025-11-10 11:02:15,023 [INFO] IPUIPlugin:80 - create IPUIPlugin
2025-11-10 11:02:15,023 [INFO] PluginManager:220 - loadIPPluginJar : add comp
2025-11-10 11:02:15,024 [INFO] IPUIPlugin:80 - create IPUIPlugin
2025-11-10 11:02:15,025 [INFO] PluginManager:220 - loadIPPluginJar : add cryp
2025-11-10 11:02:15,027 [INFO] IPUIPlugin:80 - create IPUIPlugin
2025-11-10 11:02:15,027 [INFO] PluginManager:220 - loadIPPluginJar : add ddr_ctrl_phy
2025-11-10 11:02:15,028 [INFO] IPUIPlugin:80 - create IPUIPlugin
2025-11-10 11:02:15,029 [INFO] PluginManager:220 - loadIPPluginJar : add dfsdm
2025-11-10 11:02:15,034 [INFO] IPUIPlugin:80 - create IPUIPlugin
2025-11-10 11:02:15,034 [INFO] PluginManager:220 - loadIPPluginJar : add dma
2025-11-10 11:02:15,036 [INFO] IPUIPlugin:80 - create IPUIPlugin
2025-11-10 11:02:15,036 [INFO] PluginManager:220 - loadIPPluginJar : add dma3
2025-11-10 11:02:15,038 [INFO] IPUIPlugin:80 - create IPUIPlugin
2025-11-10 11:02:15,038 [INFO] PluginManager:220 - loadIPPluginJar : add extmemmanager
2025-11-10 11:02:15,039 [INFO] IPUIPlugin:80 - create IPUIPlugin
2025-11-10 11:02:15,039 [INFO] PluginManager:220 - loadIPPluginJar : add fatfs
2025-11-10 11:02:15,042 [INFO] IPUIPlugin:80 - create IPUIPlugin
2025-11-10 11:02:15,042 [INFO] PluginManager:220 - loadIPPluginJar : add fmc
2025-11-10 11:02:15,048 [INFO] IPUIPlugin:80 - create IPUIPlugin
2025-11-10 11:02:15,048 [INFO] PluginManager:220 - loadIPPluginJar : add freertos
2025-11-10 11:02:15,049 [INFO] IPUIPlugin:80 - create IPUIPlugin
2025-11-10 11:02:15,049 [INFO] PluginManager:220 - loadIPPluginJar : add genericplugin
2025-11-10 11:02:15,051 [INFO] IPUIPlugin:80 - create IPUIPlugin
2025-11-10 11:02:15,051 [INFO] PluginManager:220 - loadIPPluginJar : add gfxmmu
2025-11-10 11:02:15,054 [INFO] IPUIPlugin:80 - create IPUIPlugin
2025-11-10 11:02:15,054 [INFO] PluginManager:220 - loadIPPluginJar : add gic
2025-11-10 11:02:15,057 [INFO] IPUIPlugin:80 - create IPUIPlugin
2025-11-10 11:02:15,057 [INFO] PluginManager:220 - loadIPPluginJar : add gpio
2025-11-10 11:02:15,059 [INFO] IPUIPlugin:80 - create IPUIPlugin
2025-11-10 11:02:15,059 [INFO] PluginManager:220 - loadIPPluginJar : add gtzc
2025-11-10 11:02:15,061 [INFO] IPUIPlugin:80 - create IPUIPlugin
2025-11-10 11:02:15,061 [INFO] PluginManager:220 - loadIPPluginJar : add hash
2025-11-10 11:02:15,062 [INFO] IPUIPlugin:80 - create IPUIPlugin
2025-11-10 11:02:15,062 [INFO] PluginManager:220 - loadIPPluginJar : add i2c
2025-11-10 11:02:15,064 [INFO] IPUIPlugin:80 - create IPUIPlugin
2025-11-10 11:02:15,064 [INFO] PluginManager:220 - loadIPPluginJar : add i2s
2025-11-10 11:02:15,066 [INFO] IPUIPlugin:80 - create IPUIPlugin
2025-11-10 11:02:15,066 [INFO] PluginManager:220 - loadIPPluginJar : add i3c
2025-11-10 11:02:15,068 [INFO] IPUIPlugin:80 - create IPUIPlugin
2025-11-10 11:02:15,069 [INFO] PluginManager:220 - loadIPPluginJar : add ipddr
2025-11-10 11:02:15,074 [INFO] IPUIPlugin:80 - create IPUIPlugin
2025-11-10 11:02:15,075 [INFO] PluginManager:220 - loadIPPluginJar : add linkedlist
2025-11-10 11:02:15,077 [INFO] IPUIPlugin:80 - create IPUIPlugin
2025-11-10 11:02:15,077 [INFO] PluginManager:220 - loadIPPluginJar : add lorawan
2025-11-10 11:02:15,078 [INFO] IPUIPlugin:80 - create IPUIPlugin
2025-11-10 11:02:15,078 [INFO] PluginManager:220 - loadIPPluginJar : add ltdc
2025-11-10 11:02:15,082 [INFO] IPUIPlugin:80 - create IPUIPlugin
2025-11-10 11:02:15,082 [INFO] PluginManager:220 - loadIPPluginJar : add mdma
2025-11-10 11:02:15,085 [INFO] IPUIPlugin:80 - create IPUIPlugin
2025-11-10 11:02:15,085 [INFO] PluginManager:220 - loadIPPluginJar : add nvic
2025-11-10 11:02:15,087 [INFO] IPUIPlugin:80 - create IPUIPlugin
2025-11-10 11:02:15,087 [INFO] PluginManager:220 - loadIPPluginJar : add opamp
2025-11-10 11:02:15,089 [INFO] IPUIPlugin:80 - create IPUIPlugin
2025-11-10 11:02:15,089 [INFO] PluginManager:220 - loadIPPluginJar : add openamp
2025-11-10 11:02:15,091 [INFO] IPUIPlugin:80 - create IPUIPlugin
2025-11-10 11:02:15,091 [INFO] PluginManager:220 - loadIPPluginJar : add pdm2pcm
2025-11-10 11:02:15,097 [INFO] IPUIPlugin:80 - create IPUIPlugin
2025-11-10 11:02:15,099 [INFO] PluginManager:220 - loadIPPluginJar : add plateformsettings
2025-11-10 11:02:15,101 [INFO] IPUIPlugin:80 - create IPUIPlugin
2025-11-10 11:02:15,101 [INFO] PluginManager:220 - loadIPPluginJar : add quadspi
2025-11-10 11:02:15,102 [INFO] IPUIPlugin:80 - create IPUIPlugin
2025-11-10 11:02:15,102 [INFO] PluginManager:220 - loadIPPluginJar : add radio
2025-11-10 11:02:15,104 [INFO] IPUIPlugin:80 - create IPUIPlugin
2025-11-10 11:02:15,104 [INFO] PluginManager:220 - loadIPPluginJar : add resmgrutility
2025-11-10 11:02:15,106 [INFO] IPUIPlugin:80 - create IPUIPlugin
2025-11-10 11:02:15,106 [INFO] PluginManager:220 - loadIPPluginJar : add sai
2025-11-10 11:02:15,108 [INFO] IPUIPlugin:80 - create IPUIPlugin
2025-11-10 11:02:15,108 [INFO] PluginManager:220 - loadIPPluginJar : add spi
2025-11-10 11:02:15,112 [INFO] IPUIPlugin:80 - create IPUIPlugin
2025-11-10 11:02:15,112 [INFO] PluginManager:220 - loadIPPluginJar : add stm32_wpan
2025-11-10 11:02:15,114 [INFO] IPUIPlugin:80 - create IPUIPlugin
2025-11-10 11:02:15,114 [INFO] PluginManager:220 - loadIPPluginJar : add tim
2025-11-10 11:02:15,116 [INFO] IPUIPlugin:80 - create IPUIPlugin
2025-11-10 11:02:15,116 [INFO] PluginManager:220 - loadIPPluginJar : add touchsensing
2025-11-10 11:02:15,117 [INFO] IPUIPlugin:80 - create IPUIPlugin
2025-11-10 11:02:15,117 [INFO] PluginManager:220 - loadIPPluginJar : add tracer_emb
2025-11-10 11:02:15,118 [INFO] IPUIPlugin:80 - create IPUIPlugin
2025-11-10 11:02:15,118 [INFO] PluginManager:220 - loadIPPluginJar : add ts
2025-11-10 11:02:15,119 [INFO] IPUIPlugin:80 - create IPUIPlugin
2025-11-10 11:02:15,119 [INFO] PluginManager:220 - loadIPPluginJar : add tsc
2025-11-10 11:02:15,120 [INFO] IPUIPlugin:80 - create IPUIPlugin
2025-11-10 11:02:15,120 [INFO] PluginManager:220 - loadIPPluginJar : add ucpd
2025-11-10 11:02:15,122 [INFO] IPUIPlugin:80 - create IPUIPlugin
2025-11-10 11:02:15,122 [INFO] PluginManager:220 - loadIPPluginJar : add usart
2025-11-10 11:02:15,125 [INFO] IPUIPlugin:80 - create IPUIPlugin
2025-11-10 11:02:15,125 [INFO] PluginManager:220 - loadIPPluginJar : add usbx
2025-11-10 11:02:15,238 [FATAL] Updater:351 - Updater called before beeing initialized
2025-11-10 11:02:15,256 [INFO] RulesReader:64 - Compatibility file has been processed (317 Rules)
2025-11-10 11:02:15,265 [INFO] RulesReader:64 - Compatibility file has been processed (317 Rules)
2025-11-10 11:02:15,272 [INFO] CADModel:165 - CPN selected for project level
2025-11-10 11:02:15,272 [INFO] CADModel:114 - Register for checkConnection events
2025-11-10 11:02:15,272 [FATAL] Updater:351 - Updater called before beeing initialized
2025-11-10 11:02:15,272 [ERROR] CADModel:125 - Updater not yet initialized, retry later 
2025-11-10 11:02:15,375 [FATAL] Updater:351 - Updater called before beeing initialized
2025-11-10 11:02:15,376 [INFO] CADModel:165 - CPN selected for project level
2025-11-10 11:02:15,376 [INFO] CADModel:114 - Register for checkConnection events
2025-11-10 11:02:15,376 [FATAL] Updater:351 - Updater called before beeing initialized
2025-11-10 11:02:15,376 [ERROR] CADModel:125 - Updater not yet initialized, retry later 
2025-11-10 11:02:15,378 [FATAL] Updater:351 - Updater called before beeing initialized
2025-11-10 11:02:15,460 [FATAL] Updater:351 - Updater called before beeing initialized
2025-11-10 11:02:15,464 [INFO] DbMcusAds:53 - JSON generation date=Thu Oct 02 15:06:05 IST 2025 (1759397765645)
2025-11-10 11:02:15,464 [FATAL] Updater:351 - Updater called before beeing initialized
2025-11-10 11:02:15,489 [WARN] DetailPanel:346 - Failed to get advertising image, set to default
2025-11-10 11:02:15,557 [FATAL] Updater:351 - Updater called before beeing initialized
2025-11-10 11:02:15,559 [FATAL] Updater:351 - Updater called before beeing initialized
2025-11-10 11:02:15,559 [FATAL] Updater:351 - Updater called before beeing initialized
2025-11-10 11:02:15,559 [WARN] DetailPanel:346 - Failed to get advertising image, set to default
2025-11-10 11:02:15,559 [FATAL] Updater:351 - Updater called before beeing initialized
2025-11-10 11:02:15,590 [ERROR] Updater:1198 - MainUpdater not yet initialized. External WinMGr cannot be set.
2025-11-10 11:02:15,591 [INFO] Updater:1134 - Updater Version found : 6.15.0
2025-11-10 11:02:15,605 [INFO] ApplicationProperties:184 - Using Application install path: C:\ST\STM32CubeIDE_1.19.0\STM32CubeIDE\plugins\com.st.stm32cube.common.mx_6.15.0.202507011659
2025-11-10 11:02:17,169 [ERROR] LogOutputStream:75 - [STDERR_REDIRECT] Nov 10, 2025 11:02:17 AM java.util.prefs.WindowsPreferences <init>
2025-11-10 11:02:17,170 [ERROR] LogOutputStream:75 - [STDERR_REDIRECT] WARNING: Could not open/create prefs root node Software\JavaSoft\Prefs at root 0xffffffff80000002. Windows RegCreateKeyEx(...) returned error code 5.
2025-11-10 11:02:17,171 [ERROR] LogOutputStream:75 - [STDERR_REDIRECT] 
2025-11-10 11:02:17,413 [INFO] MainUpdater:2872 - connection check result : 10
2025-11-10 11:02:17,414 [INFO] MainUpdater:289 - Updater Check For Update Now.
2025-11-10 11:02:17,414 [INFO] MicroXplorer:498 - Change Database Version : DB.6.0.150
2025-11-10 11:02:17,417 [INFO] McuFinderGlobals:63 - Set McuFinder mode to 2 (CubeIDE integrated)
2025-11-10 11:02:17,418 [INFO] UserAuth:171 - activating auth plugin
2025-11-10 11:02:17,419 [INFO] UserAuth:487 - Internet connection configuration mode: 1
2025-11-10 11:02:17,449 [INFO] JxBrowserEngine:152 - Initiate JxBrowser Engine with user profile folder
2025-11-10 11:02:17,592 [INFO] CheckServerUpdateThread:120 - End of CheckServer Thread
2025-11-10 11:02:17,785 [WARN] PackLoader:240 - Cannot read IP mode file for STMicroelectronics.FP-SNS-MOTENVWB1.1.4.0
2025-11-10 11:02:17,804 [WARN] PackLoader:240 - Cannot read IP mode file for STMicroelectronics.FP-ATR-ASTRA1.2.0.2
2025-11-10 11:02:17,816 [WARN] PackLoader:240 - Cannot read IP mode file for STMicroelectronics.X-CUBE-SMBUS.2.1.0
2025-11-10 11:02:17,851 [WARN] PackLoader:240 - Cannot read IP mode file for STMicroelectronics.X-CUBE-AZRTOS-F7.1.1.0
2025-11-10 11:02:17,860 [WARN] PackLoader:240 - Cannot read IP mode file for Cesanta.I-CUBE-Mongoose.7.19.0
2025-11-10 11:02:17,866 [WARN] PackLoader:240 - Cannot read IP mode file for STMicroelectronics.FP-SNS-MOTENV1.5.1.0
2025-11-10 11:02:17,880 [WARN] PackLoader:240 - Cannot read IP mode file for WES.I-CUBE-Cesium.1.4.0
2025-11-10 11:02:17,905 [WARN] PackLoader:240 - Cannot read IP mode file for Infineon.AIROC-Wi-Fi-Bluetooth-STM32.1.7.1
2025-11-10 11:02:17,926 [WARN] PackLoader:240 - Cannot read IP mode file for STMicroelectronics.X-CUBE-AZRTOS-H7.3.4.0
2025-11-10 11:02:17,938 [WARN] PackLoader:240 - Cannot read IP mode file for STMicroelectronics.X-CUBE-DISPLAY.3.0.0
2025-11-10 11:02:17,951 [WARN] PackLoader:240 - Cannot read IP mode file for STMicroelectronics.X-CUBE-NFC10.1.0.0
2025-11-10 11:02:17,956 [WARN] PackLoader:240 - Cannot read IP mode file for STMicroelectronics.X-CUBE-ST60.1.1.0
2025-11-10 11:02:17,961 [WARN] PackLoader:240 - Cannot read IP mode file for emotas.I-CUBE-CANOPEN.1.3.0
2025-11-10 11:02:17,982 [WARN] PackLoader:240 - Cannot read IP mode file for STMicroelectronics.X-CUBE-GNSS1.7.1.0
2025-11-10 11:02:17,991 [WARN] PackLoader:240 - Cannot read IP mode file for STMicroelectronics.FP-SNS-STBOX1.2.1.0
2025-11-10 11:02:18,001 [WARN] PackLoader:240 - Cannot read IP mode file for STMicroelectronics.FP-SNS-SMARTAG2.1.2.0
2025-11-10 11:02:18,008 [WARN] PackLoader:240 - Cannot read IP mode file for STMicroelectronics.FP-SNS-FLIGHT1.5.1.0
2025-11-10 11:02:18,020 [INFO] LogOutputStream:77 - [STDOUT_REDIRECT] 1 : Invalid condition id : UX_CORESTACK_Condition cause : null
2025-11-10 11:02:18,021 [INFO] LogOutputStream:77 - [STDOUT_REDIRECT] 1 : Invalid condition id : UX_CORESTACK_Condition cause : null
2025-11-10 11:02:18,022 [INFO] LogOutputStream:77 - [STDOUT_REDIRECT] 1 : Invalid condition id : UX_CORESTACK_Condition cause : null
2025-11-10 11:02:18,023 [INFO] LogOutputStream:77 - [STDOUT_REDIRECT] 1 : Invalid condition id : UX_CORESTACK_Condition cause : null
2025-11-10 11:02:18,024 [INFO] LogOutputStream:77 - [STDOUT_REDIRECT] 1 : Invalid condition id : UX_CORESTACK_Condition cause : null
2025-11-10 11:02:18,027 [WARN] PackLoader:240 - Cannot read IP mode file for STMicroelectronics.X-CUBE-AZRTOS-WL.2.0.0
2025-11-10 11:02:18,037 [WARN] PackLoader:240 - Cannot read IP mode file for STMicroelectronics.X-CUBE-BLE2.3.3.0
2025-11-10 11:02:18,089 [WARN] PackLoader:240 - Cannot read IP mode file for STMicroelectronics.X-CUBE-NFC9.1.0.0
2025-11-10 11:02:18,098 [WARN] PackLoader:240 - Cannot read IP mode file for wolfSSL.I-CUBE-wolfSSL.5.8.2
2025-11-10 11:02:18,105 [WARN] PackLoader:240 - Cannot read IP mode file for STMicroelectronics.X-CUBE-BLE1.7.1.0
2025-11-10 11:02:18,109 [INFO] WebApp:169 - Instantiating new browser for Auth
2025-11-10 11:02:18,110 [WARN] PackLoader:240 - Cannot read IP mode file for wolfSSL.I-CUBE-wolfMQTT.1.19.2
2025-11-10 11:02:18,116 [WARN] PackLoader:240 - Cannot read IP mode file for STMicroelectronics.X-CUBE-EEPRMA1.5.2.0
2025-11-10 11:02:18,123 [WARN] PackLoader:240 - Cannot read IP mode file for STMicroelectronics.X-CUBE-ST67W61.1.1.0
2025-11-10 11:02:18,149 [WARN] PackLoader:240 - Cannot read IP mode file for STMicroelectronics.X-CUBE-AZRTOS-G0.1.1.0
2025-11-10 11:02:18,170 [WARN] PackLoader:240 - Cannot read IP mode file for STMicroelectronics.X-CUBE-SAFEA1.1.2.2
2025-11-10 11:02:18,182 [WARN] PackLoader:240 - Cannot read IP mode file for STMicroelectronics.X-CUBE-NFC4.3.0.0
2025-11-10 11:02:18,194 [WARN] PackLoader:240 - Cannot read IP mode file for EmbeddedOffice.I-CUBE-FS-RTOS.1.0.1
2025-11-10 11:02:18,201 [WARN] PackLoader:240 - Cannot read IP mode file for STMicroelectronics.X-CUBE-WB05N.2.0.0
2025-11-10 11:02:18,206 [WARN] PackLoader:240 - Cannot read IP mode file for wolfSSL.I-CUBE-wolfTPM.3.8.0
2025-11-10 11:02:18,214 [WARN] PackLoader:240 - Cannot read IP mode file for STMicroelectronics.X-CUBE-TCPP.4.2.0
2025-11-10 11:02:18,221 [WARN] PackLoader:240 - Cannot read IP mode file for RealThread.X-CUBE-RT-Thread_Nano.4.1.1
2025-11-10 11:02:18,225 [WARN] PackLoader:240 - Cannot read IP mode file for STMicroelectronics.FP-ATR-SIGFOX1.3.2.0
2025-11-10 11:02:18,232 [WARN] PackLoader:240 - Cannot read IP mode file for ITTIA_DB.I-CUBE-ITTIADB.8.9.0
2025-11-10 11:02:18,237 [WARN] PackLoader:240 - Cannot read IP mode file for STMicroelectronics.X-CUBE-AI.10.2.0
2025-11-10 11:02:18,256 [WARN] PackLoader:240 - Cannot read IP mode file for SEGGER.I-CUBE-embOS.1.3.1
2025-11-10 11:02:18,293 [WARN] PackLoader:240 - Cannot read IP mode file for STMicroelectronics.X-CUBE-ALGOBUILD.1.4.0
2025-11-10 11:02:18,329 [WARN] PackLoader:240 - Cannot read IP mode file for STMicroelectronics.X-CUBE-MEMS1.11.3.0
2025-11-10 11:02:18,447 [WARN] PackLoader:240 - Cannot read IP mode file for STMicroelectronics.X-CUBE-PM33A1.1.0.0
2025-11-10 11:02:18,463 [WARN] PackLoader:240 - Cannot read IP mode file for STMicroelectronics.X-CUBE-AZRTOS-F4.1.1.0
2025-11-10 11:02:18,469 [WARN] PackLoader:240 - Cannot read IP mode file for STMicroelectronics.X-CUBE-ISPU.2.1.0
2025-11-10 11:02:18,483 [WARN] PackLoader:240 - Cannot read IP mode file for STMicroelectronics.X-CUBE-IPS.3.2.0
2025-11-10 11:02:18,494 [WARN] PackLoader:240 - Cannot read IP mode file for STMicroelectronics.X-CUBE-NFC12.1.0.0
2025-11-10 11:02:18,506 [WARN] PackLoader:240 - Cannot read IP mode file for STMicroelectronics.X-CUBE-AZRTOS-L5.2.0.0
2025-11-10 11:02:18,516 [WARN] PackLoader:240 - Cannot read IP mode file for STMicroelectronics.X-CUBE-NFC6.3.1.0
2025-11-10 11:02:18,523 [WARN] PackLoader:240 - Cannot read IP mode file for STMicroelectronics.X-CUBE-FREERTOS.1.3.1
2025-11-10 11:02:18,528 [WARN] PackLoader:240 - Cannot read IP mode file for STMicroelectronics.X-CUBE-TOUCHGFX.4.26.0
2025-11-10 11:02:18,534 [WARN] PackLoader:240 - Cannot read IP mode file for STMicroelectronics.FP-SNS-STAIOTCFT.1.0.0
2025-11-10 11:02:18,540 [WARN] PackLoader:240 - Cannot read IP mode file for STMicroelectronics.X-CUBE-DPower.1.3.0
2025-11-10 11:02:18,560 [WARN] ConditionMgr:438 - getConditionDescription Invalid condition id : LAN8742 Phy interface Condition cause : null
2025-11-10 11:02:18,561 [WARN] PackLoader:240 - Cannot read IP mode file for STMicroelectronics.X-CUBE-AZRTOS-L4.2.0.0
2025-11-10 11:02:18,562 [WARN] ConditionMgr:1044 - genDependencies : Invalid condition id : LAN8742 Phy interface Condition cause : null
2025-11-10 11:02:18,562 [WARN] ConditionMgr:1044 - genDependencies : Invalid condition id : LAN8742 Phy interface Condition cause : null
2025-11-10 11:02:18,563 [WARN] ConditionMgr:1044 - genDependencies : Invalid condition id : LAN8742 Phy interface Condition cause : null
2025-11-10 11:02:18,575 [WARN] PackLoader:240 - Cannot read IP mode file for STMicroelectronics.X-CUBE-SFXS2LP1.4.0.0
2025-11-10 11:02:18,588 [WARN] PackLoader:240 - Cannot read IP mode file for STMicroelectronics.X-CUBE-BLEMGR.4.1.0
2025-11-10 11:02:18,607 [WARN] ConditionMgr:438 - getConditionDescription Invalid condition id : UX DEVICE CLASS RTOS Condition cause : null
2025-11-10 11:02:18,608 [WARN] ConditionMgr:438 - getConditionDescription Invalid condition id : UX DEVICE CLASS RTOS Condition cause : null
2025-11-10 11:02:18,610 [WARN] PackLoader:240 - Cannot read IP mode file for STMicroelectronics.X-CUBE-AZRTOS-WB.2.0.0
2025-11-10 11:02:18,610 [WARN] ConditionMgr:1044 - genDependencies : Invalid condition id : UX DEVICE CLASS RTOS Condition cause : null
2025-11-10 11:02:18,611 [WARN] ConditionMgr:1044 - genDependencies : Invalid condition id : UX DEVICE CLASS RTOS Condition cause : null
2025-11-10 11:02:18,611 [WARN] ConditionMgr:1044 - genDependencies : Invalid condition id : UX DEVICE CLASS RTOS Condition cause : null
2025-11-10 11:02:18,611 [WARN] ConditionMgr:1044 - genDependencies : Invalid condition id : UX DEVICE CLASS RTOS Condition cause : null
2025-11-10 11:02:18,611 [WARN] ConditionMgr:1044 - genDependencies : Invalid condition id : UX DEVICE CLASS RTOS Condition cause : null
2025-11-10 11:02:18,620 [WARN] ConditionMgr:438 - getConditionDescription Invalid condition id : Cortex-A Device cause : null
2025-11-10 11:02:18,633 [WARN] ConditionMgr:1044 - genDependencies : Invalid condition id : Cortex-A Device cause : null
2025-11-10 11:02:18,633 [WARN] ConditionMgr:1044 - genDependencies : Invalid condition id : Cortex-A Device cause : null
2025-11-10 11:02:18,633 [WARN] ConditionMgr:1044 - genDependencies : Invalid condition id : Cortex-A Device cause : null
2025-11-10 11:02:18,670 [WARN] PackLoader:240 - Cannot read IP mode file for STMicroelectronics.X-CUBE-SUBG2.5.0.0
2025-11-10 11:02:18,706 [WARN] PackLoader:240 - Cannot read IP mode file for STMicroelectronics.X-CUBE-AZRTOS-H7RS.1.1.0
2025-11-10 11:02:18,733 [WARN] PackLoader:240 - Cannot read IP mode file for STMicroelectronics.X-CUBE-AZRTOS-G4.2.0.0
2025-11-10 11:02:18,743 [WARN] PackLoader:240 - Cannot read IP mode file for wolfSSL.I-CUBE-wolfSSH.1.4.20
2025-11-10 11:02:18,751 [WARN] PackLoader:240 - Cannot read IP mode file for STMicroelectronics.X-CUBE-NFC7.2.0.0
2025-11-10 11:02:18,759 [WARN] PackLoader:240 - Cannot read IP mode file for STMicroelectronics.X-CUBE-ALS.1.0.2
2025-11-10 11:02:18,770 [WARN] PackLoader:240 - Cannot read IP mode file for STMicroelectronics.X-CUBE-STSE01.1.0.0
2025-11-10 11:02:18,786 [WARN] PackLoader:240 - Cannot read IP mode file for STMicroelectronics.X-CUBE-TOF1.3.4.3
2025-11-10 11:02:18,796 [INFO] ThirdParty:978 - Integrity check success = true
2025-11-10 11:02:18,797 [INFO] IntegrityCheckThread:100 - exiting critical section [integrity check]
2025-11-10 11:02:18,797 [INFO] IntegrityCheckThread:103 - End integrity checks thread
2025-11-10 11:02:19,025 [INFO] WebApp:463 - Apply proxy settings
2025-11-10 11:02:19,026 [INFO] WebApp:548 - Chromium requires no authentication
2025-11-10 11:02:19,033 [INFO] WebApp:491 - Direct internet connection detected
2025-11-10 11:02:19,050 [INFO] WebApp:900 - Register for checkConnection events
2025-11-10 11:02:19,050 [INFO] WebApp:463 - Apply proxy settings
2025-11-10 11:02:19,050 [INFO] WebApp:548 - Chromium requires no authentication
2025-11-10 11:02:19,051 [INFO] WebApp:491 - Direct internet connection detected
2025-11-10 11:02:19,173 [INFO] WebApp:225 - Starting web application
2025-11-10 11:02:19,173 [INFO] WebApp:593 - Web application path used C:\ST\STM32CubeIDE_1.19.0\STM32CubeIDE\plugins\com.st.stm32cube.common.mx_6.15.0.202507011659\db\plugins\mcufinder\reactClient1\index.html
2025-11-10 11:02:19,398 [INFO] WebApp:191 - Connection restablished
2025-11-10 11:03:42,305 [INFO] McuFinderGlobals:63 - Set McuFinder mode to 2 (CubeIDE integrated)
2025-11-10 11:03:42,306 [INFO] UserAuth:171 - activating auth plugin
2025-11-10 11:03:42,309 [INFO] UserAuth:487 - Internet connection configuration mode: 1
2025-11-10 11:04:47,496 [INFO] WebApp:652 - userauth.ini deleted or not created
2025-11-10 11:04:51,128 [ERROR] LogOutputStream:75 - [STDERR_REDIRECT] SLF4J: Failed to load class "org.slf4j.impl.StaticLoggerBinder".
2025-11-10 11:04:51,129 [ERROR] LogOutputStream:75 - [STDERR_REDIRECT] SLF4J: Defaulting to no-operation (NOP) logger implementation
2025-11-10 11:04:51,131 [ERROR] LogOutputStream:75 - [STDERR_REDIRECT] SLF4J: See http://www.slf4j.org/codes.html#StaticLoggerBinder for further details.
2025-11-10 11:07:46,695 [ERROR] LogOutputStream:75 - [STDERR_REDIRECT] 
2025-11-10 11:08:06,253 [INFO] Activator:176 - 


2025-11-10 11:08:06,254 [INFO] Activator:177 - !SESSION log4j initialized
2025-11-10 11:08:10,452 [INFO] LogOutputStream:77 - [STDOUT_REDIRECT] 
2025-11-10 11:08:11,309 [INFO] ApplicationProperties:184 - Using Application install path: C:\ST\STM32CubeIDE_1.19.0\STM32CubeIDE\plugins\com.st.stm32cube.common.mx_6.15.0.202507011659
2025-11-10 11:08:11,322 [INFO] DbMcusXml:78 - Set database path to: C:\ST\STM32CubeIDE_1.19.0\STM32CubeIDE\plugins\com.st.stm32cube.common.mx_6.15.0.202507011659\\db\/mcu/
2025-11-10 11:08:11,323 [INFO] ApiDb:274 - Set plugin database path to: C:\ST\STM32CubeIDE_1.19.0\STM32CubeIDE\plugins\com.st.stm32cube.common.mx_6.15.0.202507011659\\db\/plugins/boardmanager/
2025-11-10 11:08:11,323 [WARN] ApiDb:259 - Overriding images path with different value:  => C:\ST\STM32CubeIDE_1.19.0\STM32CubeIDE\plugins\com.st.stm32cube.common.mx_6.15.0.202507011659\\db\/plugins/mcufinder/images/
2025-11-10 11:08:11,326 [INFO] ApiDb:250 - Set database path to: C:\Users\USER\.stmcufinder\plugins\mcufinder//mcu/
2025-11-10 11:08:11,327 [INFO] DbMcusAds:125 - Set database path to: C:\Users\USER\.stmcufinder\plugins\mcufinder//mcu/
2025-11-10 11:08:11,328 [INFO] CrossReferenceDbSqlite:203 - Set database path to: C:\Users\USER\.stmcufinder\plugins\mcufinder//mcu/cs/
2025-11-10 11:08:11,409 [INFO] RulesReader:64 - Compatibility file has been processed (317 Rules)
2025-11-10 11:08:11,467 [INFO] DbMcusXml:78 - Set database path to: C:\ST\STM32CubeIDE_1.19.0\STM32CubeIDE\plugins\com.st.stm32cube.common.mx_6.15.0.202507011659\\db\/mcu/
2025-11-10 11:08:11,467 [INFO] ApiDb:274 - Set plugin database path to: C:\ST\STM32CubeIDE_1.19.0\STM32CubeIDE\plugins\com.st.stm32cube.common.mx_6.15.0.202507011659\\db\/plugins/boardmanager/
2025-11-10 11:08:11,467 [INFO] ApiDb:261 - Set plugin images path to: C:\ST\STM32CubeIDE_1.19.0\STM32CubeIDE\plugins\com.st.stm32cube.common.mx_6.15.0.202507011659\\db\/plugins/mcufinder/images/
2025-11-10 11:08:11,467 [WARN] DbFile:41 - Overriding database path with different value: C:\Users\USER\.stmcufinder\plugins\mcufinder/ => C:\Users\USER\.stmcufinder\plugins\mcufinder
2025-11-10 11:08:11,467 [INFO] ApiDb:250 - Set database path to: C:\Users\USER\.stmcufinder\plugins\mcufinder//mcu/
2025-11-10 11:08:11,467 [WARN] DbFile:41 - Overriding database path with different value: C:\Users\USER\.stmcufinder\plugins\mcufinder/ => C:\Users\USER\.stmcufinder\plugins\mcufinder
2025-11-10 11:08:11,467 [INFO] DbMcusAds:125 - Set database path to: C:\Users\USER\.stmcufinder\plugins\mcufinder//mcu/
2025-11-10 11:08:11,467 [WARN] DbFile:41 - Overriding database path with different value: C:\Users\USER\.stmcufinder\plugins\mcufinder/ => C:\Users\USER\.stmcufinder\plugins\mcufinder
2025-11-10 11:08:11,467 [WARN] DbFile:41 - Overriding database path with different value: C:\Users\USER\.stmcufinder\plugins\mcufinder/ => C:\Users\USER\.stmcufinder\plugins\mcufinder
2025-11-10 11:08:11,467 [INFO] CrossReferenceDbSqlite:203 - Set database path to: C:\Users\USER\.stmcufinder\plugins\mcufinder//mcu/cs/
2025-11-10 11:08:11,518 [INFO] MainPanel:274 - HeapMemory: 268435456
2025-11-10 11:08:11,579 [INFO] DbMcusXml:78 - Set database path to: C:\ST\STM32CubeIDE_1.19.0\STM32CubeIDE\plugins\com.st.stm32cube.common.mx_6.15.0.202507011659\\db\/mcu/
2025-11-10 11:08:11,579 [INFO] ApiDb:274 - Set plugin database path to: C:\ST\STM32CubeIDE_1.19.0\STM32CubeIDE\plugins\com.st.stm32cube.common.mx_6.15.0.202507011659\\db\/plugins/boardmanager/
2025-11-10 11:08:11,579 [INFO] ApiDb:261 - Set plugin images path to: C:\ST\STM32CubeIDE_1.19.0\STM32CubeIDE\plugins\com.st.stm32cube.common.mx_6.15.0.202507011659\\db\/plugins/mcufinder/images/
2025-11-10 11:08:11,579 [WARN] DbFile:41 - Overriding database path with different value: C:\Users\USER\.stmcufinder\plugins\mcufinder/ => C:\Users\USER\.stmcufinder\plugins\mcufinder
2025-11-10 11:08:11,579 [INFO] ApiDb:250 - Set database path to: C:\Users\USER\.stmcufinder\plugins\mcufinder//mcu/
2025-11-10 11:08:11,579 [WARN] DbFile:41 - Overriding database path with different value: C:\Users\USER\.stmcufinder\plugins\mcufinder/ => C:\Users\USER\.stmcufinder\plugins\mcufinder
2025-11-10 11:08:11,579 [INFO] DbMcusAds:125 - Set database path to: C:\Users\USER\.stmcufinder\plugins\mcufinder//mcu/
2025-11-10 11:08:11,579 [WARN] DbFile:41 - Overriding database path with different value: C:\Users\USER\.stmcufinder\plugins\mcufinder/ => C:\Users\USER\.stmcufinder\plugins\mcufinder
2025-11-10 11:08:11,579 [WARN] DbFile:41 - Overriding database path with different value: C:\Users\USER\.stmcufinder\plugins\mcufinder/ => C:\Users\USER\.stmcufinder\plugins\mcufinder
2025-11-10 11:08:11,579 [INFO] CrossReferenceDbSqlite:203 - Set database path to: C:\Users\USER\.stmcufinder\plugins\mcufinder//mcu/cs/
2025-11-10 11:08:11,592 [INFO] ApplicationProperties:184 - Using Application install path: C:\ST\STM32CubeIDE_1.19.0\STM32CubeIDE\plugins\com.st.stm32cube.common.mx_6.15.0.202507011659
2025-11-10 11:08:11,593 [INFO] PluginManage:196 - Search for loadable plugins [exclusion list=, ]
2025-11-10 11:08:11,594 [INFO] PluginManage:310 - Check plugin analytics
2025-11-10 11:08:11,723 [INFO] AnalyticsPlugin:253 - Accepted Software Licenses: 
2025-11-10 11:08:11,723 [INFO] AnalyticsPlugin:255 - Accepted CMSIS Pack Licenses: 
2025-11-10 11:08:11,723 [INFO] AnalyticsPlugin:257 - Accepted Firmware Licenses: 
2025-11-10 11:08:11,726 [INFO] PluginManage:359 - Loaded plugin analytics (category:tool,tabindex:-1)
2025-11-10 11:08:11,726 [INFO] PluginManage:310 - Check plugin cadmodel
2025-11-10 11:08:11,729 [INFO] CADModel:105 - Init CAD model plugin
2025-11-10 11:08:11,729 [INFO] PluginManage:359 - Loaded plugin cadmodel (category:power,tabindex:5)
2025-11-10 11:08:11,729 [INFO] PluginManage:310 - Check plugin clock
2025-11-10 11:08:11,736 [INFO] PluginManage:359 - Loaded plugin clock (category:base,tabindex:2)
2025-11-10 11:08:11,736 [INFO] PluginManage:310 - Check plugin ddr
2025-11-10 11:08:11,738 [INFO] PluginManage:359 - Loaded plugin ddr (category:tool,tabindex:6)
2025-11-10 11:08:11,738 [INFO] PluginManage:310 - Check plugin filemanager
2025-11-10 11:08:11,855 [INFO] PluginManage:359 - Loaded plugin filemanager (category:base,tabindex:10)
2025-11-10 11:08:11,855 [INFO] PluginManage:310 - Check plugin ipmanager
2025-11-10 11:08:11,861 [INFO] PluginManage:359 - Loaded plugin ipmanager (category:base,tabindex:5)
2025-11-10 11:08:11,861 [INFO] PluginManage:310 - Check plugin lpbam
2025-11-10 11:08:11,868 [INFO] PluginManage:359 - Loaded plugin lpbam (category:base,tabindex:0)
2025-11-10 11:08:11,868 [INFO] PluginManage:310 - Check plugin memorymap
2025-11-10 11:08:11,879 [INFO] PluginManage:359 - Loaded plugin memorymap (category:base,tabindex:4)
2025-11-10 11:08:11,879 [INFO] PluginManage:310 - Check plugin pinoutandconfiguration
2025-11-10 11:08:11,885 [INFO] PluginManage:359 - Loaded plugin pinoutandconfiguration (category:base,tabindex:1)
2025-11-10 11:08:11,885 [INFO] PluginManage:310 - Check plugin pinoutconfig
2025-11-10 11:08:11,948 [WARN] SupportedApi:132 - Cannot load RTOS API schema: s4s-elt-must-match.1: The content of 'definitions' must match (annotation?, (simpleType | complexType)?, (unique | key | keyref)*)). A problem was found starting at: attribute.
2025-11-10 11:08:12,037 [INFO] PluginManage:359 - Loaded plugin pinoutconfig (category:base,tabindex:0)
2025-11-10 11:08:12,037 [INFO] PluginManage:310 - Check plugin power
2025-11-10 11:08:12,042 [INFO] PluginManage:359 - Loaded plugin power (category:power,tabindex:4)
2025-11-10 11:08:12,043 [INFO] PluginManage:310 - Check plugin projectmanager
2025-11-10 11:08:12,054 [INFO] PluginManage:359 - Loaded plugin projectmanager (category:projectmanager,tabindex:4)
2025-11-10 11:08:12,054 [INFO] PluginManage:310 - Check plugin rif
2025-11-10 11:08:12,061 [INFO] PluginManage:359 - Loaded plugin rif (category:base,tabindex:3)
2025-11-10 11:08:12,062 [INFO] PluginManage:310 - Check plugin thirdparty
2025-11-10 11:08:12,162 [INFO] PluginManage:359 - Loaded plugin thirdparty (category:base,tabindex:-1)
2025-11-10 11:08:12,162 [INFO] PluginManage:310 - Check plugin tools
2025-11-10 11:08:12,162 [WARN] IntegrityCheckThread:84 - waiting for thirdparty lock release [integrity check]
2025-11-10 11:08:12,162 [INFO] IntegrityCheckThread:86 - entering critical section [integrity check]
2025-11-10 11:08:12,162 [INFO] ThirdPartyUpdaterWithRetryManager:70 - Updater plugin not ready yet. [1/15]
2025-11-10 11:08:12,164 [INFO] PluginManage:359 - Loaded plugin tools (category:base,tabindex:7)
2025-11-10 11:08:12,164 [INFO] PluginManage:310 - Check plugin tutovideos
2025-11-10 11:08:12,303 [INFO] PluginManage:359 - Loaded plugin tutovideos (category:base,tabindex:-1)
2025-11-10 11:08:12,303 [INFO] PluginManage:310 - Check plugin updater
2025-11-10 11:08:12,319 [INFO] PluginManage:359 - Loaded plugin updater (category:base,tabindex:12)
2025-11-10 11:08:12,319 [INFO] PluginManage:310 - Check plugin userauth
2025-11-10 11:08:12,322 [INFO] UserAuth:118 - Init User Auth plugin
2025-11-10 11:08:12,322 [INFO] PluginManage:359 - Loaded plugin userauth (category:base,tabindex:14)
2025-11-10 11:08:12,322 [INFO] PluginManage:283 - PluginManage : Loaded plugins [18]
2025-11-10 11:08:12,477 [INFO] PinOutPanel:1589 - setPackage(No Configuration,No Configuration)
2025-11-10 11:08:12,534 [INFO] CADModel:165 - CPN selected for project level
2025-11-10 11:08:12,535 [INFO] CADModel:114 - Register for checkConnection events
2025-11-10 11:08:12,545 [INFO] IPUIPlugin:80 - create IPUIPlugin
2025-11-10 11:08:12,546 [INFO] PluginManager:220 - loadIPPluginJar : add adc
2025-11-10 11:08:12,547 [INFO] IPUIPlugin:80 - create IPUIPlugin
2025-11-10 11:08:12,547 [INFO] PluginManager:220 - loadIPPluginJar : add aes
2025-11-10 11:08:12,549 [INFO] IPUIPlugin:80 - create IPUIPlugin
2025-11-10 11:08:12,549 [INFO] PluginManager:220 - loadIPPluginJar : add can
2025-11-10 11:08:12,550 [INFO] IPUIPlugin:80 - create IPUIPlugin
2025-11-10 11:08:12,550 [INFO] PluginManager:220 - loadIPPluginJar : add comp
2025-11-10 11:08:12,551 [INFO] IPUIPlugin:80 - create IPUIPlugin
2025-11-10 11:08:12,551 [INFO] PluginManager:220 - loadIPPluginJar : add cryp
2025-11-10 11:08:12,553 [INFO] IPUIPlugin:80 - create IPUIPlugin
2025-11-10 11:08:12,553 [INFO] PluginManager:220 - loadIPPluginJar : add ddr_ctrl_phy
2025-11-10 11:08:12,554 [INFO] IPUIPlugin:80 - create IPUIPlugin
2025-11-10 11:08:12,554 [INFO] PluginManager:220 - loadIPPluginJar : add dfsdm
2025-11-10 11:08:12,557 [INFO] IPUIPlugin:80 - create IPUIPlugin
2025-11-10 11:08:12,558 [INFO] PluginManager:220 - loadIPPluginJar : add dma
2025-11-10 11:08:12,559 [INFO] IPUIPlugin:80 - create IPUIPlugin
2025-11-10 11:08:12,559 [INFO] PluginManager:220 - loadIPPluginJar : add dma3
2025-11-10 11:08:12,560 [INFO] IPUIPlugin:80 - create IPUIPlugin
2025-11-10 11:08:12,561 [INFO] PluginManager:220 - loadIPPluginJar : add extmemmanager
2025-11-10 11:08:12,561 [INFO] IPUIPlugin:80 - create IPUIPlugin
2025-11-10 11:08:12,561 [INFO] PluginManager:220 - loadIPPluginJar : add fatfs
2025-11-10 11:08:12,564 [INFO] IPUIPlugin:80 - create IPUIPlugin
2025-11-10 11:08:12,564 [INFO] PluginManager:220 - loadIPPluginJar : add fmc
2025-11-10 11:08:12,567 [INFO] IPUIPlugin:80 - create IPUIPlugin
2025-11-10 11:08:12,567 [INFO] PluginManager:220 - loadIPPluginJar : add freertos
2025-11-10 11:08:12,568 [INFO] IPUIPlugin:80 - create IPUIPlugin
2025-11-10 11:08:12,568 [INFO] PluginManager:220 - loadIPPluginJar : add genericplugin
2025-11-10 11:08:12,569 [INFO] IPUIPlugin:80 - create IPUIPlugin
2025-11-10 11:08:12,569 [INFO] PluginManager:220 - loadIPPluginJar : add gfxmmu
2025-11-10 11:08:12,572 [INFO] IPUIPlugin:80 - create IPUIPlugin
2025-11-10 11:08:12,572 [INFO] PluginManager:220 - loadIPPluginJar : add gic
2025-11-10 11:08:12,574 [INFO] IPUIPlugin:80 - create IPUIPlugin
2025-11-10 11:08:12,574 [INFO] PluginManager:220 - loadIPPluginJar : add gpio
2025-11-10 11:08:12,575 [INFO] IPUIPlugin:80 - create IPUIPlugin
2025-11-10 11:08:12,575 [INFO] PluginManager:220 - loadIPPluginJar : add gtzc
2025-11-10 11:08:12,576 [INFO] IPUIPlugin:80 - create IPUIPlugin
2025-11-10 11:08:12,576 [INFO] PluginManager:220 - loadIPPluginJar : add hash
2025-11-10 11:08:12,578 [INFO] IPUIPlugin:80 - create IPUIPlugin
2025-11-10 11:08:12,578 [INFO] PluginManager:220 - loadIPPluginJar : add i2c
2025-11-10 11:08:12,579 [INFO] IPUIPlugin:80 - create IPUIPlugin
2025-11-10 11:08:12,579 [INFO] PluginManager:220 - loadIPPluginJar : add i2s
2025-11-10 11:08:12,581 [INFO] IPUIPlugin:80 - create IPUIPlugin
2025-11-10 11:08:12,581 [INFO] PluginManager:220 - loadIPPluginJar : add i3c
2025-11-10 11:08:12,583 [INFO] IPUIPlugin:80 - create IPUIPlugin
2025-11-10 11:08:12,583 [INFO] PluginManager:220 - loadIPPluginJar : add ipddr
2025-11-10 11:08:12,587 [INFO] IPUIPlugin:80 - create IPUIPlugin
2025-11-10 11:08:12,587 [INFO] PluginManager:220 - loadIPPluginJar : add linkedlist
2025-11-10 11:08:12,590 [INFO] IPUIPlugin:80 - create IPUIPlugin
2025-11-10 11:08:12,590 [INFO] PluginManager:220 - loadIPPluginJar : add lorawan
2025-11-10 11:08:12,590 [INFO] IPUIPlugin:80 - create IPUIPlugin
2025-11-10 11:08:12,590 [INFO] PluginManager:220 - loadIPPluginJar : add ltdc
2025-11-10 11:08:12,594 [INFO] IPUIPlugin:80 - create IPUIPlugin
2025-11-10 11:08:12,594 [INFO] PluginManager:220 - loadIPPluginJar : add mdma
2025-11-10 11:08:12,596 [INFO] IPUIPlugin:80 - create IPUIPlugin
2025-11-10 11:08:12,596 [INFO] PluginManager:220 - loadIPPluginJar : add nvic
2025-11-10 11:08:12,598 [INFO] IPUIPlugin:80 - create IPUIPlugin
2025-11-10 11:08:12,598 [INFO] PluginManager:220 - loadIPPluginJar : add opamp
2025-11-10 11:08:12,599 [INFO] IPUIPlugin:80 - create IPUIPlugin
2025-11-10 11:08:12,599 [INFO] PluginManager:220 - loadIPPluginJar : add openamp
2025-11-10 11:08:12,601 [INFO] IPUIPlugin:80 - create IPUIPlugin
2025-11-10 11:08:12,601 [INFO] PluginManager:220 - loadIPPluginJar : add pdm2pcm
2025-11-10 11:08:12,605 [INFO] IPUIPlugin:80 - create IPUIPlugin
2025-11-10 11:08:12,606 [INFO] PluginManager:220 - loadIPPluginJar : add plateformsettings
2025-11-10 11:08:12,607 [INFO] IPUIPlugin:80 - create IPUIPlugin
2025-11-10 11:08:12,607 [INFO] PluginManager:220 - loadIPPluginJar : add quadspi
2025-11-10 11:08:12,608 [INFO] IPUIPlugin:80 - create IPUIPlugin
2025-11-10 11:08:12,608 [INFO] PluginManager:220 - loadIPPluginJar : add radio
2025-11-10 11:08:12,610 [INFO] IPUIPlugin:80 - create IPUIPlugin
2025-11-10 11:08:12,610 [INFO] PluginManager:220 - loadIPPluginJar : add resmgrutility
2025-11-10 11:08:12,611 [INFO] IPUIPlugin:80 - create IPUIPlugin
2025-11-10 11:08:12,611 [INFO] PluginManager:220 - loadIPPluginJar : add sai
2025-11-10 11:08:12,613 [INFO] IPUIPlugin:80 - create IPUIPlugin
2025-11-10 11:08:12,613 [INFO] PluginManager:220 - loadIPPluginJar : add spi
2025-11-10 11:08:12,616 [INFO] IPUIPlugin:80 - create IPUIPlugin
2025-11-10 11:08:12,617 [INFO] PluginManager:220 - loadIPPluginJar : add stm32_wpan
2025-11-10 11:08:12,617 [INFO] IPUIPlugin:80 - create IPUIPlugin
2025-11-10 11:08:12,617 [INFO] PluginManager:220 - loadIPPluginJar : add tim
2025-11-10 11:08:12,619 [INFO] IPUIPlugin:80 - create IPUIPlugin
2025-11-10 11:08:12,619 [INFO] PluginManager:220 - loadIPPluginJar : add touchsensing
2025-11-10 11:08:12,620 [INFO] IPUIPlugin:80 - create IPUIPlugin
2025-11-10 11:08:12,620 [INFO] PluginManager:220 - loadIPPluginJar : add tracer_emb
2025-11-10 11:08:12,621 [INFO] IPUIPlugin:80 - create IPUIPlugin
2025-11-10 11:08:12,621 [INFO] PluginManager:220 - loadIPPluginJar : add ts
2025-11-10 11:08:12,622 [INFO] IPUIPlugin:80 - create IPUIPlugin
2025-11-10 11:08:12,622 [INFO] PluginManager:220 - loadIPPluginJar : add tsc
2025-11-10 11:08:12,623 [INFO] IPUIPlugin:80 - create IPUIPlugin
2025-11-10 11:08:12,623 [INFO] PluginManager:220 - loadIPPluginJar : add ucpd
2025-11-10 11:08:12,624 [INFO] IPUIPlugin:80 - create IPUIPlugin
2025-11-10 11:08:12,624 [INFO] PluginManager:220 - loadIPPluginJar : add usart
2025-11-10 11:08:12,626 [INFO] IPUIPlugin:80 - create IPUIPlugin
2025-11-10 11:08:12,626 [INFO] PluginManager:220 - loadIPPluginJar : add usbx
2025-11-10 11:08:12,736 [FATAL] Updater:351 - Updater called before beeing initialized
2025-11-10 11:08:12,754 [INFO] RulesReader:64 - Compatibility file has been processed (317 Rules)
2025-11-10 11:08:12,763 [INFO] RulesReader:64 - Compatibility file has been processed (317 Rules)
2025-11-10 11:08:12,770 [INFO] CADModel:165 - CPN selected for project level
2025-11-10 11:08:12,770 [INFO] CADModel:114 - Register for checkConnection events
2025-11-10 11:08:12,770 [FATAL] Updater:351 - Updater called before beeing initialized
2025-11-10 11:08:12,770 [ERROR] CADModel:125 - Updater not yet initialized, retry later 
2025-11-10 11:08:12,880 [FATAL] Updater:351 - Updater called before beeing initialized
2025-11-10 11:08:12,881 [INFO] CADModel:165 - CPN selected for project level
2025-11-10 11:08:12,881 [INFO] CADModel:114 - Register for checkConnection events
2025-11-10 11:08:12,881 [FATAL] Updater:351 - Updater called before beeing initialized
2025-11-10 11:08:12,881 [ERROR] CADModel:125 - Updater not yet initialized, retry later 
2025-11-10 11:08:12,884 [FATAL] Updater:351 - Updater called before beeing initialized
2025-11-10 11:08:12,990 [FATAL] Updater:351 - Updater called before beeing initialized
2025-11-10 11:08:12,993 [INFO] DbMcusAds:53 - JSON generation date=Thu Oct 02 15:06:05 IST 2025 (1759397765645)
2025-11-10 11:08:12,993 [FATAL] Updater:351 - Updater called before beeing initialized
2025-11-10 11:08:13,019 [WARN] DetailPanel:346 - Failed to get advertising image, set to default
2025-11-10 11:08:13,089 [FATAL] Updater:351 - Updater called before beeing initialized
2025-11-10 11:08:13,091 [FATAL] Updater:351 - Updater called before beeing initialized
2025-11-10 11:08:13,091 [FATAL] Updater:351 - Updater called before beeing initialized
2025-11-10 11:08:13,091 [WARN] DetailPanel:346 - Failed to get advertising image, set to default
2025-11-10 11:08:13,092 [FATAL] Updater:351 - Updater called before beeing initialized
2025-11-10 11:08:13,123 [ERROR] Updater:1198 - MainUpdater not yet initialized. External WinMGr cannot be set.
2025-11-10 11:08:13,124 [INFO] Updater:1134 - Updater Version found : 6.15.0
2025-11-10 11:08:13,135 [INFO] ApplicationProperties:184 - Using Application install path: C:\ST\STM32CubeIDE_1.19.0\STM32CubeIDE\plugins\com.st.stm32cube.common.mx_6.15.0.202507011659
2025-11-10 11:08:14,697 [ERROR] LogOutputStream:75 - [STDERR_REDIRECT] Nov 10, 2025 11:08:14 AM java.util.prefs.WindowsPreferences <init>
2025-11-10 11:08:14,698 [ERROR] LogOutputStream:75 - [STDERR_REDIRECT] WARNING: Could not open/create prefs root node Software\JavaSoft\Prefs at root 0xffffffff80000002. Windows RegCreateKeyEx(...) returned error code 5.
2025-11-10 11:08:14,698 [ERROR] LogOutputStream:75 - [STDERR_REDIRECT] 
2025-11-10 11:08:14,878 [INFO] MainUpdater:2872 - connection check result : 10
2025-11-10 11:08:14,879 [INFO] MainUpdater:289 - Updater Check For Update Now.
2025-11-10 11:08:14,879 [INFO] MicroXplorer:498 - Change Database Version : DB.6.0.150
2025-11-10 11:08:14,882 [INFO] McuFinderGlobals:63 - Set McuFinder mode to 2 (CubeIDE integrated)
2025-11-10 11:08:14,883 [INFO] UserAuth:171 - activating auth plugin
2025-11-10 11:08:14,885 [INFO] UserAuth:487 - Internet connection configuration mode: 1
2025-11-10 11:08:14,900 [INFO] JxBrowserEngine:152 - Initiate JxBrowser Engine with user profile folder
2025-11-10 11:08:15,051 [INFO] CheckServerUpdateThread:120 - End of CheckServer Thread
2025-11-10 11:08:15,329 [INFO] WebApp:169 - Instantiating new browser for Auth
2025-11-10 11:08:15,387 [WARN] PackLoader:240 - Cannot read IP mode file for STMicroelectronics.FP-SNS-MOTENVWB1.1.4.0
2025-11-10 11:08:15,395 [WARN] PackLoader:240 - Cannot read IP mode file for STMicroelectronics.FP-ATR-ASTRA1.2.0.2
2025-11-10 11:08:15,401 [WARN] PackLoader:240 - Cannot read IP mode file for STMicroelectronics.X-CUBE-SMBUS.2.1.0
2025-11-10 11:08:15,427 [WARN] PackLoader:240 - Cannot read IP mode file for STMicroelectronics.X-CUBE-AZRTOS-F7.1.1.0
2025-11-10 11:08:15,434 [WARN] PackLoader:240 - Cannot read IP mode file for Cesanta.I-CUBE-Mongoose.7.19.0
2025-11-10 11:08:15,438 [WARN] PackLoader:240 - Cannot read IP mode file for STMicroelectronics.FP-SNS-MOTENV1.5.1.0
2025-11-10 11:08:15,449 [WARN] PackLoader:240 - Cannot read IP mode file for WES.I-CUBE-Cesium.1.4.0
2025-11-10 11:08:15,481 [WARN] PackLoader:240 - Cannot read IP mode file for Infineon.AIROC-Wi-Fi-Bluetooth-STM32.1.7.1
2025-11-10 11:08:15,507 [WARN] PackLoader:240 - Cannot read IP mode file for STMicroelectronics.X-CUBE-AZRTOS-H7.3.4.0
2025-11-10 11:08:15,519 [WARN] PackLoader:240 - Cannot read IP mode file for STMicroelectronics.X-CUBE-DISPLAY.3.0.0
2025-11-10 11:08:15,532 [WARN] PackLoader:240 - Cannot read IP mode file for STMicroelectronics.X-CUBE-NFC10.1.0.0
2025-11-10 11:08:15,539 [WARN] PackLoader:240 - Cannot read IP mode file for STMicroelectronics.X-CUBE-ST60.1.1.0
2025-11-10 11:08:15,546 [WARN] PackLoader:240 - Cannot read IP mode file for emotas.I-CUBE-CANOPEN.1.3.0
2025-11-10 11:08:15,552 [WARN] PackLoader:240 - Cannot read IP mode file for STMicroelectronics.X-CUBE-GNSS1.7.1.0
2025-11-10 11:08:15,559 [WARN] PackLoader:240 - Cannot read IP mode file for STMicroelectronics.FP-SNS-STBOX1.2.1.0
2025-11-10 11:08:15,565 [WARN] PackLoader:240 - Cannot read IP mode file for STMicroelectronics.FP-SNS-SMARTAG2.1.2.0
2025-11-10 11:08:15,569 [WARN] PackLoader:240 - Cannot read IP mode file for STMicroelectronics.FP-SNS-FLIGHT1.5.1.0
2025-11-10 11:08:15,575 [INFO] LogOutputStream:77 - [STDOUT_REDIRECT] 1 : Invalid condition id : UX_CORESTACK_Condition cause : null
2025-11-10 11:08:15,576 [INFO] LogOutputStream:77 - [STDOUT_REDIRECT] 1 : Invalid condition id : UX_CORESTACK_Condition cause : null
2025-11-10 11:08:15,577 [INFO] LogOutputStream:77 - [STDOUT_REDIRECT] 1 : Invalid condition id : UX_CORESTACK_Condition cause : null
2025-11-10 11:08:15,578 [INFO] LogOutputStream:77 - [STDOUT_REDIRECT] 1 : Invalid condition id : UX_CORESTACK_Condition cause : null
2025-11-10 11:08:15,578 [INFO] LogOutputStream:77 - [STDOUT_REDIRECT] 1 : Invalid condition id : UX_CORESTACK_Condition cause : null
2025-11-10 11:08:15,580 [WARN] PackLoader:240 - Cannot read IP mode file for STMicroelectronics.X-CUBE-AZRTOS-WL.2.0.0
2025-11-10 11:08:15,587 [WARN] PackLoader:240 - Cannot read IP mode file for STMicroelectronics.X-CUBE-BLE2.3.3.0
2025-11-10 11:08:15,607 [WARN] PackLoader:240 - Cannot read IP mode file for STMicroelectronics.X-CUBE-NFC9.1.0.0
2025-11-10 11:08:15,613 [WARN] PackLoader:240 - Cannot read IP mode file for wolfSSL.I-CUBE-wolfSSL.5.8.2
2025-11-10 11:08:15,619 [WARN] PackLoader:240 - Cannot read IP mode file for STMicroelectronics.X-CUBE-BLE1.7.1.0
2025-11-10 11:08:15,622 [WARN] PackLoader:240 - Cannot read IP mode file for wolfSSL.I-CUBE-wolfMQTT.1.19.2
2025-11-10 11:08:15,627 [WARN] PackLoader:240 - Cannot read IP mode file for STMicroelectronics.X-CUBE-EEPRMA1.5.2.0
2025-11-10 11:08:15,633 [WARN] PackLoader:240 - Cannot read IP mode file for STMicroelectronics.X-CUBE-ST67W61.1.1.0
2025-11-10 11:08:15,645 [WARN] PackLoader:240 - Cannot read IP mode file for STMicroelectronics.X-CUBE-AZRTOS-G0.1.1.0
2025-11-10 11:08:15,652 [WARN] PackLoader:240 - Cannot read IP mode file for STMicroelectronics.X-CUBE-SAFEA1.1.2.2
2025-11-10 11:08:15,656 [WARN] PackLoader:240 - Cannot read IP mode file for STMicroelectronics.X-CUBE-NFC4.3.0.0
2025-11-10 11:08:15,663 [WARN] PackLoader:240 - Cannot read IP mode file for EmbeddedOffice.I-CUBE-FS-RTOS.1.0.1
2025-11-10 11:08:15,678 [WARN] PackLoader:240 - Cannot read IP mode file for STMicroelectronics.X-CUBE-WB05N.2.0.0
2025-11-10 11:08:15,684 [WARN] PackLoader:240 - Cannot read IP mode file for wolfSSL.I-CUBE-wolfTPM.3.8.0
2025-11-10 11:08:15,688 [WARN] PackLoader:240 - Cannot read IP mode file for STMicroelectronics.X-CUBE-TCPP.4.2.0
2025-11-10 11:08:15,694 [WARN] PackLoader:240 - Cannot read IP mode file for RealThread.X-CUBE-RT-Thread_Nano.4.1.1
2025-11-10 11:08:15,698 [WARN] PackLoader:240 - Cannot read IP mode file for STMicroelectronics.FP-ATR-SIGFOX1.3.2.0
2025-11-10 11:08:15,704 [WARN] PackLoader:240 - Cannot read IP mode file for ITTIA_DB.I-CUBE-ITTIADB.8.9.0
2025-11-10 11:08:15,710 [WARN] PackLoader:240 - Cannot read IP mode file for STMicroelectronics.X-CUBE-AI.10.2.0
2025-11-10 11:08:15,729 [WARN] PackLoader:240 - Cannot read IP mode file for SEGGER.I-CUBE-embOS.1.3.1
2025-11-10 11:08:15,777 [WARN] PackLoader:240 - Cannot read IP mode file for STMicroelectronics.X-CUBE-ALGOBUILD.1.4.0
2025-11-10 11:08:15,824 [WARN] PackLoader:240 - Cannot read IP mode file for STMicroelectronics.X-CUBE-MEMS1.11.3.0
2025-11-10 11:08:15,975 [WARN] PackLoader:240 - Cannot read IP mode file for STMicroelectronics.X-CUBE-PM33A1.1.0.0
2025-11-10 11:08:16,001 [WARN] PackLoader:240 - Cannot read IP mode file for STMicroelectronics.X-CUBE-AZRTOS-F4.1.1.0
2025-11-10 11:08:16,008 [WARN] PackLoader:240 - Cannot read IP mode file for STMicroelectronics.X-CUBE-ISPU.2.1.0
2025-11-10 11:08:16,021 [WARN] PackLoader:240 - Cannot read IP mode file for STMicroelectronics.X-CUBE-IPS.3.2.0
2025-11-10 11:08:16,044 [WARN] PackLoader:240 - Cannot read IP mode file for STMicroelectronics.X-CUBE-NFC12.1.0.0
2025-11-10 11:08:16,060 [WARN] PackLoader:240 - Cannot read IP mode file for STMicroelectronics.X-CUBE-AZRTOS-L5.2.0.0
2025-11-10 11:08:16,069 [WARN] PackLoader:240 - Cannot read IP mode file for STMicroelectronics.X-CUBE-NFC6.3.1.0
2025-11-10 11:08:16,077 [WARN] PackLoader:240 - Cannot read IP mode file for STMicroelectronics.X-CUBE-FREERTOS.1.3.1
2025-11-10 11:08:16,084 [WARN] PackLoader:240 - Cannot read IP mode file for STMicroelectronics.X-CUBE-TOUCHGFX.4.26.0
2025-11-10 11:08:16,089 [WARN] PackLoader:240 - Cannot read IP mode file for STMicroelectronics.FP-SNS-STAIOTCFT.1.0.0
2025-11-10 11:08:16,097 [WARN] PackLoader:240 - Cannot read IP mode file for STMicroelectronics.X-CUBE-DPower.1.3.0
2025-11-10 11:08:16,133 [WARN] ConditionMgr:438 - getConditionDescription Invalid condition id : LAN8742 Phy interface Condition cause : null
2025-11-10 11:08:16,134 [WARN] PackLoader:240 - Cannot read IP mode file for STMicroelectronics.X-CUBE-AZRTOS-L4.2.0.0
2025-11-10 11:08:16,137 [WARN] ConditionMgr:1044 - genDependencies : Invalid condition id : LAN8742 Phy interface Condition cause : null
2025-11-10 11:08:16,138 [WARN] ConditionMgr:1044 - genDependencies : Invalid condition id : LAN8742 Phy interface Condition cause : null
2025-11-10 11:08:16,139 [WARN] ConditionMgr:1044 - genDependencies : Invalid condition id : LAN8742 Phy interface Condition cause : null
2025-11-10 11:08:16,149 [WARN] PackLoader:240 - Cannot read IP mode file for STMicroelectronics.X-CUBE-SFXS2LP1.4.0.0
2025-11-10 11:08:16,166 [WARN] PackLoader:240 - Cannot read IP mode file for STMicroelectronics.X-CUBE-BLEMGR.4.1.0
2025-11-10 11:08:16,185 [WARN] ConditionMgr:438 - getConditionDescription Invalid condition id : UX DEVICE CLASS RTOS Condition cause : null
2025-11-10 11:08:16,185 [WARN] ConditionMgr:438 - getConditionDescription Invalid condition id : UX DEVICE CLASS RTOS Condition cause : null
2025-11-10 11:08:16,189 [WARN] PackLoader:240 - Cannot read IP mode file for STMicroelectronics.X-CUBE-AZRTOS-WB.2.0.0
2025-11-10 11:08:16,190 [WARN] ConditionMgr:1044 - genDependencies : Invalid condition id : UX DEVICE CLASS RTOS Condition cause : null
2025-11-10 11:08:16,190 [WARN] ConditionMgr:1044 - genDependencies : Invalid condition id : UX DEVICE CLASS RTOS Condition cause : null
2025-11-10 11:08:16,191 [WARN] ConditionMgr:1044 - genDependencies : Invalid condition id : UX DEVICE CLASS RTOS Condition cause : null
2025-11-10 11:08:16,191 [WARN] ConditionMgr:1044 - genDependencies : Invalid condition id : UX DEVICE CLASS RTOS Condition cause : null
2025-11-10 11:08:16,191 [WARN] ConditionMgr:1044 - genDependencies : Invalid condition id : UX DEVICE CLASS RTOS Condition cause : null
2025-11-10 11:08:16,198 [WARN] ConditionMgr:438 - getConditionDescription Invalid condition id : Cortex-A Device cause : null
2025-11-10 11:08:16,210 [WARN] ConditionMgr:1044 - genDependencies : Invalid condition id : Cortex-A Device cause : null
2025-11-10 11:08:16,210 [WARN] ConditionMgr:1044 - genDependencies : Invalid condition id : Cortex-A Device cause : null
2025-11-10 11:08:16,210 [WARN] ConditionMgr:1044 - genDependencies : Invalid condition id : Cortex-A Device cause : null
2025-11-10 11:08:16,220 [WARN] PackLoader:240 - Cannot read IP mode file for STMicroelectronics.X-CUBE-SUBG2.5.0.0
2025-11-10 11:08:16,241 [WARN] PackLoader:240 - Cannot read IP mode file for STMicroelectronics.X-CUBE-AZRTOS-H7RS.1.1.0
2025-11-10 11:08:16,262 [WARN] PackLoader:240 - Cannot read IP mode file for STMicroelectronics.X-CUBE-AZRTOS-G4.2.0.0
2025-11-10 11:08:16,270 [WARN] PackLoader:240 - Cannot read IP mode file for wolfSSL.I-CUBE-wolfSSH.1.4.20
2025-11-10 11:08:16,278 [WARN] PackLoader:240 - Cannot read IP mode file for STMicroelectronics.X-CUBE-NFC7.2.0.0
2025-11-10 11:08:16,286 [WARN] PackLoader:240 - Cannot read IP mode file for STMicroelectronics.X-CUBE-ALS.1.0.2
2025-11-10 11:08:16,294 [WARN] PackLoader:240 - Cannot read IP mode file for STMicroelectronics.X-CUBE-STSE01.1.0.0
2025-11-10 11:08:16,306 [WARN] PackLoader:240 - Cannot read IP mode file for STMicroelectronics.X-CUBE-TOF1.3.4.3
2025-11-10 11:08:16,306 [INFO] WebApp:463 - Apply proxy settings
2025-11-10 11:08:16,307 [INFO] WebApp:548 - Chromium requires no authentication
2025-11-10 11:08:16,316 [INFO] ThirdParty:978 - Integrity check success = true
2025-11-10 11:08:16,316 [INFO] IntegrityCheckThread:100 - exiting critical section [integrity check]
2025-11-10 11:08:16,316 [INFO] IntegrityCheckThread:103 - End integrity checks thread
2025-11-10 11:08:16,317 [INFO] WebApp:491 - Direct internet connection detected
2025-11-10 11:08:16,351 [INFO] WebApp:900 - Register for checkConnection events
2025-11-10 11:08:16,351 [INFO] WebApp:463 - Apply proxy settings
2025-11-10 11:08:16,352 [INFO] WebApp:548 - Chromium requires no authentication
2025-11-10 11:08:16,352 [INFO] WebApp:491 - Direct internet connection detected
2025-11-10 11:08:16,508 [INFO] WebApp:225 - Starting web application
2025-11-10 11:08:16,509 [INFO] WebApp:593 - Web application path used C:\ST\STM32CubeIDE_1.19.0\STM32CubeIDE\plugins\com.st.stm32cube.common.mx_6.15.0.202507011659\db\plugins\mcufinder\reactClient1\index.html
2025-11-10 11:08:16,766 [INFO] WebApp:191 - Connection restablished
2025-11-10 11:08:47,284 [INFO] McuFinderGlobals:63 - Set McuFinder mode to 2 (CubeIDE integrated)
2025-11-10 11:08:47,287 [INFO] MainUpdater:2872 - connection check result : 10
2025-11-10 11:08:47,288 [INFO] MainUpdater:2872 - connection check result : 10
2025-11-10 11:08:47,305 [INFO] MicroXplorer:468 - Change Database Path : 
2025-11-10 11:08:47,305 [INFO] MicroXplorer:498 - Change Database Version : DB.6.0.150
2025-11-10 11:08:47,311 [WARN] ThirdParty:871 - waiting for thirdparty lock release [close project]
2025-11-10 11:08:47,311 [INFO] ThirdParty:873 - entering critical section [close project]
2025-11-10 11:08:47,311 [INFO] ThirdParty:883 - exiting critical section [close project]
2025-11-10 11:08:47,313 [INFO] PinOutPanel:1589 - setPackage(No Configuration,No Configuration)
2025-11-10 11:08:47,314 [INFO] UtilMem:75 - Begin LoadConfig() Used Memory: 384560736 Bytes (494927872)
2025-11-10 11:08:47,315 [INFO] MicroXplorer:468 - Change Database Path : 
2025-11-10 11:08:47,315 [INFO] MicroXplorer:498 - Change Database Version : DB.6.0.150
2025-11-10 11:08:47,315 [INFO] OpenFileManager:355 - Change cursor
2025-11-10 11:08:47,350 [INFO] Mcu:2029 - Initializing MCU STM32F103R(C-D-E)Tx STM32F103RCTx STM32F103RCT6TR
2025-11-10 11:08:48,249 [INFO] Context:786 - Trying to add GPIOservice into a context  which must be forbidden
2025-11-10 11:08:48,529 [INFO] ImportTextPane:234 - (OptionalMessage_ERROR) Pin34 (VP_RIF_VS_RIF1) cannot be retrieved for this MCU
2025-11-10 11:08:48,616 [INFO] RtosManager:558 - Registered RTOS mode: class=CMSIS, group=RTOS, mode=CMSIS_V1, owner=FREERTOS
2025-11-10 11:08:48,616 [INFO] RtosManager:558 - Registered RTOS mode: class=CMSIS, group=RTOS2, mode=CMSIS_V2, owner=FREERTOS
2025-11-10 11:08:48,616 [INFO] RtosManager:558 - Registered RTOS mode: class=RTOS, group=Core, mode=CMSIS_V1, owner=FREERTOS
2025-11-10 11:08:48,616 [INFO] RtosManager:558 - Registered RTOS mode: class=RTOS, group=Core, mode=CMSIS_V2, owner=FREERTOS
2025-11-10 11:08:48,617 [WARN] ModelIntegratedComponent:184 - Missing modes for component STMicroelectronics:FreeRTOS:0.0.1:STMicroelectronics:RTOS:FreeRTOS:Core:::10.2.0:
2025-11-10 11:08:48,637 [WARN] ModelIntegratedComponent:63 - No mode defined for component null
2025-11-10 11:08:48,637 [WARN] ModelIntegratedComponent:63 - No mode defined for component null
2025-11-10 11:08:48,637 [WARN] ModelIntegratedComponent:63 - No mode defined for component null
2025-11-10 11:08:48,637 [WARN] ModelIntegratedComponent:63 - No mode defined for component null
2025-11-10 11:08:48,637 [WARN] ModelIntegratedComponent:63 - No mode defined for component null
2025-11-10 11:08:48,637 [WARN] ModelIntegratedComponent:63 - No mode defined for component null
2025-11-10 11:08:48,637 [WARN] ModelIntegratedComponent:63 - No mode defined for component null
2025-11-10 11:08:48,637 [WARN] ModelIntegratedComponent:63 - No mode defined for component null
2025-11-10 11:08:48,637 [WARN] ModelIntegratedComponent:63 - No mode defined for component null
2025-11-10 11:08:48,638 [WARN] ModelIntegratedComponent:63 - No mode defined for component null
2025-11-10 11:08:48,638 [WARN] ModelIntegratedComponent:63 - No mode defined for component null
2025-11-10 11:08:48,638 [WARN] ModelIntegratedComponent:63 - No mode defined for component null
2025-11-10 11:08:48,638 [WARN] ModelIntegratedComponent:63 - No mode defined for component null
2025-11-10 11:08:48,638 [WARN] ModelIntegratedComponent:63 - No mode defined for component null
2025-11-10 11:08:48,638 [WARN] ModelIntegratedComponent:63 - No mode defined for component null
2025-11-10 11:08:48,638 [WARN] ModelIntegratedComponent:63 - No mode defined for component null
2025-11-10 11:08:48,653 [WARN] ModelIntegratedComponent:63 - No mode defined for component null
2025-11-10 11:08:48,654 [WARN] ModelIntegratedComponent:63 - No mode defined for component null
2025-11-10 11:08:48,654 [WARN] ModelIntegratedComponent:63 - No mode defined for component null
2025-11-10 11:08:48,654 [WARN] ModelIntegratedComponent:63 - No mode defined for component null
2025-11-10 11:08:48,654 [WARN] ModelIntegratedComponent:63 - No mode defined for component null
2025-11-10 11:08:48,654 [WARN] ModelIntegratedComponent:63 - No mode defined for component null
2025-11-10 11:08:48,654 [WARN] ModelIntegratedComponent:63 - No mode defined for component null
2025-11-10 11:08:48,654 [WARN] ModelIntegratedComponent:63 - No mode defined for component null
2025-11-10 11:08:48,654 [WARN] ModelIntegratedComponent:63 - No mode defined for component null
2025-11-10 11:08:48,654 [WARN] ModelIntegratedComponent:63 - No mode defined for component null
2025-11-10 11:08:48,654 [WARN] ModelIntegratedComponent:63 - No mode defined for component null
2025-11-10 11:08:48,654 [WARN] ModelIntegratedComponent:63 - No mode defined for component null
2025-11-10 11:08:48,654 [WARN] ModelIntegratedComponent:63 - No mode defined for component null
2025-11-10 11:08:48,654 [WARN] ModelIntegratedComponent:63 - No mode defined for component null
2025-11-10 11:08:48,654 [WARN] ModelIntegratedComponent:63 - No mode defined for component null
2025-11-10 11:08:48,654 [WARN] ModelIntegratedComponent:63 - No mode defined for component null
2025-11-10 11:08:48,654 [WARN] ModelIntegratedComponent:63 - No mode defined for component null
2025-11-10 11:08:48,654 [WARN] ModelIntegratedComponent:63 - No mode defined for component null
2025-11-10 11:08:48,655 [WARN] ModelIntegratedComponent:63 - No mode defined for component null
2025-11-10 11:08:48,655 [WARN] ModelPack:524 - Component already loaded: STMicroelectronics:HAL Drivers:0.0.0:STMicroelectronics:Device:STMicro_Driver:XSPI:HAL::0.0.1:HAL_XSPI
2025-11-10 11:08:48,730 [INFO] ThirdPartyModel:298 - Start build external matchings
2025-11-10 11:08:48,990 [INFO] ThirdPartyModel:316 - End build external matchings
2025-11-10 11:08:49,004 [INFO] RtosManager:1018 - Current active RTOS is FREERTOS [Cortex-M3NS]
2025-11-10 11:08:49,012 [INFO] ImportTextPane:234 - (OptionalMessage_ERROR) IP (DMA) : Parameter (Instance) has Id (ADC1) currently not set
2025-11-10 11:08:49,012 [INFO] ImportTextPane:234 - (OptionalMessage_ERROR) IP (DMA) : Parameter (Direction) has Id (ADC1) currently not set
2025-11-10 11:08:49,012 [INFO] ImportTextPane:234 - (OptionalMessage_ERROR) IP (DMA) : Parameter (PeriphInc) has Id (ADC1) currently not set
2025-11-10 11:08:49,012 [INFO] ImportTextPane:234 - (OptionalMessage_ERROR) IP (DMA) : Parameter (MemInc) has Id (ADC1) currently not set
2025-11-10 11:08:49,012 [INFO] ImportTextPane:234 - (OptionalMessage_ERROR) IP (DMA) : Parameter (PeriphDataAlignment) has Id (ADC1) currently not set
2025-11-10 11:08:49,012 [INFO] ImportTextPane:234 - (OptionalMessage_ERROR) IP (DMA) : Parameter (MemDataAlignment) has Id (ADC1) currently not set
2025-11-10 11:08:49,012 [INFO] ImportTextPane:234 - (OptionalMessage_ERROR) IP (DMA) : Parameter (Mode) has Id (ADC1) currently not set
2025-11-10 11:08:49,012 [INFO] ImportTextPane:234 - (OptionalMessage_ERROR) IP (DMA) : Parameter (Priority) has Id (ADC1) currently not set
2025-11-10 11:08:49,019 [INFO] ImportTextPane:234 - (OptionalMessage_ERROR) IP (RCC) : Invalid parameter (FamilyName)
2025-11-10 11:08:49,019 [INFO] ImportTextPane:234 - (OptionalMessage_ERROR) IP (RCC) : Parameter (MCOFreq_Value) has invalid value (72000000)
2025-11-10 11:08:49,019 [INFO] ImportTextPane:234 - (OptionalMessage_ERROR) IP (RCC) : Parameter (USBFreq_Value) has invalid value (72000000)
2025-11-10 11:08:49,264 [INFO] ApiDb:581 - Connected to CubeFinder SQLite database (C:\Users\USER\.stmcufinder\plugins\mcufinder\mcu\cube-finder-db.db)
2025-11-10 11:08:49,325 [INFO] ApiDb:668 - CubeFinder database Data Model version=2.1
2025-11-10 11:08:49,326 [INFO] ApiDb:669 - CubeFinder database Configuration version=3.0.39
2025-11-10 11:08:49,326 [INFO] ApiDb:670 - CubeFinder database generation date=2025-10-27 (1761571959)
2025-11-10 11:08:49,326 [INFO] ApiDb:671 - CubeFinder database FW Pack versions=[FP-ATR-ASTRA1_V2.0.0, FP-SNS-FLIGHT1_V5.1.0, FP-SNS-MOTENV1_V5.0.0, FP-SNS-MOTENVWB1_V1.4.0, FP-SNS-SMARTAG2_V1.2.0, FP-SNS-STBOX1_V2.1.0, STM32Cube_FW_C0_V1.4.0, STM32Cube_FW_F4_V1.28.3, STM32Cube_FW_F7_V1.17.4, STM32Cube_FW_G0_V1.6.2, STM32Cube_FW_G4_V1.6.1, STM32Cube_FW_H5_V1.5.0, STM32Cube_FW_H7RS_V1.2.0, STM32Cube_FW_H7_V1.12.1, STM32Cube_FW_L0_V1.12.2, STM32Cube_FW_L4_V1.18.1, STM32Cube_FW_L5_V1.5.1, STM32Cube_FW_N6_V1.2.0, STM32Cube_FW_U0_V1.3.0, STM32Cube_FW_U3_V1.2.1, STM32Cube_FW_U5_V1.8.0, STM32Cube_FW_WB0_V1.3.0, STM32Cube_FW_WBA_V1.7.0, STM32Cube_FW_WB_V1.23.0, STM32Cube_FW_WL3_V1.2.0, STM32Cube_FW_WL_V1.3.1, X-CUBE-ALGOBUILD_V1.4.0, X-CUBE-ALS_V1.0.2, X-CUBE-AZRTOS-F4_V1.1.0, X-CUBE-AZRTOS-F7_V1.1.0, X-CUBE-AZRTOS-G0_V1.1.0, X-CUBE-AZRTOS-G4_V2.0.0, X-CUBE-AZRTOS-H7RS_V1.1.0, X-CUBE-AZRTOS-H7_V3.4.0, X-CUBE-AZRTOS-L4_V2.0.0, X-CUBE-AZRTOS-L5_V2.0.0, X-CUBE-AZRTOS-WB_V2.0.0, X-CUBE-AZRTOS-WL_V2.0.0, X-CUBE-BLE1_V7.1.0, X-CUBE-BLE2_V3.3.0, X-CUBE-BLEMGR_V4.1.0, X-CUBE-EEPRMA1_V5.2.0, X-CUBE-FREERTOS_V1.3.1, X-CUBE-GNSS1_V6.0.0, X-CUBE-MEMS1_V11.3.0, X-CUBE-NFC4_V3.0.0, X-CUBE-NFC7_V2.0.0, X-CUBE-SFXS2LP1_V4.0.0, X-CUBE-ST67W61_V1.1.0, X-CUBE-SUBG2_V5.0.0, X-CUBE-TOF1_V3.4.3]
2025-11-10 11:08:49,375 [INFO] DbBoardsSqlite:226 - include board P-NUCLEO-WB55-NUCLEO as a kit item of type 'Nucleo-64'
2025-11-10 11:08:49,376 [INFO] DbBoardsSqlite:226 - include board P-NUCLEO-WB55-USBDONGLE as a kit item of type 'Nucleo USB Dongle'
2025-11-10 11:08:49,376 [INFO] DbBoardsSqlite:226 - include board STEVAL-IDP005V1 as a kit item of type 'Evaluation Board'
2025-11-10 11:08:49,376 [INFO] DbBoardsSqlite:226 - include board STEVAL-IDP005V2 as a kit item of type 'Evaluation Board'
2025-11-10 11:08:49,431 [INFO] ApiDb:240 - Found 880 in-development CPN: [B-G473E-ZEST1S, B-WB1M-WPAN1, B-WBA5M-WPAN, B-WL5M-SUBG1, NUCLEO-C031C6, NUCLEO-C051C8, NUCLEO-C071RB, NUCLEO-C092RC, NUCLEO-H503RB, NUCLEO-H533RE, NUCLEO-H563ZI, NUCLEO-H7S3L8, NUCLEO-N657X0-Q, NUCLEO-U031R8, NUCLEO-U083RC, NUCLEO-U385RG-Q, NUCLEO-U545RE-Q, NUCLEO-U5A5ZJ-Q, NUCLEO-WB05KZ, NUCLEO-WB07CC, NUCLEO-WB09KE, NUCLEO-WBA52CG, NUCLEO-WBA55CG, NUCLEO-WL33CC1, NUCLEO-WL33CC2, STEVAL-PROTEUS1, STEVAL-SMARTAG2, STEVAL-STWINBX1, STM320518-EVAL, STM32C0116-DK, STM32C011D6Y3TR, STM32C011D6Y6TR, STM32C011F4P3, STM32C011F4P6, STM32C011F4U3, STM32C011F4U6TR, STM32C011F6P3, STM32C011F6P6, STM32C011F6U3, STM32C011F6U6TR, STM32C011J4M3, STM32C011J4M6, STM32C011J6M3, STM32C011J6M6, STM32C0316-DK, STM32C031C4T3, STM32C031C4T6, STM32C031C4U3, STM32C031C4U6, STM32C031C6T3, STM32C031C6T6, STM32C031C6U3, STM32C031C6U6, STM32C031F4P3, STM32C031F4P6, STM32C031F6P3, STM32C031F6P6, STM32C031G4U3, STM32C031G4U6, STM32C031G6U3, STM32C031G6U6, STM32C031K4T3, STM32C031K4T6, STM32C031K4U3, STM32C031K4U6, STM32C031K6T3, STM32C031K6T6, STM32C031K6U3, STM32C031K6U6, STM32C051C6T6, STM32C051C6U6, STM32C051C8T6, STM32C051C8U6, STM32C051D8Y6TR, STM32C051F6P6, STM32C051F8P6, STM32C051G6U6, STM32C051G8U6, STM32C051K6T6, STM32C051K6U6, STM32C051K8T6, STM32C071C8T6, STM32C071C8T6N, STM32C071C8U6, STM32C071C8U6N, STM32C071CBT6, STM32C071CBT6N, STM32C071CBU6, STM32C071CBU6N, STM32C071F8P6, STM32C071F8P6N, STM32C071FBP6, STM32C071FBP6N, STM32C071FBY6TR, STM32C071G8U6, STM32C071G8U6N, STM32C071GBU6, STM32C071GBU6N, STM32C071K8T6, STM32C071K8T6N, STM32C071K8U6, STM32C071K8U6N, STM32C071KBT6, STM32C071KBT6N, STM32C071KBU6, STM32C071KBU6N, STM32C071R8T6, STM32C071R8T6N, STM32C071RBI6N, STM32C071RBT6, STM32C071RBT6N, STM32C091CBT6, STM32C091CBU6, STM32C091CCT6, STM32C091CCU6, STM32C091ECY6TR, STM32C091FBP6, STM32C091FCP6, STM32C091GBU6, STM32C091GCU6, STM32C091KBT6, STM32C091KBU6, STM32C091KCT6, STM32C091KCU6, STM32C091RBT6, STM32C091RCI6, STM32C091RCT6, STM32C092CBT6, STM32C092CBU6, STM32C092CCT6, STM32C092CCU6, STM32C092ECY6TR, STM32C092FBP6, STM32C092FCP6, STM32C092GBU6, STM32C092GCU6, STM32C092KBT6, STM32C092KBU6, STM32C092KCT6, STM32C092KCU6, STM32C092RBT6, STM32C092RCI6, STM32C092RCT6, STM32G071K8TXN, STM32G071K8UXN, STM32G081GBU6N, STM32G081KBT6N, STM32G081KBUXN, STM32G0B1CCT6N, STM32G0B1KCT6, STM32G0B1NEY6TR, STM32G0B1RCT6N, STM32G0C1CCT6, STM32G0C1CCT6N, STM32G0C1CCU6N, STM32G0C1CET6N, STM32G0C1CEU6N, STM32G0C1KCT6, STM32G0C1NEY6TR, STM32G0C1RCI6N, STM32G0C1RCT6N, STM32G0C1REI6N, STM32G0C1RET6N, STM32G0C1VCI6, STM32G0C1VEI6, STM32G411C6T3, STM32G411C6T6, STM32G411C6U3, STM32G411C6U6, STM32G411C8T3, STM32G411C8T6, STM32G411C8U3, STM32G411C8U6, STM32G411CBT3, STM32G411CBT6, STM32G411CBU3, STM32G411CBU6, STM32G411K6T3, STM32G411K6T6, STM32G411K6U3, STM32G411K6U6, STM32G411K8T3, STM32G411K8T6, STM32G411K8U3, STM32G411K8U6, STM32G411KBT3, STM32G411KBT6, STM32G411KBU3, STM32G411KBU6, STM32G411M6T3, STM32G411M6T6, STM32G411M8T3, STM32G411M8T6, STM32G411MBT3, STM32G411MBT6, STM32G411R6T3, STM32G411R6T6, STM32G411R8T3, STM32G411R8T6, STM32G411RBT3, STM32G411RBT6, STM32G414CBT3, STM32G414CBT6, STM32G414CBU3, STM32G414CBU6, STM32G414CCT3, STM32G414CCT6, STM32G414CCU3, STM32G414CCU6, STM32G414MBT3, STM32G414MBT6, STM32G414MCT3, STM32G414MCT6, STM32G414RBT3, STM32G414RBT6, STM32G414RCT3, STM32G414RCT6, STM32G414VBT3, STM32G414VBT6, STM32G414VCT3, STM32G414VCT6, STM32G431CBT3Z, STM32G431RBT3Z, STM32G471CCT6, STM32G471CCU6, STM32G471CET3, STM32G471CET6, STM32G471CEU3, STM32G471CEU6, STM32G471MCT6, STM32G471MET3, STM32G471MET6, STM32G471MEY6TR, STM32G471QCT6, STM32G471QET3, STM32G471RCT6, STM32G471RET3, STM32G471RET6, STM32G471VCH6, STM32G471VCI6, STM32G471VCT6, STM32G471VEH3, STM32G471VEH6, STM32G471VEI3, STM32G471VEI6, STM32G471VET3, STM32G471VET6, STM32G473QET3Z, STM32G473RET3Z, STM32G474CCT6, STM32G491RET3Z, STM32H503CBT6, STM32H503CBU6, STM32H503EBY6TR, STM32H503KBU6, STM32H503RBT6, STM32H523CCT6, STM32H523CCU6, STM32H523CET6, STM32H523CEU6, STM32H523HEY6TR, STM32H523RCT6, STM32H523RET6, STM32H523VCI6, STM32H523VCT6, STM32H523VEI6, STM32H523VET6, STM32H523ZCJ6, STM32H523ZCT6, STM32H523ZEJ6, STM32H523ZET6, STM32H533CET6, STM32H533CEU6, STM32H533HEY6TR, STM32H533RET6, STM32H533VEI6, STM32H533VET6, STM32H533ZEJ6, STM32H533ZET6, STM32H562AGI6, STM32H562AII6, STM32H562IGK6, STM32H562IGT6, STM32H562IIK6, STM32H562IIT6, STM32H562RGT6, STM32H562RGV6, STM32H562RIT6, STM32H562RIV6, STM32H562VGT6, STM32H562VIT6, STM32H562ZGT6, STM32H562ZIT6, STM32H563AGI6, STM32H563AII3Q, STM32H563AII6, STM32H563IGK6, STM32H563IGT6, STM32H563IIK3Q, STM32H563IIK6, STM32H563IIT3Q, STM32H563IIT6, STM32H563MIY3QTR, STM32H563RGT6, STM32H563RGV6, STM32H563RIT6, STM32H563RIV6, STM32H563VGT6, STM32H563VIT3Q, STM32H563VIT6, STM32H563ZGT6, STM32H563ZIT3Q, STM32H563ZIT6, STM32H573AII3Q, STM32H573AII6, STM32H573I-DK, STM32H573IIK3Q, STM32H573IIK6, STM32H573IIT3Q, STM32H573IIT6, STM32H573MIY3QTR, STM32H573RIT6, STM32H573RIV6, STM32H573VIT3Q, STM32H573VIT6, STM32H573ZIT3Q, STM32H573ZIT6, STM32H7R3A8I6, STM32H7R3I8K6, STM32H7R3I8T6, STM32H7R3L8H6, STM32H7R3L8H6H, STM32H7R3R8V6, STM32H7R3V8H6, STM32H7R3V8T6, STM32H7R3V8Y6TR, STM32H7R3Z8J6, STM32H7R3Z8T6, STM32H7R7A8I6, STM32H7R7I8K6, STM32H7R7I8T6, STM32H7R7L8H6, STM32H7R7L8H6H, STM32H7R7Z8J6, STM32H7S3A8I6, STM32H7S3I8K6, STM32H7S3I8T6, STM32H7S3L8H6, STM32H7S3L8H6H, STM32H7S3R8V6, STM32H7S3V8H6, STM32H7S3V8T6, STM32H7S3V8Y6TR, STM32H7S3Z8J6, STM32H7S3Z8T6, STM32H7S78-DK, STM32H7S7A8I6, STM32H7S7I8K6, STM32H7S7I8T6, STM32H7S7L8H6, STM32H7S7L8H6H, STM32H7S7Z8J6, STM32L4R5QGI6STR, STM32MP131AAE3, STM32MP131AAF3, STM32MP131AAG3, STM32MP131CAE3, STM32MP131CAF3, STM32MP131CAG3, STM32MP131DAE7, STM32MP131DAF7, STM32MP131DAG7, STM32MP131FAE7, STM32MP131FAF7, STM32MP131FAG7, STM32MP133AAE3, STM32MP133AAF3, STM32MP133AAG3, STM32MP133CAE3, STM32MP133CAF3, STM32MP133CAG3, STM32MP133DAE7, STM32MP133DAF7, STM32MP133DAG7, STM32MP133FAE7, STM32MP133FAF7, STM32MP133FAG7, STM32MP135AAE3, STM32MP135AAF3, STM32MP135AAG3, STM32MP135CAE3, STM32MP135CAF3, STM32MP135CAG3, STM32MP135DAE7, STM32MP135DAF7, STM32MP135DAG7, STM32MP135F-DK, STM32MP135FAE7, STM32MP135FAF7, STM32MP135FAF7T, STM32MP135FAF7U, STM32MP135FAG7, STM32MP211AAL3, STM32MP211AAM3, STM32MP211AAN3, STM32MP211AAO3, STM32MP211CAL3, STM32MP211CAM3, STM32MP211CAN3, STM32MP211CAO3, STM32MP211DAL3, STM32MP211DAM3, STM32MP211DAN3, STM32MP211DAO3, STM32MP211FAL3, STM32MP211FAM3, STM32MP211FAN3, STM32MP211FAO3, STM32MP213AAL3, STM32MP213AAM3, STM32MP213AAN3, STM32MP213AAO3, STM32MP213CAL3, STM32MP213CAM3, STM32MP213CAN3, STM32MP213CAO3, STM32MP213DAL3, STM32MP213DAM3, STM32MP213DAN3, STM32MP213DAO3, STM32MP213FAL3, STM32MP213FAM3, STM32MP213FAN3, STM32MP213FAO3, STM32MP215AAL3, STM32MP215AAM3, STM32MP215AAN3, STM32MP215AAO3, STM32MP215CAL3, STM32MP215CAM3, STM32MP215CAN3, STM32MP215CAO3, STM32MP215DAL3, STM32MP215DAM3, STM32MP215DAN3, STM32MP215DAO3, STM32MP215F-DK, STM32MP215FAL3, STM32MP215FAM3, STM32MP215FAN3, STM32MP215FAO3, STM32MP231AAJ3, STM32MP231AAK3, STM32MP231AAL3, STM32MP231CAJ3, STM32MP231CAK3, STM32MP231CAL3, STM32MP231DAJ3, STM32MP231DAK3, STM32MP231DAL3, STM32MP231FAJ3, STM32MP231FAK3, STM32MP231FAL3, STM32MP233AAJ3, STM32MP233AAK3, STM32MP233AAL3, STM32MP233CAJ3, STM32MP233CAK3, STM32MP233CAL3, STM32MP233DAJ3, STM32MP233DAK3, STM32MP233DAL3, STM32MP233FAJ3, STM32MP233FAK3, STM32MP233FAL3, STM32MP235AAJ3, STM32MP235AAK3, STM32MP235AAL3, STM32MP235CAJ3, STM32MP235CAK3, STM32MP235CAL3, STM32MP235DAJ3, STM32MP235DAK3, STM32MP235DAL3, STM32MP235FAJ3, STM32MP235FAK3, STM32MP235FAL3, STM32MP251AAI3, STM32MP251AAK3, STM32MP251AAL3, STM32MP251CAI3, STM32MP251CAK3, STM32MP251CAL3, STM32MP251DAI3, STM32MP251DAK3, STM32MP251DAL3, STM32MP251FAI3, STM32MP251FAK3, STM32MP251FAL3, STM32MP253AAI3, STM32MP253AAK3, STM32MP253AAL3, STM32MP253CAI3, STM32MP253CAK3, STM32MP253CAL3, STM32MP253DAI3, STM32MP253DAK3, STM32MP253DAL3, STM32MP253FAI3, STM32MP253FAK3, STM32MP253FAL3, STM32MP255AAI3, STM32MP255AAK3, STM32MP255AAL3, STM32MP255CAI3, STM32MP255CAK3, STM32MP255CAL3, STM32MP255DAI3, STM32MP255DAK3, STM32MP255DAL3, STM32MP255FAI3, STM32MP255FAK3, STM32MP255FAL3, STM32MP257AAI3, STM32MP257AAK3, STM32MP257AAL3, STM32MP257CAI3, STM32MP257CAK3, STM32MP257CAL3, STM32MP257DAI3, STM32MP257DAK3, STM32MP257DAL3, STM32MP257F-DK, STM32MP257F-EV1, STM32MP257FAI3, STM32MP257FAK3, STM32MP257FAL3, STM32N645A0H3Q, STM32N645B0H3Q, STM32N645I0H3Q, STM32N645L0H3Q, STM32N645X0H3Q, STM32N645Z0H3Q, STM32N647A0H3Q, STM32N647B0H3Q, STM32N647I0H3Q, STM32N647L0H3Q, STM32N647X0H3Q, STM32N647Z0H3Q, STM32N655A0H3Q, STM32N655B0H3Q, STM32N655I0H3Q, STM32N655L0H3Q, STM32N655X0H3Q, STM32N655Z0H3Q, STM32N6570-DK, STM32N657A0H3Q, STM32N657B0H3Q, STM32N657I0H3Q, STM32N657L0H3Q, STM32N657X0H3Q, STM32N657Z0H3Q, STM32U031C6T6, STM32U031C6U6, STM32U031C8T6, STM32U031C8U6, STM32U031F4P6, STM32U031F6P6, STM32U031F8P6, STM32U031G6Y6TR, STM32U031G8Y6TR, STM32U031K4U6, STM32U031K6U6, STM32U031K8U6, STM32U031R6I6, STM32U031R6T6, STM32U031R8I6, STM32U031R8T6, STM32U073C8T6, STM32U073C8U6, STM32U073CBT6, STM32U073CBU6, STM32U073CCT6, STM32U073CCU6, STM32U073H8Y6TR, STM32U073HBY6TR, STM32U073HCY6TR, STM32U073K8U6, STM32U073KBU6, STM32U073KCU6, STM32U073M8I6, STM32U073M8T6, STM32U073MBI6, STM32U073MBT6, STM32U073MCI6, STM32U073MCT6, STM32U073R8I6, STM32U073R8T6, STM32U073RBI6, STM32U073RBT6, STM32U073RCI6, STM32U073RCT6, STM32U083C-DK, STM32U083CCT6, STM32U083CCU6, STM32U083HCY6TR, STM32U083KCU6, STM32U083MCI6, STM32U083MCT6, STM32U083RCI6, STM32U083RCT6, STM32U375CET6, STM32U375CET6Q, STM32U375CEU6, STM32U375CEU6Q, STM32U375CEY6QTR, STM32U375CGT6, STM32U375CGT6Q, STM32U375CGU6, STM32U375CGU6Q, STM32U375CGY6QTR, STM32U375KEU6, STM32U375KGU6, STM32U375REI6, STM32U375REI6Q, STM32U375RET6, STM32U375RET6Q, STM32U375REY6GTR, STM32U375REY6QTR, STM32U375RGI6, STM32U375RGI6Q, STM32U375RGT6, STM32U375RGT6Q, STM32U375RGY6GTR, STM32U375RGY6QTR, STM32U375VEI6, STM32U375VEI6Q, STM32U375VET6, STM32U375VET6Q, STM32U375VGI6, STM32U375VGI6Q, STM32U375VGT6, STM32U375VGT6Q, STM32U385CGT6, STM32U385CGT6Q, STM32U385CGU6, STM32U385CGU6Q, STM32U385CGY6QTR, STM32U385KGU6, STM32U385RGI6, STM32U385RGI6Q, STM32U385RGT6, STM32U385RGT6Q, STM32U385RGY6GTR, STM32U385RGY6QTR, STM32U385VGI6, STM32U385VGI6Q, STM32U385VGT6, STM32U385VGT6Q, STM32U535CBT6, STM32U535CBT6Q, STM32U535CBU6, STM32U535CBU6Q, STM32U535CCT6, STM32U535CCT6Q, STM32U535CCU6, STM32U535CCU6Q, STM32U535CET6, STM32U535CET6Q, STM32U535CEU6, STM32U535CEU6Q, STM32U535JEY6QTR, STM32U535NCY6QTR, STM32U535NEY6QTR, STM32U535RBI6, STM32U535RBI6Q, STM32U535RBT6, STM32U535RBT6Q, STM32U535RCI6, STM32U535RCI6Q, STM32U535RCT6, STM32U535RCT6Q, STM32U535REI6, STM32U535REI6Q, STM32U535RET6, STM32U535RET6Q, STM32U535VCI6, STM32U535VCI6Q, STM32U535VCT6, STM32U535VCT6Q, STM32U535VEI6, STM32U535VEI6Q, STM32U535VET6, STM32U535VET6Q, STM32U545CET6, STM32U545CET6Q, STM32U545CEU6, STM32U545CEU6Q, STM32U545JEY6QTR, STM32U545NEY6QTR, STM32U545REI6, STM32U545REI6Q, STM32U545RET6, STM32U545RET6Q, STM32U545VEI6, STM32U545VEI6Q, STM32U545VET6, STM32U545VET6Q, STM32U595AIH6, STM32U595AIH6Q, STM32U595AJH6, STM32U595AJH6Q, STM32U595QII6, STM32U595QII6Q, STM32U595QJI6, STM32U595QJI6Q, STM32U595RIT6, STM32U595RIT6Q, STM32U595RJT6, STM32U595RJT6Q, STM32U595VIT6, STM32U595VIT6Q, STM32U595VJT6, STM32U595VJT6Q, STM32U595ZIT6, STM32U595ZIT6Q, STM32U595ZIY6QTR, STM32U595ZJT6, STM32U595ZJT6Q, STM32U595ZJY6QTR, STM32U599BJY6QTR, STM32U599NIH6Q, STM32U599NJH6Q, STM32U599VIT6Q, STM32U599VJT6, STM32U599VJT6Q, STM32U599ZIT6Q, STM32U599ZIY6QTR, STM32U599ZJT6Q, STM32U599ZJY6QTR, STM32U5A5AJH6, STM32U5A5AJH6Q, STM32U5A5QII3Q , STM32U5A5QJI6, STM32U5A5QJI6Q, STM32U5A5RJT6, STM32U5A5RJT6Q, STM32U5A5VJT6, STM32U5A5VJT6Q, STM32U5A5ZJT6, STM32U5A5ZJT6Q, STM32U5A5ZJY6QTR, STM32U5A9BJY6QTR, STM32U5A9J-DK, STM32U5A9NJH6Q, STM32U5A9VJT6Q, STM32U5A9ZJT6Q, STM32U5A9ZJY6QTR, STM32U5F7VIT6, STM32U5F7VIT6Q, STM32U5F7VJT6, STM32U5F7VJT6Q, STM32U5F9BJY6QTR, STM32U5F9NJH6Q, STM32U5F9VIT6Q, STM32U5F9VJT6Q, STM32U5F9ZIJ6QTR, STM32U5F9ZIT6Q, STM32U5F9ZJJ6QTR, STM32U5F9ZJT6Q, STM32U5G7VJT6, STM32U5G7VJT6Q, STM32U5G9BJY6QTR, STM32U5G9J-DK1, STM32U5G9J-DK2, STM32U5G9NJH6Q, STM32U5G9VJT6Q, STM32U5G9ZJJ6QTR, STM32U5G9ZJT6Q, STM32WB05KZV6TR, STM32WB05KZV7TR, STM32WB05TZF6TR, STM32WB05TZF7TR, STM32WB06CCF6TR, STM32WB06CCF7TR, STM32WB06CCV6TR, STM32WB06CCV7TR, STM32WB06KCV6TR, STM32WB06KCV7TR, STM32WB07CCF6TR, STM32WB07CCF7TR, STM32WB07CCV6TR, STM32WB07CCV7TR, STM32WB07KCV6TR, STM32WB07KCV7TR, STM32WB09KEV6TR, STM32WB09KEV7TR, STM32WB09TEF6TR, STM32WB09TEF7TR, STM32WB1MMCH6, STM32WBA50KGU6, STM32WBA50KGU6TR, STM32WBA52CEU6, STM32WBA52CEU6TR, STM32WBA52CEU7, STM32WBA52CEU7TR, STM32WBA52CGU6, STM32WBA52CGU6TR, STM32WBA52CGU6U, STM32WBA52CGU7, STM32WBA52CGU7TR, STM32WBA52KEU6, STM32WBA52KEU6TR, STM32WBA52KGU6, STM32WBA52KGU6TR, STM32WBA54CEU6, STM32WBA54CEU6TR, STM32WBA54CEU7, STM32WBA54CEU7TR, STM32WBA54CGU6, STM32WBA54CGU6TR, STM32WBA54CGU7, STM32WBA54CGU7TR, STM32WBA54KEU6, STM32WBA54KEU6TR, STM32WBA54KEU7, STM32WBA54KEU7TR, STM32WBA54KGU6, STM32WBA54KGU6TR, STM32WBA54KGU7, STM32WBA54KGU7TR, STM32WBA55CEU6, STM32WBA55CEU6TR, STM32WBA55CEU7, STM32WBA55CEU7TR, STM32WBA55CGU6, STM32WBA55CGU6TR, STM32WBA55CGU6U, STM32WBA55CGU7, STM32WBA55CGU7TR, STM32WBA55G-DK1, STM32WBA55HEF6, STM32WBA55HEF7, STM32WBA55HGF6, STM32WBA55HGF7, STM32WBA55UEI6, STM32WBA55UEI6TR, STM32WBA55UEI7, STM32WBA55UEI7TR, STM32WBA55UGI6, STM32WBA55UGI6TR, STM32WBA55UGI7, STM32WBA55UGI7TR, STM32WBA5MMGH6TR, STM32WBA62MGF6, STM32WBA62MIF6, STM32WBA65MGF7, STM32WBA65MIF6, STM32WBA65MIF7, STM32WL30K8V6, STM32WL30KBV6, STM32WL31C8V6, STM32WL31CBV6, STM32WL31K8V6, STM32WL31KBV6, STM32WL33C8V6, STM32WL33C8V6X, STM32WL33CBV6, STM32WL33CBV6X, STM32WL33CCV6, STM32WL33CCV6A, STM32WL33CCV6X, STM32WL33K8V7, STM32WL33K8V7X, STM32WL33KBV7 , STM32WL33KBV7X, STM32WL33KCV7, STM32WL33KCV7X, STM32WL5MOCH6, STM32WL5MOCH6TR]
2025-11-10 11:08:49,696 [INFO] BoardInfo:889 - No configuration file found for board P-NUCLEO-WB55
2025-11-10 11:08:49,698 [INFO] DbBoards:161 - Kit is not supported: P-NUCLEO-WB55
2025-11-10 11:08:49,706 [INFO] BoardInfo:889 - No configuration file found for board STEVAL-BFA001V1B
2025-11-10 11:08:49,708 [INFO] DbBoards:161 - Kit is not supported: STEVAL-BFA001V1B
2025-11-10 11:08:49,709 [INFO] BoardInfo:889 - No configuration file found for board STEVAL-BFA001V2B
2025-11-10 11:08:49,710 [INFO] DbBoards:161 - Kit is not supported: STEVAL-BFA001V2B
2025-11-10 11:08:49,974 [INFO] DbBoards:168 - Found 212 boards, 209 are supported
2025-11-10 11:08:49,974 [INFO] DbBoards:169 - Found 212 boards, 43 of them is supported for  Bsp
2025-11-10 11:08:49,978 [INFO] ApiDb:668 - CubeFinder database Data Model version=2.1
2025-11-10 11:08:49,978 [INFO] ApiDb:669 - CubeFinder database Configuration version=3.0.39
2025-11-10 11:08:49,978 [INFO] ApiDb:670 - CubeFinder database generation date=2025-10-27 (1761571959)
2025-11-10 11:08:49,978 [INFO] ApiDb:671 - CubeFinder database FW Pack versions=[FP-ATR-ASTRA1_V2.0.0, FP-SNS-FLIGHT1_V5.1.0, FP-SNS-MOTENV1_V5.0.0, FP-SNS-MOTENVWB1_V1.4.0, FP-SNS-SMARTAG2_V1.2.0, FP-SNS-STBOX1_V2.1.0, STM32Cube_FW_C0_V1.4.0, STM32Cube_FW_F4_V1.28.3, STM32Cube_FW_F7_V1.17.4, STM32Cube_FW_G0_V1.6.2, STM32Cube_FW_G4_V1.6.1, STM32Cube_FW_H5_V1.5.0, STM32Cube_FW_H7RS_V1.2.0, STM32Cube_FW_H7_V1.12.1, STM32Cube_FW_L0_V1.12.2, STM32Cube_FW_L4_V1.18.1, STM32Cube_FW_L5_V1.5.1, STM32Cube_FW_N6_V1.2.0, STM32Cube_FW_U0_V1.3.0, STM32Cube_FW_U3_V1.2.1, STM32Cube_FW_U5_V1.8.0, STM32Cube_FW_WB0_V1.3.0, STM32Cube_FW_WBA_V1.7.0, STM32Cube_FW_WB_V1.23.0, STM32Cube_FW_WL3_V1.2.0, STM32Cube_FW_WL_V1.3.1, X-CUBE-ALGOBUILD_V1.4.0, X-CUBE-ALS_V1.0.2, X-CUBE-AZRTOS-F4_V1.1.0, X-CUBE-AZRTOS-F7_V1.1.0, X-CUBE-AZRTOS-G0_V1.1.0, X-CUBE-AZRTOS-G4_V2.0.0, X-CUBE-AZRTOS-H7RS_V1.1.0, X-CUBE-AZRTOS-H7_V3.4.0, X-CUBE-AZRTOS-L4_V2.0.0, X-CUBE-AZRTOS-L5_V2.0.0, X-CUBE-AZRTOS-WB_V2.0.0, X-CUBE-AZRTOS-WL_V2.0.0, X-CUBE-BLE1_V7.1.0, X-CUBE-BLE2_V3.3.0, X-CUBE-BLEMGR_V4.1.0, X-CUBE-EEPRMA1_V5.2.0, X-CUBE-FREERTOS_V1.3.1, X-CUBE-GNSS1_V6.0.0, X-CUBE-MEMS1_V11.3.0, X-CUBE-NFC4_V3.0.0, X-CUBE-NFC7_V2.0.0, X-CUBE-SFXS2LP1_V4.0.0, X-CUBE-ST67W61_V1.1.0, X-CUBE-SUBG2_V5.0.0, X-CUBE-TOF1_V3.4.3]
2025-11-10 11:08:51,802 [INFO] ApiDb:240 - Found 880 in-development CPN: [B-G473E-ZEST1S, B-WB1M-WPAN1, B-WBA5M-WPAN, B-WL5M-SUBG1, NUCLEO-C031C6, NUCLEO-C051C8, NUCLEO-C071RB, NUCLEO-C092RC, NUCLEO-H503RB, NUCLEO-H533RE, NUCLEO-H563ZI, NUCLEO-H7S3L8, NUCLEO-N657X0-Q, NUCLEO-U031R8, NUCLEO-U083RC, NUCLEO-U385RG-Q, NUCLEO-U545RE-Q, NUCLEO-U5A5ZJ-Q, NUCLEO-WB05KZ, NUCLEO-WB07CC, NUCLEO-WB09KE, NUCLEO-WBA52CG, NUCLEO-WBA55CG, NUCLEO-WL33CC1, NUCLEO-WL33CC2, STEVAL-PROTEUS1, STEVAL-SMARTAG2, STEVAL-STWINBX1, STM320518-EVAL, STM32C0116-DK, STM32C011D6Y3TR, STM32C011D6Y6TR, STM32C011F4P3, STM32C011F4P6, STM32C011F4U3, STM32C011F4U6TR, STM32C011F6P3, STM32C011F6P6, STM32C011F6U3, STM32C011F6U6TR, STM32C011J4M3, STM32C011J4M6, STM32C011J6M3, STM32C011J6M6, STM32C0316-DK, STM32C031C4T3, STM32C031C4T6, STM32C031C4U3, STM32C031C4U6, STM32C031C6T3, STM32C031C6T6, STM32C031C6U3, STM32C031C6U6, STM32C031F4P3, STM32C031F4P6, STM32C031F6P3, STM32C031F6P6, STM32C031G4U3, STM32C031G4U6, STM32C031G6U3, STM32C031G6U6, STM32C031K4T3, STM32C031K4T6, STM32C031K4U3, STM32C031K4U6, STM32C031K6T3, STM32C031K6T6, STM32C031K6U3, STM32C031K6U6, STM32C051C6T6, STM32C051C6U6, STM32C051C8T6, STM32C051C8U6, STM32C051D8Y6TR, STM32C051F6P6, STM32C051F8P6, STM32C051G6U6, STM32C051G8U6, STM32C051K6T6, STM32C051K6U6, STM32C051K8T6, STM32C071C8T6, STM32C071C8T6N, STM32C071C8U6, STM32C071C8U6N, STM32C071CBT6, STM32C071CBT6N, STM32C071CBU6, STM32C071CBU6N, STM32C071F8P6, STM32C071F8P6N, STM32C071FBP6, STM32C071FBP6N, STM32C071FBY6TR, STM32C071G8U6, STM32C071G8U6N, STM32C071GBU6, STM32C071GBU6N, STM32C071K8T6, STM32C071K8T6N, STM32C071K8U6, STM32C071K8U6N, STM32C071KBT6, STM32C071KBT6N, STM32C071KBU6, STM32C071KBU6N, STM32C071R8T6, STM32C071R8T6N, STM32C071RBI6N, STM32C071RBT6, STM32C071RBT6N, STM32C091CBT6, STM32C091CBU6, STM32C091CCT6, STM32C091CCU6, STM32C091ECY6TR, STM32C091FBP6, STM32C091FCP6, STM32C091GBU6, STM32C091GCU6, STM32C091KBT6, STM32C091KBU6, STM32C091KCT6, STM32C091KCU6, STM32C091RBT6, STM32C091RCI6, STM32C091RCT6, STM32C092CBT6, STM32C092CBU6, STM32C092CCT6, STM32C092CCU6, STM32C092ECY6TR, STM32C092FBP6, STM32C092FCP6, STM32C092GBU6, STM32C092GCU6, STM32C092KBT6, STM32C092KBU6, STM32C092KCT6, STM32C092KCU6, STM32C092RBT6, STM32C092RCI6, STM32C092RCT6, STM32G071K8TXN, STM32G071K8UXN, STM32G081GBU6N, STM32G081KBT6N, STM32G081KBUXN, STM32G0B1CCT6N, STM32G0B1KCT6, STM32G0B1NEY6TR, STM32G0B1RCT6N, STM32G0C1CCT6, STM32G0C1CCT6N, STM32G0C1CCU6N, STM32G0C1CET6N, STM32G0C1CEU6N, STM32G0C1KCT6, STM32G0C1NEY6TR, STM32G0C1RCI6N, STM32G0C1RCT6N, STM32G0C1REI6N, STM32G0C1RET6N, STM32G0C1VCI6, STM32G0C1VEI6, STM32G411C6T3, STM32G411C6T6, STM32G411C6U3, STM32G411C6U6, STM32G411C8T3, STM32G411C8T6, STM32G411C8U3, STM32G411C8U6, STM32G411CBT3, STM32G411CBT6, STM32G411CBU3, STM32G411CBU6, STM32G411K6T3, STM32G411K6T6, STM32G411K6U3, STM32G411K6U6, STM32G411K8T3, STM32G411K8T6, STM32G411K8U3, STM32G411K8U6, STM32G411KBT3, STM32G411KBT6, STM32G411KBU3, STM32G411KBU6, STM32G411M6T3, STM32G411M6T6, STM32G411M8T3, STM32G411M8T6, STM32G411MBT3, STM32G411MBT6, STM32G411R6T3, STM32G411R6T6, STM32G411R8T3, STM32G411R8T6, STM32G411RBT3, STM32G411RBT6, STM32G414CBT3, STM32G414CBT6, STM32G414CBU3, STM32G414CBU6, STM32G414CCT3, STM32G414CCT6, STM32G414CCU3, STM32G414CCU6, STM32G414MBT3, STM32G414MBT6, STM32G414MCT3, STM32G414MCT6, STM32G414RBT3, STM32G414RBT6, STM32G414RCT3, STM32G414RCT6, STM32G414VBT3, STM32G414VBT6, STM32G414VCT3, STM32G414VCT6, STM32G431CBT3Z, STM32G431RBT3Z, STM32G471CCT6, STM32G471CCU6, STM32G471CET3, STM32G471CET6, STM32G471CEU3, STM32G471CEU6, STM32G471MCT6, STM32G471MET3, STM32G471MET6, STM32G471MEY6TR, STM32G471QCT6, STM32G471QET3, STM32G471RCT6, STM32G471RET3, STM32G471RET6, STM32G471VCH6, STM32G471VCI6, STM32G471VCT6, STM32G471VEH3, STM32G471VEH6, STM32G471VEI3, STM32G471VEI6, STM32G471VET3, STM32G471VET6, STM32G473QET3Z, STM32G473RET3Z, STM32G474CCT6, STM32G491RET3Z, STM32H503CBT6, STM32H503CBU6, STM32H503EBY6TR, STM32H503KBU6, STM32H503RBT6, STM32H523CCT6, STM32H523CCU6, STM32H523CET6, STM32H523CEU6, STM32H523HEY6TR, STM32H523RCT6, STM32H523RET6, STM32H523VCI6, STM32H523VCT6, STM32H523VEI6, STM32H523VET6, STM32H523ZCJ6, STM32H523ZCT6, STM32H523ZEJ6, STM32H523ZET6, STM32H533CET6, STM32H533CEU6, STM32H533HEY6TR, STM32H533RET6, STM32H533VEI6, STM32H533VET6, STM32H533ZEJ6, STM32H533ZET6, STM32H562AGI6, STM32H562AII6, STM32H562IGK6, STM32H562IGT6, STM32H562IIK6, STM32H562IIT6, STM32H562RGT6, STM32H562RGV6, STM32H562RIT6, STM32H562RIV6, STM32H562VGT6, STM32H562VIT6, STM32H562ZGT6, STM32H562ZIT6, STM32H563AGI6, STM32H563AII3Q, STM32H563AII6, STM32H563IGK6, STM32H563IGT6, STM32H563IIK3Q, STM32H563IIK6, STM32H563IIT3Q, STM32H563IIT6, STM32H563MIY3QTR, STM32H563RGT6, STM32H563RGV6, STM32H563RIT6, STM32H563RIV6, STM32H563VGT6, STM32H563VIT3Q, STM32H563VIT6, STM32H563ZGT6, STM32H563ZIT3Q, STM32H563ZIT6, STM32H573AII3Q, STM32H573AII6, STM32H573I-DK, STM32H573IIK3Q, STM32H573IIK6, STM32H573IIT3Q, STM32H573IIT6, STM32H573MIY3QTR, STM32H573RIT6, STM32H573RIV6, STM32H573VIT3Q, STM32H573VIT6, STM32H573ZIT3Q, STM32H573ZIT6, STM32H7R3A8I6, STM32H7R3I8K6, STM32H7R3I8T6, STM32H7R3L8H6, STM32H7R3L8H6H, STM32H7R3R8V6, STM32H7R3V8H6, STM32H7R3V8T6, STM32H7R3V8Y6TR, STM32H7R3Z8J6, STM32H7R3Z8T6, STM32H7R7A8I6, STM32H7R7I8K6, STM32H7R7I8T6, STM32H7R7L8H6, STM32H7R7L8H6H, STM32H7R7Z8J6, STM32H7S3A8I6, STM32H7S3I8K6, STM32H7S3I8T6, STM32H7S3L8H6, STM32H7S3L8H6H, STM32H7S3R8V6, STM32H7S3V8H6, STM32H7S3V8T6, STM32H7S3V8Y6TR, STM32H7S3Z8J6, STM32H7S3Z8T6, STM32H7S78-DK, STM32H7S7A8I6, STM32H7S7I8K6, STM32H7S7I8T6, STM32H7S7L8H6, STM32H7S7L8H6H, STM32H7S7Z8J6, STM32L4R5QGI6STR, STM32MP131AAE3, STM32MP131AAF3, STM32MP131AAG3, STM32MP131CAE3, STM32MP131CAF3, STM32MP131CAG3, STM32MP131DAE7, STM32MP131DAF7, STM32MP131DAG7, STM32MP131FAE7, STM32MP131FAF7, STM32MP131FAG7, STM32MP133AAE3, STM32MP133AAF3, STM32MP133AAG3, STM32MP133CAE3, STM32MP133CAF3, STM32MP133CAG3, STM32MP133DAE7, STM32MP133DAF7, STM32MP133DAG7, STM32MP133FAE7, STM32MP133FAF7, STM32MP133FAG7, STM32MP135AAE3, STM32MP135AAF3, STM32MP135AAG3, STM32MP135CAE3, STM32MP135CAF3, STM32MP135CAG3, STM32MP135DAE7, STM32MP135DAF7, STM32MP135DAG7, STM32MP135F-DK, STM32MP135FAE7, STM32MP135FAF7, STM32MP135FAF7T, STM32MP135FAF7U, STM32MP135FAG7, STM32MP211AAL3, STM32MP211AAM3, STM32MP211AAN3, STM32MP211AAO3, STM32MP211CAL3, STM32MP211CAM3, STM32MP211CAN3, STM32MP211CAO3, STM32MP211DAL3, STM32MP211DAM3, STM32MP211DAN3, STM32MP211DAO3, STM32MP211FAL3, STM32MP211FAM3, STM32MP211FAN3, STM32MP211FAO3, STM32MP213AAL3, STM32MP213AAM3, STM32MP213AAN3, STM32MP213AAO3, STM32MP213CAL3, STM32MP213CAM3, STM32MP213CAN3, STM32MP213CAO3, STM32MP213DAL3, STM32MP213DAM3, STM32MP213DAN3, STM32MP213DAO3, STM32MP213FAL3, STM32MP213FAM3, STM32MP213FAN3, STM32MP213FAO3, STM32MP215AAL3, STM32MP215AAM3, STM32MP215AAN3, STM32MP215AAO3, STM32MP215CAL3, STM32MP215CAM3, STM32MP215CAN3, STM32MP215CAO3, STM32MP215DAL3, STM32MP215DAM3, STM32MP215DAN3, STM32MP215DAO3, STM32MP215F-DK, STM32MP215FAL3, STM32MP215FAM3, STM32MP215FAN3, STM32MP215FAO3, STM32MP231AAJ3, STM32MP231AAK3, STM32MP231AAL3, STM32MP231CAJ3, STM32MP231CAK3, STM32MP231CAL3, STM32MP231DAJ3, STM32MP231DAK3, STM32MP231DAL3, STM32MP231FAJ3, STM32MP231FAK3, STM32MP231FAL3, STM32MP233AAJ3, STM32MP233AAK3, STM32MP233AAL3, STM32MP233CAJ3, STM32MP233CAK3, STM32MP233CAL3, STM32MP233DAJ3, STM32MP233DAK3, STM32MP233DAL3, STM32MP233FAJ3, STM32MP233FAK3, STM32MP233FAL3, STM32MP235AAJ3, STM32MP235AAK3, STM32MP235AAL3, STM32MP235CAJ3, STM32MP235CAK3, STM32MP235CAL3, STM32MP235DAJ3, STM32MP235DAK3, STM32MP235DAL3, STM32MP235FAJ3, STM32MP235FAK3, STM32MP235FAL3, STM32MP251AAI3, STM32MP251AAK3, STM32MP251AAL3, STM32MP251CAI3, STM32MP251CAK3, STM32MP251CAL3, STM32MP251DAI3, STM32MP251DAK3, STM32MP251DAL3, STM32MP251FAI3, STM32MP251FAK3, STM32MP251FAL3, STM32MP253AAI3, STM32MP253AAK3, STM32MP253AAL3, STM32MP253CAI3, STM32MP253CAK3, STM32MP253CAL3, STM32MP253DAI3, STM32MP253DAK3, STM32MP253DAL3, STM32MP253FAI3, STM32MP253FAK3, STM32MP253FAL3, STM32MP255AAI3, STM32MP255AAK3, STM32MP255AAL3, STM32MP255CAI3, STM32MP255CAK3, STM32MP255CAL3, STM32MP255DAI3, STM32MP255DAK3, STM32MP255DAL3, STM32MP255FAI3, STM32MP255FAK3, STM32MP255FAL3, STM32MP257AAI3, STM32MP257AAK3, STM32MP257AAL3, STM32MP257CAI3, STM32MP257CAK3, STM32MP257CAL3, STM32MP257DAI3, STM32MP257DAK3, STM32MP257DAL3, STM32MP257F-DK, STM32MP257F-EV1, STM32MP257FAI3, STM32MP257FAK3, STM32MP257FAL3, STM32N645A0H3Q, STM32N645B0H3Q, STM32N645I0H3Q, STM32N645L0H3Q, STM32N645X0H3Q, STM32N645Z0H3Q, STM32N647A0H3Q, STM32N647B0H3Q, STM32N647I0H3Q, STM32N647L0H3Q, STM32N647X0H3Q, STM32N647Z0H3Q, STM32N655A0H3Q, STM32N655B0H3Q, STM32N655I0H3Q, STM32N655L0H3Q, STM32N655X0H3Q, STM32N655Z0H3Q, STM32N6570-DK, STM32N657A0H3Q, STM32N657B0H3Q, STM32N657I0H3Q, STM32N657L0H3Q, STM32N657X0H3Q, STM32N657Z0H3Q, STM32U031C6T6, STM32U031C6U6, STM32U031C8T6, STM32U031C8U6, STM32U031F4P6, STM32U031F6P6, STM32U031F8P6, STM32U031G6Y6TR, STM32U031G8Y6TR, STM32U031K4U6, STM32U031K6U6, STM32U031K8U6, STM32U031R6I6, STM32U031R6T6, STM32U031R8I6, STM32U031R8T6, STM32U073C8T6, STM32U073C8U6, STM32U073CBT6, STM32U073CBU6, STM32U073CCT6, STM32U073CCU6, STM32U073H8Y6TR, STM32U073HBY6TR, STM32U073HCY6TR, STM32U073K8U6, STM32U073KBU6, STM32U073KCU6, STM32U073M8I6, STM32U073M8T6, STM32U073MBI6, STM32U073MBT6, STM32U073MCI6, STM32U073MCT6, STM32U073R8I6, STM32U073R8T6, STM32U073RBI6, STM32U073RBT6, STM32U073RCI6, STM32U073RCT6, STM32U083C-DK, STM32U083CCT6, STM32U083CCU6, STM32U083HCY6TR, STM32U083KCU6, STM32U083MCI6, STM32U083MCT6, STM32U083RCI6, STM32U083RCT6, STM32U375CET6, STM32U375CET6Q, STM32U375CEU6, STM32U375CEU6Q, STM32U375CEY6QTR, STM32U375CGT6, STM32U375CGT6Q, STM32U375CGU6, STM32U375CGU6Q, STM32U375CGY6QTR, STM32U375KEU6, STM32U375KGU6, STM32U375REI6, STM32U375REI6Q, STM32U375RET6, STM32U375RET6Q, STM32U375REY6GTR, STM32U375REY6QTR, STM32U375RGI6, STM32U375RGI6Q, STM32U375RGT6, STM32U375RGT6Q, STM32U375RGY6GTR, STM32U375RGY6QTR, STM32U375VEI6, STM32U375VEI6Q, STM32U375VET6, STM32U375VET6Q, STM32U375VGI6, STM32U375VGI6Q, STM32U375VGT6, STM32U375VGT6Q, STM32U385CGT6, STM32U385CGT6Q, STM32U385CGU6, STM32U385CGU6Q, STM32U385CGY6QTR, STM32U385KGU6, STM32U385RGI6, STM32U385RGI6Q, STM32U385RGT6, STM32U385RGT6Q, STM32U385RGY6GTR, STM32U385RGY6QTR, STM32U385VGI6, STM32U385VGI6Q, STM32U385VGT6, STM32U385VGT6Q, STM32U535CBT6, STM32U535CBT6Q, STM32U535CBU6, STM32U535CBU6Q, STM32U535CCT6, STM32U535CCT6Q, STM32U535CCU6, STM32U535CCU6Q, STM32U535CET6, STM32U535CET6Q, STM32U535CEU6, STM32U535CEU6Q, STM32U535JEY6QTR, STM32U535NCY6QTR, STM32U535NEY6QTR, STM32U535RBI6, STM32U535RBI6Q, STM32U535RBT6, STM32U535RBT6Q, STM32U535RCI6, STM32U535RCI6Q, STM32U535RCT6, STM32U535RCT6Q, STM32U535REI6, STM32U535REI6Q, STM32U535RET6, STM32U535RET6Q, STM32U535VCI6, STM32U535VCI6Q, STM32U535VCT6, STM32U535VCT6Q, STM32U535VEI6, STM32U535VEI6Q, STM32U535VET6, STM32U535VET6Q, STM32U545CET6, STM32U545CET6Q, STM32U545CEU6, STM32U545CEU6Q, STM32U545JEY6QTR, STM32U545NEY6QTR, STM32U545REI6, STM32U545REI6Q, STM32U545RET6, STM32U545RET6Q, STM32U545VEI6, STM32U545VEI6Q, STM32U545VET6, STM32U545VET6Q, STM32U595AIH6, STM32U595AIH6Q, STM32U595AJH6, STM32U595AJH6Q, STM32U595QII6, STM32U595QII6Q, STM32U595QJI6, STM32U595QJI6Q, STM32U595RIT6, STM32U595RIT6Q, STM32U595RJT6, STM32U595RJT6Q, STM32U595VIT6, STM32U595VIT6Q, STM32U595VJT6, STM32U595VJT6Q, STM32U595ZIT6, STM32U595ZIT6Q, STM32U595ZIY6QTR, STM32U595ZJT6, STM32U595ZJT6Q, STM32U595ZJY6QTR, STM32U599BJY6QTR, STM32U599NIH6Q, STM32U599NJH6Q, STM32U599VIT6Q, STM32U599VJT6, STM32U599VJT6Q, STM32U599ZIT6Q, STM32U599ZIY6QTR, STM32U599ZJT6Q, STM32U599ZJY6QTR, STM32U5A5AJH6, STM32U5A5AJH6Q, STM32U5A5QII3Q , STM32U5A5QJI6, STM32U5A5QJI6Q, STM32U5A5RJT6, STM32U5A5RJT6Q, STM32U5A5VJT6, STM32U5A5VJT6Q, STM32U5A5ZJT6, STM32U5A5ZJT6Q, STM32U5A5ZJY6QTR, STM32U5A9BJY6QTR, STM32U5A9J-DK, STM32U5A9NJH6Q, STM32U5A9VJT6Q, STM32U5A9ZJT6Q, STM32U5A9ZJY6QTR, STM32U5F7VIT6, STM32U5F7VIT6Q, STM32U5F7VJT6, STM32U5F7VJT6Q, STM32U5F9BJY6QTR, STM32U5F9NJH6Q, STM32U5F9VIT6Q, STM32U5F9VJT6Q, STM32U5F9ZIJ6QTR, STM32U5F9ZIT6Q, STM32U5F9ZJJ6QTR, STM32U5F9ZJT6Q, STM32U5G7VJT6, STM32U5G7VJT6Q, STM32U5G9BJY6QTR, STM32U5G9J-DK1, STM32U5G9J-DK2, STM32U5G9NJH6Q, STM32U5G9VJT6Q, STM32U5G9ZJJ6QTR, STM32U5G9ZJT6Q, STM32WB05KZV6TR, STM32WB05KZV7TR, STM32WB05TZF6TR, STM32WB05TZF7TR, STM32WB06CCF6TR, STM32WB06CCF7TR, STM32WB06CCV6TR, STM32WB06CCV7TR, STM32WB06KCV6TR, STM32WB06KCV7TR, STM32WB07CCF6TR, STM32WB07CCF7TR, STM32WB07CCV6TR, STM32WB07CCV7TR, STM32WB07KCV6TR, STM32WB07KCV7TR, STM32WB09KEV6TR, STM32WB09KEV7TR, STM32WB09TEF6TR, STM32WB09TEF7TR, STM32WB1MMCH6, STM32WBA50KGU6, STM32WBA50KGU6TR, STM32WBA52CEU6, STM32WBA52CEU6TR, STM32WBA52CEU7, STM32WBA52CEU7TR, STM32WBA52CGU6, STM32WBA52CGU6TR, STM32WBA52CGU6U, STM32WBA52CGU7, STM32WBA52CGU7TR, STM32WBA52KEU6, STM32WBA52KEU6TR, STM32WBA52KGU6, STM32WBA52KGU6TR, STM32WBA54CEU6, STM32WBA54CEU6TR, STM32WBA54CEU7, STM32WBA54CEU7TR, STM32WBA54CGU6, STM32WBA54CGU6TR, STM32WBA54CGU7, STM32WBA54CGU7TR, STM32WBA54KEU6, STM32WBA54KEU6TR, STM32WBA54KEU7, STM32WBA54KEU7TR, STM32WBA54KGU6, STM32WBA54KGU6TR, STM32WBA54KGU7, STM32WBA54KGU7TR, STM32WBA55CEU6, STM32WBA55CEU6TR, STM32WBA55CEU7, STM32WBA55CEU7TR, STM32WBA55CGU6, STM32WBA55CGU6TR, STM32WBA55CGU6U, STM32WBA55CGU7, STM32WBA55CGU7TR, STM32WBA55G-DK1, STM32WBA55HEF6, STM32WBA55HEF7, STM32WBA55HGF6, STM32WBA55HGF7, STM32WBA55UEI6, STM32WBA55UEI6TR, STM32WBA55UEI7, STM32WBA55UEI7TR, STM32WBA55UGI6, STM32WBA55UGI6TR, STM32WBA55UGI7, STM32WBA55UGI7TR, STM32WBA5MMGH6TR, STM32WBA62MGF6, STM32WBA62MIF6, STM32WBA65MGF7, STM32WBA65MIF6, STM32WBA65MIF7, STM32WL30K8V6, STM32WL30KBV6, STM32WL31C8V6, STM32WL31CBV6, STM32WL31K8V6, STM32WL31KBV6, STM32WL33C8V6, STM32WL33C8V6X, STM32WL33CBV6, STM32WL33CBV6X, STM32WL33CCV6, STM32WL33CCV6A, STM32WL33CCV6X, STM32WL33K8V7, STM32WL33K8V7X, STM32WL33KBV7 , STM32WL33KBV7X, STM32WL33KCV7, STM32WL33KCV7X, STM32WL5MOCH6, STM32WL5MOCH6TR]
2025-11-10 11:08:51,807 [INFO] DbMcus:218 - Found 4801 MCUs, 4801 are supported
2025-11-10 11:08:51,807 [INFO] ApiDb:423 - Load user favorites file C:\Users\USER/.stm32cubeide/favorites.mcus.txt: 0 item(s)
2025-11-10 11:08:51,807 [INFO] ApiDb:427 - User favorites MCUs=[]
2025-11-10 11:08:51,807 [INFO] DbMcus:224 - Set 0 / 0 favorites MCUs
2025-11-10 11:08:52,173 [INFO] ApiDb:423 - Load user favorites file C:\Users\USER/.stm32cubeide/favorites.boards.txt: 0 item(s)
2025-11-10 11:08:52,173 [INFO] ApiDb:427 - User favorites Boards=[]
2025-11-10 11:08:52,174 [INFO] DbBoards:198 - Set 0 / 0 favorites Boards
2025-11-10 11:08:52,214 [INFO] UtilMem:75 - End LoadConfig() Used Memory: 361003584 Bytes (664797184)
2025-11-10 11:08:52,320 [WARN] ThirdParty:833 - waiting for thirdparty lock release [change project]
2025-11-10 11:08:52,321 [INFO] ThirdParty:835 - entering critical section [change project]
2025-11-10 11:08:52,321 [INFO] ThirdParty:1030 - CMSIS Pack Vendor :STMicroelectronics X-CUBE-PM33A1 1.0.0
2025-11-10 11:08:52,321 [INFO] ThirdParty:1030 - CMSIS Pack Vendor :STMicroelectronics USBPD 4.1
2025-11-10 11:08:52,321 [INFO] ThirdParty:1030 - CMSIS Pack Vendor :STMicroelectronics X-CUBE-NFC9 1.0.0
2025-11-10 11:08:52,321 [INFO] ThirdParty:1030 - CMSIS Pack Vendor :STMicroelectronics USB_HOST 2.0.0
2025-11-10 11:08:52,321 [INFO] ThirdParty:1030 - CMSIS Pack Vendor :STMicroelectronics FP-SNS-MOTENVWB1 1.4.0
2025-11-10 11:08:52,321 [INFO] ThirdParty:1030 - CMSIS Pack Vendor :STMicroelectronics X-CUBE-AZRTOS-F4 1.1.0
2025-11-10 11:08:52,321 [INFO] ThirdParty:1030 - CMSIS Pack Vendor :STMicroelectronics LIBJPEG 8.0.0
2025-11-10 11:08:52,321 [INFO] ThirdParty:1030 - CMSIS Pack Vendor :STMicroelectronics FP-ATR-ASTRA1 2.0.2
2025-11-10 11:08:52,321 [INFO] ThirdParty:1030 - CMSIS Pack Vendor :wolfSSL I-CUBE-wolfSSL 5.8.2
2025-11-10 11:08:52,321 [INFO] ThirdParty:1030 - CMSIS Pack Vendor :STMicroelectronics X-CUBE-BLE1 7.1.0
2025-11-10 11:08:52,321 [INFO] ThirdParty:1030 - CMSIS Pack Vendor :STMicroelectronics X-CUBE-SMBUS 2.1.0
2025-11-10 11:08:52,321 [INFO] ThirdParty:1030 - CMSIS Pack Vendor :wolfSSL I-CUBE-wolfMQTT 1.19.2
2025-11-10 11:08:52,321 [INFO] ThirdParty:1030 - CMSIS Pack Vendor :STMicroelectronics USB_DEVICE 3.0.0
2025-11-10 11:08:52,321 [INFO] ThirdParty:1030 - CMSIS Pack Vendor :STMicroelectronics X-CUBE-ISPU 2.1.0
2025-11-10 11:08:52,321 [INFO] ThirdParty:1030 - CMSIS Pack Vendor :STMicroelectronics X-CUBE-EEPRMA1 5.2.0
2025-11-10 11:08:52,321 [INFO] ThirdParty:1030 - CMSIS Pack Vendor :STMicroelectronics X-CUBE-IPS 3.2.0
2025-11-10 11:08:52,321 [INFO] ThirdParty:1030 - CMSIS Pack Vendor :STMicroelectronics X-CUBE-BLEMGR 4.1.0
2025-11-10 11:08:52,321 [INFO] ThirdParty:1030 - CMSIS Pack Vendor :STMicroelectronics X-CUBE-AZRTOS-WB 2.0.0
2025-11-10 11:08:52,321 [INFO] ThirdParty:1030 - CMSIS Pack Vendor :STMicroelectronics X-CUBE-NFC12 1.0.0
2025-11-10 11:08:52,321 [INFO] ThirdParty:1030 - CMSIS Pack Vendor :STMicroelectronics X-CUBE-AZRTOS-F7 1.1.0
2025-11-10 11:08:52,321 [INFO] ThirdParty:1030 - CMSIS Pack Vendor :STMicroelectronics X-CUBE-AZRTOS-L5 2.0.0
2025-11-10 11:08:52,321 [INFO] ThirdParty:1030 - CMSIS Pack Vendor :STMicroelectronics USB_DEVICE 2.0.0
2025-11-10 11:08:52,321 [INFO] ThirdParty:1030 - CMSIS Pack Vendor :STMicroelectronics X-CUBE-NFC6 3.1.0
2025-11-10 11:08:52,321 [INFO] ThirdParty:1030 - CMSIS Pack Vendor :STMicroelectronics X-CUBE-ST67W61 1.1.0
2025-11-10 11:08:52,321 [INFO] ThirdParty:1030 - CMSIS Pack Vendor :Cesanta I-CUBE-Mongoose 7.19.0
2025-11-10 11:08:52,321 [INFO] ThirdParty:1030 - CMSIS Pack Vendor :quantropi X-CUBE-qispace-sdk-base 2.1.0
2025-11-10 11:08:52,322 [INFO] ThirdParty:1030 - CMSIS Pack Vendor :STMicroelectronics FP-SNS-MOTENV1 5.1.0
2025-11-10 11:08:52,322 [INFO] ThirdParty:1030 - CMSIS Pack Vendor :STMicroelectronics FreeRTOS 0.0.1
2025-11-10 11:08:52,322 [INFO] ThirdParty:1030 - CMSIS Pack Vendor :STMicroelectronics X-CUBE-AZRTOS-G0 1.1.0
2025-11-10 11:08:52,322 [INFO] ThirdParty:1030 - CMSIS Pack Vendor :STMicroelectronics X-CUBE-SAFEA1 1.2.2
2025-11-10 11:08:52,322 [INFO] ThirdParty:1030 - CMSIS Pack Vendor :STMicroelectronics X-CUBE-NFC4 3.0.0
2025-11-10 11:08:52,322 [INFO] ThirdParty:1030 - CMSIS Pack Vendor :STMicroelectronics X-CUBE-SUBG2 5.0.0
2025-11-10 11:08:52,322 [INFO] ThirdParty:1030 - CMSIS Pack Vendor :STMicroelectronics X-CUBE-AZRTOS-H7RS 1.1.0
2025-11-10 11:08:52,322 [INFO] ThirdParty:1030 - CMSIS Pack Vendor :STMicroelectronics STM32_WPAN 1.0.0
2025-11-10 11:08:52,322 [INFO] ThirdParty:1030 - CMSIS Pack Vendor :EmbeddedOffice I-CUBE-FS-RTOS 1.0.1
2025-11-10 11:08:52,322 [INFO] ThirdParty:1030 - CMSIS Pack Vendor :STMicroelectronics lwIP 2.0.3
2025-11-10 11:08:52,322 [INFO] ThirdParty:1030 - CMSIS Pack Vendor :WES I-CUBE-Cesium 1.4.0
2025-11-10 11:08:52,322 [INFO] ThirdParty:1030 - CMSIS Pack Vendor :STMicroelectronics USB_HOST 1.0.0
2025-11-10 11:08:52,322 [INFO] ThirdParty:1030 - CMSIS Pack Vendor :Infineon AIROC-Wi-Fi-Bluetooth-STM32 1.7.1
2025-11-10 11:08:52,322 [INFO] ThirdParty:1030 - CMSIS Pack Vendor :STMicroelectronics X-CUBE-AZRTOS-G4 2.0.0
2025-11-10 11:08:52,322 [INFO] ThirdParty:1030 - CMSIS Pack Vendor :STMicroelectronics X-CUBE-WB05N 2.0.0
2025-11-10 11:08:52,322 [INFO] ThirdParty:1030 - CMSIS Pack Vendor :STMicroelectronics PDM2PCM 3.1.0
2025-11-10 11:08:52,322 [INFO] ThirdParty:1030 - CMSIS Pack Vendor :STMicroelectronics PDM2PCM 3.3.0
2025-11-10 11:08:52,322 [INFO] ThirdParty:1030 - CMSIS Pack Vendor :wolfSSL I-CUBE-wolfTPM 3.8.0
2025-11-10 11:08:52,322 [INFO] ThirdParty:1030 - CMSIS Pack Vendor :STMicroelectronics X-CUBE-AZRTOS-H7 3.4.0
2025-11-10 11:08:52,322 [INFO] ThirdParty:1030 - CMSIS Pack Vendor :STMicroelectronics X-CUBE-DISPLAY 3.0.0
2025-11-10 11:08:52,322 [INFO] ThirdParty:1030 - CMSIS Pack Vendor :wolfSSL I-CUBE-wolfSSH 1.4.20
2025-11-10 11:08:52,322 [INFO] ThirdParty:1030 - CMSIS Pack Vendor :STMicroelectronics X-CUBE-NFC7 2.0.0
2025-11-10 11:08:52,322 [INFO] ThirdParty:1030 - CMSIS Pack Vendor :STMicroelectronics X-CUBE-TCPP 4.2.0
2025-11-10 11:08:52,322 [INFO] ThirdParty:1030 - CMSIS Pack Vendor :RealThread X-CUBE-RT-Thread_Nano 4.1.1
2025-11-10 11:08:52,322 [INFO] ThirdParty:1030 - CMSIS Pack Vendor :STMicroelectronics FP-ATR-SIGFOX1 3.2.0
2025-11-10 11:08:52,322 [INFO] ThirdParty:1030 - CMSIS Pack Vendor :STMicroelectronics X-CUBE-NFC10 1.0.0
2025-11-10 11:08:52,322 [INFO] ThirdParty:1030 - CMSIS Pack Vendor :STMicroelectronics X-CUBE-FREERTOS 1.3.1
2025-11-10 11:08:52,322 [INFO] ThirdParty:1030 - CMSIS Pack Vendor :STMicroelectronics HAL Drivers 0.0.0
2025-11-10 11:08:52,322 [INFO] ThirdParty:1030 - CMSIS Pack Vendor :STMicroelectronics MBEDTLS 2.16.2
2025-11-10 11:08:52,322 [INFO] ThirdParty:1030 - CMSIS Pack Vendor :STMicroelectronics X-CUBE-ST60 1.1.0
2025-11-10 11:08:52,322 [INFO] ThirdParty:1030 - CMSIS Pack Vendor :STMicroelectronics X-CUBE-ALS 1.0.2
2025-11-10 11:08:52,322 [INFO] ThirdParty:1030 - CMSIS Pack Vendor :emotas I-CUBE-CANOPEN 1.3.0
2025-11-10 11:08:52,322 [INFO] ThirdParty:1030 - CMSIS Pack Vendor :STMicroelectronics MBEDTLS 2.14.1
2025-11-10 11:08:52,322 [INFO] ThirdParty:1030 - CMSIS Pack Vendor :STMicroelectronics X-CUBE-GNSS1 7.1.0
2025-11-10 11:08:52,322 [INFO] ThirdParty:1030 - CMSIS Pack Vendor :ITTIA_DB I-CUBE-ITTIADB 8.9.0
2025-11-10 11:08:52,322 [INFO] ThirdParty:1030 - CMSIS Pack Vendor :STMicroelectronics X-CUBE-TOUCHGFX 4.26.0
2025-11-10 11:08:52,322 [INFO] ThirdParty:1030 - CMSIS Pack Vendor :STMicroelectronics X-CUBE-STSE01 1.0.0
2025-11-10 11:08:52,322 [INFO] ThirdParty:1030 - CMSIS Pack Vendor :STMicroelectronics FP-SNS-STBOX1 2.1.0
2025-11-10 11:08:52,322 [INFO] ThirdParty:1030 - CMSIS Pack Vendor :STMicroelectronics X-CUBE-AI 10.2.0
2025-11-10 11:08:52,323 [INFO] ThirdParty:1030 - CMSIS Pack Vendor :STMicroelectronics FP-SNS-STAIOTCFT 1.0.0
2025-11-10 11:08:52,323 [INFO] ThirdParty:1030 - CMSIS Pack Vendor :STMicroelectronics ThreadX 1.0.0
2025-11-10 11:08:52,323 [INFO] ThirdParty:1030 - CMSIS Pack Vendor :STMicroelectronics FP-SNS-SMARTAG2 1.2.0
2025-11-10 11:08:52,323 [INFO] ThirdParty:1030 - CMSIS Pack Vendor :STMicroelectronics FP-SNS-FLIGHT1 5.1.0
2025-11-10 11:08:52,323 [INFO] ThirdParty:1030 - CMSIS Pack Vendor :STMicroelectronics X-CUBE-AZRTOS-WL 2.0.0
2025-11-10 11:08:52,323 [INFO] ThirdParty:1030 - CMSIS Pack Vendor :SEGGER I-CUBE-embOS 1.3.1
2025-11-10 11:08:52,323 [INFO] ThirdParty:1030 - CMSIS Pack Vendor :STMicroelectronics X-CUBE-ALGOBUILD 1.4.0
2025-11-10 11:08:52,323 [INFO] ThirdParty:1030 - CMSIS Pack Vendor :STMicroelectronics X-CUBE-DPower 1.3.0
2025-11-10 11:08:52,323 [INFO] ThirdParty:1030 - CMSIS Pack Vendor :STMicroelectronics X-CUBE-MEMS1 11.3.0
2025-11-10 11:08:52,323 [INFO] ThirdParty:1030 - CMSIS Pack Vendor :STMicroelectronics USB_DEVICE 1.0.0
2025-11-10 11:08:52,323 [INFO] ThirdParty:1030 - CMSIS Pack Vendor :STMicroelectronics X-CUBE-AZRTOS-L4 2.0.0
2025-11-10 11:08:52,323 [INFO] ThirdParty:1030 - CMSIS Pack Vendor :STMicroelectronics ThreadX 0.0.2
2025-11-10 11:08:52,323 [INFO] ThirdParty:1030 - CMSIS Pack Vendor :STMicroelectronics lwIP 2.1.2
2025-11-10 11:08:52,323 [INFO] ThirdParty:1030 - CMSIS Pack Vendor :STMicroelectronics X-CUBE-SFXS2LP1 4.0.0
2025-11-10 11:08:52,323 [INFO] ThirdParty:1030 - CMSIS Pack Vendor :STMicroelectronics X-CUBE-BLE2 3.3.0
2025-11-10 11:08:52,323 [INFO] ThirdParty:1030 - CMSIS Pack Vendor :Avnet-IOTCONNECT X-CUBE-iotc-st67-sdk 1.0.0
2025-11-10 11:08:52,323 [INFO] ThirdParty:1030 - CMSIS Pack Vendor :STMicroelectronics X-CUBE-TOF1 3.4.3
2025-11-10 11:08:52,323 [INFO] ThirdParty:1030 - CMSIS Pack Vendor :STMicroelectronics PDM2PCM 3.2.0
2025-11-10 11:08:52,323 [INFO] ThirdParty:841 - exiting critical section [change project]
2025-11-10 11:08:52,642 [INFO] PinOutPanel:1589 - setPackage(No Configuration,No Configuration)
2025-11-10 11:08:52,644 [INFO] PinOutPanel:1589 - setPackage(STM32F103RCTx,LQFP64)
2025-11-10 11:08:53,039 [INFO] UtilMem:75 - Before build in PCC Used Memory: 608863504 Bytes (664797184)
2025-11-10 11:08:53,640 [INFO] UtilMem:75 - After build in PCC Used Memory: 430681584 Bytes (664797184)
2025-11-10 11:08:53,715 [INFO] ApiDbMcu:532 - Load IP Config File for FREERTOS
2025-11-10 11:08:53,735 [INFO] IPUIPlugin:80 - create IPUIPlugin
2025-11-10 11:08:53,735 [INFO] IPUIPlugin:80 - create IPUIPlugin
2025-11-10 11:08:53,735 [INFO] IPUIPlugin:80 - create IPUIPlugin
2025-11-10 11:08:53,735 [INFO] IPUIPlugin:80 - create IPUIPlugin
2025-11-10 11:08:53,735 [INFO] IPUIPlugin:80 - create IPUIPlugin
2025-11-10 11:08:53,735 [INFO] IPUIPlugin:80 - create IPUIPlugin
2025-11-10 11:08:53,735 [INFO] IPUIPlugin:80 - create IPUIPlugin
2025-11-10 11:08:53,735 [INFO] IPUIPlugin:80 - create IPUIPlugin
2025-11-10 11:08:53,736 [INFO] IPUIPlugin:80 - create IPUIPlugin
2025-11-10 11:08:53,736 [INFO] IPUIPlugin:80 - create IPUIPlugin
2025-11-10 11:08:53,736 [INFO] IPUIPlugin:80 - create IPUIPlugin
2025-11-10 11:08:53,736 [INFO] IPUIPlugin:80 - create IPUIPlugin
2025-11-10 11:08:53,736 [INFO] IPUIPlugin:80 - create IPUIPlugin
2025-11-10 11:08:53,736 [INFO] IPUIPlugin:80 - create IPUIPlugin
2025-11-10 11:08:53,736 [INFO] IPUIPlugin:80 - create IPUIPlugin
2025-11-10 11:08:53,736 [INFO] IPUIPlugin:80 - create IPUIPlugin
2025-11-10 11:08:53,736 [INFO] IPUIPlugin:80 - create IPUIPlugin
2025-11-10 11:08:53,736 [INFO] IPUIPlugin:80 - create IPUIPlugin
2025-11-10 11:08:53,736 [INFO] IPUIPlugin:80 - create IPUIPlugin
2025-11-10 11:08:53,737 [INFO] IPUIPlugin:80 - create IPUIPlugin
2025-11-10 11:08:53,737 [INFO] IPUIPlugin:80 - create IPUIPlugin
2025-11-10 11:08:53,737 [INFO] IPUIPlugin:80 - create IPUIPlugin
2025-11-10 11:08:53,737 [INFO] IPUIPlugin:80 - create IPUIPlugin
2025-11-10 11:08:53,738 [INFO] IPUIPlugin:80 - create IPUIPlugin
2025-11-10 11:08:53,738 [INFO] IPUIPlugin:80 - create IPUIPlugin
2025-11-10 11:08:53,738 [INFO] IPUIPlugin:80 - create IPUIPlugin
2025-11-10 11:08:53,738 [INFO] IPUIPlugin:80 - create IPUIPlugin
2025-11-10 11:08:53,738 [INFO] IPUIPlugin:80 - create IPUIPlugin
2025-11-10 11:08:53,738 [INFO] IPUIPlugin:80 - create IPUIPlugin
2025-11-10 11:08:53,738 [INFO] IPUIPlugin:80 - create IPUIPlugin
2025-11-10 11:08:53,739 [INFO] IPUIPlugin:80 - create IPUIPlugin
2025-11-10 11:08:53,739 [INFO] IPUIPlugin:80 - create IPUIPlugin
2025-11-10 11:08:53,739 [INFO] IPUIPlugin:80 - create IPUIPlugin
2025-11-10 11:08:53,739 [INFO] IPUIPlugin:80 - create IPUIPlugin
2025-11-10 11:08:53,739 [INFO] IPUIPlugin:80 - create IPUIPlugin
2025-11-10 11:08:53,739 [INFO] IPUIPlugin:80 - create IPUIPlugin
2025-11-10 11:08:53,740 [INFO] IPUIPlugin:80 - create IPUIPlugin
2025-11-10 11:08:53,740 [INFO] IPUIPlugin:80 - create IPUIPlugin
2025-11-10 11:08:53,740 [INFO] IPUIPlugin:80 - create IPUIPlugin
2025-11-10 11:08:53,747 [WARN] IP:2250 - I2C_Coeff_DF not found: check if there is a RefParameter without a condition.
2025-11-10 11:08:53,747 [WARN] IP:2250 - Analog_Filter not found: check if there is a RefParameter without a condition.
2025-11-10 11:08:53,750 [WARN] IP:2250 - I2C_Coeff_DF not found: check if there is a RefParameter without a condition.
2025-11-10 11:08:53,750 [WARN] IP:2250 - Analog_Filter not found: check if there is a RefParameter without a condition.
2025-11-10 11:08:53,768 [WARN] FreeRTOS:1023 - Null or empty value: should not occur! (nothing added to the table)
2025-11-10 11:08:53,925 [INFO] CADModel:165 - CPN selected for project levelSTM32F103RCT6TR
2025-11-10 11:08:53,925 [INFO] CADModel:114 - Register for checkConnection events
2025-11-10 11:08:53,927 [INFO] RtosManager:728 - Active RTOS found at IOC load: FREERTOS [Cortex-M3NS]
2025-11-10 11:08:53,965 [INFO] OpenFileManager:386 - Restore cursor
2025-11-10 11:08:54,136 [WARN] IP:2250 - I2C_Coeff_DF not found: check if there is a RefParameter without a condition.
2025-11-10 11:08:54,137 [WARN] IP:2250 - Analog_Filter not found: check if there is a RefParameter without a condition.
2025-11-10 11:08:54,137 [WARN] IP:2250 - I2C_Coeff_DF not found: check if there is a RefParameter without a condition.
2025-11-10 11:08:54,137 [WARN] IP:2250 - Analog_Filter not found: check if there is a RefParameter without a condition.
2025-11-10 11:08:54,141 [WARN] IP:2250 - I2C_Coeff_DF not found: check if there is a RefParameter without a condition.
2025-11-10 11:08:54,143 [WARN] IP:2250 - Analog_Filter not found: check if there is a RefParameter without a condition.
2025-11-10 11:08:54,144 [WARN] IP:2250 - I2C_Coeff_DF not found: check if there is a RefParameter without a condition.
2025-11-10 11:08:54,144 [WARN] IP:2250 - Analog_Filter not found: check if there is a RefParameter without a condition.
2025-11-10 12:17:27,962 [WARN] IP:2250 - I2C_Coeff_DF not found: check if there is a RefParameter without a condition.
2025-11-10 12:17:27,962 [WARN] IP:2250 - Analog_Filter not found: check if there is a RefParameter without a condition.
2025-11-10 12:17:56,255 [INFO] NvicIntPanel:101 - NVIC parent = com.st.microxplorer.plugins.ip.nvic.MultiNvicIntPanel[,0,0,507x444,layout=javax.swing.BoxLayout,alignmentX=0.0,alignmentY=0.0,border=,flags=9,maximumSize=,minimumSize=,preferredSize=]
2025-11-10 12:17:58,778 [INFO] NvicIntPanel:101 - NVIC parent = com.st.microxplorer.plugins.ip.nvic.MultiNvicIntPanel[,0,0,0x0,invalid,layout=javax.swing.BoxLayout,alignmentX=0.0,alignmentY=0.0,border=,flags=9,maximumSize=,minimumSize=,preferredSize=]
2025-11-10 12:18:18,029 [INFO] UtilMem:75 - End SaveConfig() Used Memory: 305501816 Bytes (772800512)
2025-11-10 12:18:21,054 [INFO] UtilMem:75 - End SaveConfig() Used Memory: 338534008 Bytes (772800512)
2025-11-10 12:18:21,523 [INFO] UtilMem:75 - End SaveConfig() Used Memory: 375386576 Bytes (772800512)
2025-11-10 12:18:22,048 [INFO] BlockDiagram:2775 - set Specific Code input for plugin: NVIC
2025-11-10 12:18:22,049 [INFO] BlockDiagram:2775 - set Specific Code input for plugin: FREERTOS
2025-11-10 12:18:22,049 [INFO] BlockDiagram:2775 - set Specific Code input for plugin: USART
2025-11-10 12:18:22,049 [INFO] BlockDiagram:2775 - set Specific Code input for plugin: IWDG
2025-11-10 12:18:22,049 [INFO] BlockDiagram:2775 - set Specific Code input for plugin: DMA
2025-11-10 12:18:22,049 [INFO] BlockDiagram:2775 - set Specific Code input for plugin: SYS
2025-11-10 12:18:22,049 [INFO] BlockDiagram:2775 - set Specific Code input for plugin: GPIO
2025-11-10 12:18:22,049 [INFO] BlockDiagram:2775 - set Specific Code input for plugin: ADC
2025-11-10 12:18:22,050 [INFO] BlockDiagram:2775 - set Specific Code input for plugin: RCC
2025-11-10 12:18:22,050 [INFO] BlockDiagram:2775 - set Specific Code input for plugin: I2C
2025-11-10 12:18:22,050 [INFO] BlockDiagram:2775 - set Specific Code input for plugin: I2C
2025-11-10 12:18:22,051 [INFO] CodeGenerator:892 - code generatio: config db path: C:\ST\STM32CubeIDE_1.19.0\STM32CubeIDE\plugins\com.st.stm32cube.common.mx_6.15.0.202507011659\\db\
2025-11-10 12:18:22,065 [WARN] IP:2250 - I2C_Coeff_DF not found: check if there is a RefParameter without a condition.
2025-11-10 12:18:22,065 [WARN] IP:2250 - Analog_Filter not found: check if there is a RefParameter without a condition.
2025-11-10 12:18:22,066 [WARN] IP:2250 - I2C_Coeff_DF not found: check if there is a RefParameter without a condition.
2025-11-10 12:18:22,066 [WARN] IP:2250 - Analog_Filter not found: check if there is a RefParameter without a condition.
2025-11-10 12:18:22,232 [INFO] CodeEngine:265 - oldGeneratedFile, C:\Users\USER\STM32CubeIDE\workspace_1.19.0\Hip-Pro_Hardware_V1.2\HardwareV1.2\MXTmpFiles\license.tmp_save
2025-11-10 12:18:22,554 [INFO] CodeEngine:289 - Generated code: C:\Users\USER\STM32CubeIDE\workspace_1.19.0\Hip-Pro_Hardware_V1.2\HardwareV1.2\MXTmpFiles\license.tmp
2025-11-10 12:18:22,651 [INFO] CodeEngine:265 - oldGeneratedFile, C:\Users\USER\STM32CubeIDE\workspace_1.19.0\Hip-Pro_Hardware_V1.2\HardwareV1.2\MXTmpFiles\gpio.tmp_save
2025-11-10 12:18:22,798 [INFO] CodeEngine:289 - Generated code: C:\Users\USER\STM32CubeIDE\workspace_1.19.0\Hip-Pro_Hardware_V1.2\HardwareV1.2\MXTmpFiles\gpio.tmp
2025-11-10 12:18:23,213 [INFO] Middleware:1452 - No code input for Bsp Dependency
2025-11-10 12:18:23,220 [INFO] CodeEngine:265 - oldGeneratedFile, C:\Users\USER\STM32CubeIDE\workspace_1.19.0\Hip-Pro_Hardware_V1.2\HardwareV1.2\MXTmpFiles\rtos_inc.tmp_save
2025-11-10 12:18:23,296 [INFO] CodeEngine:289 - Generated code: C:\Users\USER\STM32CubeIDE\workspace_1.19.0\Hip-Pro_Hardware_V1.2\HardwareV1.2\MXTmpFiles\rtos_inc.tmp
2025-11-10 12:18:23,301 [INFO] CodeEngine:265 - oldGeneratedFile, C:\Users\USER\STM32CubeIDE\workspace_1.19.0\Hip-Pro_Hardware_V1.2\HardwareV1.2\MXTmpFiles\rtos_vars.tmp_save
2025-11-10 12:18:23,365 [INFO] CodeEngine:289 - Generated code: C:\Users\USER\STM32CubeIDE\workspace_1.19.0\Hip-Pro_Hardware_V1.2\HardwareV1.2\MXTmpFiles\rtos_vars.tmp
2025-11-10 12:18:23,370 [INFO] CodeEngine:265 - oldGeneratedFile, C:\Users\USER\STM32CubeIDE\workspace_1.19.0\Hip-Pro_Hardware_V1.2\HardwareV1.2\MXTmpFiles\rtos_pfp.tmp_save
2025-11-10 12:18:23,424 [INFO] CodeEngine:289 - Generated code: C:\Users\USER\STM32CubeIDE\workspace_1.19.0\Hip-Pro_Hardware_V1.2\HardwareV1.2\MXTmpFiles\rtos_pfp.tmp
2025-11-10 12:18:23,428 [INFO] CodeEngine:265 - oldGeneratedFile, C:\Users\USER\STM32CubeIDE\workspace_1.19.0\Hip-Pro_Hardware_V1.2\HardwareV1.2\MXTmpFiles\rtos_obj_creat.tmp_save
2025-11-10 12:18:23,483 [INFO] CodeEngine:289 - Generated code: C:\Users\USER\STM32CubeIDE\workspace_1.19.0\Hip-Pro_Hardware_V1.2\HardwareV1.2\MXTmpFiles\rtos_obj_creat.tmp
2025-11-10 12:18:23,488 [INFO] CodeEngine:265 - oldGeneratedFile, C:\Users\USER\STM32CubeIDE\workspace_1.19.0\Hip-Pro_Hardware_V1.2\HardwareV1.2\MXTmpFiles\rtos_kernelStart.tmp_save
2025-11-10 12:18:23,543 [INFO] CodeEngine:289 - Generated code: C:\Users\USER\STM32CubeIDE\workspace_1.19.0\Hip-Pro_Hardware_V1.2\HardwareV1.2\MXTmpFiles\rtos_kernelStart.tmp
2025-11-10 12:18:23,547 [INFO] CodeEngine:265 - oldGeneratedFile, C:\Users\USER\STM32CubeIDE\workspace_1.19.0\Hip-Pro_Hardware_V1.2\HardwareV1.2\MXTmpFiles\rtos_default_thread.tmp_save
2025-11-10 12:18:23,608 [INFO] CodeEngine:289 - Generated code: C:\Users\USER\STM32CubeIDE\workspace_1.19.0\Hip-Pro_Hardware_V1.2\HardwareV1.2\MXTmpFiles\rtos_default_thread.tmp
2025-11-10 12:18:23,612 [INFO] CodeEngine:265 - oldGeneratedFile, C:\Users\USER\STM32CubeIDE\workspace_1.19.0\Hip-Pro_Hardware_V1.2\HardwareV1.2\MXTmpFiles\rtos_threads.tmp_save
2025-11-10 12:18:23,664 [INFO] CodeEngine:289 - Generated code: C:\Users\USER\STM32CubeIDE\workspace_1.19.0\Hip-Pro_Hardware_V1.2\HardwareV1.2\MXTmpFiles\rtos_threads.tmp
2025-11-10 12:18:23,683 [INFO] Middleware:1452 - No code input for Bsp Dependency
2025-11-10 12:18:23,694 [INFO] CodeEngine:265 - oldGeneratedFile, C:\Users\USER\STM32CubeIDE\workspace_1.19.0\Hip-Pro_Hardware_V1.2\HardwareV1.2\MXTmpFiles\rtos_inc.tmp_save
2025-11-10 12:18:23,751 [INFO] CodeEngine:289 - Generated code: C:\Users\USER\STM32CubeIDE\workspace_1.19.0\Hip-Pro_Hardware_V1.2\HardwareV1.2\MXTmpFiles\rtos_inc.tmp
2025-11-10 12:18:23,758 [INFO] CodeEngine:265 - oldGeneratedFile, C:\Users\USER\STM32CubeIDE\workspace_1.19.0\Hip-Pro_Hardware_V1.2\HardwareV1.2\MXTmpFiles\rtos_vars.tmp_save
2025-11-10 12:18:23,812 [INFO] CodeEngine:289 - Generated code: C:\Users\USER\STM32CubeIDE\workspace_1.19.0\Hip-Pro_Hardware_V1.2\HardwareV1.2\MXTmpFiles\rtos_vars.tmp
2025-11-10 12:18:23,817 [INFO] CodeEngine:265 - oldGeneratedFile, C:\Users\USER\STM32CubeIDE\workspace_1.19.0\Hip-Pro_Hardware_V1.2\HardwareV1.2\MXTmpFiles\rtos_pfp.tmp_save
2025-11-10 12:18:23,871 [INFO] CodeEngine:289 - Generated code: C:\Users\USER\STM32CubeIDE\workspace_1.19.0\Hip-Pro_Hardware_V1.2\HardwareV1.2\MXTmpFiles\rtos_pfp.tmp
2025-11-10 12:18:23,877 [INFO] CodeEngine:265 - oldGeneratedFile, C:\Users\USER\STM32CubeIDE\workspace_1.19.0\Hip-Pro_Hardware_V1.2\HardwareV1.2\MXTmpFiles\rtos_obj_creat.tmp_save
2025-11-10 12:18:23,932 [INFO] CodeEngine:289 - Generated code: C:\Users\USER\STM32CubeIDE\workspace_1.19.0\Hip-Pro_Hardware_V1.2\HardwareV1.2\MXTmpFiles\rtos_obj_creat.tmp
2025-11-10 12:18:23,937 [INFO] CodeEngine:265 - oldGeneratedFile, C:\Users\USER\STM32CubeIDE\workspace_1.19.0\Hip-Pro_Hardware_V1.2\HardwareV1.2\MXTmpFiles\rtos_kernelStart.tmp_save
2025-11-10 12:18:23,988 [INFO] CodeEngine:289 - Generated code: C:\Users\USER\STM32CubeIDE\workspace_1.19.0\Hip-Pro_Hardware_V1.2\HardwareV1.2\MXTmpFiles\rtos_kernelStart.tmp
2025-11-10 12:18:23,994 [INFO] CodeEngine:265 - oldGeneratedFile, C:\Users\USER\STM32CubeIDE\workspace_1.19.0\Hip-Pro_Hardware_V1.2\HardwareV1.2\MXTmpFiles\rtos_default_thread.tmp_save
2025-11-10 12:18:24,045 [INFO] CodeEngine:289 - Generated code: C:\Users\USER\STM32CubeIDE\workspace_1.19.0\Hip-Pro_Hardware_V1.2\HardwareV1.2\MXTmpFiles\rtos_default_thread.tmp
2025-11-10 12:18:24,051 [INFO] CodeEngine:265 - oldGeneratedFile, C:\Users\USER\STM32CubeIDE\workspace_1.19.0\Hip-Pro_Hardware_V1.2\HardwareV1.2\MXTmpFiles\rtos_threads.tmp_save
2025-11-10 12:18:24,103 [INFO] CodeEngine:289 - Generated code: C:\Users\USER\STM32CubeIDE\workspace_1.19.0\Hip-Pro_Hardware_V1.2\HardwareV1.2\MXTmpFiles\rtos_threads.tmp
2025-11-10 12:18:24,108 [INFO] CodeEngine:265 - oldGeneratedFile, C:\Users\USER\STM32CubeIDE\workspace_1.19.0\Hip-Pro_Hardware_V1.2\HardwareV1.2\Core\Inc\FreeRTOSConfig.h_save
2025-11-10 12:18:24,173 [INFO] CodeEngine:289 - Generated code: C:\Users\USER\STM32CubeIDE\workspace_1.19.0\Hip-Pro_Hardware_V1.2\HardwareV1.2\Core\Inc\FreeRTOSConfig.h
2025-11-10 12:18:24,181 [INFO] CodeEngine:265 - oldGeneratedFile, C:\Users\USER\STM32CubeIDE\workspace_1.19.0\Hip-Pro_Hardware_V1.2\HardwareV1.2\Core\Src\freertos.c_save
2025-11-10 12:18:24,277 [INFO] CodeEngine:289 - Generated code: C:\Users\USER\STM32CubeIDE\workspace_1.19.0\Hip-Pro_Hardware_V1.2\HardwareV1.2\Core\Src\freertos.c
2025-11-10 12:18:24,296 [INFO] CodeEngine:265 - oldGeneratedFile, C:\Users\USER\STM32CubeIDE\workspace_1.19.0\Hip-Pro_Hardware_V1.2\HardwareV1.2\MXTmpFiles\dma.tmp_save
2025-11-10 12:18:24,359 [INFO] CodeEngine:289 - Generated code: C:\Users\USER\STM32CubeIDE\workspace_1.19.0\Hip-Pro_Hardware_V1.2\HardwareV1.2\MXTmpFiles\dma.tmp
2025-11-10 12:18:24,363 [INFO] CodeEngine:265 - oldGeneratedFile, C:\Users\USER\STM32CubeIDE\workspace_1.19.0\Hip-Pro_Hardware_V1.2\HardwareV1.2\MXTmpFiles\dma_GV.tmp_save
2025-11-10 12:18:24,413 [INFO] CodeEngine:289 - Generated code: C:\Users\USER\STM32CubeIDE\workspace_1.19.0\Hip-Pro_Hardware_V1.2\HardwareV1.2\MXTmpFiles\dma_GV.tmp
2025-11-10 12:18:24,430 [INFO] CodeEngine:265 - oldGeneratedFile, C:\Users\USER\STM32CubeIDE\workspace_1.19.0\Hip-Pro_Hardware_V1.2\HardwareV1.2\Core\Src\stm32f1xx_it.c_save
2025-11-10 12:18:24,533 [INFO] CodeEngine:289 - Generated code: C:\Users\USER\STM32CubeIDE\workspace_1.19.0\Hip-Pro_Hardware_V1.2\HardwareV1.2\Core\Src\stm32f1xx_it.c
2025-11-10 12:18:24,540 [INFO] CodeEngine:265 - oldGeneratedFile, C:\Users\USER\STM32CubeIDE\workspace_1.19.0\Hip-Pro_Hardware_V1.2\HardwareV1.2\Core\Inc\stm32f1xx_it.h_save
2025-11-10 12:18:24,597 [INFO] CodeEngine:289 - Generated code: C:\Users\USER\STM32CubeIDE\workspace_1.19.0\Hip-Pro_Hardware_V1.2\HardwareV1.2\Core\Inc\stm32f1xx_it.h
2025-11-10 12:18:24,612 [INFO] CodeEngine:265 - oldGeneratedFile, C:\Users\USER\STM32CubeIDE\workspace_1.19.0\Hip-Pro_Hardware_V1.2\HardwareV1.2\Core\Src\stm32f1xx_hal_msp.c_save
2025-11-10 12:18:24,722 [INFO] CodeEngine:289 - Generated code: C:\Users\USER\STM32CubeIDE\workspace_1.19.0\Hip-Pro_Hardware_V1.2\HardwareV1.2\Core\Src\stm32f1xx_hal_msp.c
2025-11-10 12:18:24,728 [INFO] CodeEngine:265 - oldGeneratedFile, C:\Users\USER\STM32CubeIDE\workspace_1.19.0\Hip-Pro_Hardware_V1.2\HardwareV1.2\MXTmpFiles\system.tmp_save
2025-11-10 12:18:24,780 [INFO] CodeEngine:289 - Generated code: C:\Users\USER\STM32CubeIDE\workspace_1.19.0\Hip-Pro_Hardware_V1.2\HardwareV1.2\MXTmpFiles\system.tmp
2025-11-10 12:18:24,786 [INFO] CodeEngine:265 - oldGeneratedFile, C:\Users\USER\STM32CubeIDE\workspace_1.19.0\Hip-Pro_Hardware_V1.2\HardwareV1.2\Core\Src\stm32f1xx_hal_timebase_tim.c_save
2025-11-10 12:18:24,846 [INFO] CodeEngine:289 - Generated code: C:\Users\USER\STM32CubeIDE\workspace_1.19.0\Hip-Pro_Hardware_V1.2\HardwareV1.2\Core\Src\stm32f1xx_hal_timebase_tim.c
2025-11-10 12:18:24,857 [INFO] CodeEngine:321 - oldGeneratedFile, C:\Users\USER\STM32CubeIDE\workspace_1.19.0\Hip-Pro_Hardware_V1.2\HardwareV1.2\Core\Inc\stm32f1xx_hal_conf.h_save
2025-11-10 12:18:24,916 [INFO] CodeEngine:345 - Generated code: C:\Users\USER\STM32CubeIDE\workspace_1.19.0\Hip-Pro_Hardware_V1.2\HardwareV1.2\Core\Inc\stm32f1xx_hal_conf.h
2025-11-10 12:18:24,943 [INFO] ApiDbMcu:532 - Load IP Config File for ADC1
2025-11-10 12:18:24,946 [INFO] ApiDbMcu:532 - Load IP Config File for I2C1
2025-11-10 12:18:24,949 [INFO] ApiDbMcu:532 - Load IP Config File for I2C2
2025-11-10 12:18:24,950 [INFO] ApiDbMcu:532 - Load IP Config File for IWDG
2025-11-10 12:18:24,952 [INFO] ApiDbMcu:532 - Load IP Config File for USART1
2025-11-10 12:18:24,953 [INFO] ApiDbMcu:532 - Load IP Config File for RCC
2025-11-10 12:18:24,965 [INFO] CodeEngine:265 - oldGeneratedFile, C:\Users\USER\STM32CubeIDE\workspace_1.19.0\Hip-Pro_Hardware_V1.2\HardwareV1.2\Core\Inc\main.h_save
2025-11-10 12:18:25,038 [INFO] CodeEngine:289 - Generated code: C:\Users\USER\STM32CubeIDE\workspace_1.19.0\Hip-Pro_Hardware_V1.2\HardwareV1.2\Core\Inc\main.h
2025-11-10 12:18:25,045 [INFO] CodeEngine:265 - oldGeneratedFile, C:\Users\USER\STM32CubeIDE\workspace_1.19.0\Hip-Pro_Hardware_V1.2\HardwareV1.2\Core\Src\main.c_save
2025-11-10 12:18:25,195 [INFO] CodeEngine:289 - Generated code: C:\Users\USER\STM32CubeIDE\workspace_1.19.0\Hip-Pro_Hardware_V1.2\HardwareV1.2\Core\Src\main.c
2025-11-10 12:18:25,548 [INFO] ProjectBuilder:3606 - Time for Copy HAL[1] : 168mS.
2025-11-10 12:18:25,555 [INFO] ProjectBuilder:5216 - Project Generator version: 4.7.0-B52
2025-11-10 12:18:25,630 [INFO] ConfigFileManager:1595 - The Die is : DIE414
2025-11-10 12:18:25,633 [INFO] ApiDbMcu:532 - Load IP Config File for FATFS
2025-11-10 12:18:25,638 [INFO] ApiDbMcu:532 - Load IP Config File for USB_DEVICE
2025-11-10 12:18:25,997 [INFO] LogOutputStream:77 - [STDOUT_REDIRECT] 
2025-11-10 12:18:27,237 [INFO] ProjectBuilder:5496 - Time for Generating toolchain IDE Files: 1681mS.
2025-11-10 12:18:27,239 [INFO] ProjectBuilder:3463 - Time for Copy CMSIS : 1mS.
2025-11-10 12:18:27,249 [INFO] ProjectBuilder:3463 - Time for Copy CMSIS : 0mS.
2025-11-10 12:45:34,434 [WARN] IP:2250 - I2C_Coeff_DF not found: check if there is a RefParameter without a condition.
2025-11-10 12:45:34,435 [WARN] IP:2250 - Analog_Filter not found: check if there is a RefParameter without a condition.
2025-11-10 12:45:34,436 [WARN] IP:2250 - I2C_Coeff_DF not found: check if there is a RefParameter without a condition.
2025-11-10 12:45:34,436 [WARN] IP:2250 - Analog_Filter not found: check if there is a RefParameter without a condition.
2025-11-10 12:45:34,438 [WARN] IP:2250 - I2C_Coeff_DF not found: check if there is a RefParameter without a condition.
2025-11-10 12:45:34,439 [WARN] IP:2250 - Analog_Filter not found: check if there is a RefParameter without a condition.
2025-11-10 12:45:34,440 [WARN] IP:2250 - I2C_Coeff_DF not found: check if there is a RefParameter without a condition.
2025-11-10 12:45:34,440 [WARN] IP:2250 - Analog_Filter not found: check if there is a RefParameter without a condition.
2025-11-10 12:45:34,485 [WARN] IP:2250 - I2C_Coeff_DF not found: check if there is a RefParameter without a condition.
2025-11-10 12:45:34,485 [WARN] IP:2250 - Analog_Filter not found: check if there is a RefParameter without a condition.
2025-11-10 12:45:34,487 [WARN] IP:2250 - I2C_Coeff_DF not found: check if there is a RefParameter without a condition.
2025-11-10 12:45:34,487 [WARN] IP:2250 - Analog_Filter not found: check if there is a RefParameter without a condition.
2025-11-10 12:45:34,534 [WARN] IP:2250 - I2C_Coeff_DF not found: check if there is a RefParameter without a condition.
2025-11-10 12:45:34,534 [WARN] IP:2250 - Analog_Filter not found: check if there is a RefParameter without a condition.
2025-11-10 12:45:34,535 [WARN] IP:2250 - I2C_Coeff_DF not found: check if there is a RefParameter without a condition.
2025-11-10 12:45:34,536 [WARN] IP:2250 - Analog_Filter not found: check if there is a RefParameter without a condition.
2025-11-10 12:46:22,990 [INFO] UtilMem:75 - End SaveConfig() Used Memory: 512170568 Bytes (772800512)
2025-11-10 12:46:24,331 [INFO] UtilMem:75 - End SaveConfig() Used Memory: 538484784 Bytes (772800512)
2025-11-10 12:46:25,098 [INFO] UtilMem:75 - End SaveConfig() Used Memory: 582425160 Bytes (772800512)
2025-11-10 12:46:25,695 [INFO] BlockDiagram:2775 - set Specific Code input for plugin: SPI
2025-11-10 12:46:25,695 [INFO] BlockDiagram:2775 - set Specific Code input for plugin: NVIC
2025-11-10 12:46:25,695 [INFO] BlockDiagram:2775 - set Specific Code input for plugin: FREERTOS
2025-11-10 12:46:25,695 [INFO] BlockDiagram:2775 - set Specific Code input for plugin: USART
2025-11-10 12:46:25,695 [INFO] BlockDiagram:2775 - set Specific Code input for plugin: IWDG
2025-11-10 12:46:25,696 [INFO] BlockDiagram:2775 - set Specific Code input for plugin: DMA
2025-11-10 12:46:25,696 [INFO] BlockDiagram:2775 - set Specific Code input for plugin: SYS
2025-11-10 12:46:25,696 [INFO] BlockDiagram:2775 - set Specific Code input for plugin: GPIO
2025-11-10 12:46:25,696 [INFO] BlockDiagram:2775 - set Specific Code input for plugin: ADC
2025-11-10 12:46:25,696 [INFO] BlockDiagram:2775 - set Specific Code input for plugin: RCC
2025-11-10 12:46:25,696 [INFO] BlockDiagram:2775 - set Specific Code input for plugin: I2C
2025-11-10 12:46:25,696 [INFO] BlockDiagram:2775 - set Specific Code input for plugin: I2C
2025-11-10 12:46:25,698 [INFO] CodeGenerator:892 - code generatio: config db path: C:\ST\STM32CubeIDE_1.19.0\STM32CubeIDE\plugins\com.st.stm32cube.common.mx_6.15.0.202507011659\\db\
2025-11-10 12:46:25,704 [INFO] Argument:325 - Argument : hdmavalue: null
2025-11-10 12:46:25,704 [INFO] Argument:327 - 	 sub Args: 
2025-11-10 12:46:25,704 [INFO] Argument:325 - Argument : Instancevalue: DMA1_Channel1
2025-11-10 12:46:25,705 [INFO] Argument:335 - Argument : Instancevalue: DMA1_Channel1
2025-11-10 12:46:25,705 [INFO] Argument:325 - Argument : Initvalue: null
2025-11-10 12:46:25,705 [INFO] Argument:327 - 	 sub Args: 
2025-11-10 12:46:25,705 [INFO] Argument:325 - Argument : Directionvalue: DMA_PERIPH_TO_MEMORY
2025-11-10 12:46:25,705 [INFO] Argument:335 - Argument : Directionvalue: DMA_PERIPH_TO_MEMORY
2025-11-10 12:46:25,705 [INFO] Argument:325 - Argument : PeriphIncvalue: DMA_PINC_DISABLE
2025-11-10 12:46:25,705 [INFO] Argument:335 - Argument : PeriphIncvalue: DMA_PINC_DISABLE
2025-11-10 12:46:25,705 [INFO] Argument:325 - Argument : MemIncvalue: DMA_MINC_ENABLE
2025-11-10 12:46:25,705 [INFO] Argument:335 - Argument : MemIncvalue: DMA_MINC_ENABLE
2025-11-10 12:46:25,705 [INFO] Argument:325 - Argument : PeriphDataAlignmentvalue: DMA_PDATAALIGN_HALFWORD
2025-11-10 12:46:25,705 [INFO] Argument:335 - Argument : PeriphDataAlignmentvalue: DMA_PDATAALIGN_HALFWORD
2025-11-10 12:46:25,705 [INFO] Argument:325 - Argument : MemDataAlignmentvalue: DMA_MDATAALIGN_HALFWORD
2025-11-10 12:46:25,705 [INFO] Argument:335 - Argument : MemDataAlignmentvalue: DMA_MDATAALIGN_HALFWORD
2025-11-10 12:46:25,705 [INFO] Argument:325 - Argument : Modevalue: DMA_CIRCULAR
2025-11-10 12:46:25,706 [INFO] Argument:335 - Argument : Modevalue: DMA_CIRCULAR
2025-11-10 12:46:25,706 [INFO] Argument:325 - Argument : Priorityvalue: DMA_PRIORITY_LOW
2025-11-10 12:46:25,706 [INFO] Argument:335 - Argument : Priorityvalue: DMA_PRIORITY_LOW
2025-11-10 12:46:25,706 [INFO] Argument:325 - Argument : Lockvalue: null
2025-11-10 12:46:25,706 [INFO] Argument:335 - Argument : Lockvalue: null
2025-11-10 12:46:25,706 [INFO] Argument:325 - Argument : Statevalue: null
2025-11-10 12:46:25,706 [INFO] Argument:335 - Argument : Statevalue: null
2025-11-10 12:46:25,706 [INFO] Argument:325 - Argument : Parentvalue: null
2025-11-10 12:46:25,706 [INFO] Argument:335 - Argument : Parentvalue: null
2025-11-10 12:46:25,706 [INFO] Argument:325 - Argument : XferCpltCallbackvalue: null
2025-11-10 12:46:25,706 [INFO] Argument:335 - Argument : XferCpltCallbackvalue: null
2025-11-10 12:46:25,707 [INFO] Argument:325 - Argument : XferHalfCpltCallbackvalue: null
2025-11-10 12:46:25,707 [INFO] Argument:335 - Argument : XferHalfCpltCallbackvalue: null
2025-11-10 12:46:25,707 [INFO] Argument:325 - Argument : XferErrorCallbackvalue: null
2025-11-10 12:46:25,707 [INFO] Argument:335 - Argument : XferErrorCallbackvalue: null
2025-11-10 12:46:25,707 [INFO] Argument:325 - Argument : ErrorCodevalue: null
2025-11-10 12:46:25,707 [INFO] Argument:335 - Argument : ErrorCodevalue: null
2025-11-10 12:46:25,715 [WARN] IP:2250 - I2C_Coeff_DF not found: check if there is a RefParameter without a condition.
2025-11-10 12:46:25,715 [WARN] IP:2250 - Analog_Filter not found: check if there is a RefParameter without a condition.
2025-11-10 12:46:25,716 [WARN] IP:2250 - I2C_Coeff_DF not found: check if there is a RefParameter without a condition.
2025-11-10 12:46:25,717 [WARN] IP:2250 - Analog_Filter not found: check if there is a RefParameter without a condition.
2025-11-10 12:46:25,836 [INFO] CodeEngine:265 - oldGeneratedFile, C:\Users\USER\STM32CubeIDE\workspace_1.19.0\Hip-Pro_Hardware_V1.2\HardwareV1.2\MXTmpFiles\license.tmp_save
2025-11-10 12:46:26,019 [INFO] CodeEngine:289 - Generated code: C:\Users\USER\STM32CubeIDE\workspace_1.19.0\Hip-Pro_Hardware_V1.2\HardwareV1.2\MXTmpFiles\license.tmp
2025-11-10 12:46:26,082 [INFO] CodeEngine:265 - oldGeneratedFile, C:\Users\USER\STM32CubeIDE\workspace_1.19.0\Hip-Pro_Hardware_V1.2\HardwareV1.2\MXTmpFiles\gpio.tmp_save
2025-11-10 12:46:26,184 [INFO] CodeEngine:289 - Generated code: C:\Users\USER\STM32CubeIDE\workspace_1.19.0\Hip-Pro_Hardware_V1.2\HardwareV1.2\MXTmpFiles\gpio.tmp
2025-11-10 12:46:26,517 [INFO] Middleware:1452 - No code input for Bsp Dependency
2025-11-10 12:46:26,525 [INFO] CodeEngine:265 - oldGeneratedFile, C:\Users\USER\STM32CubeIDE\workspace_1.19.0\Hip-Pro_Hardware_V1.2\HardwareV1.2\MXTmpFiles\rtos_inc.tmp_save
2025-11-10 12:46:26,589 [INFO] CodeEngine:289 - Generated code: C:\Users\USER\STM32CubeIDE\workspace_1.19.0\Hip-Pro_Hardware_V1.2\HardwareV1.2\MXTmpFiles\rtos_inc.tmp
2025-11-10 12:46:26,595 [INFO] CodeEngine:265 - oldGeneratedFile, C:\Users\USER\STM32CubeIDE\workspace_1.19.0\Hip-Pro_Hardware_V1.2\HardwareV1.2\MXTmpFiles\rtos_vars.tmp_save
2025-11-10 12:46:26,661 [INFO] CodeEngine:289 - Generated code: C:\Users\USER\STM32CubeIDE\workspace_1.19.0\Hip-Pro_Hardware_V1.2\HardwareV1.2\MXTmpFiles\rtos_vars.tmp
2025-11-10 12:46:26,667 [INFO] CodeEngine:265 - oldGeneratedFile, C:\Users\USER\STM32CubeIDE\workspace_1.19.0\Hip-Pro_Hardware_V1.2\HardwareV1.2\MXTmpFiles\rtos_pfp.tmp_save
2025-11-10 12:46:26,726 [INFO] CodeEngine:289 - Generated code: C:\Users\USER\STM32CubeIDE\workspace_1.19.0\Hip-Pro_Hardware_V1.2\HardwareV1.2\MXTmpFiles\rtos_pfp.tmp
2025-11-10 12:46:26,732 [INFO] CodeEngine:265 - oldGeneratedFile, C:\Users\USER\STM32CubeIDE\workspace_1.19.0\Hip-Pro_Hardware_V1.2\HardwareV1.2\MXTmpFiles\rtos_obj_creat.tmp_save
2025-11-10 12:46:26,793 [INFO] CodeEngine:289 - Generated code: C:\Users\USER\STM32CubeIDE\workspace_1.19.0\Hip-Pro_Hardware_V1.2\HardwareV1.2\MXTmpFiles\rtos_obj_creat.tmp
2025-11-10 12:46:26,798 [INFO] CodeEngine:265 - oldGeneratedFile, C:\Users\USER\STM32CubeIDE\workspace_1.19.0\Hip-Pro_Hardware_V1.2\HardwareV1.2\MXTmpFiles\rtos_kernelStart.tmp_save
2025-11-10 12:46:26,857 [INFO] CodeEngine:289 - Generated code: C:\Users\USER\STM32CubeIDE\workspace_1.19.0\Hip-Pro_Hardware_V1.2\HardwareV1.2\MXTmpFiles\rtos_kernelStart.tmp
2025-11-10 12:46:26,864 [INFO] CodeEngine:265 - oldGeneratedFile, C:\Users\USER\STM32CubeIDE\workspace_1.19.0\Hip-Pro_Hardware_V1.2\HardwareV1.2\MXTmpFiles\rtos_default_thread.tmp_save
2025-11-10 12:46:26,922 [INFO] CodeEngine:289 - Generated code: C:\Users\USER\STM32CubeIDE\workspace_1.19.0\Hip-Pro_Hardware_V1.2\HardwareV1.2\MXTmpFiles\rtos_default_thread.tmp
2025-11-10 12:46:26,929 [INFO] CodeEngine:265 - oldGeneratedFile, C:\Users\USER\STM32CubeIDE\workspace_1.19.0\Hip-Pro_Hardware_V1.2\HardwareV1.2\MXTmpFiles\rtos_threads.tmp_save
2025-11-10 12:46:26,985 [INFO] CodeEngine:289 - Generated code: C:\Users\USER\STM32CubeIDE\workspace_1.19.0\Hip-Pro_Hardware_V1.2\HardwareV1.2\MXTmpFiles\rtos_threads.tmp
2025-11-10 12:46:27,003 [INFO] Middleware:1452 - No code input for Bsp Dependency
2025-11-10 12:46:27,014 [INFO] CodeEngine:265 - oldGeneratedFile, C:\Users\USER\STM32CubeIDE\workspace_1.19.0\Hip-Pro_Hardware_V1.2\HardwareV1.2\MXTmpFiles\rtos_inc.tmp_save
2025-11-10 12:46:27,077 [INFO] CodeEngine:289 - Generated code: C:\Users\USER\STM32CubeIDE\workspace_1.19.0\Hip-Pro_Hardware_V1.2\HardwareV1.2\MXTmpFiles\rtos_inc.tmp
2025-11-10 12:46:27,086 [INFO] CodeEngine:265 - oldGeneratedFile, C:\Users\USER\STM32CubeIDE\workspace_1.19.0\Hip-Pro_Hardware_V1.2\HardwareV1.2\MXTmpFiles\rtos_vars.tmp_save
2025-11-10 12:46:27,147 [INFO] CodeEngine:289 - Generated code: C:\Users\USER\STM32CubeIDE\workspace_1.19.0\Hip-Pro_Hardware_V1.2\HardwareV1.2\MXTmpFiles\rtos_vars.tmp
2025-11-10 12:46:27,154 [INFO] CodeEngine:265 - oldGeneratedFile, C:\Users\USER\STM32CubeIDE\workspace_1.19.0\Hip-Pro_Hardware_V1.2\HardwareV1.2\MXTmpFiles\rtos_pfp.tmp_save
2025-11-10 12:46:27,212 [INFO] CodeEngine:289 - Generated code: C:\Users\USER\STM32CubeIDE\workspace_1.19.0\Hip-Pro_Hardware_V1.2\HardwareV1.2\MXTmpFiles\rtos_pfp.tmp
2025-11-10 12:46:27,218 [INFO] CodeEngine:265 - oldGeneratedFile, C:\Users\USER\STM32CubeIDE\workspace_1.19.0\Hip-Pro_Hardware_V1.2\HardwareV1.2\MXTmpFiles\rtos_obj_creat.tmp_save
2025-11-10 12:46:27,279 [INFO] CodeEngine:289 - Generated code: C:\Users\USER\STM32CubeIDE\workspace_1.19.0\Hip-Pro_Hardware_V1.2\HardwareV1.2\MXTmpFiles\rtos_obj_creat.tmp
2025-11-10 12:46:27,285 [INFO] CodeEngine:265 - oldGeneratedFile, C:\Users\USER\STM32CubeIDE\workspace_1.19.0\Hip-Pro_Hardware_V1.2\HardwareV1.2\MXTmpFiles\rtos_kernelStart.tmp_save
2025-11-10 12:46:27,336 [INFO] CodeEngine:289 - Generated code: C:\Users\USER\STM32CubeIDE\workspace_1.19.0\Hip-Pro_Hardware_V1.2\HardwareV1.2\MXTmpFiles\rtos_kernelStart.tmp
2025-11-10 12:46:27,342 [INFO] CodeEngine:265 - oldGeneratedFile, C:\Users\USER\STM32CubeIDE\workspace_1.19.0\Hip-Pro_Hardware_V1.2\HardwareV1.2\MXTmpFiles\rtos_default_thread.tmp_save
2025-11-10 12:46:27,401 [INFO] CodeEngine:289 - Generated code: C:\Users\USER\STM32CubeIDE\workspace_1.19.0\Hip-Pro_Hardware_V1.2\HardwareV1.2\MXTmpFiles\rtos_default_thread.tmp
2025-11-10 12:46:27,406 [INFO] CodeEngine:265 - oldGeneratedFile, C:\Users\USER\STM32CubeIDE\workspace_1.19.0\Hip-Pro_Hardware_V1.2\HardwareV1.2\MXTmpFiles\rtos_threads.tmp_save
2025-11-10 12:46:27,458 [INFO] CodeEngine:289 - Generated code: C:\Users\USER\STM32CubeIDE\workspace_1.19.0\Hip-Pro_Hardware_V1.2\HardwareV1.2\MXTmpFiles\rtos_threads.tmp
2025-11-10 12:46:27,464 [INFO] CodeEngine:265 - oldGeneratedFile, C:\Users\USER\STM32CubeIDE\workspace_1.19.0\Hip-Pro_Hardware_V1.2\HardwareV1.2\Core\Inc\FreeRTOSConfig.h_save
2025-11-10 12:46:27,532 [INFO] CodeEngine:289 - Generated code: C:\Users\USER\STM32CubeIDE\workspace_1.19.0\Hip-Pro_Hardware_V1.2\HardwareV1.2\Core\Inc\FreeRTOSConfig.h
2025-11-10 12:46:27,538 [INFO] CodeEngine:265 - oldGeneratedFile, C:\Users\USER\STM32CubeIDE\workspace_1.19.0\Hip-Pro_Hardware_V1.2\HardwareV1.2\Core\Src\freertos.c_save
2025-11-10 12:46:27,600 [INFO] CodeEngine:289 - Generated code: C:\Users\USER\STM32CubeIDE\workspace_1.19.0\Hip-Pro_Hardware_V1.2\HardwareV1.2\Core\Src\freertos.c
2025-11-10 12:46:27,622 [INFO] CodeEngine:265 - oldGeneratedFile, C:\Users\USER\STM32CubeIDE\workspace_1.19.0\Hip-Pro_Hardware_V1.2\HardwareV1.2\MXTmpFiles\dma.tmp_save
2025-11-10 12:46:27,677 [INFO] CodeEngine:289 - Generated code: C:\Users\USER\STM32CubeIDE\workspace_1.19.0\Hip-Pro_Hardware_V1.2\HardwareV1.2\MXTmpFiles\dma.tmp
2025-11-10 12:46:27,684 [INFO] CodeEngine:265 - oldGeneratedFile, C:\Users\USER\STM32CubeIDE\workspace_1.19.0\Hip-Pro_Hardware_V1.2\HardwareV1.2\MXTmpFiles\dma_GV.tmp_save
2025-11-10 12:46:27,736 [INFO] CodeEngine:289 - Generated code: C:\Users\USER\STM32CubeIDE\workspace_1.19.0\Hip-Pro_Hardware_V1.2\HardwareV1.2\MXTmpFiles\dma_GV.tmp
2025-11-10 12:46:27,751 [INFO] CodeEngine:265 - oldGeneratedFile, C:\Users\USER\STM32CubeIDE\workspace_1.19.0\Hip-Pro_Hardware_V1.2\HardwareV1.2\Core\Src\stm32f1xx_it.c_save
2025-11-10 12:46:27,922 [INFO] CodeEngine:289 - Generated code: C:\Users\USER\STM32CubeIDE\workspace_1.19.0\Hip-Pro_Hardware_V1.2\HardwareV1.2\Core\Src\stm32f1xx_it.c
2025-11-10 12:46:27,930 [INFO] CodeEngine:265 - oldGeneratedFile, C:\Users\USER\STM32CubeIDE\workspace_1.19.0\Hip-Pro_Hardware_V1.2\HardwareV1.2\Core\Inc\stm32f1xx_it.h_save
2025-11-10 12:46:27,983 [INFO] CodeEngine:289 - Generated code: C:\Users\USER\STM32CubeIDE\workspace_1.19.0\Hip-Pro_Hardware_V1.2\HardwareV1.2\Core\Inc\stm32f1xx_it.h
2025-11-10 12:46:27,996 [INFO] CodeEngine:265 - oldGeneratedFile, C:\Users\USER\STM32CubeIDE\workspace_1.19.0\Hip-Pro_Hardware_V1.2\HardwareV1.2\Core\Src\stm32f1xx_hal_msp.c_save
2025-11-10 12:46:28,113 [INFO] CodeEngine:289 - Generated code: C:\Users\USER\STM32CubeIDE\workspace_1.19.0\Hip-Pro_Hardware_V1.2\HardwareV1.2\Core\Src\stm32f1xx_hal_msp.c
2025-11-10 12:46:28,119 [INFO] CodeEngine:265 - oldGeneratedFile, C:\Users\USER\STM32CubeIDE\workspace_1.19.0\Hip-Pro_Hardware_V1.2\HardwareV1.2\MXTmpFiles\system.tmp_save
2025-11-10 12:46:28,173 [INFO] CodeEngine:289 - Generated code: C:\Users\USER\STM32CubeIDE\workspace_1.19.0\Hip-Pro_Hardware_V1.2\HardwareV1.2\MXTmpFiles\system.tmp
2025-11-10 12:46:28,181 [INFO] CodeEngine:265 - oldGeneratedFile, C:\Users\USER\STM32CubeIDE\workspace_1.19.0\Hip-Pro_Hardware_V1.2\HardwareV1.2\Core\Src\stm32f1xx_hal_timebase_tim.c_save
2025-11-10 12:46:28,241 [INFO] CodeEngine:289 - Generated code: C:\Users\USER\STM32CubeIDE\workspace_1.19.0\Hip-Pro_Hardware_V1.2\HardwareV1.2\Core\Src\stm32f1xx_hal_timebase_tim.c
2025-11-10 12:46:28,254 [INFO] CodeEngine:321 - oldGeneratedFile, C:\Users\USER\STM32CubeIDE\workspace_1.19.0\Hip-Pro_Hardware_V1.2\HardwareV1.2\Core\Inc\stm32f1xx_hal_conf.h_save
2025-11-10 12:46:28,315 [INFO] CodeEngine:345 - Generated code: C:\Users\USER\STM32CubeIDE\workspace_1.19.0\Hip-Pro_Hardware_V1.2\HardwareV1.2\Core\Inc\stm32f1xx_hal_conf.h
2025-11-10 12:46:28,337 [INFO] ApiDbMcu:532 - Load IP Config File for SPI1
2025-11-10 12:46:28,348 [INFO] CodeEngine:265 - oldGeneratedFile, C:\Users\USER\STM32CubeIDE\workspace_1.19.0\Hip-Pro_Hardware_V1.2\HardwareV1.2\Core\Inc\main.h_save
2025-11-10 12:46:28,420 [INFO] CodeEngine:289 - Generated code: C:\Users\USER\STM32CubeIDE\workspace_1.19.0\Hip-Pro_Hardware_V1.2\HardwareV1.2\Core\Inc\main.h
2025-11-10 12:46:28,428 [INFO] CodeEngine:265 - oldGeneratedFile, C:\Users\USER\STM32CubeIDE\workspace_1.19.0\Hip-Pro_Hardware_V1.2\HardwareV1.2\Core\Src\main.c_save
2025-11-10 12:46:28,547 [INFO] CodeEngine:289 - Generated code: C:\Users\USER\STM32CubeIDE\workspace_1.19.0\Hip-Pro_Hardware_V1.2\HardwareV1.2\Core\Src\main.c
2025-11-10 12:46:28,893 [INFO] ProjectBuilder:3606 - Time for Copy HAL[1] : 162mS.
2025-11-10 12:46:28,897 [INFO] ProjectBuilder:5216 - Project Generator version: 4.7.0-B52
2025-11-10 12:46:28,966 [INFO] ConfigFileManager:1595 - The Die is : DIE414
2025-11-10 12:46:30,249 [INFO] ProjectBuilder:5496 - Time for Generating toolchain IDE Files: 1351mS.
2025-11-10 12:46:30,250 [INFO] ProjectBuilder:3463 - Time for Copy CMSIS : 1mS.
2025-11-10 12:46:30,256 [INFO] ProjectBuilder:3463 - Time for Copy CMSIS : 0mS.
2025-11-10 12:57:15,904 [ERROR] ConfigurationRetriever:142 - IOException on connection: Connect timed out
2025-11-10 12:57:17,906 [ERROR] ConfigurationRetriever:142 - IOException on connection: Connect timed out
2025-11-10 13:45:35,916 [INFO] WebApp:194 - Connection lost
2025-11-10 13:45:36,210 [INFO] WebApp:191 - Connection restablished
2025-11-10 14:16:00,986 [INFO] WebApp:194 - Connection lost
2025-11-10 14:16:07,280 [INFO] WebApp:191 - Connection restablished
2025-11-10 14:24:59,012 [WARN] IP:2250 - I2C_Coeff_DF not found: check if there is a RefParameter without a condition.
2025-11-10 14:24:59,013 [WARN] IP:2250 - Analog_Filter not found: check if there is a RefParameter without a condition.
2025-11-10 14:24:59,013 [WARN] IP:2250 - I2C_Coeff_DF not found: check if there is a RefParameter without a condition.
2025-11-10 14:24:59,013 [WARN] IP:2250 - Analog_Filter not found: check if there is a RefParameter without a condition.
2025-11-10 14:24:59,016 [WARN] IP:2250 - I2C_Coeff_DF not found: check if there is a RefParameter without a condition.
2025-11-10 14:24:59,016 [WARN] IP:2250 - Analog_Filter not found: check if there is a RefParameter without a condition.
2025-11-10 14:24:59,016 [WARN] IP:2250 - I2C_Coeff_DF not found: check if there is a RefParameter without a condition.
2025-11-10 14:24:59,016 [WARN] IP:2250 - Analog_Filter not found: check if there is a RefParameter without a condition.
2025-11-10 14:24:59,063 [WARN] IP:2250 - I2C_Coeff_DF not found: check if there is a RefParameter without a condition.
2025-11-10 14:24:59,063 [WARN] IP:2250 - Analog_Filter not found: check if there is a RefParameter without a condition.
2025-11-10 14:24:59,065 [WARN] IP:2250 - I2C_Coeff_DF not found: check if there is a RefParameter without a condition.
2025-11-10 14:24:59,065 [WARN] IP:2250 - Analog_Filter not found: check if there is a RefParameter without a condition.
2025-11-10 14:24:59,109 [WARN] IP:2250 - I2C_Coeff_DF not found: check if there is a RefParameter without a condition.
2025-11-10 14:24:59,109 [WARN] IP:2250 - Analog_Filter not found: check if there is a RefParameter without a condition.
2025-11-10 14:24:59,112 [WARN] IP:2250 - I2C_Coeff_DF not found: check if there is a RefParameter without a condition.
2025-11-10 14:24:59,112 [WARN] IP:2250 - Analog_Filter not found: check if there is a RefParameter without a condition.
2025-11-10 14:25:31,779 [WARN] IP:2250 - I2C_Coeff_DF not found: check if there is a RefParameter without a condition.
2025-11-10 14:25:31,780 [WARN] IP:2250 - Analog_Filter not found: check if there is a RefParameter without a condition.
2025-11-10 14:25:31,780 [WARN] IP:2250 - I2C_Coeff_DF not found: check if there is a RefParameter without a condition.
2025-11-10 14:25:31,780 [WARN] IP:2250 - Analog_Filter not found: check if there is a RefParameter without a condition.
2025-11-10 14:25:31,782 [WARN] IP:2250 - I2C_Coeff_DF not found: check if there is a RefParameter without a condition.
2025-11-10 14:25:31,782 [WARN] IP:2250 - Analog_Filter not found: check if there is a RefParameter without a condition.
2025-11-10 14:25:31,782 [WARN] IP:2250 - I2C_Coeff_DF not found: check if there is a RefParameter without a condition.
2025-11-10 14:25:31,782 [WARN] IP:2250 - Analog_Filter not found: check if there is a RefParameter without a condition.
2025-11-10 14:25:31,826 [WARN] IP:2250 - I2C_Coeff_DF not found: check if there is a RefParameter without a condition.
2025-11-10 14:25:31,826 [WARN] IP:2250 - Analog_Filter not found: check if there is a RefParameter without a condition.
2025-11-10 14:25:31,828 [WARN] IP:2250 - I2C_Coeff_DF not found: check if there is a RefParameter without a condition.
2025-11-10 14:25:31,828 [WARN] IP:2250 - Analog_Filter not found: check if there is a RefParameter without a condition.
2025-11-10 14:25:31,865 [WARN] IP:2250 - I2C_Coeff_DF not found: check if there is a RefParameter without a condition.
2025-11-10 14:25:31,866 [WARN] IP:2250 - Analog_Filter not found: check if there is a RefParameter without a condition.
2025-11-10 14:25:31,867 [WARN] IP:2250 - I2C_Coeff_DF not found: check if there is a RefParameter without a condition.
2025-11-10 14:25:31,868 [WARN] IP:2250 - Analog_Filter not found: check if there is a RefParameter without a condition.
2025-11-10 14:27:35,337 [INFO] Gpio:278 - dependency for GPIO [ADC1, I2C1, I2C2, RCC, SPI1, SYS, USART1]
2025-11-10 14:27:38,137 [INFO] WebApp:194 - Connection lost
2025-11-10 14:27:45,409 [INFO] WebApp:191 - Connection restablished
2025-11-10 14:27:55,941 [INFO] UtilMem:75 - End SaveConfig() Used Memory: 520357792 Bytes (772800512)
2025-11-10 14:27:57,596 [INFO] UtilMem:75 - End SaveConfig() Used Memory: 556535712 Bytes (772800512)
2025-11-10 14:27:58,394 [INFO] UtilMem:75 - End SaveConfig() Used Memory: 645138336 Bytes (772800512)
2025-11-10 14:27:58,995 [INFO] BlockDiagram:2775 - set Specific Code input for plugin: SPI
2025-11-10 14:27:58,996 [INFO] BlockDiagram:2775 - set Specific Code input for plugin: NVIC
2025-11-10 14:27:58,996 [INFO] BlockDiagram:2775 - set Specific Code input for plugin: FREERTOS
2025-11-10 14:27:58,997 [INFO] BlockDiagram:2775 - set Specific Code input for plugin: USART
2025-11-10 14:27:58,997 [INFO] BlockDiagram:2775 - set Specific Code input for plugin: IWDG
2025-11-10 14:27:58,997 [INFO] BlockDiagram:2775 - set Specific Code input for plugin: DMA
2025-11-10 14:27:58,997 [INFO] BlockDiagram:2775 - set Specific Code input for plugin: SYS
2025-11-10 14:27:58,998 [INFO] BlockDiagram:2775 - set Specific Code input for plugin: GPIO
2025-11-10 14:27:58,998 [INFO] BlockDiagram:2775 - set Specific Code input for plugin: ADC
2025-11-10 14:27:58,998 [INFO] BlockDiagram:2775 - set Specific Code input for plugin: RCC
2025-11-10 14:27:58,998 [INFO] BlockDiagram:2775 - set Specific Code input for plugin: I2C
2025-11-10 14:27:58,998 [INFO] BlockDiagram:2775 - set Specific Code input for plugin: I2C
2025-11-10 14:27:59,000 [INFO] CodeGenerator:892 - code generatio: config db path: C:\ST\STM32CubeIDE_1.19.0\STM32CubeIDE\plugins\com.st.stm32cube.common.mx_6.15.0.202507011659\\db\
2025-11-10 14:27:59,006 [INFO] Argument:325 - Argument : hdmavalue: null
2025-11-10 14:27:59,006 [INFO] Argument:327 - 	 sub Args: 
2025-11-10 14:27:59,007 [INFO] Argument:325 - Argument : Instancevalue: DMA1_Channel1
2025-11-10 14:27:59,007 [INFO] Argument:335 - Argument : Instancevalue: DMA1_Channel1
2025-11-10 14:27:59,007 [INFO] Argument:325 - Argument : Initvalue: null
2025-11-10 14:27:59,007 [INFO] Argument:327 - 	 sub Args: 
2025-11-10 14:27:59,007 [INFO] Argument:325 - Argument : Directionvalue: DMA_PERIPH_TO_MEMORY
2025-11-10 14:27:59,007 [INFO] Argument:335 - Argument : Directionvalue: DMA_PERIPH_TO_MEMORY
2025-11-10 14:27:59,007 [INFO] Argument:325 - Argument : PeriphIncvalue: DMA_PINC_DISABLE
2025-11-10 14:27:59,007 [INFO] Argument:335 - Argument : PeriphIncvalue: DMA_PINC_DISABLE
2025-11-10 14:27:59,007 [INFO] Argument:325 - Argument : MemIncvalue: DMA_MINC_ENABLE
2025-11-10 14:27:59,007 [INFO] Argument:335 - Argument : MemIncvalue: DMA_MINC_ENABLE
2025-11-10 14:27:59,007 [INFO] Argument:325 - Argument : PeriphDataAlignmentvalue: DMA_PDATAALIGN_HALFWORD
2025-11-10 14:27:59,007 [INFO] Argument:335 - Argument : PeriphDataAlignmentvalue: DMA_PDATAALIGN_HALFWORD
2025-11-10 14:27:59,007 [INFO] Argument:325 - Argument : MemDataAlignmentvalue: DMA_MDATAALIGN_HALFWORD
2025-11-10 14:27:59,007 [INFO] Argument:335 - Argument : MemDataAlignmentvalue: DMA_MDATAALIGN_HALFWORD
2025-11-10 14:27:59,007 [INFO] Argument:325 - Argument : Modevalue: DMA_CIRCULAR
2025-11-10 14:27:59,007 [INFO] Argument:335 - Argument : Modevalue: DMA_CIRCULAR
2025-11-10 14:27:59,007 [INFO] Argument:325 - Argument : Priorityvalue: DMA_PRIORITY_LOW
2025-11-10 14:27:59,007 [INFO] Argument:335 - Argument : Priorityvalue: DMA_PRIORITY_LOW
2025-11-10 14:27:59,007 [INFO] Argument:325 - Argument : Lockvalue: null
2025-11-10 14:27:59,008 [INFO] Argument:335 - Argument : Lockvalue: null
2025-11-10 14:27:59,008 [INFO] Argument:325 - Argument : Statevalue: null
2025-11-10 14:27:59,008 [INFO] Argument:335 - Argument : Statevalue: null
2025-11-10 14:27:59,008 [INFO] Argument:325 - Argument : Parentvalue: null
2025-11-10 14:27:59,008 [INFO] Argument:335 - Argument : Parentvalue: null
2025-11-10 14:27:59,008 [INFO] Argument:325 - Argument : XferCpltCallbackvalue: null
2025-11-10 14:27:59,008 [INFO] Argument:335 - Argument : XferCpltCallbackvalue: null
2025-11-10 14:27:59,008 [INFO] Argument:325 - Argument : XferHalfCpltCallbackvalue: null
2025-11-10 14:27:59,008 [INFO] Argument:335 - Argument : XferHalfCpltCallbackvalue: null
2025-11-10 14:27:59,008 [INFO] Argument:325 - Argument : XferErrorCallbackvalue: null
2025-11-10 14:27:59,008 [INFO] Argument:335 - Argument : XferErrorCallbackvalue: null
2025-11-10 14:27:59,008 [INFO] Argument:325 - Argument : ErrorCodevalue: null
2025-11-10 14:27:59,008 [INFO] Argument:335 - Argument : ErrorCodevalue: null
2025-11-10 14:27:59,013 [WARN] IP:2250 - I2C_Coeff_DF not found: check if there is a RefParameter without a condition.
2025-11-10 14:27:59,013 [WARN] IP:2250 - Analog_Filter not found: check if there is a RefParameter without a condition.
2025-11-10 14:27:59,014 [WARN] IP:2250 - I2C_Coeff_DF not found: check if there is a RefParameter without a condition.
2025-11-10 14:27:59,014 [WARN] IP:2250 - Analog_Filter not found: check if there is a RefParameter without a condition.
2025-11-10 14:27:59,116 [INFO] CodeEngine:265 - oldGeneratedFile, C:\Users\USER\STM32CubeIDE\workspace_1.19.0\Hip-Pro_Hardware_V1.2\HardwareV1.2\MXTmpFiles\license.tmp_save
2025-11-10 14:27:59,341 [INFO] CodeEngine:289 - Generated code: C:\Users\USER\STM32CubeIDE\workspace_1.19.0\Hip-Pro_Hardware_V1.2\HardwareV1.2\MXTmpFiles\license.tmp
2025-11-10 14:27:59,414 [INFO] CodeEngine:265 - oldGeneratedFile, C:\Users\USER\STM32CubeIDE\workspace_1.19.0\Hip-Pro_Hardware_V1.2\HardwareV1.2\MXTmpFiles\gpio.tmp_save
2025-11-10 14:27:59,545 [INFO] CodeEngine:289 - Generated code: C:\Users\USER\STM32CubeIDE\workspace_1.19.0\Hip-Pro_Hardware_V1.2\HardwareV1.2\MXTmpFiles\gpio.tmp
2025-11-10 14:27:59,974 [INFO] Middleware:1452 - No code input for Bsp Dependency
2025-11-10 14:27:59,986 [INFO] CodeEngine:265 - oldGeneratedFile, C:\Users\USER\STM32CubeIDE\workspace_1.19.0\Hip-Pro_Hardware_V1.2\HardwareV1.2\MXTmpFiles\rtos_inc.tmp_save
2025-11-10 14:28:00,066 [INFO] CodeEngine:289 - Generated code: C:\Users\USER\STM32CubeIDE\workspace_1.19.0\Hip-Pro_Hardware_V1.2\HardwareV1.2\MXTmpFiles\rtos_inc.tmp
2025-11-10 14:28:00,073 [INFO] CodeEngine:265 - oldGeneratedFile, C:\Users\USER\STM32CubeIDE\workspace_1.19.0\Hip-Pro_Hardware_V1.2\HardwareV1.2\MXTmpFiles\rtos_vars.tmp_save
2025-11-10 14:28:00,168 [INFO] CodeEngine:289 - Generated code: C:\Users\USER\STM32CubeIDE\workspace_1.19.0\Hip-Pro_Hardware_V1.2\HardwareV1.2\MXTmpFiles\rtos_vars.tmp
2025-11-10 14:28:00,174 [INFO] CodeEngine:265 - oldGeneratedFile, C:\Users\USER\STM32CubeIDE\workspace_1.19.0\Hip-Pro_Hardware_V1.2\HardwareV1.2\MXTmpFiles\rtos_pfp.tmp_save
2025-11-10 14:28:00,243 [INFO] CodeEngine:289 - Generated code: C:\Users\USER\STM32CubeIDE\workspace_1.19.0\Hip-Pro_Hardware_V1.2\HardwareV1.2\MXTmpFiles\rtos_pfp.tmp
2025-11-10 14:28:00,251 [INFO] CodeEngine:265 - oldGeneratedFile, C:\Users\USER\STM32CubeIDE\workspace_1.19.0\Hip-Pro_Hardware_V1.2\HardwareV1.2\MXTmpFiles\rtos_obj_creat.tmp_save
2025-11-10 14:28:00,322 [INFO] CodeEngine:289 - Generated code: C:\Users\USER\STM32CubeIDE\workspace_1.19.0\Hip-Pro_Hardware_V1.2\HardwareV1.2\MXTmpFiles\rtos_obj_creat.tmp
2025-11-10 14:28:00,330 [INFO] CodeEngine:265 - oldGeneratedFile, C:\Users\USER\STM32CubeIDE\workspace_1.19.0\Hip-Pro_Hardware_V1.2\HardwareV1.2\MXTmpFiles\rtos_kernelStart.tmp_save
2025-11-10 14:28:00,396 [INFO] CodeEngine:289 - Generated code: C:\Users\USER\STM32CubeIDE\workspace_1.19.0\Hip-Pro_Hardware_V1.2\HardwareV1.2\MXTmpFiles\rtos_kernelStart.tmp
2025-11-10 14:28:00,402 [INFO] CodeEngine:265 - oldGeneratedFile, C:\Users\USER\STM32CubeIDE\workspace_1.19.0\Hip-Pro_Hardware_V1.2\HardwareV1.2\MXTmpFiles\rtos_default_thread.tmp_save
2025-11-10 14:28:00,469 [INFO] CodeEngine:289 - Generated code: C:\Users\USER\STM32CubeIDE\workspace_1.19.0\Hip-Pro_Hardware_V1.2\HardwareV1.2\MXTmpFiles\rtos_default_thread.tmp
2025-11-10 14:28:00,474 [INFO] CodeEngine:265 - oldGeneratedFile, C:\Users\USER\STM32CubeIDE\workspace_1.19.0\Hip-Pro_Hardware_V1.2\HardwareV1.2\MXTmpFiles\rtos_threads.tmp_save
2025-11-10 14:28:00,536 [INFO] CodeEngine:289 - Generated code: C:\Users\USER\STM32CubeIDE\workspace_1.19.0\Hip-Pro_Hardware_V1.2\HardwareV1.2\MXTmpFiles\rtos_threads.tmp
2025-11-10 14:28:00,555 [INFO] Middleware:1452 - No code input for Bsp Dependency
2025-11-10 14:28:00,567 [INFO] CodeEngine:265 - oldGeneratedFile, C:\Users\USER\STM32CubeIDE\workspace_1.19.0\Hip-Pro_Hardware_V1.2\HardwareV1.2\MXTmpFiles\rtos_inc.tmp_save
2025-11-10 14:28:00,634 [INFO] CodeEngine:289 - Generated code: C:\Users\USER\STM32CubeIDE\workspace_1.19.0\Hip-Pro_Hardware_V1.2\HardwareV1.2\MXTmpFiles\rtos_inc.tmp
2025-11-10 14:28:00,642 [INFO] CodeEngine:265 - oldGeneratedFile, C:\Users\USER\STM32CubeIDE\workspace_1.19.0\Hip-Pro_Hardware_V1.2\HardwareV1.2\MXTmpFiles\rtos_vars.tmp_save
2025-11-10 14:28:00,712 [INFO] CodeEngine:289 - Generated code: C:\Users\USER\STM32CubeIDE\workspace_1.19.0\Hip-Pro_Hardware_V1.2\HardwareV1.2\MXTmpFiles\rtos_vars.tmp
2025-11-10 14:28:00,721 [INFO] CodeEngine:265 - oldGeneratedFile, C:\Users\USER\STM32CubeIDE\workspace_1.19.0\Hip-Pro_Hardware_V1.2\HardwareV1.2\MXTmpFiles\rtos_pfp.tmp_save
2025-11-10 14:28:00,781 [INFO] CodeEngine:289 - Generated code: C:\Users\USER\STM32CubeIDE\workspace_1.19.0\Hip-Pro_Hardware_V1.2\HardwareV1.2\MXTmpFiles\rtos_pfp.tmp
2025-11-10 14:28:00,789 [INFO] CodeEngine:265 - oldGeneratedFile, C:\Users\USER\STM32CubeIDE\workspace_1.19.0\Hip-Pro_Hardware_V1.2\HardwareV1.2\MXTmpFiles\rtos_obj_creat.tmp_save
2025-11-10 14:28:00,853 [INFO] CodeEngine:289 - Generated code: C:\Users\USER\STM32CubeIDE\workspace_1.19.0\Hip-Pro_Hardware_V1.2\HardwareV1.2\MXTmpFiles\rtos_obj_creat.tmp
2025-11-10 14:28:00,865 [INFO] CodeEngine:265 - oldGeneratedFile, C:\Users\USER\STM32CubeIDE\workspace_1.19.0\Hip-Pro_Hardware_V1.2\HardwareV1.2\MXTmpFiles\rtos_kernelStart.tmp_save
2025-11-10 14:28:00,927 [INFO] CodeEngine:289 - Generated code: C:\Users\USER\STM32CubeIDE\workspace_1.19.0\Hip-Pro_Hardware_V1.2\HardwareV1.2\MXTmpFiles\rtos_kernelStart.tmp
2025-11-10 14:28:00,938 [INFO] CodeEngine:265 - oldGeneratedFile, C:\Users\USER\STM32CubeIDE\workspace_1.19.0\Hip-Pro_Hardware_V1.2\HardwareV1.2\MXTmpFiles\rtos_default_thread.tmp_save
2025-11-10 14:28:01,007 [INFO] CodeEngine:289 - Generated code: C:\Users\USER\STM32CubeIDE\workspace_1.19.0\Hip-Pro_Hardware_V1.2\HardwareV1.2\MXTmpFiles\rtos_default_thread.tmp
2025-11-10 14:28:01,017 [INFO] CodeEngine:265 - oldGeneratedFile, C:\Users\USER\STM32CubeIDE\workspace_1.19.0\Hip-Pro_Hardware_V1.2\HardwareV1.2\MXTmpFiles\rtos_threads.tmp_save
2025-11-10 14:28:01,076 [INFO] CodeEngine:289 - Generated code: C:\Users\USER\STM32CubeIDE\workspace_1.19.0\Hip-Pro_Hardware_V1.2\HardwareV1.2\MXTmpFiles\rtos_threads.tmp
2025-11-10 14:28:01,084 [INFO] CodeEngine:265 - oldGeneratedFile, C:\Users\USER\STM32CubeIDE\workspace_1.19.0\Hip-Pro_Hardware_V1.2\HardwareV1.2\Core\Inc\FreeRTOSConfig.h_save
2025-11-10 14:28:01,164 [INFO] CodeEngine:289 - Generated code: C:\Users\USER\STM32CubeIDE\workspace_1.19.0\Hip-Pro_Hardware_V1.2\HardwareV1.2\Core\Inc\FreeRTOSConfig.h
2025-11-10 14:28:01,171 [INFO] CodeEngine:265 - oldGeneratedFile, C:\Users\USER\STM32CubeIDE\workspace_1.19.0\Hip-Pro_Hardware_V1.2\HardwareV1.2\Core\Src\freertos.c_save
2025-11-10 14:28:01,243 [INFO] CodeEngine:289 - Generated code: C:\Users\USER\STM32CubeIDE\workspace_1.19.0\Hip-Pro_Hardware_V1.2\HardwareV1.2\Core\Src\freertos.c
2025-11-10 14:28:01,269 [INFO] CodeEngine:265 - oldGeneratedFile, C:\Users\USER\STM32CubeIDE\workspace_1.19.0\Hip-Pro_Hardware_V1.2\HardwareV1.2\MXTmpFiles\dma.tmp_save
2025-11-10 14:28:01,332 [INFO] CodeEngine:289 - Generated code: C:\Users\USER\STM32CubeIDE\workspace_1.19.0\Hip-Pro_Hardware_V1.2\HardwareV1.2\MXTmpFiles\dma.tmp
2025-11-10 14:28:01,338 [INFO] CodeEngine:265 - oldGeneratedFile, C:\Users\USER\STM32CubeIDE\workspace_1.19.0\Hip-Pro_Hardware_V1.2\HardwareV1.2\MXTmpFiles\dma_GV.tmp_save
2025-11-10 14:28:01,398 [INFO] CodeEngine:289 - Generated code: C:\Users\USER\STM32CubeIDE\workspace_1.19.0\Hip-Pro_Hardware_V1.2\HardwareV1.2\MXTmpFiles\dma_GV.tmp
2025-11-10 14:28:01,416 [INFO] CodeEngine:265 - oldGeneratedFile, C:\Users\USER\STM32CubeIDE\workspace_1.19.0\Hip-Pro_Hardware_V1.2\HardwareV1.2\Core\Src\stm32f1xx_it.c_save
2025-11-10 14:28:01,632 [INFO] CodeEngine:289 - Generated code: C:\Users\USER\STM32CubeIDE\workspace_1.19.0\Hip-Pro_Hardware_V1.2\HardwareV1.2\Core\Src\stm32f1xx_it.c
2025-11-10 14:28:01,640 [INFO] CodeEngine:265 - oldGeneratedFile, C:\Users\USER\STM32CubeIDE\workspace_1.19.0\Hip-Pro_Hardware_V1.2\HardwareV1.2\Core\Inc\stm32f1xx_it.h_save
2025-11-10 14:28:01,705 [INFO] CodeEngine:289 - Generated code: C:\Users\USER\STM32CubeIDE\workspace_1.19.0\Hip-Pro_Hardware_V1.2\HardwareV1.2\Core\Inc\stm32f1xx_it.h
2025-11-10 14:28:01,722 [INFO] CodeEngine:265 - oldGeneratedFile, C:\Users\USER\STM32CubeIDE\workspace_1.19.0\Hip-Pro_Hardware_V1.2\HardwareV1.2\Core\Src\stm32f1xx_hal_msp.c_save
2025-11-10 14:28:01,841 [INFO] CodeEngine:289 - Generated code: C:\Users\USER\STM32CubeIDE\workspace_1.19.0\Hip-Pro_Hardware_V1.2\HardwareV1.2\Core\Src\stm32f1xx_hal_msp.c
2025-11-10 14:28:01,847 [INFO] CodeEngine:265 - oldGeneratedFile, C:\Users\USER\STM32CubeIDE\workspace_1.19.0\Hip-Pro_Hardware_V1.2\HardwareV1.2\MXTmpFiles\system.tmp_save
2025-11-10 14:28:01,900 [INFO] CodeEngine:289 - Generated code: C:\Users\USER\STM32CubeIDE\workspace_1.19.0\Hip-Pro_Hardware_V1.2\HardwareV1.2\MXTmpFiles\system.tmp
2025-11-10 14:28:01,906 [INFO] CodeEngine:265 - oldGeneratedFile, C:\Users\USER\STM32CubeIDE\workspace_1.19.0\Hip-Pro_Hardware_V1.2\HardwareV1.2\Core\Src\stm32f1xx_hal_timebase_tim.c_save
2025-11-10 14:28:01,973 [INFO] CodeEngine:289 - Generated code: C:\Users\USER\STM32CubeIDE\workspace_1.19.0\Hip-Pro_Hardware_V1.2\HardwareV1.2\Core\Src\stm32f1xx_hal_timebase_tim.c
2025-11-10 14:28:01,987 [INFO] CodeEngine:321 - oldGeneratedFile, C:\Users\USER\STM32CubeIDE\workspace_1.19.0\Hip-Pro_Hardware_V1.2\HardwareV1.2\Core\Inc\stm32f1xx_hal_conf.h_save
2025-11-10 14:28:02,051 [INFO] CodeEngine:345 - Generated code: C:\Users\USER\STM32CubeIDE\workspace_1.19.0\Hip-Pro_Hardware_V1.2\HardwareV1.2\Core\Inc\stm32f1xx_hal_conf.h
2025-11-10 14:28:02,085 [INFO] CodeEngine:265 - oldGeneratedFile, C:\Users\USER\STM32CubeIDE\workspace_1.19.0\Hip-Pro_Hardware_V1.2\HardwareV1.2\Core\Inc\main.h_save
2025-11-10 14:28:02,174 [INFO] CodeEngine:289 - Generated code: C:\Users\USER\STM32CubeIDE\workspace_1.19.0\Hip-Pro_Hardware_V1.2\HardwareV1.2\Core\Inc\main.h
2025-11-10 14:28:02,182 [INFO] CodeEngine:265 - oldGeneratedFile, C:\Users\USER\STM32CubeIDE\workspace_1.19.0\Hip-Pro_Hardware_V1.2\HardwareV1.2\Core\Src\main.c_save
2025-11-10 14:28:02,346 [INFO] CodeEngine:289 - Generated code: C:\Users\USER\STM32CubeIDE\workspace_1.19.0\Hip-Pro_Hardware_V1.2\HardwareV1.2\Core\Src\main.c
2025-11-10 14:28:02,831 [INFO] ProjectBuilder:3606 - Time for Copy HAL[1] : 180mS.
2025-11-10 14:28:02,835 [INFO] ProjectBuilder:5216 - Project Generator version: 4.7.0-B52
2025-11-10 14:28:02,905 [INFO] ConfigFileManager:1595 - The Die is : DIE414
2025-11-10 14:28:04,147 [INFO] ProjectBuilder:5496 - Time for Generating toolchain IDE Files: 1311mS.
2025-11-10 14:28:04,148 [INFO] ProjectBuilder:3463 - Time for Copy CMSIS : 1mS.
2025-11-10 14:28:04,154 [INFO] ProjectBuilder:3463 - Time for Copy CMSIS : 1mS.
2025-11-10 14:28:07,130 [ERROR] ConfigurationRetriever:142 - IOException on connection: sw-center.st.com
2025-11-10 14:28:07,130 [ERROR] ConfigurationRetriever:142 - IOException on connection: sw-center.st.com
2025-11-10 14:28:07,131 [ERROR] ConfigurationRetriever:142 - IOException on connection: sw-center.st.com
2025-11-10 14:28:07,131 [ERROR] ConfigurationRetriever:142 - IOException on connection: sw-center.st.com
2025-11-10 14:28:07,132 [ERROR] ConfigurationRetriever:142 - IOException on connection: sw-center.st.com
2025-11-10 14:28:07,132 [ERROR] ConfigurationRetriever:142 - IOException on connection: sw-center.st.com
2025-11-10 14:28:07,169 [INFO] WebApp:194 - Connection lost
2025-11-10 14:28:26,550 [INFO] WebApp:191 - Connection restablished
2025-11-10 14:28:33,875 [INFO] WebApp:194 - Connection lost
2025-11-10 14:28:34,054 [INFO] WebApp:191 - Connection restablished
2025-11-10 14:30:13,735 [INFO] WebApp:194 - Connection lost
2025-11-10 14:30:13,930 [INFO] WebApp:191 - Connection restablished
2025-11-10 14:30:16,953 [INFO] WebApp:194 - Connection lost
2025-11-10 14:30:17,466 [INFO] WebApp:191 - Connection restablished
2025-11-10 14:39:46,505 [INFO] Gpio:278 - dependency for GPIO [ADC1, I2C1, I2C2, RCC, SPI1, SYS, USART1]
2025-11-10 14:39:46,624 [INFO] NvicIntPanel:101 - NVIC parent = com.st.microxplorer.plugins.ip.nvic.MultiNvicIntPanel[,0,0,0x0,invalid,layout=javax.swing.BoxLayout,alignmentX=0.0,alignmentY=0.0,border=,flags=9,maximumSize=,minimumSize=,preferredSize=]
2025-11-10 14:39:46,792 [WARN] IP:2250 - I2C_Coeff_DF not found: check if there is a RefParameter without a condition.
2025-11-10 14:39:46,793 [WARN] IP:2250 - Analog_Filter not found: check if there is a RefParameter without a condition.
2025-11-10 14:39:46,793 [WARN] IP:2250 - I2C_Coeff_DF not found: check if there is a RefParameter without a condition.
2025-11-10 14:39:46,794 [WARN] IP:2250 - Analog_Filter not found: check if there is a RefParameter without a condition.
2025-11-10 14:39:46,797 [WARN] IP:2250 - I2C_Coeff_DF not found: check if there is a RefParameter without a condition.
2025-11-10 14:39:46,797 [WARN] IP:2250 - Analog_Filter not found: check if there is a RefParameter without a condition.
2025-11-10 14:39:46,798 [WARN] IP:2250 - I2C_Coeff_DF not found: check if there is a RefParameter without a condition.
2025-11-10 14:39:46,798 [WARN] IP:2250 - Analog_Filter not found: check if there is a RefParameter without a condition.
2025-11-10 14:39:46,849 [WARN] IP:2250 - I2C_Coeff_DF not found: check if there is a RefParameter without a condition.
2025-11-10 14:39:46,850 [WARN] IP:2250 - Analog_Filter not found: check if there is a RefParameter without a condition.
2025-11-10 14:39:46,852 [WARN] IP:2250 - I2C_Coeff_DF not found: check if there is a RefParameter without a condition.
2025-11-10 14:39:46,853 [WARN] IP:2250 - Analog_Filter not found: check if there is a RefParameter without a condition.
2025-11-10 14:39:46,895 [WARN] IP:2250 - I2C_Coeff_DF not found: check if there is a RefParameter without a condition.
2025-11-10 14:39:46,897 [WARN] IP:2250 - Analog_Filter not found: check if there is a RefParameter without a condition.
2025-11-10 14:39:46,900 [WARN] IP:2250 - I2C_Coeff_DF not found: check if there is a RefParameter without a condition.
2025-11-10 14:39:46,901 [WARN] IP:2250 - Analog_Filter not found: check if there is a RefParameter without a condition.
2025-11-10 14:39:46,932 [INFO] Gpio:278 - dependency for GPIO [ADC1, I2C1, I2C2, RCC, SPI1, SYS, USART1]
2025-11-10 14:39:47,022 [INFO] NvicIntPanel:101 - NVIC parent = com.st.microxplorer.plugins.ip.nvic.MultiNvicIntPanel[,0,0,0x0,invalid,layout=javax.swing.BoxLayout,alignmentX=0.0,alignmentY=0.0,border=,flags=9,maximumSize=,minimumSize=,preferredSize=]
2025-11-10 14:40:36,240 [INFO] Gpio:278 - dependency for GPIO [ADC1, I2C1, I2C2, RCC, SPI1, SYS, USART1]
2025-11-10 14:40:36,322 [INFO] NvicIntPanel:101 - NVIC parent = com.st.microxplorer.plugins.ip.nvic.MultiNvicIntPanel[,0,0,0x0,invalid,layout=javax.swing.BoxLayout,alignmentX=0.0,alignmentY=0.0,border=,flags=9,maximumSize=,minimumSize=,preferredSize=]
2025-11-10 14:40:36,452 [WARN] IP:2250 - I2C_Coeff_DF not found: check if there is a RefParameter without a condition.
2025-11-10 14:40:36,452 [WARN] IP:2250 - Analog_Filter not found: check if there is a RefParameter without a condition.
2025-11-10 14:40:36,453 [WARN] IP:2250 - I2C_Coeff_DF not found: check if there is a RefParameter without a condition.
2025-11-10 14:40:36,453 [WARN] IP:2250 - Analog_Filter not found: check if there is a RefParameter without a condition.
2025-11-10 14:40:36,456 [WARN] IP:2250 - I2C_Coeff_DF not found: check if there is a RefParameter without a condition.
2025-11-10 14:40:36,456 [WARN] IP:2250 - Analog_Filter not found: check if there is a RefParameter without a condition.
2025-11-10 14:40:36,456 [WARN] IP:2250 - I2C_Coeff_DF not found: check if there is a RefParameter without a condition.
2025-11-10 14:40:36,456 [WARN] IP:2250 - Analog_Filter not found: check if there is a RefParameter without a condition.
2025-11-10 14:40:36,500 [WARN] IP:2250 - I2C_Coeff_DF not found: check if there is a RefParameter without a condition.
2025-11-10 14:40:36,501 [WARN] IP:2250 - Analog_Filter not found: check if there is a RefParameter without a condition.
2025-11-10 14:40:36,503 [WARN] IP:2250 - I2C_Coeff_DF not found: check if there is a RefParameter without a condition.
2025-11-10 14:40:36,503 [WARN] IP:2250 - Analog_Filter not found: check if there is a RefParameter without a condition.
2025-11-10 14:40:36,547 [WARN] IP:2250 - I2C_Coeff_DF not found: check if there is a RefParameter without a condition.
2025-11-10 14:40:36,547 [WARN] IP:2250 - Analog_Filter not found: check if there is a RefParameter without a condition.
2025-11-10 14:40:36,551 [WARN] IP:2250 - I2C_Coeff_DF not found: check if there is a RefParameter without a condition.
2025-11-10 14:40:36,551 [WARN] IP:2250 - Analog_Filter not found: check if there is a RefParameter without a condition.
2025-11-10 14:40:36,577 [INFO] Gpio:278 - dependency for GPIO [ADC1, I2C1, I2C2, RCC, SPI1, SYS, USART1]
2025-11-10 14:40:36,655 [INFO] NvicIntPanel:101 - NVIC parent = com.st.microxplorer.plugins.ip.nvic.MultiNvicIntPanel[,0,0,0x0,invalid,layout=javax.swing.BoxLayout,alignmentX=0.0,alignmentY=0.0,border=,flags=9,maximumSize=,minimumSize=,preferredSize=]
2025-11-10 14:40:55,505 [INFO] UtilMem:75 - End SaveConfig() Used Memory: 618466632 Bytes (772800512)
2025-11-10 14:40:56,664 [INFO] UtilMem:75 - End SaveConfig() Used Memory: 643551992 Bytes (772800512)
2025-11-10 14:41:00,145 [INFO] UtilMem:75 - End SaveConfig() Used Memory: 306939696 Bytes (772800512)
2025-11-10 14:41:00,740 [INFO] BlockDiagram:2775 - set Specific Code input for plugin: SPI
2025-11-10 14:41:00,741 [INFO] BlockDiagram:2775 - set Specific Code input for plugin: NVIC
2025-11-10 14:41:00,741 [INFO] BlockDiagram:2775 - set Specific Code input for plugin: FREERTOS
2025-11-10 14:41:00,741 [INFO] BlockDiagram:2775 - set Specific Code input for plugin: USART
2025-11-10 14:41:00,741 [INFO] BlockDiagram:2775 - set Specific Code input for plugin: IWDG
2025-11-10 14:41:00,741 [INFO] BlockDiagram:2775 - set Specific Code input for plugin: DMA
2025-11-10 14:41:00,741 [INFO] BlockDiagram:2775 - set Specific Code input for plugin: SYS
2025-11-10 14:41:00,742 [INFO] BlockDiagram:2775 - set Specific Code input for plugin: GPIO
2025-11-10 14:41:00,742 [INFO] BlockDiagram:2775 - set Specific Code input for plugin: ADC
2025-11-10 14:41:00,742 [INFO] BlockDiagram:2775 - set Specific Code input for plugin: RCC
2025-11-10 14:41:00,742 [INFO] BlockDiagram:2775 - set Specific Code input for plugin: I2C
2025-11-10 14:41:00,742 [INFO] BlockDiagram:2775 - set Specific Code input for plugin: I2C
2025-11-10 14:41:00,743 [INFO] CodeGenerator:892 - code generatio: config db path: C:\ST\STM32CubeIDE_1.19.0\STM32CubeIDE\plugins\com.st.stm32cube.common.mx_6.15.0.202507011659\\db\
2025-11-10 14:41:00,747 [INFO] Argument:325 - Argument : hdmavalue: null
2025-11-10 14:41:00,747 [INFO] Argument:327 - 	 sub Args: 
2025-11-10 14:41:00,748 [INFO] Argument:325 - Argument : Instancevalue: DMA1_Channel1
2025-11-10 14:41:00,748 [INFO] Argument:335 - Argument : Instancevalue: DMA1_Channel1
2025-11-10 14:41:00,748 [INFO] Argument:325 - Argument : Initvalue: null
2025-11-10 14:41:00,748 [INFO] Argument:327 - 	 sub Args: 
2025-11-10 14:41:00,748 [INFO] Argument:325 - Argument : Directionvalue: DMA_PERIPH_TO_MEMORY
2025-11-10 14:41:00,749 [INFO] Argument:335 - Argument : Directionvalue: DMA_PERIPH_TO_MEMORY
2025-11-10 14:41:00,749 [INFO] Argument:325 - Argument : PeriphIncvalue: DMA_PINC_DISABLE
2025-11-10 14:41:00,749 [INFO] Argument:335 - Argument : PeriphIncvalue: DMA_PINC_DISABLE
2025-11-10 14:41:00,749 [INFO] Argument:325 - Argument : MemIncvalue: DMA_MINC_ENABLE
2025-11-10 14:41:00,749 [INFO] Argument:335 - Argument : MemIncvalue: DMA_MINC_ENABLE
2025-11-10 14:41:00,749 [INFO] Argument:325 - Argument : PeriphDataAlignmentvalue: DMA_PDATAALIGN_HALFWORD
2025-11-10 14:41:00,749 [INFO] Argument:335 - Argument : PeriphDataAlignmentvalue: DMA_PDATAALIGN_HALFWORD
2025-11-10 14:41:00,750 [INFO] Argument:325 - Argument : MemDataAlignmentvalue: DMA_MDATAALIGN_HALFWORD
2025-11-10 14:41:00,750 [INFO] Argument:335 - Argument : MemDataAlignmentvalue: DMA_MDATAALIGN_HALFWORD
2025-11-10 14:41:00,750 [INFO] Argument:325 - Argument : Modevalue: DMA_CIRCULAR
2025-11-10 14:41:00,750 [INFO] Argument:335 - Argument : Modevalue: DMA_CIRCULAR
2025-11-10 14:41:00,750 [INFO] Argument:325 - Argument : Priorityvalue: DMA_PRIORITY_LOW
2025-11-10 14:41:00,750 [INFO] Argument:335 - Argument : Priorityvalue: DMA_PRIORITY_LOW
2025-11-10 14:41:00,750 [INFO] Argument:325 - Argument : Lockvalue: null
2025-11-10 14:41:00,750 [INFO] Argument:335 - Argument : Lockvalue: null
2025-11-10 14:41:00,750 [INFO] Argument:325 - Argument : Statevalue: null
2025-11-10 14:41:00,751 [INFO] Argument:335 - Argument : Statevalue: null
2025-11-10 14:41:00,751 [INFO] Argument:325 - Argument : Parentvalue: null
2025-11-10 14:41:00,751 [INFO] Argument:335 - Argument : Parentvalue: null
2025-11-10 14:41:00,751 [INFO] Argument:325 - Argument : XferCpltCallbackvalue: null
2025-11-10 14:41:00,751 [INFO] Argument:335 - Argument : XferCpltCallbackvalue: null
2025-11-10 14:41:00,751 [INFO] Argument:325 - Argument : XferHalfCpltCallbackvalue: null
2025-11-10 14:41:00,751 [INFO] Argument:335 - Argument : XferHalfCpltCallbackvalue: null
2025-11-10 14:41:00,751 [INFO] Argument:325 - Argument : XferErrorCallbackvalue: null
2025-11-10 14:41:00,751 [INFO] Argument:335 - Argument : XferErrorCallbackvalue: null
2025-11-10 14:41:00,751 [INFO] Argument:325 - Argument : ErrorCodevalue: null
2025-11-10 14:41:00,751 [INFO] Argument:335 - Argument : ErrorCodevalue: null
2025-11-10 14:41:00,756 [WARN] IP:2250 - I2C_Coeff_DF not found: check if there is a RefParameter without a condition.
2025-11-10 14:41:00,757 [WARN] IP:2250 - Analog_Filter not found: check if there is a RefParameter without a condition.
2025-11-10 14:41:00,757 [WARN] IP:2250 - I2C_Coeff_DF not found: check if there is a RefParameter without a condition.
2025-11-10 14:41:00,757 [WARN] IP:2250 - Analog_Filter not found: check if there is a RefParameter without a condition.
2025-11-10 14:41:00,846 [INFO] CodeEngine:265 - oldGeneratedFile, C:\Users\USER\STM32CubeIDE\workspace_1.19.0\Hip-Pro_Hardware_V1.2\HardwareV1.2\MXTmpFiles\license.tmp_save
2025-11-10 14:41:01,046 [INFO] CodeEngine:289 - Generated code: C:\Users\USER\STM32CubeIDE\workspace_1.19.0\Hip-Pro_Hardware_V1.2\HardwareV1.2\MXTmpFiles\license.tmp
2025-11-10 14:41:01,112 [INFO] CodeEngine:265 - oldGeneratedFile, C:\Users\USER\STM32CubeIDE\workspace_1.19.0\Hip-Pro_Hardware_V1.2\HardwareV1.2\MXTmpFiles\gpio.tmp_save
2025-11-10 14:41:01,232 [INFO] CodeEngine:289 - Generated code: C:\Users\USER\STM32CubeIDE\workspace_1.19.0\Hip-Pro_Hardware_V1.2\HardwareV1.2\MXTmpFiles\gpio.tmp
2025-11-10 14:41:01,628 [INFO] Middleware:1452 - No code input for Bsp Dependency
2025-11-10 14:41:01,639 [INFO] CodeEngine:265 - oldGeneratedFile, C:\Users\USER\STM32CubeIDE\workspace_1.19.0\Hip-Pro_Hardware_V1.2\HardwareV1.2\MXTmpFiles\rtos_inc.tmp_save
2025-11-10 14:41:01,710 [INFO] CodeEngine:289 - Generated code: C:\Users\USER\STM32CubeIDE\workspace_1.19.0\Hip-Pro_Hardware_V1.2\HardwareV1.2\MXTmpFiles\rtos_inc.tmp
2025-11-10 14:41:01,719 [INFO] CodeEngine:265 - oldGeneratedFile, C:\Users\USER\STM32CubeIDE\workspace_1.19.0\Hip-Pro_Hardware_V1.2\HardwareV1.2\MXTmpFiles\rtos_vars.tmp_save
2025-11-10 14:41:01,787 [INFO] CodeEngine:289 - Generated code: C:\Users\USER\STM32CubeIDE\workspace_1.19.0\Hip-Pro_Hardware_V1.2\HardwareV1.2\MXTmpFiles\rtos_vars.tmp
2025-11-10 14:41:01,793 [INFO] CodeEngine:265 - oldGeneratedFile, C:\Users\USER\STM32CubeIDE\workspace_1.19.0\Hip-Pro_Hardware_V1.2\HardwareV1.2\MXTmpFiles\rtos_pfp.tmp_save
2025-11-10 14:41:01,860 [INFO] CodeEngine:289 - Generated code: C:\Users\USER\STM32CubeIDE\workspace_1.19.0\Hip-Pro_Hardware_V1.2\HardwareV1.2\MXTmpFiles\rtos_pfp.tmp
2025-11-10 14:41:01,865 [INFO] CodeEngine:265 - oldGeneratedFile, C:\Users\USER\STM32CubeIDE\workspace_1.19.0\Hip-Pro_Hardware_V1.2\HardwareV1.2\MXTmpFiles\rtos_obj_creat.tmp_save
2025-11-10 14:41:01,932 [INFO] CodeEngine:289 - Generated code: C:\Users\USER\STM32CubeIDE\workspace_1.19.0\Hip-Pro_Hardware_V1.2\HardwareV1.2\MXTmpFiles\rtos_obj_creat.tmp
2025-11-10 14:41:01,940 [INFO] CodeEngine:265 - oldGeneratedFile, C:\Users\USER\STM32CubeIDE\workspace_1.19.0\Hip-Pro_Hardware_V1.2\HardwareV1.2\MXTmpFiles\rtos_kernelStart.tmp_save
2025-11-10 14:41:01,998 [INFO] CodeEngine:289 - Generated code: C:\Users\USER\STM32CubeIDE\workspace_1.19.0\Hip-Pro_Hardware_V1.2\HardwareV1.2\MXTmpFiles\rtos_kernelStart.tmp
2025-11-10 14:41:02,005 [INFO] CodeEngine:265 - oldGeneratedFile, C:\Users\USER\STM32CubeIDE\workspace_1.19.0\Hip-Pro_Hardware_V1.2\HardwareV1.2\MXTmpFiles\rtos_default_thread.tmp_save
2025-11-10 14:41:02,066 [INFO] CodeEngine:289 - Generated code: C:\Users\USER\STM32CubeIDE\workspace_1.19.0\Hip-Pro_Hardware_V1.2\HardwareV1.2\MXTmpFiles\rtos_default_thread.tmp
2025-11-10 14:41:02,073 [INFO] CodeEngine:265 - oldGeneratedFile, C:\Users\USER\STM32CubeIDE\workspace_1.19.0\Hip-Pro_Hardware_V1.2\HardwareV1.2\MXTmpFiles\rtos_threads.tmp_save
2025-11-10 14:41:02,132 [INFO] CodeEngine:289 - Generated code: C:\Users\USER\STM32CubeIDE\workspace_1.19.0\Hip-Pro_Hardware_V1.2\HardwareV1.2\MXTmpFiles\rtos_threads.tmp
2025-11-10 14:41:02,150 [INFO] Middleware:1452 - No code input for Bsp Dependency
2025-11-10 14:41:02,160 [INFO] CodeEngine:265 - oldGeneratedFile, C:\Users\USER\STM32CubeIDE\workspace_1.19.0\Hip-Pro_Hardware_V1.2\HardwareV1.2\MXTmpFiles\rtos_inc.tmp_save
2025-11-10 14:41:02,219 [INFO] CodeEngine:289 - Generated code: C:\Users\USER\STM32CubeIDE\workspace_1.19.0\Hip-Pro_Hardware_V1.2\HardwareV1.2\MXTmpFiles\rtos_inc.tmp
2025-11-10 14:41:02,227 [INFO] CodeEngine:265 - oldGeneratedFile, C:\Users\USER\STM32CubeIDE\workspace_1.19.0\Hip-Pro_Hardware_V1.2\HardwareV1.2\MXTmpFiles\rtos_vars.tmp_save
2025-11-10 14:41:02,304 [INFO] CodeEngine:289 - Generated code: C:\Users\USER\STM32CubeIDE\workspace_1.19.0\Hip-Pro_Hardware_V1.2\HardwareV1.2\MXTmpFiles\rtos_vars.tmp
2025-11-10 14:41:02,312 [INFO] CodeEngine:265 - oldGeneratedFile, C:\Users\USER\STM32CubeIDE\workspace_1.19.0\Hip-Pro_Hardware_V1.2\HardwareV1.2\MXTmpFiles\rtos_pfp.tmp_save
2025-11-10 14:41:02,371 [INFO] CodeEngine:289 - Generated code: C:\Users\USER\STM32CubeIDE\workspace_1.19.0\Hip-Pro_Hardware_V1.2\HardwareV1.2\MXTmpFiles\rtos_pfp.tmp
2025-11-10 14:41:02,377 [INFO] CodeEngine:265 - oldGeneratedFile, C:\Users\USER\STM32CubeIDE\workspace_1.19.0\Hip-Pro_Hardware_V1.2\HardwareV1.2\MXTmpFiles\rtos_obj_creat.tmp_save
2025-11-10 14:41:02,438 [INFO] CodeEngine:289 - Generated code: C:\Users\USER\STM32CubeIDE\workspace_1.19.0\Hip-Pro_Hardware_V1.2\HardwareV1.2\MXTmpFiles\rtos_obj_creat.tmp
2025-11-10 14:41:02,445 [INFO] CodeEngine:265 - oldGeneratedFile, C:\Users\USER\STM32CubeIDE\workspace_1.19.0\Hip-Pro_Hardware_V1.2\HardwareV1.2\MXTmpFiles\rtos_kernelStart.tmp_save
2025-11-10 14:41:02,506 [INFO] CodeEngine:289 - Generated code: C:\Users\USER\STM32CubeIDE\workspace_1.19.0\Hip-Pro_Hardware_V1.2\HardwareV1.2\MXTmpFiles\rtos_kernelStart.tmp
2025-11-10 14:41:02,512 [INFO] CodeEngine:265 - oldGeneratedFile, C:\Users\USER\STM32CubeIDE\workspace_1.19.0\Hip-Pro_Hardware_V1.2\HardwareV1.2\MXTmpFiles\rtos_default_thread.tmp_save
2025-11-10 14:41:02,569 [INFO] CodeEngine:289 - Generated code: C:\Users\USER\STM32CubeIDE\workspace_1.19.0\Hip-Pro_Hardware_V1.2\HardwareV1.2\MXTmpFiles\rtos_default_thread.tmp
2025-11-10 14:41:02,576 [INFO] CodeEngine:265 - oldGeneratedFile, C:\Users\USER\STM32CubeIDE\workspace_1.19.0\Hip-Pro_Hardware_V1.2\HardwareV1.2\MXTmpFiles\rtos_threads.tmp_save
2025-11-10 14:41:02,636 [INFO] CodeEngine:289 - Generated code: C:\Users\USER\STM32CubeIDE\workspace_1.19.0\Hip-Pro_Hardware_V1.2\HardwareV1.2\MXTmpFiles\rtos_threads.tmp
2025-11-10 14:41:02,643 [INFO] CodeEngine:265 - oldGeneratedFile, C:\Users\USER\STM32CubeIDE\workspace_1.19.0\Hip-Pro_Hardware_V1.2\HardwareV1.2\Core\Inc\FreeRTOSConfig.h_save
2025-11-10 14:41:02,713 [INFO] CodeEngine:289 - Generated code: C:\Users\USER\STM32CubeIDE\workspace_1.19.0\Hip-Pro_Hardware_V1.2\HardwareV1.2\Core\Inc\FreeRTOSConfig.h
2025-11-10 14:41:02,721 [INFO] CodeEngine:265 - oldGeneratedFile, C:\Users\USER\STM32CubeIDE\workspace_1.19.0\Hip-Pro_Hardware_V1.2\HardwareV1.2\Core\Src\freertos.c_save
2025-11-10 14:41:02,788 [INFO] CodeEngine:289 - Generated code: C:\Users\USER\STM32CubeIDE\workspace_1.19.0\Hip-Pro_Hardware_V1.2\HardwareV1.2\Core\Src\freertos.c
2025-11-10 14:41:02,809 [INFO] CodeEngine:265 - oldGeneratedFile, C:\Users\USER\STM32CubeIDE\workspace_1.19.0\Hip-Pro_Hardware_V1.2\HardwareV1.2\MXTmpFiles\dma.tmp_save
2025-11-10 14:41:02,865 [INFO] CodeEngine:289 - Generated code: C:\Users\USER\STM32CubeIDE\workspace_1.19.0\Hip-Pro_Hardware_V1.2\HardwareV1.2\MXTmpFiles\dma.tmp
2025-11-10 14:41:02,871 [INFO] CodeEngine:265 - oldGeneratedFile, C:\Users\USER\STM32CubeIDE\workspace_1.19.0\Hip-Pro_Hardware_V1.2\HardwareV1.2\MXTmpFiles\dma_GV.tmp_save
2025-11-10 14:41:02,923 [INFO] CodeEngine:289 - Generated code: C:\Users\USER\STM32CubeIDE\workspace_1.19.0\Hip-Pro_Hardware_V1.2\HardwareV1.2\MXTmpFiles\dma_GV.tmp
2025-11-10 14:41:02,943 [INFO] CodeEngine:265 - oldGeneratedFile, C:\Users\USER\STM32CubeIDE\workspace_1.19.0\Hip-Pro_Hardware_V1.2\HardwareV1.2\Core\Src\stm32f1xx_it.c_save
2025-11-10 14:41:03,101 [INFO] CodeEngine:289 - Generated code: C:\Users\USER\STM32CubeIDE\workspace_1.19.0\Hip-Pro_Hardware_V1.2\HardwareV1.2\Core\Src\stm32f1xx_it.c
2025-11-10 14:41:03,108 [INFO] CodeEngine:265 - oldGeneratedFile, C:\Users\USER\STM32CubeIDE\workspace_1.19.0\Hip-Pro_Hardware_V1.2\HardwareV1.2\Core\Inc\stm32f1xx_it.h_save
2025-11-10 14:41:03,167 [INFO] CodeEngine:289 - Generated code: C:\Users\USER\STM32CubeIDE\workspace_1.19.0\Hip-Pro_Hardware_V1.2\HardwareV1.2\Core\Inc\stm32f1xx_it.h
2025-11-10 14:41:03,181 [INFO] CodeEngine:265 - oldGeneratedFile, C:\Users\USER\STM32CubeIDE\workspace_1.19.0\Hip-Pro_Hardware_V1.2\HardwareV1.2\Core\Src\stm32f1xx_hal_msp.c_save
2025-11-10 14:41:03,286 [INFO] CodeEngine:289 - Generated code: C:\Users\USER\STM32CubeIDE\workspace_1.19.0\Hip-Pro_Hardware_V1.2\HardwareV1.2\Core\Src\stm32f1xx_hal_msp.c
2025-11-10 14:41:03,291 [INFO] CodeEngine:265 - oldGeneratedFile, C:\Users\USER\STM32CubeIDE\workspace_1.19.0\Hip-Pro_Hardware_V1.2\HardwareV1.2\MXTmpFiles\system.tmp_save
2025-11-10 14:41:03,344 [INFO] CodeEngine:289 - Generated code: C:\Users\USER\STM32CubeIDE\workspace_1.19.0\Hip-Pro_Hardware_V1.2\HardwareV1.2\MXTmpFiles\system.tmp
2025-11-10 14:41:03,351 [INFO] CodeEngine:265 - oldGeneratedFile, C:\Users\USER\STM32CubeIDE\workspace_1.19.0\Hip-Pro_Hardware_V1.2\HardwareV1.2\Core\Src\stm32f1xx_hal_timebase_tim.c_save
2025-11-10 14:41:03,412 [INFO] CodeEngine:289 - Generated code: C:\Users\USER\STM32CubeIDE\workspace_1.19.0\Hip-Pro_Hardware_V1.2\HardwareV1.2\Core\Src\stm32f1xx_hal_timebase_tim.c
2025-11-10 14:41:03,426 [INFO] CodeEngine:321 - oldGeneratedFile, C:\Users\USER\STM32CubeIDE\workspace_1.19.0\Hip-Pro_Hardware_V1.2\HardwareV1.2\Core\Inc\stm32f1xx_hal_conf.h_save
2025-11-10 14:41:03,488 [INFO] CodeEngine:345 - Generated code: C:\Users\USER\STM32CubeIDE\workspace_1.19.0\Hip-Pro_Hardware_V1.2\HardwareV1.2\Core\Inc\stm32f1xx_hal_conf.h
2025-11-10 14:41:03,515 [INFO] CodeEngine:265 - oldGeneratedFile, C:\Users\USER\STM32CubeIDE\workspace_1.19.0\Hip-Pro_Hardware_V1.2\HardwareV1.2\Core\Inc\main.h_save
2025-11-10 14:41:03,586 [INFO] CodeEngine:289 - Generated code: C:\Users\USER\STM32CubeIDE\workspace_1.19.0\Hip-Pro_Hardware_V1.2\HardwareV1.2\Core\Inc\main.h
2025-11-10 14:41:03,592 [INFO] CodeEngine:265 - oldGeneratedFile, C:\Users\USER\STM32CubeIDE\workspace_1.19.0\Hip-Pro_Hardware_V1.2\HardwareV1.2\Core\Src\main.c_save
2025-11-10 14:41:03,725 [INFO] CodeEngine:289 - Generated code: C:\Users\USER\STM32CubeIDE\workspace_1.19.0\Hip-Pro_Hardware_V1.2\HardwareV1.2\Core\Src\main.c
2025-11-10 14:41:04,097 [INFO] ProjectBuilder:3606 - Time for Copy HAL[1] : 174mS.
2025-11-10 14:41:04,102 [INFO] ProjectBuilder:5216 - Project Generator version: 4.7.0-B52
2025-11-10 14:41:04,174 [INFO] ConfigFileManager:1595 - The Die is : DIE414
2025-11-10 14:41:05,410 [INFO] ProjectBuilder:5496 - Time for Generating toolchain IDE Files: 1308mS.
2025-11-10 14:41:05,411 [INFO] ProjectBuilder:3463 - Time for Copy CMSIS : 1mS.
2025-11-10 14:41:05,418 [INFO] ProjectBuilder:3463 - Time for Copy CMSIS : 0mS.
2025-11-10 15:51:56,631 [INFO] WebApp:194 - Connection lost
2025-11-10 15:52:02,943 [INFO] WebApp:191 - Connection restablished
2025-11-10 15:52:40,627 [INFO] WebApp:194 - Connection lost
2025-11-10 15:52:46,982 [INFO] WebApp:191 - Connection restablished
2025-11-10 15:52:47,445 [INFO] WebApp:194 - Connection lost
2025-11-10 15:52:47,949 [INFO] WebApp:191 - Connection restablished
2025-11-10 15:53:11,945 [INFO] WebApp:194 - Connection lost
2025-11-10 15:53:57,210 [INFO] WebApp:191 - Connection restablished
2025-11-10 15:53:57,391 [INFO] WebApp:194 - Connection lost
2025-11-10 15:53:57,408 [INFO] WebApp:191 - Connection restablished
2025-11-10 15:54:05,091 [INFO] WebApp:194 - Connection lost
2025-11-10 15:54:05,258 [INFO] WebApp:191 - Connection restablished
2025-11-10 15:55:17,218 [INFO] WebApp:194 - Connection lost
2025-11-10 15:55:17,414 [INFO] WebApp:191 - Connection restablished
2025-11-10 15:55:20,457 [INFO] WebApp:194 - Connection lost
2025-11-10 15:55:20,628 [INFO] WebApp:191 - Connection restablished
2025-11-10 16:24:42,151 [INFO] WebApp:194 - Connection lost
2025-11-10 16:24:57,657 [INFO] WebApp:191 - Connection restablished
2025-11-10 16:37:27,394 [INFO] WebApp:194 - Connection lost
2025-11-10 16:37:55,457 [INFO] WebApp:191 - Connection restablished
2025-11-10 16:37:58,293 [INFO] WebApp:194 - Connection lost
2025-11-10 16:37:58,492 [INFO] WebApp:191 - Connection restablished
2025-11-10 16:38:01,373 [INFO] WebApp:194 - Connection lost
2025-11-10 16:38:01,572 [INFO] WebApp:191 - Connection restablished
2025-11-10 17:09:02,950 [INFO] WebApp:194 - Connection lost
2025-11-10 17:09:20,253 [INFO] WebApp:191 - Connection restablished
2025-11-10 17:32:47,708 [ERROR] ConfigurationRetriever:142 - IOException on connection: sw-center.st.com
2025-11-10 17:32:47,709 [ERROR] ConfigurationRetriever:142 - IOException on connection: sw-center.st.com
2025-11-10 17:32:47,709 [ERROR] ConfigurationRetriever:142 - IOException on connection: sw-center.st.com
2025-11-10 17:32:47,731 [ERROR] ConfigurationRetriever:142 - IOException on connection: sw-center.st.com
2025-11-10 17:32:47,731 [ERROR] ConfigurationRetriever:142 - IOException on connection: sw-center.st.com
2025-11-10 17:32:47,731 [ERROR] ConfigurationRetriever:142 - IOException on connection: sw-center.st.com
2025-11-10 17:34:50,487 [INFO] NvicIntPanel:101 - NVIC parent = com.st.microxplorer.plugins.ip.nvic.MultiNvicIntPanel[,0,0,0x0,invalid,layout=javax.swing.BoxLayout,alignmentX=0.0,alignmentY=0.0,border=,flags=9,maximumSize=,minimumSize=,preferredSize=]
2025-11-10 17:36:53,646 [WARN] IP:2250 - I2C_Coeff_DF not found: check if there is a RefParameter without a condition.
2025-11-10 17:36:53,646 [WARN] IP:2250 - Analog_Filter not found: check if there is a RefParameter without a condition.
2025-11-10 17:37:16,394 [INFO] UtilMem:75 - End SaveConfig() Used Memory: 647338752 Bytes (772800512)
2025-11-10 17:37:16,606 [ERROR] ConfigurationRetriever:142 - IOException on connection: PKIX path building failed: sun.security.provider.certpath.SunCertPathBuilderException: unable to find valid certification path to requested target
2025-11-10 17:37:16,616 [ERROR] ConfigurationRetriever:142 - IOException on connection: PKIX path building failed: sun.security.provider.certpath.SunCertPathBuilderException: unable to find valid certification path to requested target
2025-11-10 17:37:16,627 [ERROR] ConfigurationRetriever:142 - IOException on connection: PKIX path building failed: sun.security.provider.certpath.SunCertPathBuilderException: unable to find valid certification path to requested target
2025-11-10 17:37:17,543 [INFO] UtilMem:75 - End SaveConfig() Used Memory: 671456000 Bytes (772800512)
2025-11-10 17:37:18,045 [INFO] UtilMem:75 - End SaveConfig() Used Memory: 318838272 Bytes (772800512)
2025-11-10 17:37:18,383 [INFO] BlockDiagram:2775 - set Specific Code input for plugin: SPI
2025-11-10 17:37:18,383 [INFO] BlockDiagram:2775 - set Specific Code input for plugin: NVIC
2025-11-10 17:37:18,383 [INFO] BlockDiagram:2775 - set Specific Code input for plugin: FREERTOS
2025-11-10 17:37:18,383 [INFO] BlockDiagram:2775 - set Specific Code input for plugin: USART
2025-11-10 17:37:18,383 [INFO] BlockDiagram:2775 - set Specific Code input for plugin: IWDG
2025-11-10 17:37:18,383 [INFO] BlockDiagram:2775 - set Specific Code input for plugin: DMA
2025-11-10 17:37:18,383 [INFO] BlockDiagram:2775 - set Specific Code input for plugin: SYS
2025-11-10 17:37:18,384 [INFO] BlockDiagram:2775 - set Specific Code input for plugin: GPIO
2025-11-10 17:37:18,384 [INFO] BlockDiagram:2775 - set Specific Code input for plugin: ADC
2025-11-10 17:37:18,384 [INFO] BlockDiagram:2775 - set Specific Code input for plugin: RCC
2025-11-10 17:37:18,384 [INFO] BlockDiagram:2775 - set Specific Code input for plugin: I2C
2025-11-10 17:37:18,385 [INFO] CodeGenerator:892 - code generatio: config db path: C:\ST\STM32CubeIDE_1.19.0\STM32CubeIDE\plugins\com.st.stm32cube.common.mx_6.15.0.202507011659\\db\
2025-11-10 17:37:18,390 [INFO] Argument:325 - Argument : hdmavalue: null
2025-11-10 17:37:18,390 [INFO] Argument:327 - 	 sub Args: 
2025-11-10 17:37:18,390 [INFO] Argument:325 - Argument : Instancevalue: DMA1_Channel1
2025-11-10 17:37:18,390 [INFO] Argument:335 - Argument : Instancevalue: DMA1_Channel1
2025-11-10 17:37:18,390 [INFO] Argument:325 - Argument : Initvalue: null
2025-11-10 17:37:18,390 [INFO] Argument:327 - 	 sub Args: 
2025-11-10 17:37:18,390 [INFO] Argument:325 - Argument : Directionvalue: DMA_PERIPH_TO_MEMORY
2025-11-10 17:37:18,391 [INFO] Argument:335 - Argument : Directionvalue: DMA_PERIPH_TO_MEMORY
2025-11-10 17:37:18,391 [INFO] Argument:325 - Argument : PeriphIncvalue: DMA_PINC_DISABLE
2025-11-10 17:37:18,391 [INFO] Argument:335 - Argument : PeriphIncvalue: DMA_PINC_DISABLE
2025-11-10 17:37:18,392 [INFO] Argument:325 - Argument : MemIncvalue: DMA_MINC_ENABLE
2025-11-10 17:37:18,392 [INFO] Argument:335 - Argument : MemIncvalue: DMA_MINC_ENABLE
2025-11-10 17:37:18,392 [INFO] Argument:325 - Argument : PeriphDataAlignmentvalue: DMA_PDATAALIGN_HALFWORD
2025-11-10 17:37:18,392 [INFO] Argument:335 - Argument : PeriphDataAlignmentvalue: DMA_PDATAALIGN_HALFWORD
2025-11-10 17:37:18,392 [INFO] Argument:325 - Argument : MemDataAlignmentvalue: DMA_MDATAALIGN_HALFWORD
2025-11-10 17:37:18,392 [INFO] Argument:335 - Argument : MemDataAlignmentvalue: DMA_MDATAALIGN_HALFWORD
2025-11-10 17:37:18,392 [INFO] Argument:325 - Argument : Modevalue: DMA_CIRCULAR
2025-11-10 17:37:18,392 [INFO] Argument:335 - Argument : Modevalue: DMA_CIRCULAR
2025-11-10 17:37:18,392 [INFO] Argument:325 - Argument : Priorityvalue: DMA_PRIORITY_LOW
2025-11-10 17:37:18,392 [INFO] Argument:335 - Argument : Priorityvalue: DMA_PRIORITY_LOW
2025-11-10 17:37:18,392 [INFO] Argument:325 - Argument : Lockvalue: null
2025-11-10 17:37:18,392 [INFO] Argument:335 - Argument : Lockvalue: null
2025-11-10 17:37:18,392 [INFO] Argument:325 - Argument : Statevalue: null
2025-11-10 17:37:18,392 [INFO] Argument:335 - Argument : Statevalue: null
2025-11-10 17:37:18,393 [INFO] Argument:325 - Argument : Parentvalue: null
2025-11-10 17:37:18,393 [INFO] Argument:335 - Argument : Parentvalue: null
2025-11-10 17:37:18,393 [INFO] Argument:325 - Argument : XferCpltCallbackvalue: null
2025-11-10 17:37:18,393 [INFO] Argument:335 - Argument : XferCpltCallbackvalue: null
2025-11-10 17:37:18,393 [INFO] Argument:325 - Argument : XferHalfCpltCallbackvalue: null
2025-11-10 17:37:18,393 [INFO] Argument:335 - Argument : XferHalfCpltCallbackvalue: null
2025-11-10 17:37:18,393 [INFO] Argument:325 - Argument : XferErrorCallbackvalue: null
2025-11-10 17:37:18,393 [INFO] Argument:335 - Argument : XferErrorCallbackvalue: null
2025-11-10 17:37:18,393 [INFO] Argument:325 - Argument : ErrorCodevalue: null
2025-11-10 17:37:18,393 [INFO] Argument:335 - Argument : ErrorCodevalue: null
2025-11-10 17:37:18,398 [WARN] IP:2250 - I2C_Coeff_DF not found: check if there is a RefParameter without a condition.
2025-11-10 17:37:18,398 [WARN] IP:2250 - Analog_Filter not found: check if there is a RefParameter without a condition.
2025-11-10 17:37:18,480 [INFO] CodeEngine:265 - oldGeneratedFile, C:\Users\USER\STM32CubeIDE\workspace_1.19.0\Hip-Pro_Hardware_V1.2\HardwareV1.2\MXTmpFiles\license.tmp_save
2025-11-10 17:37:18,724 [INFO] CodeEngine:289 - Generated code: C:\Users\USER\STM32CubeIDE\workspace_1.19.0\Hip-Pro_Hardware_V1.2\HardwareV1.2\MXTmpFiles\license.tmp
2025-11-10 17:37:18,801 [INFO] CodeEngine:265 - oldGeneratedFile, C:\Users\USER\STM32CubeIDE\workspace_1.19.0\Hip-Pro_Hardware_V1.2\HardwareV1.2\MXTmpFiles\gpio.tmp_save
2025-11-10 17:37:18,936 [INFO] CodeEngine:289 - Generated code: C:\Users\USER\STM32CubeIDE\workspace_1.19.0\Hip-Pro_Hardware_V1.2\HardwareV1.2\MXTmpFiles\gpio.tmp
2025-11-10 17:37:19,260 [INFO] Middleware:1452 - No code input for Bsp Dependency
2025-11-10 17:37:19,269 [INFO] CodeEngine:265 - oldGeneratedFile, C:\Users\USER\STM32CubeIDE\workspace_1.19.0\Hip-Pro_Hardware_V1.2\HardwareV1.2\MXTmpFiles\rtos_inc.tmp_save
2025-11-10 17:37:19,346 [INFO] CodeEngine:289 - Generated code: C:\Users\USER\STM32CubeIDE\workspace_1.19.0\Hip-Pro_Hardware_V1.2\HardwareV1.2\MXTmpFiles\rtos_inc.tmp
2025-11-10 17:37:19,351 [INFO] CodeEngine:265 - oldGeneratedFile, C:\Users\USER\STM32CubeIDE\workspace_1.19.0\Hip-Pro_Hardware_V1.2\HardwareV1.2\MXTmpFiles\rtos_vars.tmp_save
2025-11-10 17:37:19,427 [INFO] CodeEngine:289 - Generated code: C:\Users\USER\STM32CubeIDE\workspace_1.19.0\Hip-Pro_Hardware_V1.2\HardwareV1.2\MXTmpFiles\rtos_vars.tmp
2025-11-10 17:37:19,432 [INFO] CodeEngine:265 - oldGeneratedFile, C:\Users\USER\STM32CubeIDE\workspace_1.19.0\Hip-Pro_Hardware_V1.2\HardwareV1.2\MXTmpFiles\rtos_pfp.tmp_save
2025-11-10 17:37:19,491 [INFO] CodeEngine:289 - Generated code: C:\Users\USER\STM32CubeIDE\workspace_1.19.0\Hip-Pro_Hardware_V1.2\HardwareV1.2\MXTmpFiles\rtos_pfp.tmp
2025-11-10 17:37:19,497 [INFO] CodeEngine:265 - oldGeneratedFile, C:\Users\USER\STM32CubeIDE\workspace_1.19.0\Hip-Pro_Hardware_V1.2\HardwareV1.2\MXTmpFiles\rtos_obj_creat.tmp_save
2025-11-10 17:37:19,558 [INFO] CodeEngine:289 - Generated code: C:\Users\USER\STM32CubeIDE\workspace_1.19.0\Hip-Pro_Hardware_V1.2\HardwareV1.2\MXTmpFiles\rtos_obj_creat.tmp
2025-11-10 17:37:19,566 [INFO] CodeEngine:265 - oldGeneratedFile, C:\Users\USER\STM32CubeIDE\workspace_1.19.0\Hip-Pro_Hardware_V1.2\HardwareV1.2\MXTmpFiles\rtos_kernelStart.tmp_save
2025-11-10 17:37:19,623 [INFO] CodeEngine:289 - Generated code: C:\Users\USER\STM32CubeIDE\workspace_1.19.0\Hip-Pro_Hardware_V1.2\HardwareV1.2\MXTmpFiles\rtos_kernelStart.tmp
2025-11-10 17:37:19,629 [INFO] CodeEngine:265 - oldGeneratedFile, C:\Users\USER\STM32CubeIDE\workspace_1.19.0\Hip-Pro_Hardware_V1.2\HardwareV1.2\MXTmpFiles\rtos_default_thread.tmp_save
2025-11-10 17:37:19,689 [INFO] CodeEngine:289 - Generated code: C:\Users\USER\STM32CubeIDE\workspace_1.19.0\Hip-Pro_Hardware_V1.2\HardwareV1.2\MXTmpFiles\rtos_default_thread.tmp
2025-11-10 17:37:19,695 [INFO] CodeEngine:265 - oldGeneratedFile, C:\Users\USER\STM32CubeIDE\workspace_1.19.0\Hip-Pro_Hardware_V1.2\HardwareV1.2\MXTmpFiles\rtos_threads.tmp_save
2025-11-10 17:37:19,751 [INFO] CodeEngine:289 - Generated code: C:\Users\USER\STM32CubeIDE\workspace_1.19.0\Hip-Pro_Hardware_V1.2\HardwareV1.2\MXTmpFiles\rtos_threads.tmp
2025-11-10 17:37:19,766 [INFO] Middleware:1452 - No code input for Bsp Dependency
2025-11-10 17:37:19,773 [INFO] CodeEngine:265 - oldGeneratedFile, C:\Users\USER\STM32CubeIDE\workspace_1.19.0\Hip-Pro_Hardware_V1.2\HardwareV1.2\MXTmpFiles\rtos_inc.tmp_save
2025-11-10 17:37:19,844 [INFO] CodeEngine:289 - Generated code: C:\Users\USER\STM32CubeIDE\workspace_1.19.0\Hip-Pro_Hardware_V1.2\HardwareV1.2\MXTmpFiles\rtos_inc.tmp
2025-11-10 17:37:19,849 [INFO] CodeEngine:265 - oldGeneratedFile, C:\Users\USER\STM32CubeIDE\workspace_1.19.0\Hip-Pro_Hardware_V1.2\HardwareV1.2\MXTmpFiles\rtos_vars.tmp_save
2025-11-10 17:37:19,901 [INFO] CodeEngine:289 - Generated code: C:\Users\USER\STM32CubeIDE\workspace_1.19.0\Hip-Pro_Hardware_V1.2\HardwareV1.2\MXTmpFiles\rtos_vars.tmp
2025-11-10 17:37:19,906 [INFO] CodeEngine:265 - oldGeneratedFile, C:\Users\USER\STM32CubeIDE\workspace_1.19.0\Hip-Pro_Hardware_V1.2\HardwareV1.2\MXTmpFiles\rtos_pfp.tmp_save
2025-11-10 17:37:19,956 [INFO] CodeEngine:289 - Generated code: C:\Users\USER\STM32CubeIDE\workspace_1.19.0\Hip-Pro_Hardware_V1.2\HardwareV1.2\MXTmpFiles\rtos_pfp.tmp
2025-11-10 17:37:19,963 [INFO] CodeEngine:265 - oldGeneratedFile, C:\Users\USER\STM32CubeIDE\workspace_1.19.0\Hip-Pro_Hardware_V1.2\HardwareV1.2\MXTmpFiles\rtos_obj_creat.tmp_save
2025-11-10 17:37:20,014 [INFO] CodeEngine:289 - Generated code: C:\Users\USER\STM32CubeIDE\workspace_1.19.0\Hip-Pro_Hardware_V1.2\HardwareV1.2\MXTmpFiles\rtos_obj_creat.tmp
2025-11-10 17:37:20,019 [INFO] CodeEngine:265 - oldGeneratedFile, C:\Users\USER\STM32CubeIDE\workspace_1.19.0\Hip-Pro_Hardware_V1.2\HardwareV1.2\MXTmpFiles\rtos_kernelStart.tmp_save
2025-11-10 17:37:20,069 [INFO] CodeEngine:289 - Generated code: C:\Users\USER\STM32CubeIDE\workspace_1.19.0\Hip-Pro_Hardware_V1.2\HardwareV1.2\MXTmpFiles\rtos_kernelStart.tmp
2025-11-10 17:37:20,074 [INFO] CodeEngine:265 - oldGeneratedFile, C:\Users\USER\STM32CubeIDE\workspace_1.19.0\Hip-Pro_Hardware_V1.2\HardwareV1.2\MXTmpFiles\rtos_default_thread.tmp_save
2025-11-10 17:37:20,124 [INFO] CodeEngine:289 - Generated code: C:\Users\USER\STM32CubeIDE\workspace_1.19.0\Hip-Pro_Hardware_V1.2\HardwareV1.2\MXTmpFiles\rtos_default_thread.tmp
2025-11-10 17:37:20,129 [INFO] CodeEngine:265 - oldGeneratedFile, C:\Users\USER\STM32CubeIDE\workspace_1.19.0\Hip-Pro_Hardware_V1.2\HardwareV1.2\MXTmpFiles\rtos_threads.tmp_save
2025-11-10 17:37:20,180 [INFO] CodeEngine:289 - Generated code: C:\Users\USER\STM32CubeIDE\workspace_1.19.0\Hip-Pro_Hardware_V1.2\HardwareV1.2\MXTmpFiles\rtos_threads.tmp
2025-11-10 17:37:20,185 [INFO] CodeEngine:265 - oldGeneratedFile, C:\Users\USER\STM32CubeIDE\workspace_1.19.0\Hip-Pro_Hardware_V1.2\HardwareV1.2\Core\Inc\FreeRTOSConfig.h_save
2025-11-10 17:37:20,246 [INFO] CodeEngine:289 - Generated code: C:\Users\USER\STM32CubeIDE\workspace_1.19.0\Hip-Pro_Hardware_V1.2\HardwareV1.2\Core\Inc\FreeRTOSConfig.h
2025-11-10 17:37:20,252 [INFO] CodeEngine:265 - oldGeneratedFile, C:\Users\USER\STM32CubeIDE\workspace_1.19.0\Hip-Pro_Hardware_V1.2\HardwareV1.2\Core\Src\freertos.c_save
2025-11-10 17:37:20,310 [INFO] CodeEngine:289 - Generated code: C:\Users\USER\STM32CubeIDE\workspace_1.19.0\Hip-Pro_Hardware_V1.2\HardwareV1.2\Core\Src\freertos.c
2025-11-10 17:37:20,329 [INFO] CodeEngine:265 - oldGeneratedFile, C:\Users\USER\STM32CubeIDE\workspace_1.19.0\Hip-Pro_Hardware_V1.2\HardwareV1.2\MXTmpFiles\dma.tmp_save
2025-11-10 17:37:20,378 [INFO] CodeEngine:289 - Generated code: C:\Users\USER\STM32CubeIDE\workspace_1.19.0\Hip-Pro_Hardware_V1.2\HardwareV1.2\MXTmpFiles\dma.tmp
2025-11-10 17:37:20,382 [INFO] CodeEngine:265 - oldGeneratedFile, C:\Users\USER\STM32CubeIDE\workspace_1.19.0\Hip-Pro_Hardware_V1.2\HardwareV1.2\MXTmpFiles\dma_GV.tmp_save
2025-11-10 17:37:20,428 [INFO] CodeEngine:289 - Generated code: C:\Users\USER\STM32CubeIDE\workspace_1.19.0\Hip-Pro_Hardware_V1.2\HardwareV1.2\MXTmpFiles\dma_GV.tmp
2025-11-10 17:37:20,440 [INFO] CodeEngine:265 - oldGeneratedFile, C:\Users\USER\STM32CubeIDE\workspace_1.19.0\Hip-Pro_Hardware_V1.2\HardwareV1.2\Core\Src\stm32f1xx_it.c_save
2025-11-10 17:37:20,569 [INFO] CodeEngine:289 - Generated code: C:\Users\USER\STM32CubeIDE\workspace_1.19.0\Hip-Pro_Hardware_V1.2\HardwareV1.2\Core\Src\stm32f1xx_it.c
2025-11-10 17:37:20,575 [INFO] CodeEngine:265 - oldGeneratedFile, C:\Users\USER\STM32CubeIDE\workspace_1.19.0\Hip-Pro_Hardware_V1.2\HardwareV1.2\Core\Inc\stm32f1xx_it.h_save
2025-11-10 17:37:20,628 [INFO] CodeEngine:289 - Generated code: C:\Users\USER\STM32CubeIDE\workspace_1.19.0\Hip-Pro_Hardware_V1.2\HardwareV1.2\Core\Inc\stm32f1xx_it.h
2025-11-10 17:37:20,639 [INFO] CodeEngine:265 - oldGeneratedFile, C:\Users\USER\STM32CubeIDE\workspace_1.19.0\Hip-Pro_Hardware_V1.2\HardwareV1.2\Core\Src\stm32f1xx_hal_msp.c_save
2025-11-10 17:37:20,746 [INFO] CodeEngine:289 - Generated code: C:\Users\USER\STM32CubeIDE\workspace_1.19.0\Hip-Pro_Hardware_V1.2\HardwareV1.2\Core\Src\stm32f1xx_hal_msp.c
2025-11-10 17:37:20,750 [INFO] CodeEngine:265 - oldGeneratedFile, C:\Users\USER\STM32CubeIDE\workspace_1.19.0\Hip-Pro_Hardware_V1.2\HardwareV1.2\MXTmpFiles\system.tmp_save
2025-11-10 17:37:20,800 [INFO] CodeEngine:289 - Generated code: C:\Users\USER\STM32CubeIDE\workspace_1.19.0\Hip-Pro_Hardware_V1.2\HardwareV1.2\MXTmpFiles\system.tmp
2025-11-10 17:37:20,805 [INFO] CodeEngine:265 - oldGeneratedFile, C:\Users\USER\STM32CubeIDE\workspace_1.19.0\Hip-Pro_Hardware_V1.2\HardwareV1.2\Core\Src\stm32f1xx_hal_timebase_tim.c_save
2025-11-10 17:37:20,861 [INFO] CodeEngine:289 - Generated code: C:\Users\USER\STM32CubeIDE\workspace_1.19.0\Hip-Pro_Hardware_V1.2\HardwareV1.2\Core\Src\stm32f1xx_hal_timebase_tim.c
2025-11-10 17:37:20,873 [INFO] CodeEngine:321 - oldGeneratedFile, C:\Users\USER\STM32CubeIDE\workspace_1.19.0\Hip-Pro_Hardware_V1.2\HardwareV1.2\Core\Inc\stm32f1xx_hal_conf.h_save
2025-11-10 17:37:20,930 [INFO] CodeEngine:345 - Generated code: C:\Users\USER\STM32CubeIDE\workspace_1.19.0\Hip-Pro_Hardware_V1.2\HardwareV1.2\Core\Inc\stm32f1xx_hal_conf.h
2025-11-10 17:37:20,954 [INFO] CodeEngine:265 - oldGeneratedFile, C:\Users\USER\STM32CubeIDE\workspace_1.19.0\Hip-Pro_Hardware_V1.2\HardwareV1.2\Core\Inc\main.h_save
2025-11-10 17:37:21,021 [INFO] CodeEngine:289 - Generated code: C:\Users\USER\STM32CubeIDE\workspace_1.19.0\Hip-Pro_Hardware_V1.2\HardwareV1.2\Core\Inc\main.h
2025-11-10 17:37:21,028 [INFO] CodeEngine:265 - oldGeneratedFile, C:\Users\USER\STM32CubeIDE\workspace_1.19.0\Hip-Pro_Hardware_V1.2\HardwareV1.2\Core\Src\main.c_save
2025-11-10 17:37:21,154 [INFO] CodeEngine:289 - Generated code: C:\Users\USER\STM32CubeIDE\workspace_1.19.0\Hip-Pro_Hardware_V1.2\HardwareV1.2\Core\Src\main.c
2025-11-10 17:37:21,559 [INFO] ProjectBuilder:3606 - Time for Copy HAL[1] : 155mS.
2025-11-10 17:37:21,563 [INFO] ProjectBuilder:5216 - Project Generator version: 4.7.0-B52
2025-11-10 17:37:21,632 [INFO] ConfigFileManager:1595 - The Die is : DIE414
2025-11-10 17:37:22,783 [INFO] ProjectBuilder:5496 - Time for Generating toolchain IDE Files: 1220mS.
2025-11-10 17:37:22,784 [INFO] ProjectBuilder:3463 - Time for Copy CMSIS : 1mS.
2025-11-10 17:37:22,790 [INFO] ProjectBuilder:3463 - Time for Copy CMSIS : 0mS.
2025-11-10 17:37:29,198 [ERROR] ConfigurationRetriever:142 - IOException on connection: PKIX path building failed: sun.security.provider.certpath.SunCertPathBuilderException: unable to find valid certification path to requested target
2025-11-10 17:37:29,213 [ERROR] ConfigurationRetriever:142 - IOException on connection: PKIX path building failed: sun.security.provider.certpath.SunCertPathBuilderException: unable to find valid certification path to requested target
2025-11-10 17:37:29,226 [ERROR] ConfigurationRetriever:142 - IOException on connection: PKIX path building failed: sun.security.provider.certpath.SunCertPathBuilderException: unable to find valid certification path to requested target
2025-11-10 17:37:29,326 [ERROR] ConfigurationRetriever:142 - IOException on connection: PKIX path building failed: sun.security.provider.certpath.SunCertPathBuilderException: unable to find valid certification path to requested target
2025-11-10 17:37:29,337 [ERROR] ConfigurationRetriever:142 - IOException on connection: PKIX path building failed: sun.security.provider.certpath.SunCertPathBuilderException: unable to find valid certification path to requested target
2025-11-10 17:37:29,373 [ERROR] ConfigurationRetriever:142 - IOException on connection: PKIX path building failed: sun.security.provider.certpath.SunCertPathBuilderException: unable to find valid certification path to requested target
2025-11-10 17:38:13,516 [ERROR] ConfigurationRetriever:142 - IOException on connection: PKIX path building failed: sun.security.provider.certpath.SunCertPathBuilderException: unable to find valid certification path to requested target
2025-11-10 17:38:13,527 [ERROR] ConfigurationRetriever:142 - IOException on connection: PKIX path building failed: sun.security.provider.certpath.SunCertPathBuilderException: unable to find valid certification path to requested target
2025-11-10 17:38:13,563 [ERROR] ConfigurationRetriever:142 - IOException on connection: PKIX path building failed: sun.security.provider.certpath.SunCertPathBuilderException: unable to find valid certification path to requested target
2025-11-10 17:39:46,342 [WARN] IP:2250 - I2C_Coeff_DF not found: check if there is a RefParameter without a condition.
2025-11-10 17:39:46,342 [WARN] IP:2250 - Analog_Filter not found: check if there is a RefParameter without a condition.
2025-11-10 17:39:51,865 [INFO] NvicIntPanel:101 - NVIC parent = com.st.microxplorer.plugins.ip.nvic.MultiNvicIntPanel[,0,0,450x299,layout=javax.swing.BoxLayout,alignmentX=0.0,alignmentY=0.0,border=,flags=9,maximumSize=,minimumSize=,preferredSize=]
2025-11-10 17:39:53,913 [WARN] IP:2250 - I2C_Coeff_DF not found: check if there is a RefParameter without a condition.
2025-11-10 17:39:53,913 [WARN] IP:2250 - Analog_Filter not found: check if there is a RefParameter without a condition.
2025-11-10 17:40:11,098 [WARN] IP:2250 - I2C_Coeff_DF not found: check if there is a RefParameter without a condition.
2025-11-10 17:40:11,098 [WARN] IP:2250 - Analog_Filter not found: check if there is a RefParameter without a condition.
2025-11-10 17:40:11,098 [WARN] IP:2250 - I2C_Coeff_DF not found: check if there is a RefParameter without a condition.
2025-11-10 17:40:11,098 [WARN] IP:2250 - Analog_Filter not found: check if there is a RefParameter without a condition.
2025-11-10 17:40:14,316 [INFO] UtilMem:75 - End SaveConfig() Used Memory: 756410672 Bytes (823132160)
2025-11-10 17:40:15,464 [INFO] UtilMem:75 - End SaveConfig() Used Memory: 341158816 Bytes (823132160)
2025-11-10 17:40:15,613 [ERROR] ConfigurationRetriever:142 - IOException on connection: PKIX path building failed: sun.security.provider.certpath.SunCertPathBuilderException: unable to find valid certification path to requested target
2025-11-10 17:40:15,622 [ERROR] ConfigurationRetriever:142 - IOException on connection: PKIX path building failed: sun.security.provider.certpath.SunCertPathBuilderException: unable to find valid certification path to requested target
2025-11-10 17:40:15,629 [ERROR] ConfigurationRetriever:142 - IOException on connection: PKIX path building failed: sun.security.provider.certpath.SunCertPathBuilderException: unable to find valid certification path to requested target
2025-11-10 17:40:15,912 [INFO] UtilMem:75 - End SaveConfig() Used Memory: 381526944 Bytes (823132160)
2025-11-10 17:40:16,104 [INFO] BlockDiagram:2775 - set Specific Code input for plugin: SPI
2025-11-10 17:40:16,105 [INFO] BlockDiagram:2775 - set Specific Code input for plugin: NVIC
2025-11-10 17:40:16,105 [INFO] BlockDiagram:2775 - set Specific Code input for plugin: FREERTOS
2025-11-10 17:40:16,105 [INFO] BlockDiagram:2775 - set Specific Code input for plugin: USART
2025-11-10 17:40:16,105 [INFO] BlockDiagram:2775 - set Specific Code input for plugin: IWDG
2025-11-10 17:40:16,105 [INFO] BlockDiagram:2775 - set Specific Code input for plugin: DMA
2025-11-10 17:40:16,105 [INFO] BlockDiagram:2775 - set Specific Code input for plugin: SYS
2025-11-10 17:40:16,105 [INFO] BlockDiagram:2775 - set Specific Code input for plugin: GPIO
2025-11-10 17:40:16,105 [INFO] BlockDiagram:2775 - set Specific Code input for plugin: ADC
2025-11-10 17:40:16,105 [INFO] BlockDiagram:2775 - set Specific Code input for plugin: RCC
2025-11-10 17:40:16,105 [INFO] BlockDiagram:2775 - set Specific Code input for plugin: I2C
2025-11-10 17:40:16,106 [INFO] CodeGenerator:892 - code generatio: config db path: C:\ST\STM32CubeIDE_1.19.0\STM32CubeIDE\plugins\com.st.stm32cube.common.mx_6.15.0.202507011659\\db\
2025-11-10 17:40:16,109 [INFO] Argument:325 - Argument : hdmavalue: null
2025-11-10 17:40:16,109 [INFO] Argument:327 - 	 sub Args: 
2025-11-10 17:40:16,109 [INFO] Argument:325 - Argument : Instancevalue: DMA1_Channel1
2025-11-10 17:40:16,109 [INFO] Argument:335 - Argument : Instancevalue: DMA1_Channel1
2025-11-10 17:40:16,109 [INFO] Argument:325 - Argument : Initvalue: null
2025-11-10 17:40:16,109 [INFO] Argument:327 - 	 sub Args: 
2025-11-10 17:40:16,109 [INFO] Argument:325 - Argument : Directionvalue: DMA_PERIPH_TO_MEMORY
2025-11-10 17:40:16,109 [INFO] Argument:335 - Argument : Directionvalue: DMA_PERIPH_TO_MEMORY
2025-11-10 17:40:16,109 [INFO] Argument:325 - Argument : PeriphIncvalue: DMA_PINC_DISABLE
2025-11-10 17:40:16,109 [INFO] Argument:335 - Argument : PeriphIncvalue: DMA_PINC_DISABLE
2025-11-10 17:40:16,110 [INFO] Argument:325 - Argument : MemIncvalue: DMA_MINC_ENABLE
2025-11-10 17:40:16,110 [INFO] Argument:335 - Argument : MemIncvalue: DMA_MINC_ENABLE
2025-11-10 17:40:16,110 [INFO] Argument:325 - Argument : PeriphDataAlignmentvalue: DMA_PDATAALIGN_HALFWORD
2025-11-10 17:40:16,110 [INFO] Argument:335 - Argument : PeriphDataAlignmentvalue: DMA_PDATAALIGN_HALFWORD
2025-11-10 17:40:16,110 [INFO] Argument:325 - Argument : MemDataAlignmentvalue: DMA_MDATAALIGN_HALFWORD
2025-11-10 17:40:16,110 [INFO] Argument:335 - Argument : MemDataAlignmentvalue: DMA_MDATAALIGN_HALFWORD
2025-11-10 17:40:16,110 [INFO] Argument:325 - Argument : Modevalue: DMA_CIRCULAR
2025-11-10 17:40:16,110 [INFO] Argument:335 - Argument : Modevalue: DMA_CIRCULAR
2025-11-10 17:40:16,110 [INFO] Argument:325 - Argument : Priorityvalue: DMA_PRIORITY_LOW
2025-11-10 17:40:16,110 [INFO] Argument:335 - Argument : Priorityvalue: DMA_PRIORITY_LOW
2025-11-10 17:40:16,110 [INFO] Argument:325 - Argument : Lockvalue: null
2025-11-10 17:40:16,110 [INFO] Argument:335 - Argument : Lockvalue: null
2025-11-10 17:40:16,110 [INFO] Argument:325 - Argument : Statevalue: null
2025-11-10 17:40:16,110 [INFO] Argument:335 - Argument : Statevalue: null
2025-11-10 17:40:16,110 [INFO] Argument:325 - Argument : Parentvalue: null
2025-11-10 17:40:16,110 [INFO] Argument:335 - Argument : Parentvalue: null
2025-11-10 17:40:16,110 [INFO] Argument:325 - Argument : XferCpltCallbackvalue: null
2025-11-10 17:40:16,110 [INFO] Argument:335 - Argument : XferCpltCallbackvalue: null
2025-11-10 17:40:16,110 [INFO] Argument:325 - Argument : XferHalfCpltCallbackvalue: null
2025-11-10 17:40:16,110 [INFO] Argument:335 - Argument : XferHalfCpltCallbackvalue: null
2025-11-10 17:40:16,110 [INFO] Argument:325 - Argument : XferErrorCallbackvalue: null
2025-11-10 17:40:16,110 [INFO] Argument:335 - Argument : XferErrorCallbackvalue: null
2025-11-10 17:40:16,110 [INFO] Argument:325 - Argument : ErrorCodevalue: null
2025-11-10 17:40:16,110 [INFO] Argument:335 - Argument : ErrorCodevalue: null
2025-11-10 17:40:16,113 [WARN] IP:2250 - I2C_Coeff_DF not found: check if there is a RefParameter without a condition.
2025-11-10 17:40:16,113 [WARN] IP:2250 - Analog_Filter not found: check if there is a RefParameter without a condition.
2025-11-10 17:40:16,173 [INFO] CodeEngine:265 - oldGeneratedFile, C:\Users\USER\STM32CubeIDE\workspace_1.19.0\Hip-Pro_Hardware_V1.2\HardwareV1.2\MXTmpFiles\license.tmp_save
2025-11-10 17:40:16,340 [INFO] CodeEngine:289 - Generated code: C:\Users\USER\STM32CubeIDE\workspace_1.19.0\Hip-Pro_Hardware_V1.2\HardwareV1.2\MXTmpFiles\license.tmp
2025-11-10 17:40:16,421 [INFO] CodeEngine:265 - oldGeneratedFile, C:\Users\USER\STM32CubeIDE\workspace_1.19.0\Hip-Pro_Hardware_V1.2\HardwareV1.2\MXTmpFiles\gpio.tmp_save
2025-11-10 17:40:16,512 [INFO] CodeEngine:289 - Generated code: C:\Users\USER\STM32CubeIDE\workspace_1.19.0\Hip-Pro_Hardware_V1.2\HardwareV1.2\MXTmpFiles\gpio.tmp
2025-11-10 17:40:16,827 [INFO] Middleware:1452 - No code input for Bsp Dependency
2025-11-10 17:40:16,834 [INFO] CodeEngine:265 - oldGeneratedFile, C:\Users\USER\STM32CubeIDE\workspace_1.19.0\Hip-Pro_Hardware_V1.2\HardwareV1.2\MXTmpFiles\rtos_inc.tmp_save
2025-11-10 17:40:16,902 [INFO] CodeEngine:289 - Generated code: C:\Users\USER\STM32CubeIDE\workspace_1.19.0\Hip-Pro_Hardware_V1.2\HardwareV1.2\MXTmpFiles\rtos_inc.tmp
2025-11-10 17:40:16,907 [INFO] CodeEngine:265 - oldGeneratedFile, C:\Users\USER\STM32CubeIDE\workspace_1.19.0\Hip-Pro_Hardware_V1.2\HardwareV1.2\MXTmpFiles\rtos_vars.tmp_save
2025-11-10 17:40:16,968 [INFO] CodeEngine:289 - Generated code: C:\Users\USER\STM32CubeIDE\workspace_1.19.0\Hip-Pro_Hardware_V1.2\HardwareV1.2\MXTmpFiles\rtos_vars.tmp
2025-11-10 17:40:16,973 [INFO] CodeEngine:265 - oldGeneratedFile, C:\Users\USER\STM32CubeIDE\workspace_1.19.0\Hip-Pro_Hardware_V1.2\HardwareV1.2\MXTmpFiles\rtos_pfp.tmp_save
2025-11-10 17:40:17,036 [INFO] CodeEngine:289 - Generated code: C:\Users\USER\STM32CubeIDE\workspace_1.19.0\Hip-Pro_Hardware_V1.2\HardwareV1.2\MXTmpFiles\rtos_pfp.tmp
2025-11-10 17:40:17,041 [INFO] CodeEngine:265 - oldGeneratedFile, C:\Users\USER\STM32CubeIDE\workspace_1.19.0\Hip-Pro_Hardware_V1.2\HardwareV1.2\MXTmpFiles\rtos_obj_creat.tmp_save
2025-11-10 17:40:17,096 [INFO] CodeEngine:289 - Generated code: C:\Users\USER\STM32CubeIDE\workspace_1.19.0\Hip-Pro_Hardware_V1.2\HardwareV1.2\MXTmpFiles\rtos_obj_creat.tmp
2025-11-10 17:40:17,102 [INFO] CodeEngine:265 - oldGeneratedFile, C:\Users\USER\STM32CubeIDE\workspace_1.19.0\Hip-Pro_Hardware_V1.2\HardwareV1.2\MXTmpFiles\rtos_kernelStart.tmp_save
2025-11-10 17:40:17,153 [INFO] CodeEngine:289 - Generated code: C:\Users\USER\STM32CubeIDE\workspace_1.19.0\Hip-Pro_Hardware_V1.2\HardwareV1.2\MXTmpFiles\rtos_kernelStart.tmp
2025-11-10 17:40:17,157 [INFO] CodeEngine:265 - oldGeneratedFile, C:\Users\USER\STM32CubeIDE\workspace_1.19.0\Hip-Pro_Hardware_V1.2\HardwareV1.2\MXTmpFiles\rtos_default_thread.tmp_save
2025-11-10 17:40:17,206 [INFO] CodeEngine:289 - Generated code: C:\Users\USER\STM32CubeIDE\workspace_1.19.0\Hip-Pro_Hardware_V1.2\HardwareV1.2\MXTmpFiles\rtos_default_thread.tmp
2025-11-10 17:40:17,210 [INFO] CodeEngine:265 - oldGeneratedFile, C:\Users\USER\STM32CubeIDE\workspace_1.19.0\Hip-Pro_Hardware_V1.2\HardwareV1.2\MXTmpFiles\rtos_threads.tmp_save
2025-11-10 17:40:17,261 [INFO] CodeEngine:289 - Generated code: C:\Users\USER\STM32CubeIDE\workspace_1.19.0\Hip-Pro_Hardware_V1.2\HardwareV1.2\MXTmpFiles\rtos_threads.tmp
2025-11-10 17:40:17,278 [INFO] Middleware:1452 - No code input for Bsp Dependency
2025-11-10 17:40:17,287 [INFO] CodeEngine:265 - oldGeneratedFile, C:\Users\USER\STM32CubeIDE\workspace_1.19.0\Hip-Pro_Hardware_V1.2\HardwareV1.2\MXTmpFiles\rtos_inc.tmp_save
2025-11-10 17:40:17,337 [INFO] CodeEngine:289 - Generated code: C:\Users\USER\STM32CubeIDE\workspace_1.19.0\Hip-Pro_Hardware_V1.2\HardwareV1.2\MXTmpFiles\rtos_inc.tmp
2025-11-10 17:40:17,342 [INFO] CodeEngine:265 - oldGeneratedFile, C:\Users\USER\STM32CubeIDE\workspace_1.19.0\Hip-Pro_Hardware_V1.2\HardwareV1.2\MXTmpFiles\rtos_vars.tmp_save
2025-11-10 17:40:17,394 [INFO] CodeEngine:289 - Generated code: C:\Users\USER\STM32CubeIDE\workspace_1.19.0\Hip-Pro_Hardware_V1.2\HardwareV1.2\MXTmpFiles\rtos_vars.tmp
2025-11-10 17:40:17,400 [INFO] CodeEngine:265 - oldGeneratedFile, C:\Users\USER\STM32CubeIDE\workspace_1.19.0\Hip-Pro_Hardware_V1.2\HardwareV1.2\MXTmpFiles\rtos_pfp.tmp_save
2025-11-10 17:40:17,460 [INFO] CodeEngine:289 - Generated code: C:\Users\USER\STM32CubeIDE\workspace_1.19.0\Hip-Pro_Hardware_V1.2\HardwareV1.2\MXTmpFiles\rtos_pfp.tmp
2025-11-10 17:40:17,466 [INFO] CodeEngine:265 - oldGeneratedFile, C:\Users\USER\STM32CubeIDE\workspace_1.19.0\Hip-Pro_Hardware_V1.2\HardwareV1.2\MXTmpFiles\rtos_obj_creat.tmp_save
2025-11-10 17:40:17,518 [INFO] CodeEngine:289 - Generated code: C:\Users\USER\STM32CubeIDE\workspace_1.19.0\Hip-Pro_Hardware_V1.2\HardwareV1.2\MXTmpFiles\rtos_obj_creat.tmp
2025-11-10 17:40:17,524 [INFO] CodeEngine:265 - oldGeneratedFile, C:\Users\USER\STM32CubeIDE\workspace_1.19.0\Hip-Pro_Hardware_V1.2\HardwareV1.2\MXTmpFiles\rtos_kernelStart.tmp_save
2025-11-10 17:40:17,583 [INFO] CodeEngine:289 - Generated code: C:\Users\USER\STM32CubeIDE\workspace_1.19.0\Hip-Pro_Hardware_V1.2\HardwareV1.2\MXTmpFiles\rtos_kernelStart.tmp
2025-11-10 17:40:17,590 [INFO] CodeEngine:265 - oldGeneratedFile, C:\Users\USER\STM32CubeIDE\workspace_1.19.0\Hip-Pro_Hardware_V1.2\HardwareV1.2\MXTmpFiles\rtos_default_thread.tmp_save
2025-11-10 17:40:17,640 [INFO] CodeEngine:289 - Generated code: C:\Users\USER\STM32CubeIDE\workspace_1.19.0\Hip-Pro_Hardware_V1.2\HardwareV1.2\MXTmpFiles\rtos_default_thread.tmp
2025-11-10 17:40:17,645 [INFO] CodeEngine:265 - oldGeneratedFile, C:\Users\USER\STM32CubeIDE\workspace_1.19.0\Hip-Pro_Hardware_V1.2\HardwareV1.2\MXTmpFiles\rtos_threads.tmp_save
2025-11-10 17:40:17,694 [INFO] CodeEngine:289 - Generated code: C:\Users\USER\STM32CubeIDE\workspace_1.19.0\Hip-Pro_Hardware_V1.2\HardwareV1.2\MXTmpFiles\rtos_threads.tmp
2025-11-10 17:40:17,700 [INFO] CodeEngine:265 - oldGeneratedFile, C:\Users\USER\STM32CubeIDE\workspace_1.19.0\Hip-Pro_Hardware_V1.2\HardwareV1.2\Core\Inc\FreeRTOSConfig.h_save
2025-11-10 17:40:17,763 [INFO] CodeEngine:289 - Generated code: C:\Users\USER\STM32CubeIDE\workspace_1.19.0\Hip-Pro_Hardware_V1.2\HardwareV1.2\Core\Inc\FreeRTOSConfig.h
2025-11-10 17:40:17,769 [INFO] CodeEngine:265 - oldGeneratedFile, C:\Users\USER\STM32CubeIDE\workspace_1.19.0\Hip-Pro_Hardware_V1.2\HardwareV1.2\Core\Src\freertos.c_save
2025-11-10 17:40:17,826 [INFO] CodeEngine:289 - Generated code: C:\Users\USER\STM32CubeIDE\workspace_1.19.0\Hip-Pro_Hardware_V1.2\HardwareV1.2\Core\Src\freertos.c
2025-11-10 17:40:17,845 [INFO] CodeEngine:265 - oldGeneratedFile, C:\Users\USER\STM32CubeIDE\workspace_1.19.0\Hip-Pro_Hardware_V1.2\HardwareV1.2\MXTmpFiles\dma.tmp_save
2025-11-10 17:40:17,896 [INFO] CodeEngine:289 - Generated code: C:\Users\USER\STM32CubeIDE\workspace_1.19.0\Hip-Pro_Hardware_V1.2\HardwareV1.2\MXTmpFiles\dma.tmp
2025-11-10 17:40:17,900 [INFO] CodeEngine:265 - oldGeneratedFile, C:\Users\USER\STM32CubeIDE\workspace_1.19.0\Hip-Pro_Hardware_V1.2\HardwareV1.2\MXTmpFiles\dma_GV.tmp_save
2025-11-10 17:40:17,948 [INFO] CodeEngine:289 - Generated code: C:\Users\USER\STM32CubeIDE\workspace_1.19.0\Hip-Pro_Hardware_V1.2\HardwareV1.2\MXTmpFiles\dma_GV.tmp
2025-11-10 17:40:17,960 [INFO] CodeEngine:265 - oldGeneratedFile, C:\Users\USER\STM32CubeIDE\workspace_1.19.0\Hip-Pro_Hardware_V1.2\HardwareV1.2\Core\Src\stm32f1xx_it.c_save
2025-11-10 17:40:18,024 [INFO] CodeEngine:289 - Generated code: C:\Users\USER\STM32CubeIDE\workspace_1.19.0\Hip-Pro_Hardware_V1.2\HardwareV1.2\Core\Src\stm32f1xx_it.c
2025-11-10 17:40:18,030 [INFO] CodeEngine:265 - oldGeneratedFile, C:\Users\USER\STM32CubeIDE\workspace_1.19.0\Hip-Pro_Hardware_V1.2\HardwareV1.2\Core\Inc\stm32f1xx_it.h_save
2025-11-10 17:40:18,083 [INFO] CodeEngine:289 - Generated code: C:\Users\USER\STM32CubeIDE\workspace_1.19.0\Hip-Pro_Hardware_V1.2\HardwareV1.2\Core\Inc\stm32f1xx_it.h
2025-11-10 17:40:18,097 [INFO] CodeEngine:265 - oldGeneratedFile, C:\Users\USER\STM32CubeIDE\workspace_1.19.0\Hip-Pro_Hardware_V1.2\HardwareV1.2\Core\Src\stm32f1xx_hal_msp.c_save
2025-11-10 17:40:18,180 [INFO] CodeEngine:289 - Generated code: C:\Users\USER\STM32CubeIDE\workspace_1.19.0\Hip-Pro_Hardware_V1.2\HardwareV1.2\Core\Src\stm32f1xx_hal_msp.c
2025-11-10 17:40:18,185 [INFO] CodeEngine:265 - oldGeneratedFile, C:\Users\USER\STM32CubeIDE\workspace_1.19.0\Hip-Pro_Hardware_V1.2\HardwareV1.2\MXTmpFiles\system.tmp_save
2025-11-10 17:40:18,234 [INFO] CodeEngine:289 - Generated code: C:\Users\USER\STM32CubeIDE\workspace_1.19.0\Hip-Pro_Hardware_V1.2\HardwareV1.2\MXTmpFiles\system.tmp
2025-11-10 17:40:18,239 [INFO] CodeEngine:265 - oldGeneratedFile, C:\Users\USER\STM32CubeIDE\workspace_1.19.0\Hip-Pro_Hardware_V1.2\HardwareV1.2\Core\Src\stm32f1xx_hal_timebase_tim.c_save
2025-11-10 17:40:18,301 [INFO] CodeEngine:289 - Generated code: C:\Users\USER\STM32CubeIDE\workspace_1.19.0\Hip-Pro_Hardware_V1.2\HardwareV1.2\Core\Src\stm32f1xx_hal_timebase_tim.c
2025-11-10 17:40:18,311 [INFO] CodeEngine:321 - oldGeneratedFile, C:\Users\USER\STM32CubeIDE\workspace_1.19.0\Hip-Pro_Hardware_V1.2\HardwareV1.2\Core\Inc\stm32f1xx_hal_conf.h_save
2025-11-10 17:40:18,370 [INFO] CodeEngine:345 - Generated code: C:\Users\USER\STM32CubeIDE\workspace_1.19.0\Hip-Pro_Hardware_V1.2\HardwareV1.2\Core\Inc\stm32f1xx_hal_conf.h
2025-11-10 17:40:18,396 [INFO] CodeEngine:265 - oldGeneratedFile, C:\Users\USER\STM32CubeIDE\workspace_1.19.0\Hip-Pro_Hardware_V1.2\HardwareV1.2\Core\Inc\main.h_save
2025-11-10 17:40:18,457 [INFO] CodeEngine:289 - Generated code: C:\Users\USER\STM32CubeIDE\workspace_1.19.0\Hip-Pro_Hardware_V1.2\HardwareV1.2\Core\Inc\main.h
2025-11-10 17:40:18,463 [INFO] CodeEngine:265 - oldGeneratedFile, C:\Users\USER\STM32CubeIDE\workspace_1.19.0\Hip-Pro_Hardware_V1.2\HardwareV1.2\Core\Src\main.c_save
2025-11-10 17:40:18,586 [INFO] CodeEngine:289 - Generated code: C:\Users\USER\STM32CubeIDE\workspace_1.19.0\Hip-Pro_Hardware_V1.2\HardwareV1.2\Core\Src\main.c
2025-11-10 17:40:18,891 [INFO] ProjectBuilder:3606 - Time for Copy HAL[1] : 152mS.
2025-11-10 17:40:18,894 [INFO] ProjectBuilder:5216 - Project Generator version: 4.7.0-B52
2025-11-10 17:40:18,959 [INFO] ConfigFileManager:1595 - The Die is : DIE414
2025-11-10 17:40:19,881 [INFO] ProjectBuilder:5496 - Time for Generating toolchain IDE Files: 987mS.
2025-11-10 17:40:19,883 [INFO] ProjectBuilder:3463 - Time for Copy CMSIS : 1mS.
2025-11-10 17:40:19,895 [INFO] ProjectBuilder:3463 - Time for Copy CMSIS : 0mS.
2025-11-10 17:40:36,487 [ERROR] ConfigurationRetriever:142 - IOException on connection: PKIX path building failed: sun.security.provider.certpath.SunCertPathBuilderException: unable to find valid certification path to requested target
2025-11-10 17:40:36,495 [ERROR] ConfigurationRetriever:142 - IOException on connection: PKIX path building failed: sun.security.provider.certpath.SunCertPathBuilderException: unable to find valid certification path to requested target
2025-11-10 17:40:36,503 [ERROR] ConfigurationRetriever:142 - IOException on connection: PKIX path building failed: sun.security.provider.certpath.SunCertPathBuilderException: unable to find valid certification path to requested target
2025-11-10 17:40:36,586 [ERROR] ConfigurationRetriever:142 - IOException on connection: PKIX path building failed: sun.security.provider.certpath.SunCertPathBuilderException: unable to find valid certification path to requested target
2025-11-10 17:40:36,598 [ERROR] ConfigurationRetriever:142 - IOException on connection: PKIX path building failed: sun.security.provider.certpath.SunCertPathBuilderException: unable to find valid certification path to requested target
2025-11-10 17:40:36,605 [ERROR] ConfigurationRetriever:142 - IOException on connection: PKIX path building failed: sun.security.provider.certpath.SunCertPathBuilderException: unable to find valid certification path to requested target
2025-11-10 17:41:44,957 [ERROR] ConfigurationRetriever:142 - IOException on connection: sw-center.st.com
2025-11-10 17:41:44,957 [ERROR] ConfigurationRetriever:142 - IOException on connection: sw-center.st.com
2025-11-10 17:41:44,958 [ERROR] ConfigurationRetriever:142 - IOException on connection: sw-center.st.com
2025-11-10 17:43:46,047 [ERROR] ConfigurationRetriever:142 - IOException on connection: sw-center.st.com
2025-11-10 17:43:46,048 [ERROR] ConfigurationRetriever:142 - IOException on connection: sw-center.st.com
2025-11-10 17:43:46,048 [ERROR] ConfigurationRetriever:142 - IOException on connection: sw-center.st.com
2025-11-10 17:43:46,059 [ERROR] ConfigurationRetriever:142 - IOException on connection: sw-center.st.com
2025-11-10 17:43:46,059 [ERROR] ConfigurationRetriever:142 - IOException on connection: sw-center.st.com
2025-11-10 17:43:46,059 [ERROR] ConfigurationRetriever:142 - IOException on connection: sw-center.st.com
2025-11-10 17:45:46,298 [ERROR] ConfigurationRetriever:142 - IOException on connection: PKIX path building failed: sun.security.provider.certpath.SunCertPathBuilderException: unable to find valid certification path to requested target
2025-11-10 17:45:46,308 [ERROR] ConfigurationRetriever:142 - IOException on connection: PKIX path building failed: sun.security.provider.certpath.SunCertPathBuilderException: unable to find valid certification path to requested target
2025-11-10 17:45:46,316 [ERROR] ConfigurationRetriever:142 - IOException on connection: PKIX path building failed: sun.security.provider.certpath.SunCertPathBuilderException: unable to find valid certification path to requested target
2025-11-10 17:45:46,340 [ERROR] ConfigurationRetriever:142 - IOException on connection: PKIX path building failed: sun.security.provider.certpath.SunCertPathBuilderException: unable to find valid certification path to requested target
2025-11-10 17:45:46,348 [ERROR] ConfigurationRetriever:142 - IOException on connection: PKIX path building failed: sun.security.provider.certpath.SunCertPathBuilderException: unable to find valid certification path to requested target
2025-11-10 17:45:46,390 [ERROR] ConfigurationRetriever:142 - IOException on connection: PKIX path building failed: sun.security.provider.certpath.SunCertPathBuilderException: unable to find valid certification path to requested target
2025-11-10 17:51:44,077 [INFO] WebApp:194 - Connection lost
2025-11-10 17:51:44,276 [INFO] WebApp:191 - Connection restablished
2025-11-10 17:51:45,529 [ERROR] LogOutputStream:75 - [STDERR_REDIRECT] 17:51:45.526 ERROR Chromium process exit code: -1,073,741,819
2025-11-10 17:51:45,529 [ERROR] LogOutputStream:75 - [STDERR_REDIRECT] 
2025-11-10 17:51:45,531 [ERROR] LogOutputStream:75 - [STDERR_REDIRECT] 17:51:45.530 ERROR Crash dump dir: C:\Users\USER\AppData\Local\JxBrowser\7.41.4\CrashReports
2025-11-10 17:51:45,531 [ERROR] LogOutputStream:75 - [STDERR_REDIRECT] 
2025-11-10 17:51:45,534 [ERROR] WebApp:412 - JxBrowser engine crashed! Exit code: -1073741819
2025-11-10 18:02:28,089 [INFO] NvicIntPanel:101 - NVIC parent = com.st.microxplorer.plugins.ip.nvic.MultiNvicIntPanel[,0,0,450x299,layout=javax.swing.BoxLayout,alignmentX=0.0,alignmentY=0.0,border=,flags=9,maximumSize=,minimumSize=,preferredSize=]
2025-11-10 18:30:32,412 [WARN] IP:2250 - I2C_Coeff_DF not found: check if there is a RefParameter without a condition.
2025-11-10 18:30:32,412 [WARN] IP:2250 - Analog_Filter not found: check if there is a RefParameter without a condition.
2025-11-10 18:30:32,413 [WARN] IP:2250 - I2C_Coeff_DF not found: check if there is a RefParameter without a condition.
2025-11-10 18:30:32,413 [WARN] IP:2250 - Analog_Filter not found: check if there is a RefParameter without a condition.
2025-11-10 18:30:34,054 [INFO] UtilMem:75 - End SaveConfig() Used Memory: 603985224 Bytes (823132160)
2025-11-10 18:30:35,827 [INFO] UtilMem:75 - End SaveConfig() Used Memory: 632296776 Bytes (823132160)
2025-11-10 18:30:36,278 [INFO] UtilMem:75 - End SaveConfig() Used Memory: 671616328 Bytes (823132160)
2025-11-10 18:30:36,574 [INFO] BlockDiagram:2775 - set Specific Code input for plugin: RTC
2025-11-10 18:30:36,575 [INFO] BlockDiagram:2775 - set Specific Code input for plugin: SPI
2025-11-10 18:30:36,575 [INFO] BlockDiagram:2775 - set Specific Code input for plugin: NVIC
2025-11-10 18:30:36,575 [INFO] BlockDiagram:2775 - set Specific Code input for plugin: FREERTOS
2025-11-10 18:30:36,575 [INFO] BlockDiagram:2775 - set Specific Code input for plugin: USART
2025-11-10 18:30:36,575 [INFO] BlockDiagram:2775 - set Specific Code input for plugin: IWDG
2025-11-10 18:30:36,575 [INFO] BlockDiagram:2775 - set Specific Code input for plugin: DMA
2025-11-10 18:30:36,575 [INFO] BlockDiagram:2775 - set Specific Code input for plugin: SYS
2025-11-10 18:30:36,576 [INFO] BlockDiagram:2775 - set Specific Code input for plugin: GPIO
2025-11-10 18:30:36,576 [INFO] BlockDiagram:2775 - set Specific Code input for plugin: ADC
2025-11-10 18:30:36,576 [INFO] BlockDiagram:2775 - set Specific Code input for plugin: RCC
2025-11-10 18:30:36,577 [INFO] BlockDiagram:2775 - set Specific Code input for plugin: I2C
2025-11-10 18:30:36,578 [INFO] CodeGenerator:892 - code generatio: config db path: C:\ST\STM32CubeIDE_1.19.0\STM32CubeIDE\plugins\com.st.stm32cube.common.mx_6.15.0.202507011659\\db\
2025-11-10 18:30:36,583 [INFO] Argument:325 - Argument : hdmavalue: null
2025-11-10 18:30:36,583 [INFO] Argument:327 - 	 sub Args: 
2025-11-10 18:30:36,583 [INFO] Argument:325 - Argument : Instancevalue: DMA1_Channel1
2025-11-10 18:30:36,583 [INFO] Argument:335 - Argument : Instancevalue: DMA1_Channel1
2025-11-10 18:30:36,583 [INFO] Argument:325 - Argument : Initvalue: null
2025-11-10 18:30:36,583 [INFO] Argument:327 - 	 sub Args: 
2025-11-10 18:30:36,583 [INFO] Argument:325 - Argument : Directionvalue: DMA_PERIPH_TO_MEMORY
2025-11-10 18:30:36,584 [INFO] Argument:335 - Argument : Directionvalue: DMA_PERIPH_TO_MEMORY
2025-11-10 18:30:36,584 [INFO] Argument:325 - Argument : PeriphIncvalue: DMA_PINC_DISABLE
2025-11-10 18:30:36,584 [INFO] Argument:335 - Argument : PeriphIncvalue: DMA_PINC_DISABLE
2025-11-10 18:30:36,584 [INFO] Argument:325 - Argument : MemIncvalue: DMA_MINC_ENABLE
2025-11-10 18:30:36,584 [INFO] Argument:335 - Argument : MemIncvalue: DMA_MINC_ENABLE
2025-11-10 18:30:36,584 [INFO] Argument:325 - Argument : PeriphDataAlignmentvalue: DMA_PDATAALIGN_HALFWORD
2025-11-10 18:30:36,584 [INFO] Argument:335 - Argument : PeriphDataAlignmentvalue: DMA_PDATAALIGN_HALFWORD
2025-11-10 18:30:36,585 [INFO] Argument:325 - Argument : MemDataAlignmentvalue: DMA_MDATAALIGN_HALFWORD
2025-11-10 18:30:36,585 [INFO] Argument:335 - Argument : MemDataAlignmentvalue: DMA_MDATAALIGN_HALFWORD
2025-11-10 18:30:36,585 [INFO] Argument:325 - Argument : Modevalue: DMA_CIRCULAR
2025-11-10 18:30:36,585 [INFO] Argument:335 - Argument : Modevalue: DMA_CIRCULAR
2025-11-10 18:30:36,585 [INFO] Argument:325 - Argument : Priorityvalue: DMA_PRIORITY_LOW
2025-11-10 18:30:36,585 [INFO] Argument:335 - Argument : Priorityvalue: DMA_PRIORITY_LOW
2025-11-10 18:30:36,585 [INFO] Argument:325 - Argument : Lockvalue: null
2025-11-10 18:30:36,585 [INFO] Argument:335 - Argument : Lockvalue: null
2025-11-10 18:30:36,585 [INFO] Argument:325 - Argument : Statevalue: null
2025-11-10 18:30:36,585 [INFO] Argument:335 - Argument : Statevalue: null
2025-11-10 18:30:36,585 [INFO] Argument:325 - Argument : Parentvalue: null
2025-11-10 18:30:36,585 [INFO] Argument:335 - Argument : Parentvalue: null
2025-11-10 18:30:36,585 [INFO] Argument:325 - Argument : XferCpltCallbackvalue: null
2025-11-10 18:30:36,585 [INFO] Argument:335 - Argument : XferCpltCallbackvalue: null
2025-11-10 18:30:36,585 [INFO] Argument:325 - Argument : XferHalfCpltCallbackvalue: null
2025-11-10 18:30:36,585 [INFO] Argument:335 - Argument : XferHalfCpltCallbackvalue: null
2025-11-10 18:30:36,585 [INFO] Argument:325 - Argument : XferErrorCallbackvalue: null
2025-11-10 18:30:36,586 [INFO] Argument:335 - Argument : XferErrorCallbackvalue: null
2025-11-10 18:30:36,586 [INFO] Argument:325 - Argument : ErrorCodevalue: null
2025-11-10 18:30:36,586 [INFO] Argument:335 - Argument : ErrorCodevalue: null
2025-11-10 18:30:36,591 [WARN] IP:2250 - I2C_Coeff_DF not found: check if there is a RefParameter without a condition.
2025-11-10 18:30:36,591 [WARN] IP:2250 - Analog_Filter not found: check if there is a RefParameter without a condition.
2025-11-10 18:30:36,685 [INFO] CodeEngine:265 - oldGeneratedFile, C:\Users\USER\STM32CubeIDE\workspace_1.19.0\Hip-Pro_Hardware_V1.2\HardwareV1.2\MXTmpFiles\license.tmp_save
2025-11-10 18:30:36,929 [INFO] CodeEngine:289 - Generated code: C:\Users\USER\STM32CubeIDE\workspace_1.19.0\Hip-Pro_Hardware_V1.2\HardwareV1.2\MXTmpFiles\license.tmp
2025-11-10 18:30:36,995 [INFO] CodeEngine:265 - oldGeneratedFile, C:\Users\USER\STM32CubeIDE\workspace_1.19.0\Hip-Pro_Hardware_V1.2\HardwareV1.2\MXTmpFiles\gpio.tmp_save
2025-11-10 18:30:37,126 [INFO] CodeEngine:289 - Generated code: C:\Users\USER\STM32CubeIDE\workspace_1.19.0\Hip-Pro_Hardware_V1.2\HardwareV1.2\MXTmpFiles\gpio.tmp
2025-11-10 18:30:37,509 [INFO] Middleware:1452 - No code input for Bsp Dependency
2025-11-10 18:30:37,517 [INFO] CodeEngine:265 - oldGeneratedFile, C:\Users\USER\STM32CubeIDE\workspace_1.19.0\Hip-Pro_Hardware_V1.2\HardwareV1.2\MXTmpFiles\rtos_inc.tmp_save
2025-11-10 18:30:37,596 [INFO] CodeEngine:289 - Generated code: C:\Users\USER\STM32CubeIDE\workspace_1.19.0\Hip-Pro_Hardware_V1.2\HardwareV1.2\MXTmpFiles\rtos_inc.tmp
2025-11-10 18:30:37,603 [INFO] CodeEngine:265 - oldGeneratedFile, C:\Users\USER\STM32CubeIDE\workspace_1.19.0\Hip-Pro_Hardware_V1.2\HardwareV1.2\MXTmpFiles\rtos_vars.tmp_save
2025-11-10 18:30:37,683 [INFO] CodeEngine:289 - Generated code: C:\Users\USER\STM32CubeIDE\workspace_1.19.0\Hip-Pro_Hardware_V1.2\HardwareV1.2\MXTmpFiles\rtos_vars.tmp
2025-11-10 18:30:37,690 [INFO] CodeEngine:265 - oldGeneratedFile, C:\Users\USER\STM32CubeIDE\workspace_1.19.0\Hip-Pro_Hardware_V1.2\HardwareV1.2\MXTmpFiles\rtos_pfp.tmp_save
2025-11-10 18:30:37,759 [INFO] CodeEngine:289 - Generated code: C:\Users\USER\STM32CubeIDE\workspace_1.19.0\Hip-Pro_Hardware_V1.2\HardwareV1.2\MXTmpFiles\rtos_pfp.tmp
2025-11-10 18:30:37,763 [INFO] CodeEngine:265 - oldGeneratedFile, C:\Users\USER\STM32CubeIDE\workspace_1.19.0\Hip-Pro_Hardware_V1.2\HardwareV1.2\MXTmpFiles\rtos_obj_creat.tmp_save
2025-11-10 18:30:37,820 [INFO] CodeEngine:289 - Generated code: C:\Users\USER\STM32CubeIDE\workspace_1.19.0\Hip-Pro_Hardware_V1.2\HardwareV1.2\MXTmpFiles\rtos_obj_creat.tmp
2025-11-10 18:30:37,825 [INFO] CodeEngine:265 - oldGeneratedFile, C:\Users\USER\STM32CubeIDE\workspace_1.19.0\Hip-Pro_Hardware_V1.2\HardwareV1.2\MXTmpFiles\rtos_kernelStart.tmp_save
2025-11-10 18:30:37,879 [INFO] CodeEngine:289 - Generated code: C:\Users\USER\STM32CubeIDE\workspace_1.19.0\Hip-Pro_Hardware_V1.2\HardwareV1.2\MXTmpFiles\rtos_kernelStart.tmp
2025-11-10 18:30:37,883 [INFO] CodeEngine:265 - oldGeneratedFile, C:\Users\USER\STM32CubeIDE\workspace_1.19.0\Hip-Pro_Hardware_V1.2\HardwareV1.2\MXTmpFiles\rtos_default_thread.tmp_save
2025-11-10 18:30:37,939 [INFO] CodeEngine:289 - Generated code: C:\Users\USER\STM32CubeIDE\workspace_1.19.0\Hip-Pro_Hardware_V1.2\HardwareV1.2\MXTmpFiles\rtos_default_thread.tmp
2025-11-10 18:30:37,944 [INFO] CodeEngine:265 - oldGeneratedFile, C:\Users\USER\STM32CubeIDE\workspace_1.19.0\Hip-Pro_Hardware_V1.2\HardwareV1.2\MXTmpFiles\rtos_threads.tmp_save
2025-11-10 18:30:37,997 [INFO] CodeEngine:289 - Generated code: C:\Users\USER\STM32CubeIDE\workspace_1.19.0\Hip-Pro_Hardware_V1.2\HardwareV1.2\MXTmpFiles\rtos_threads.tmp
2025-11-10 18:30:38,013 [INFO] Middleware:1452 - No code input for Bsp Dependency
2025-11-10 18:30:38,023 [INFO] CodeEngine:265 - oldGeneratedFile, C:\Users\USER\STM32CubeIDE\workspace_1.19.0\Hip-Pro_Hardware_V1.2\HardwareV1.2\MXTmpFiles\rtos_inc.tmp_save
2025-11-10 18:30:38,080 [INFO] CodeEngine:289 - Generated code: C:\Users\USER\STM32CubeIDE\workspace_1.19.0\Hip-Pro_Hardware_V1.2\HardwareV1.2\MXTmpFiles\rtos_inc.tmp
2025-11-10 18:30:38,086 [INFO] CodeEngine:265 - oldGeneratedFile, C:\Users\USER\STM32CubeIDE\workspace_1.19.0\Hip-Pro_Hardware_V1.2\HardwareV1.2\MXTmpFiles\rtos_vars.tmp_save
2025-11-10 18:30:38,144 [INFO] CodeEngine:289 - Generated code: C:\Users\USER\STM32CubeIDE\workspace_1.19.0\Hip-Pro_Hardware_V1.2\HardwareV1.2\MXTmpFiles\rtos_vars.tmp
2025-11-10 18:30:38,150 [INFO] CodeEngine:265 - oldGeneratedFile, C:\Users\USER\STM32CubeIDE\workspace_1.19.0\Hip-Pro_Hardware_V1.2\HardwareV1.2\MXTmpFiles\rtos_pfp.tmp_save
2025-11-10 18:30:38,201 [INFO] CodeEngine:289 - Generated code: C:\Users\USER\STM32CubeIDE\workspace_1.19.0\Hip-Pro_Hardware_V1.2\HardwareV1.2\MXTmpFiles\rtos_pfp.tmp
2025-11-10 18:30:38,206 [INFO] CodeEngine:265 - oldGeneratedFile, C:\Users\USER\STM32CubeIDE\workspace_1.19.0\Hip-Pro_Hardware_V1.2\HardwareV1.2\MXTmpFiles\rtos_obj_creat.tmp_save
2025-11-10 18:30:38,259 [INFO] CodeEngine:289 - Generated code: C:\Users\USER\STM32CubeIDE\workspace_1.19.0\Hip-Pro_Hardware_V1.2\HardwareV1.2\MXTmpFiles\rtos_obj_creat.tmp
2025-11-10 18:30:38,265 [INFO] CodeEngine:265 - oldGeneratedFile, C:\Users\USER\STM32CubeIDE\workspace_1.19.0\Hip-Pro_Hardware_V1.2\HardwareV1.2\MXTmpFiles\rtos_kernelStart.tmp_save
2025-11-10 18:30:38,315 [INFO] CodeEngine:289 - Generated code: C:\Users\USER\STM32CubeIDE\workspace_1.19.0\Hip-Pro_Hardware_V1.2\HardwareV1.2\MXTmpFiles\rtos_kernelStart.tmp
2025-11-10 18:30:38,321 [INFO] CodeEngine:265 - oldGeneratedFile, C:\Users\USER\STM32CubeIDE\workspace_1.19.0\Hip-Pro_Hardware_V1.2\HardwareV1.2\MXTmpFiles\rtos_default_thread.tmp_save
2025-11-10 18:30:38,371 [INFO] CodeEngine:289 - Generated code: C:\Users\USER\STM32CubeIDE\workspace_1.19.0\Hip-Pro_Hardware_V1.2\HardwareV1.2\MXTmpFiles\rtos_default_thread.tmp
2025-11-10 18:30:38,376 [INFO] CodeEngine:265 - oldGeneratedFile, C:\Users\USER\STM32CubeIDE\workspace_1.19.0\Hip-Pro_Hardware_V1.2\HardwareV1.2\MXTmpFiles\rtos_threads.tmp_save
2025-11-10 18:30:38,425 [INFO] CodeEngine:289 - Generated code: C:\Users\USER\STM32CubeIDE\workspace_1.19.0\Hip-Pro_Hardware_V1.2\HardwareV1.2\MXTmpFiles\rtos_threads.tmp
2025-11-10 18:30:38,430 [INFO] CodeEngine:265 - oldGeneratedFile, C:\Users\USER\STM32CubeIDE\workspace_1.19.0\Hip-Pro_Hardware_V1.2\HardwareV1.2\Core\Inc\FreeRTOSConfig.h_save
2025-11-10 18:30:38,493 [INFO] CodeEngine:289 - Generated code: C:\Users\USER\STM32CubeIDE\workspace_1.19.0\Hip-Pro_Hardware_V1.2\HardwareV1.2\Core\Inc\FreeRTOSConfig.h
2025-11-10 18:30:38,500 [INFO] CodeEngine:265 - oldGeneratedFile, C:\Users\USER\STM32CubeIDE\workspace_1.19.0\Hip-Pro_Hardware_V1.2\HardwareV1.2\Core\Src\freertos.c_save
2025-11-10 18:30:38,558 [INFO] CodeEngine:289 - Generated code: C:\Users\USER\STM32CubeIDE\workspace_1.19.0\Hip-Pro_Hardware_V1.2\HardwareV1.2\Core\Src\freertos.c
2025-11-10 18:30:38,575 [INFO] CodeEngine:265 - oldGeneratedFile, C:\Users\USER\STM32CubeIDE\workspace_1.19.0\Hip-Pro_Hardware_V1.2\HardwareV1.2\MXTmpFiles\dma.tmp_save
2025-11-10 18:30:38,626 [INFO] CodeEngine:289 - Generated code: C:\Users\USER\STM32CubeIDE\workspace_1.19.0\Hip-Pro_Hardware_V1.2\HardwareV1.2\MXTmpFiles\dma.tmp
2025-11-10 18:30:38,630 [INFO] CodeEngine:265 - oldGeneratedFile, C:\Users\USER\STM32CubeIDE\workspace_1.19.0\Hip-Pro_Hardware_V1.2\HardwareV1.2\MXTmpFiles\dma_GV.tmp_save
2025-11-10 18:30:38,677 [INFO] CodeEngine:289 - Generated code: C:\Users\USER\STM32CubeIDE\workspace_1.19.0\Hip-Pro_Hardware_V1.2\HardwareV1.2\MXTmpFiles\dma_GV.tmp
2025-11-10 18:30:38,690 [INFO] CodeEngine:265 - oldGeneratedFile, C:\Users\USER\STM32CubeIDE\workspace_1.19.0\Hip-Pro_Hardware_V1.2\HardwareV1.2\Core\Src\stm32f1xx_it.c_save
2025-11-10 18:30:38,837 [INFO] CodeEngine:289 - Generated code: C:\Users\USER\STM32CubeIDE\workspace_1.19.0\Hip-Pro_Hardware_V1.2\HardwareV1.2\Core\Src\stm32f1xx_it.c
2025-11-10 18:30:38,860 [INFO] CodeEngine:265 - oldGeneratedFile, C:\Users\USER\STM32CubeIDE\workspace_1.19.0\Hip-Pro_Hardware_V1.2\HardwareV1.2\Core\Inc\stm32f1xx_it.h_save
2025-11-10 18:30:38,914 [INFO] CodeEngine:289 - Generated code: C:\Users\USER\STM32CubeIDE\workspace_1.19.0\Hip-Pro_Hardware_V1.2\HardwareV1.2\Core\Inc\stm32f1xx_it.h
2025-11-10 18:30:38,929 [INFO] CodeEngine:265 - oldGeneratedFile, C:\Users\USER\STM32CubeIDE\workspace_1.19.0\Hip-Pro_Hardware_V1.2\HardwareV1.2\Core\Src\stm32f1xx_hal_msp.c_save
2025-11-10 18:30:39,039 [INFO] CodeEngine:289 - Generated code: C:\Users\USER\STM32CubeIDE\workspace_1.19.0\Hip-Pro_Hardware_V1.2\HardwareV1.2\Core\Src\stm32f1xx_hal_msp.c
2025-11-10 18:30:39,044 [INFO] CodeEngine:265 - oldGeneratedFile, C:\Users\USER\STM32CubeIDE\workspace_1.19.0\Hip-Pro_Hardware_V1.2\HardwareV1.2\MXTmpFiles\system.tmp_save
2025-11-10 18:30:39,094 [INFO] CodeEngine:289 - Generated code: C:\Users\USER\STM32CubeIDE\workspace_1.19.0\Hip-Pro_Hardware_V1.2\HardwareV1.2\MXTmpFiles\system.tmp
2025-11-10 18:30:39,100 [INFO] CodeEngine:265 - oldGeneratedFile, C:\Users\USER\STM32CubeIDE\workspace_1.19.0\Hip-Pro_Hardware_V1.2\HardwareV1.2\Core\Src\stm32f1xx_hal_timebase_tim.c_save
2025-11-10 18:30:39,156 [INFO] CodeEngine:289 - Generated code: C:\Users\USER\STM32CubeIDE\workspace_1.19.0\Hip-Pro_Hardware_V1.2\HardwareV1.2\Core\Src\stm32f1xx_hal_timebase_tim.c
2025-11-10 18:30:39,168 [INFO] CodeEngine:321 - oldGeneratedFile, C:\Users\USER\STM32CubeIDE\workspace_1.19.0\Hip-Pro_Hardware_V1.2\HardwareV1.2\Core\Inc\stm32f1xx_hal_conf.h_save
2025-11-10 18:30:39,224 [INFO] CodeEngine:345 - Generated code: C:\Users\USER\STM32CubeIDE\workspace_1.19.0\Hip-Pro_Hardware_V1.2\HardwareV1.2\Core\Inc\stm32f1xx_hal_conf.h
2025-11-10 18:30:39,242 [INFO] ApiDbMcu:532 - Load IP Config File for RTC
2025-11-10 18:30:39,250 [INFO] CodeEngine:265 - oldGeneratedFile, C:\Users\USER\STM32CubeIDE\workspace_1.19.0\Hip-Pro_Hardware_V1.2\HardwareV1.2\Core\Inc\main.h_save
2025-11-10 18:30:39,316 [INFO] CodeEngine:289 - Generated code: C:\Users\USER\STM32CubeIDE\workspace_1.19.0\Hip-Pro_Hardware_V1.2\HardwareV1.2\Core\Inc\main.h
2025-11-10 18:30:39,321 [INFO] CodeEngine:265 - oldGeneratedFile, C:\Users\USER\STM32CubeIDE\workspace_1.19.0\Hip-Pro_Hardware_V1.2\HardwareV1.2\Core\Src\main.c_save
2025-11-10 18:30:39,433 [INFO] CodeEngine:289 - Generated code: C:\Users\USER\STM32CubeIDE\workspace_1.19.0\Hip-Pro_Hardware_V1.2\HardwareV1.2\Core\Src\main.c
2025-11-10 18:30:39,770 [INFO] ProjectBuilder:3606 - Time for Copy HAL[1] : 171mS.
2025-11-10 18:30:39,774 [INFO] ProjectBuilder:5216 - Project Generator version: 4.7.0-B52
2025-11-10 18:30:39,841 [INFO] ConfigFileManager:1595 - The Die is : DIE414
2025-11-10 18:30:40,720 [INFO] ProjectBuilder:5496 - Time for Generating toolchain IDE Files: 946mS.
2025-11-10 18:30:40,721 [INFO] ProjectBuilder:3463 - Time for Copy CMSIS : 0mS.
2025-11-10 18:30:40,728 [INFO] ProjectBuilder:3463 - Time for Copy CMSIS : 0mS.
2025-11-10 18:37:50,300 [INFO] UtilMem:75 - End SaveConfig() Used Memory: 548579136 Bytes (845152256)
2025-11-10 18:37:51,570 [INFO] UtilMem:75 - End SaveConfig() Used Memory: 567979840 Bytes (845152256)
2025-11-10 18:37:52,035 [INFO] UtilMem:75 - End SaveConfig() Used Memory: 609922880 Bytes (845152256)
2025-11-10 18:37:52,418 [INFO] BlockDiagram:2775 - set Specific Code input for plugin: SPI
2025-11-10 18:37:52,419 [INFO] BlockDiagram:2775 - set Specific Code input for plugin: NVIC
2025-11-10 18:37:52,419 [INFO] BlockDiagram:2775 - set Specific Code input for plugin: FREERTOS
2025-11-10 18:37:52,419 [INFO] BlockDiagram:2775 - set Specific Code input for plugin: USART
2025-11-10 18:37:52,419 [INFO] BlockDiagram:2775 - set Specific Code input for plugin: IWDG
2025-11-10 18:37:52,419 [INFO] BlockDiagram:2775 - set Specific Code input for plugin: DMA
2025-11-10 18:37:52,419 [INFO] BlockDiagram:2775 - set Specific Code input for plugin: SYS
2025-11-10 18:37:52,420 [INFO] BlockDiagram:2775 - set Specific Code input for plugin: GPIO
2025-11-10 18:37:52,420 [INFO] BlockDiagram:2775 - set Specific Code input for plugin: ADC
2025-11-10 18:37:52,420 [INFO] BlockDiagram:2775 - set Specific Code input for plugin: RCC
2025-11-10 18:37:52,420 [INFO] BlockDiagram:2775 - set Specific Code input for plugin: I2C
2025-11-10 18:37:52,421 [INFO] CodeGenerator:892 - code generatio: config db path: C:\ST\STM32CubeIDE_1.19.0\STM32CubeIDE\plugins\com.st.stm32cube.common.mx_6.15.0.202507011659\\db\
2025-11-10 18:37:52,427 [INFO] Argument:325 - Argument : hdmavalue: null
2025-11-10 18:37:52,427 [INFO] Argument:327 - 	 sub Args: 
2025-11-10 18:37:52,427 [INFO] Argument:325 - Argument : Instancevalue: DMA1_Channel1
2025-11-10 18:37:52,427 [INFO] Argument:335 - Argument : Instancevalue: DMA1_Channel1
2025-11-10 18:37:52,427 [INFO] Argument:325 - Argument : Initvalue: null
2025-11-10 18:37:52,427 [INFO] Argument:327 - 	 sub Args: 
2025-11-10 18:37:52,427 [INFO] Argument:325 - Argument : Directionvalue: DMA_PERIPH_TO_MEMORY
2025-11-10 18:37:52,427 [INFO] Argument:335 - Argument : Directionvalue: DMA_PERIPH_TO_MEMORY
2025-11-10 18:37:52,428 [INFO] Argument:325 - Argument : PeriphIncvalue: DMA_PINC_DISABLE
2025-11-10 18:37:52,428 [INFO] Argument:335 - Argument : PeriphIncvalue: DMA_PINC_DISABLE
2025-11-10 18:37:52,428 [INFO] Argument:325 - Argument : MemIncvalue: DMA_MINC_ENABLE
2025-11-10 18:37:52,428 [INFO] Argument:335 - Argument : MemIncvalue: DMA_MINC_ENABLE
2025-11-10 18:37:52,428 [INFO] Argument:325 - Argument : PeriphDataAlignmentvalue: DMA_PDATAALIGN_HALFWORD
2025-11-10 18:37:52,428 [INFO] Argument:335 - Argument : PeriphDataAlignmentvalue: DMA_PDATAALIGN_HALFWORD
2025-11-10 18:37:52,428 [INFO] Argument:325 - Argument : MemDataAlignmentvalue: DMA_MDATAALIGN_HALFWORD
2025-11-10 18:37:52,428 [INFO] Argument:335 - Argument : MemDataAlignmentvalue: DMA_MDATAALIGN_HALFWORD
2025-11-10 18:37:52,428 [INFO] Argument:325 - Argument : Modevalue: DMA_CIRCULAR
2025-11-10 18:37:52,428 [INFO] Argument:335 - Argument : Modevalue: DMA_CIRCULAR
2025-11-10 18:37:52,428 [INFO] Argument:325 - Argument : Priorityvalue: DMA_PRIORITY_LOW
2025-11-10 18:37:52,428 [INFO] Argument:335 - Argument : Priorityvalue: DMA_PRIORITY_LOW
2025-11-10 18:37:52,429 [INFO] Argument:325 - Argument : Lockvalue: null
2025-11-10 18:37:52,429 [INFO] Argument:335 - Argument : Lockvalue: null
2025-11-10 18:37:52,429 [INFO] Argument:325 - Argument : Statevalue: null
2025-11-10 18:37:52,429 [INFO] Argument:335 - Argument : Statevalue: null
2025-11-10 18:37:52,429 [INFO] Argument:325 - Argument : Parentvalue: null
2025-11-10 18:37:52,429 [INFO] Argument:335 - Argument : Parentvalue: null
2025-11-10 18:37:52,429 [INFO] Argument:325 - Argument : XferCpltCallbackvalue: null
2025-11-10 18:37:52,429 [INFO] Argument:335 - Argument : XferCpltCallbackvalue: null
2025-11-10 18:37:52,429 [INFO] Argument:325 - Argument : XferHalfCpltCallbackvalue: null
2025-11-10 18:37:52,429 [INFO] Argument:335 - Argument : XferHalfCpltCallbackvalue: null
2025-11-10 18:37:52,429 [INFO] Argument:325 - Argument : XferErrorCallbackvalue: null
2025-11-10 18:37:52,429 [INFO] Argument:335 - Argument : XferErrorCallbackvalue: null
2025-11-10 18:37:52,429 [INFO] Argument:325 - Argument : ErrorCodevalue: null
2025-11-10 18:37:52,429 [INFO] Argument:335 - Argument : ErrorCodevalue: null
2025-11-10 18:37:52,437 [WARN] IP:2250 - I2C_Coeff_DF not found: check if there is a RefParameter without a condition.
2025-11-10 18:37:52,437 [WARN] IP:2250 - Analog_Filter not found: check if there is a RefParameter without a condition.
2025-11-10 18:37:52,529 [INFO] CodeEngine:265 - oldGeneratedFile, C:\Users\USER\STM32CubeIDE\workspace_1.19.0\Hip-Pro_Hardware_V1.2\HardwareV1.2\MXTmpFiles\license.tmp_save
2025-11-10 18:37:52,737 [INFO] CodeEngine:289 - Generated code: C:\Users\USER\STM32CubeIDE\workspace_1.19.0\Hip-Pro_Hardware_V1.2\HardwareV1.2\MXTmpFiles\license.tmp
2025-11-10 18:37:52,797 [INFO] CodeEngine:265 - oldGeneratedFile, C:\Users\USER\STM32CubeIDE\workspace_1.19.0\Hip-Pro_Hardware_V1.2\HardwareV1.2\MXTmpFiles\gpio.tmp_save
2025-11-10 18:37:52,909 [INFO] CodeEngine:289 - Generated code: C:\Users\USER\STM32CubeIDE\workspace_1.19.0\Hip-Pro_Hardware_V1.2\HardwareV1.2\MXTmpFiles\gpio.tmp
2025-11-10 18:37:53,227 [INFO] Middleware:1452 - No code input for Bsp Dependency
2025-11-10 18:37:53,236 [INFO] CodeEngine:265 - oldGeneratedFile, C:\Users\USER\STM32CubeIDE\workspace_1.19.0\Hip-Pro_Hardware_V1.2\HardwareV1.2\MXTmpFiles\rtos_inc.tmp_save
2025-11-10 18:37:53,306 [INFO] CodeEngine:289 - Generated code: C:\Users\USER\STM32CubeIDE\workspace_1.19.0\Hip-Pro_Hardware_V1.2\HardwareV1.2\MXTmpFiles\rtos_inc.tmp
2025-11-10 18:37:53,312 [INFO] CodeEngine:265 - oldGeneratedFile, C:\Users\USER\STM32CubeIDE\workspace_1.19.0\Hip-Pro_Hardware_V1.2\HardwareV1.2\MXTmpFiles\rtos_vars.tmp_save
2025-11-10 18:37:53,375 [INFO] CodeEngine:289 - Generated code: C:\Users\USER\STM32CubeIDE\workspace_1.19.0\Hip-Pro_Hardware_V1.2\HardwareV1.2\MXTmpFiles\rtos_vars.tmp
2025-11-10 18:37:53,380 [INFO] CodeEngine:265 - oldGeneratedFile, C:\Users\USER\STM32CubeIDE\workspace_1.19.0\Hip-Pro_Hardware_V1.2\HardwareV1.2\MXTmpFiles\rtos_pfp.tmp_save
2025-11-10 18:37:53,437 [INFO] CodeEngine:289 - Generated code: C:\Users\USER\STM32CubeIDE\workspace_1.19.0\Hip-Pro_Hardware_V1.2\HardwareV1.2\MXTmpFiles\rtos_pfp.tmp
2025-11-10 18:37:53,442 [INFO] CodeEngine:265 - oldGeneratedFile, C:\Users\USER\STM32CubeIDE\workspace_1.19.0\Hip-Pro_Hardware_V1.2\HardwareV1.2\MXTmpFiles\rtos_obj_creat.tmp_save
2025-11-10 18:37:53,501 [INFO] CodeEngine:289 - Generated code: C:\Users\USER\STM32CubeIDE\workspace_1.19.0\Hip-Pro_Hardware_V1.2\HardwareV1.2\MXTmpFiles\rtos_obj_creat.tmp
2025-11-10 18:37:53,506 [INFO] CodeEngine:265 - oldGeneratedFile, C:\Users\USER\STM32CubeIDE\workspace_1.19.0\Hip-Pro_Hardware_V1.2\HardwareV1.2\MXTmpFiles\rtos_kernelStart.tmp_save
2025-11-10 18:37:53,561 [INFO] CodeEngine:289 - Generated code: C:\Users\USER\STM32CubeIDE\workspace_1.19.0\Hip-Pro_Hardware_V1.2\HardwareV1.2\MXTmpFiles\rtos_kernelStart.tmp
2025-11-10 18:37:53,567 [INFO] CodeEngine:265 - oldGeneratedFile, C:\Users\USER\STM32CubeIDE\workspace_1.19.0\Hip-Pro_Hardware_V1.2\HardwareV1.2\MXTmpFiles\rtos_default_thread.tmp_save
2025-11-10 18:37:53,622 [INFO] CodeEngine:289 - Generated code: C:\Users\USER\STM32CubeIDE\workspace_1.19.0\Hip-Pro_Hardware_V1.2\HardwareV1.2\MXTmpFiles\rtos_default_thread.tmp
2025-11-10 18:37:53,627 [INFO] CodeEngine:265 - oldGeneratedFile, C:\Users\USER\STM32CubeIDE\workspace_1.19.0\Hip-Pro_Hardware_V1.2\HardwareV1.2\MXTmpFiles\rtos_threads.tmp_save
2025-11-10 18:37:53,680 [INFO] CodeEngine:289 - Generated code: C:\Users\USER\STM32CubeIDE\workspace_1.19.0\Hip-Pro_Hardware_V1.2\HardwareV1.2\MXTmpFiles\rtos_threads.tmp
2025-11-10 18:37:53,697 [INFO] Middleware:1452 - No code input for Bsp Dependency
2025-11-10 18:37:53,705 [INFO] CodeEngine:265 - oldGeneratedFile, C:\Users\USER\STM32CubeIDE\workspace_1.19.0\Hip-Pro_Hardware_V1.2\HardwareV1.2\MXTmpFiles\rtos_inc.tmp_save
2025-11-10 18:37:53,758 [INFO] CodeEngine:289 - Generated code: C:\Users\USER\STM32CubeIDE\workspace_1.19.0\Hip-Pro_Hardware_V1.2\HardwareV1.2\MXTmpFiles\rtos_inc.tmp
2025-11-10 18:37:53,763 [INFO] CodeEngine:265 - oldGeneratedFile, C:\Users\USER\STM32CubeIDE\workspace_1.19.0\Hip-Pro_Hardware_V1.2\HardwareV1.2\MXTmpFiles\rtos_vars.tmp_save
2025-11-10 18:37:53,814 [INFO] CodeEngine:289 - Generated code: C:\Users\USER\STM32CubeIDE\workspace_1.19.0\Hip-Pro_Hardware_V1.2\HardwareV1.2\MXTmpFiles\rtos_vars.tmp
2025-11-10 18:37:53,819 [INFO] CodeEngine:265 - oldGeneratedFile, C:\Users\USER\STM32CubeIDE\workspace_1.19.0\Hip-Pro_Hardware_V1.2\HardwareV1.2\MXTmpFiles\rtos_pfp.tmp_save
2025-11-10 18:37:53,866 [INFO] CodeEngine:289 - Generated code: C:\Users\USER\STM32CubeIDE\workspace_1.19.0\Hip-Pro_Hardware_V1.2\HardwareV1.2\MXTmpFiles\rtos_pfp.tmp
2025-11-10 18:37:53,871 [INFO] CodeEngine:265 - oldGeneratedFile, C:\Users\USER\STM32CubeIDE\workspace_1.19.0\Hip-Pro_Hardware_V1.2\HardwareV1.2\MXTmpFiles\rtos_obj_creat.tmp_save
2025-11-10 18:37:53,922 [INFO] CodeEngine:289 - Generated code: C:\Users\USER\STM32CubeIDE\workspace_1.19.0\Hip-Pro_Hardware_V1.2\HardwareV1.2\MXTmpFiles\rtos_obj_creat.tmp
2025-11-10 18:37:53,928 [INFO] CodeEngine:265 - oldGeneratedFile, C:\Users\USER\STM32CubeIDE\workspace_1.19.0\Hip-Pro_Hardware_V1.2\HardwareV1.2\MXTmpFiles\rtos_kernelStart.tmp_save
2025-11-10 18:37:53,977 [INFO] CodeEngine:289 - Generated code: C:\Users\USER\STM32CubeIDE\workspace_1.19.0\Hip-Pro_Hardware_V1.2\HardwareV1.2\MXTmpFiles\rtos_kernelStart.tmp
2025-11-10 18:37:53,982 [INFO] CodeEngine:265 - oldGeneratedFile, C:\Users\USER\STM32CubeIDE\workspace_1.19.0\Hip-Pro_Hardware_V1.2\HardwareV1.2\MXTmpFiles\rtos_default_thread.tmp_save
2025-11-10 18:37:54,032 [INFO] CodeEngine:289 - Generated code: C:\Users\USER\STM32CubeIDE\workspace_1.19.0\Hip-Pro_Hardware_V1.2\HardwareV1.2\MXTmpFiles\rtos_default_thread.tmp
2025-11-10 18:37:54,037 [INFO] CodeEngine:265 - oldGeneratedFile, C:\Users\USER\STM32CubeIDE\workspace_1.19.0\Hip-Pro_Hardware_V1.2\HardwareV1.2\MXTmpFiles\rtos_threads.tmp_save
2025-11-10 18:37:54,086 [INFO] CodeEngine:289 - Generated code: C:\Users\USER\STM32CubeIDE\workspace_1.19.0\Hip-Pro_Hardware_V1.2\HardwareV1.2\MXTmpFiles\rtos_threads.tmp
2025-11-10 18:37:54,091 [INFO] CodeEngine:265 - oldGeneratedFile, C:\Users\USER\STM32CubeIDE\workspace_1.19.0\Hip-Pro_Hardware_V1.2\HardwareV1.2\Core\Inc\FreeRTOSConfig.h_save
2025-11-10 18:37:54,151 [INFO] CodeEngine:289 - Generated code: C:\Users\USER\STM32CubeIDE\workspace_1.19.0\Hip-Pro_Hardware_V1.2\HardwareV1.2\Core\Inc\FreeRTOSConfig.h
2025-11-10 18:37:54,156 [INFO] CodeEngine:265 - oldGeneratedFile, C:\Users\USER\STM32CubeIDE\workspace_1.19.0\Hip-Pro_Hardware_V1.2\HardwareV1.2\Core\Src\freertos.c_save
2025-11-10 18:37:54,209 [INFO] CodeEngine:289 - Generated code: C:\Users\USER\STM32CubeIDE\workspace_1.19.0\Hip-Pro_Hardware_V1.2\HardwareV1.2\Core\Src\freertos.c
2025-11-10 18:37:54,225 [INFO] CodeEngine:265 - oldGeneratedFile, C:\Users\USER\STM32CubeIDE\workspace_1.19.0\Hip-Pro_Hardware_V1.2\HardwareV1.2\MXTmpFiles\dma.tmp_save
2025-11-10 18:37:54,274 [INFO] CodeEngine:289 - Generated code: C:\Users\USER\STM32CubeIDE\workspace_1.19.0\Hip-Pro_Hardware_V1.2\HardwareV1.2\MXTmpFiles\dma.tmp
2025-11-10 18:37:54,278 [INFO] CodeEngine:265 - oldGeneratedFile, C:\Users\USER\STM32CubeIDE\workspace_1.19.0\Hip-Pro_Hardware_V1.2\HardwareV1.2\MXTmpFiles\dma_GV.tmp_save
2025-11-10 18:37:54,335 [INFO] CodeEngine:289 - Generated code: C:\Users\USER\STM32CubeIDE\workspace_1.19.0\Hip-Pro_Hardware_V1.2\HardwareV1.2\MXTmpFiles\dma_GV.tmp
2025-11-10 18:37:54,348 [INFO] CodeEngine:265 - oldGeneratedFile, C:\Users\USER\STM32CubeIDE\workspace_1.19.0\Hip-Pro_Hardware_V1.2\HardwareV1.2\Core\Src\stm32f1xx_it.c_save
2025-11-10 18:37:54,410 [INFO] CodeEngine:289 - Generated code: C:\Users\USER\STM32CubeIDE\workspace_1.19.0\Hip-Pro_Hardware_V1.2\HardwareV1.2\Core\Src\stm32f1xx_it.c
2025-11-10 18:37:54,415 [INFO] CodeEngine:265 - oldGeneratedFile, C:\Users\USER\STM32CubeIDE\workspace_1.19.0\Hip-Pro_Hardware_V1.2\HardwareV1.2\Core\Inc\stm32f1xx_it.h_save
2025-11-10 18:37:54,468 [INFO] CodeEngine:289 - Generated code: C:\Users\USER\STM32CubeIDE\workspace_1.19.0\Hip-Pro_Hardware_V1.2\HardwareV1.2\Core\Inc\stm32f1xx_it.h
2025-11-10 18:37:54,480 [INFO] CodeEngine:265 - oldGeneratedFile, C:\Users\USER\STM32CubeIDE\workspace_1.19.0\Hip-Pro_Hardware_V1.2\HardwareV1.2\Core\Src\stm32f1xx_hal_msp.c_save
2025-11-10 18:37:54,573 [INFO] CodeEngine:289 - Generated code: C:\Users\USER\STM32CubeIDE\workspace_1.19.0\Hip-Pro_Hardware_V1.2\HardwareV1.2\Core\Src\stm32f1xx_hal_msp.c
2025-11-10 18:37:54,578 [INFO] CodeEngine:265 - oldGeneratedFile, C:\Users\USER\STM32CubeIDE\workspace_1.19.0\Hip-Pro_Hardware_V1.2\HardwareV1.2\MXTmpFiles\system.tmp_save
2025-11-10 18:37:54,626 [INFO] CodeEngine:289 - Generated code: C:\Users\USER\STM32CubeIDE\workspace_1.19.0\Hip-Pro_Hardware_V1.2\HardwareV1.2\MXTmpFiles\system.tmp
2025-11-10 18:37:54,631 [INFO] CodeEngine:265 - oldGeneratedFile, C:\Users\USER\STM32CubeIDE\workspace_1.19.0\Hip-Pro_Hardware_V1.2\HardwareV1.2\Core\Src\stm32f1xx_hal_timebase_tim.c_save
2025-11-10 18:37:54,685 [INFO] CodeEngine:289 - Generated code: C:\Users\USER\STM32CubeIDE\workspace_1.19.0\Hip-Pro_Hardware_V1.2\HardwareV1.2\Core\Src\stm32f1xx_hal_timebase_tim.c
2025-11-10 18:37:54,695 [INFO] CodeEngine:321 - oldGeneratedFile, C:\Users\USER\STM32CubeIDE\workspace_1.19.0\Hip-Pro_Hardware_V1.2\HardwareV1.2\Core\Inc\stm32f1xx_hal_conf.h_save
2025-11-10 18:37:54,751 [INFO] CodeEngine:345 - Generated code: C:\Users\USER\STM32CubeIDE\workspace_1.19.0\Hip-Pro_Hardware_V1.2\HardwareV1.2\Core\Inc\stm32f1xx_hal_conf.h
2025-11-10 18:37:54,774 [INFO] CodeEngine:265 - oldGeneratedFile, C:\Users\USER\STM32CubeIDE\workspace_1.19.0\Hip-Pro_Hardware_V1.2\HardwareV1.2\Core\Inc\main.h_save
2025-11-10 18:37:54,830 [INFO] CodeEngine:289 - Generated code: C:\Users\USER\STM32CubeIDE\workspace_1.19.0\Hip-Pro_Hardware_V1.2\HardwareV1.2\Core\Inc\main.h
2025-11-10 18:37:54,835 [INFO] CodeEngine:265 - oldGeneratedFile, C:\Users\USER\STM32CubeIDE\workspace_1.19.0\Hip-Pro_Hardware_V1.2\HardwareV1.2\Core\Src\main.c_save
2025-11-10 18:37:54,947 [INFO] CodeEngine:289 - Generated code: C:\Users\USER\STM32CubeIDE\workspace_1.19.0\Hip-Pro_Hardware_V1.2\HardwareV1.2\Core\Src\main.c
2025-11-10 18:37:55,267 [INFO] ProjectBuilder:3606 - Time for Copy HAL[1] : 162mS.
2025-11-10 18:37:55,271 [INFO] ProjectBuilder:5216 - Project Generator version: 4.7.0-B52
2025-11-10 18:37:55,340 [INFO] ConfigFileManager:1595 - The Die is : DIE414
2025-11-10 18:37:56,057 [INFO] ProjectBuilder:5496 - Time for Generating toolchain IDE Files: 785mS.
2025-11-10 18:37:56,059 [INFO] ProjectBuilder:3463 - Time for Copy CMSIS : 1mS.
2025-11-10 18:37:56,066 [INFO] ProjectBuilder:3463 - Time for Copy CMSIS : 0mS.
2025-11-10 18:39:34,314 [WARN] IP:2250 - I2C_Coeff_DF not found: check if there is a RefParameter without a condition.
2025-11-10 18:39:34,315 [WARN] IP:2250 - Analog_Filter not found: check if there is a RefParameter without a condition.
2025-11-10 18:39:34,315 [WARN] IP:2250 - I2C_Coeff_DF not found: check if there is a RefParameter without a condition.
2025-11-10 18:39:34,315 [WARN] IP:2250 - Analog_Filter not found: check if there is a RefParameter without a condition.
2025-11-10 18:39:37,506 [INFO] UtilMem:75 - End SaveConfig() Used Memory: 524636392 Bytes (845152256)
2025-11-10 18:39:38,568 [INFO] UtilMem:75 - End SaveConfig() Used Memory: 544033000 Bytes (845152256)
2025-11-10 18:39:40,402 [INFO] UtilMem:75 - End SaveConfig() Used Memory: 637882600 Bytes (845152256)
2025-11-10 18:39:40,594 [INFO] BlockDiagram:2775 - set Specific Code input for plugin: RTC
2025-11-10 18:39:40,594 [INFO] BlockDiagram:2775 - set Specific Code input for plugin: SPI
2025-11-10 18:39:40,594 [INFO] BlockDiagram:2775 - set Specific Code input for plugin: NVIC
2025-11-10 18:39:40,594 [INFO] BlockDiagram:2775 - set Specific Code input for plugin: FREERTOS
2025-11-10 18:39:40,594 [INFO] BlockDiagram:2775 - set Specific Code input for plugin: USART
2025-11-10 18:39:40,594 [INFO] BlockDiagram:2775 - set Specific Code input for plugin: IWDG
2025-11-10 18:39:40,594 [INFO] BlockDiagram:2775 - set Specific Code input for plugin: DMA
2025-11-10 18:39:40,594 [INFO] BlockDiagram:2775 - set Specific Code input for plugin: SYS
2025-11-10 18:39:40,595 [INFO] BlockDiagram:2775 - set Specific Code input for plugin: GPIO
2025-11-10 18:39:40,595 [INFO] BlockDiagram:2775 - set Specific Code input for plugin: ADC
2025-11-10 18:39:40,595 [INFO] BlockDiagram:2775 - set Specific Code input for plugin: RCC
2025-11-10 18:39:40,595 [INFO] BlockDiagram:2775 - set Specific Code input for plugin: I2C
2025-11-10 18:39:40,595 [INFO] CodeGenerator:892 - code generatio: config db path: C:\ST\STM32CubeIDE_1.19.0\STM32CubeIDE\plugins\com.st.stm32cube.common.mx_6.15.0.202507011659\\db\
2025-11-10 18:39:40,598 [INFO] Argument:325 - Argument : hdmavalue: null
2025-11-10 18:39:40,598 [INFO] Argument:327 - 	 sub Args: 
2025-11-10 18:39:40,598 [INFO] Argument:325 - Argument : Instancevalue: DMA1_Channel1
2025-11-10 18:39:40,598 [INFO] Argument:335 - Argument : Instancevalue: DMA1_Channel1
2025-11-10 18:39:40,598 [INFO] Argument:325 - Argument : Initvalue: null
2025-11-10 18:39:40,598 [INFO] Argument:327 - 	 sub Args: 
2025-11-10 18:39:40,598 [INFO] Argument:325 - Argument : Directionvalue: DMA_PERIPH_TO_MEMORY
2025-11-10 18:39:40,598 [INFO] Argument:335 - Argument : Directionvalue: DMA_PERIPH_TO_MEMORY
2025-11-10 18:39:40,598 [INFO] Argument:325 - Argument : PeriphIncvalue: DMA_PINC_DISABLE
2025-11-10 18:39:40,598 [INFO] Argument:335 - Argument : PeriphIncvalue: DMA_PINC_DISABLE
2025-11-10 18:39:40,598 [INFO] Argument:325 - Argument : MemIncvalue: DMA_MINC_ENABLE
2025-11-10 18:39:40,598 [INFO] Argument:335 - Argument : MemIncvalue: DMA_MINC_ENABLE
2025-11-10 18:39:40,598 [INFO] Argument:325 - Argument : PeriphDataAlignmentvalue: DMA_PDATAALIGN_HALFWORD
2025-11-10 18:39:40,598 [INFO] Argument:335 - Argument : PeriphDataAlignmentvalue: DMA_PDATAALIGN_HALFWORD
2025-11-10 18:39:40,598 [INFO] Argument:325 - Argument : MemDataAlignmentvalue: DMA_MDATAALIGN_HALFWORD
2025-11-10 18:39:40,598 [INFO] Argument:335 - Argument : MemDataAlignmentvalue: DMA_MDATAALIGN_HALFWORD
2025-11-10 18:39:40,598 [INFO] Argument:325 - Argument : Modevalue: DMA_CIRCULAR
2025-11-10 18:39:40,598 [INFO] Argument:335 - Argument : Modevalue: DMA_CIRCULAR
2025-11-10 18:39:40,598 [INFO] Argument:325 - Argument : Priorityvalue: DMA_PRIORITY_LOW
2025-11-10 18:39:40,598 [INFO] Argument:335 - Argument : Priorityvalue: DMA_PRIORITY_LOW
2025-11-10 18:39:40,598 [INFO] Argument:325 - Argument : Lockvalue: null
2025-11-10 18:39:40,599 [INFO] Argument:335 - Argument : Lockvalue: null
2025-11-10 18:39:40,599 [INFO] Argument:325 - Argument : Statevalue: null
2025-11-10 18:39:40,599 [INFO] Argument:335 - Argument : Statevalue: null
2025-11-10 18:39:40,599 [INFO] Argument:325 - Argument : Parentvalue: null
2025-11-10 18:39:40,599 [INFO] Argument:335 - Argument : Parentvalue: null
2025-11-10 18:39:40,599 [INFO] Argument:325 - Argument : XferCpltCallbackvalue: null
2025-11-10 18:39:40,599 [INFO] Argument:335 - Argument : XferCpltCallbackvalue: null
2025-11-10 18:39:40,599 [INFO] Argument:325 - Argument : XferHalfCpltCallbackvalue: null
2025-11-10 18:39:40,599 [INFO] Argument:335 - Argument : XferHalfCpltCallbackvalue: null
2025-11-10 18:39:40,599 [INFO] Argument:325 - Argument : XferErrorCallbackvalue: null
2025-11-10 18:39:40,599 [INFO] Argument:335 - Argument : XferErrorCallbackvalue: null
2025-11-10 18:39:40,599 [INFO] Argument:325 - Argument : ErrorCodevalue: null
2025-11-10 18:39:40,599 [INFO] Argument:335 - Argument : ErrorCodevalue: null
2025-11-10 18:39:40,601 [WARN] IP:2250 - I2C_Coeff_DF not found: check if there is a RefParameter without a condition.
2025-11-10 18:39:40,601 [WARN] IP:2250 - Analog_Filter not found: check if there is a RefParameter without a condition.
2025-11-10 18:39:40,660 [INFO] CodeEngine:265 - oldGeneratedFile, C:\Users\USER\STM32CubeIDE\workspace_1.19.0\Hip-Pro_Hardware_V1.2\HardwareV1.2\MXTmpFiles\license.tmp_save
2025-11-10 18:39:40,710 [INFO] CodeEngine:289 - Generated code: C:\Users\USER\STM32CubeIDE\workspace_1.19.0\Hip-Pro_Hardware_V1.2\HardwareV1.2\MXTmpFiles\license.tmp
2025-11-10 18:39:40,734 [INFO] CodeEngine:265 - oldGeneratedFile, C:\Users\USER\STM32CubeIDE\workspace_1.19.0\Hip-Pro_Hardware_V1.2\HardwareV1.2\MXTmpFiles\gpio.tmp_save
2025-11-10 18:39:40,786 [INFO] CodeEngine:289 - Generated code: C:\Users\USER\STM32CubeIDE\workspace_1.19.0\Hip-Pro_Hardware_V1.2\HardwareV1.2\MXTmpFiles\gpio.tmp
2025-11-10 18:39:40,976 [INFO] Middleware:1452 - No code input for Bsp Dependency
2025-11-10 18:39:40,982 [INFO] CodeEngine:265 - oldGeneratedFile, C:\Users\USER\STM32CubeIDE\workspace_1.19.0\Hip-Pro_Hardware_V1.2\HardwareV1.2\MXTmpFiles\rtos_inc.tmp_save
2025-11-10 18:39:41,034 [INFO] CodeEngine:289 - Generated code: C:\Users\USER\STM32CubeIDE\workspace_1.19.0\Hip-Pro_Hardware_V1.2\HardwareV1.2\MXTmpFiles\rtos_inc.tmp
2025-11-10 18:39:41,038 [INFO] CodeEngine:265 - oldGeneratedFile, C:\Users\USER\STM32CubeIDE\workspace_1.19.0\Hip-Pro_Hardware_V1.2\HardwareV1.2\MXTmpFiles\rtos_vars.tmp_save
2025-11-10 18:39:41,089 [INFO] CodeEngine:289 - Generated code: C:\Users\USER\STM32CubeIDE\workspace_1.19.0\Hip-Pro_Hardware_V1.2\HardwareV1.2\MXTmpFiles\rtos_vars.tmp
2025-11-10 18:39:41,093 [INFO] CodeEngine:265 - oldGeneratedFile, C:\Users\USER\STM32CubeIDE\workspace_1.19.0\Hip-Pro_Hardware_V1.2\HardwareV1.2\MXTmpFiles\rtos_pfp.tmp_save
2025-11-10 18:39:41,142 [INFO] CodeEngine:289 - Generated code: C:\Users\USER\STM32CubeIDE\workspace_1.19.0\Hip-Pro_Hardware_V1.2\HardwareV1.2\MXTmpFiles\rtos_pfp.tmp
2025-11-10 18:39:41,146 [INFO] CodeEngine:265 - oldGeneratedFile, C:\Users\USER\STM32CubeIDE\workspace_1.19.0\Hip-Pro_Hardware_V1.2\HardwareV1.2\MXTmpFiles\rtos_obj_creat.tmp_save
2025-11-10 18:39:41,195 [INFO] CodeEngine:289 - Generated code: C:\Users\USER\STM32CubeIDE\workspace_1.19.0\Hip-Pro_Hardware_V1.2\HardwareV1.2\MXTmpFiles\rtos_obj_creat.tmp
2025-11-10 18:39:41,199 [INFO] CodeEngine:265 - oldGeneratedFile, C:\Users\USER\STM32CubeIDE\workspace_1.19.0\Hip-Pro_Hardware_V1.2\HardwareV1.2\MXTmpFiles\rtos_kernelStart.tmp_save
2025-11-10 18:39:41,245 [INFO] CodeEngine:289 - Generated code: C:\Users\USER\STM32CubeIDE\workspace_1.19.0\Hip-Pro_Hardware_V1.2\HardwareV1.2\MXTmpFiles\rtos_kernelStart.tmp
2025-11-10 18:39:41,249 [INFO] CodeEngine:265 - oldGeneratedFile, C:\Users\USER\STM32CubeIDE\workspace_1.19.0\Hip-Pro_Hardware_V1.2\HardwareV1.2\MXTmpFiles\rtos_default_thread.tmp_save
2025-11-10 18:39:41,296 [INFO] CodeEngine:289 - Generated code: C:\Users\USER\STM32CubeIDE\workspace_1.19.0\Hip-Pro_Hardware_V1.2\HardwareV1.2\MXTmpFiles\rtos_default_thread.tmp
2025-11-10 18:39:41,300 [INFO] CodeEngine:265 - oldGeneratedFile, C:\Users\USER\STM32CubeIDE\workspace_1.19.0\Hip-Pro_Hardware_V1.2\HardwareV1.2\MXTmpFiles\rtos_threads.tmp_save
2025-11-10 18:39:41,348 [INFO] CodeEngine:289 - Generated code: C:\Users\USER\STM32CubeIDE\workspace_1.19.0\Hip-Pro_Hardware_V1.2\HardwareV1.2\MXTmpFiles\rtos_threads.tmp
2025-11-10 18:39:41,361 [INFO] Middleware:1452 - No code input for Bsp Dependency
2025-11-10 18:39:41,367 [INFO] CodeEngine:265 - oldGeneratedFile, C:\Users\USER\STM32CubeIDE\workspace_1.19.0\Hip-Pro_Hardware_V1.2\HardwareV1.2\MXTmpFiles\rtos_inc.tmp_save
2025-11-10 18:39:41,416 [INFO] CodeEngine:289 - Generated code: C:\Users\USER\STM32CubeIDE\workspace_1.19.0\Hip-Pro_Hardware_V1.2\HardwareV1.2\MXTmpFiles\rtos_inc.tmp
2025-11-10 18:39:41,421 [INFO] CodeEngine:265 - oldGeneratedFile, C:\Users\USER\STM32CubeIDE\workspace_1.19.0\Hip-Pro_Hardware_V1.2\HardwareV1.2\MXTmpFiles\rtos_vars.tmp_save
2025-11-10 18:39:41,471 [INFO] CodeEngine:289 - Generated code: C:\Users\USER\STM32CubeIDE\workspace_1.19.0\Hip-Pro_Hardware_V1.2\HardwareV1.2\MXTmpFiles\rtos_vars.tmp
2025-11-10 18:39:41,476 [INFO] CodeEngine:265 - oldGeneratedFile, C:\Users\USER\STM32CubeIDE\workspace_1.19.0\Hip-Pro_Hardware_V1.2\HardwareV1.2\MXTmpFiles\rtos_pfp.tmp_save
2025-11-10 18:39:41,524 [INFO] CodeEngine:289 - Generated code: C:\Users\USER\STM32CubeIDE\workspace_1.19.0\Hip-Pro_Hardware_V1.2\HardwareV1.2\MXTmpFiles\rtos_pfp.tmp
2025-11-10 18:39:41,529 [INFO] CodeEngine:265 - oldGeneratedFile, C:\Users\USER\STM32CubeIDE\workspace_1.19.0\Hip-Pro_Hardware_V1.2\HardwareV1.2\MXTmpFiles\rtos_obj_creat.tmp_save
2025-11-10 18:39:41,579 [INFO] CodeEngine:289 - Generated code: C:\Users\USER\STM32CubeIDE\workspace_1.19.0\Hip-Pro_Hardware_V1.2\HardwareV1.2\MXTmpFiles\rtos_obj_creat.tmp
2025-11-10 18:39:41,584 [INFO] CodeEngine:265 - oldGeneratedFile, C:\Users\USER\STM32CubeIDE\workspace_1.19.0\Hip-Pro_Hardware_V1.2\HardwareV1.2\MXTmpFiles\rtos_kernelStart.tmp_save
2025-11-10 18:39:41,632 [INFO] CodeEngine:289 - Generated code: C:\Users\USER\STM32CubeIDE\workspace_1.19.0\Hip-Pro_Hardware_V1.2\HardwareV1.2\MXTmpFiles\rtos_kernelStart.tmp
2025-11-10 18:39:41,637 [INFO] CodeEngine:265 - oldGeneratedFile, C:\Users\USER\STM32CubeIDE\workspace_1.19.0\Hip-Pro_Hardware_V1.2\HardwareV1.2\MXTmpFiles\rtos_default_thread.tmp_save
2025-11-10 18:39:41,685 [INFO] CodeEngine:289 - Generated code: C:\Users\USER\STM32CubeIDE\workspace_1.19.0\Hip-Pro_Hardware_V1.2\HardwareV1.2\MXTmpFiles\rtos_default_thread.tmp
2025-11-10 18:39:41,690 [INFO] CodeEngine:265 - oldGeneratedFile, C:\Users\USER\STM32CubeIDE\workspace_1.19.0\Hip-Pro_Hardware_V1.2\HardwareV1.2\MXTmpFiles\rtos_threads.tmp_save
2025-11-10 18:39:41,739 [INFO] CodeEngine:289 - Generated code: C:\Users\USER\STM32CubeIDE\workspace_1.19.0\Hip-Pro_Hardware_V1.2\HardwareV1.2\MXTmpFiles\rtos_threads.tmp
2025-11-10 18:39:41,744 [INFO] CodeEngine:265 - oldGeneratedFile, C:\Users\USER\STM32CubeIDE\workspace_1.19.0\Hip-Pro_Hardware_V1.2\HardwareV1.2\Core\Inc\FreeRTOSConfig.h_save
2025-11-10 18:39:41,805 [INFO] CodeEngine:289 - Generated code: C:\Users\USER\STM32CubeIDE\workspace_1.19.0\Hip-Pro_Hardware_V1.2\HardwareV1.2\Core\Inc\FreeRTOSConfig.h
2025-11-10 18:39:41,810 [INFO] CodeEngine:265 - oldGeneratedFile, C:\Users\USER\STM32CubeIDE\workspace_1.19.0\Hip-Pro_Hardware_V1.2\HardwareV1.2\Core\Src\freertos.c_save
2025-11-10 18:39:41,866 [INFO] CodeEngine:289 - Generated code: C:\Users\USER\STM32CubeIDE\workspace_1.19.0\Hip-Pro_Hardware_V1.2\HardwareV1.2\Core\Src\freertos.c
2025-11-10 18:39:41,883 [INFO] CodeEngine:265 - oldGeneratedFile, C:\Users\USER\STM32CubeIDE\workspace_1.19.0\Hip-Pro_Hardware_V1.2\HardwareV1.2\MXTmpFiles\dma.tmp_save
2025-11-10 18:39:41,931 [INFO] CodeEngine:289 - Generated code: C:\Users\USER\STM32CubeIDE\workspace_1.19.0\Hip-Pro_Hardware_V1.2\HardwareV1.2\MXTmpFiles\dma.tmp
2025-11-10 18:39:41,935 [INFO] CodeEngine:265 - oldGeneratedFile, C:\Users\USER\STM32CubeIDE\workspace_1.19.0\Hip-Pro_Hardware_V1.2\HardwareV1.2\MXTmpFiles\dma_GV.tmp_save
2025-11-10 18:39:41,981 [INFO] CodeEngine:289 - Generated code: C:\Users\USER\STM32CubeIDE\workspace_1.19.0\Hip-Pro_Hardware_V1.2\HardwareV1.2\MXTmpFiles\dma_GV.tmp
2025-11-10 18:39:41,994 [INFO] CodeEngine:265 - oldGeneratedFile, C:\Users\USER\STM32CubeIDE\workspace_1.19.0\Hip-Pro_Hardware_V1.2\HardwareV1.2\Core\Src\stm32f1xx_it.c_save
2025-11-10 18:39:42,055 [INFO] CodeEngine:289 - Generated code: C:\Users\USER\STM32CubeIDE\workspace_1.19.0\Hip-Pro_Hardware_V1.2\HardwareV1.2\Core\Src\stm32f1xx_it.c
2025-11-10 18:39:42,060 [INFO] CodeEngine:265 - oldGeneratedFile, C:\Users\USER\STM32CubeIDE\workspace_1.19.0\Hip-Pro_Hardware_V1.2\HardwareV1.2\Core\Inc\stm32f1xx_it.h_save
2025-11-10 18:39:42,111 [INFO] CodeEngine:289 - Generated code: C:\Users\USER\STM32CubeIDE\workspace_1.19.0\Hip-Pro_Hardware_V1.2\HardwareV1.2\Core\Inc\stm32f1xx_it.h
2025-11-10 18:39:42,122 [INFO] CodeEngine:265 - oldGeneratedFile, C:\Users\USER\STM32CubeIDE\workspace_1.19.0\Hip-Pro_Hardware_V1.2\HardwareV1.2\Core\Src\stm32f1xx_hal_msp.c_save
2025-11-10 18:39:42,206 [INFO] CodeEngine:289 - Generated code: C:\Users\USER\STM32CubeIDE\workspace_1.19.0\Hip-Pro_Hardware_V1.2\HardwareV1.2\Core\Src\stm32f1xx_hal_msp.c
2025-11-10 18:39:42,210 [INFO] CodeEngine:265 - oldGeneratedFile, C:\Users\USER\STM32CubeIDE\workspace_1.19.0\Hip-Pro_Hardware_V1.2\HardwareV1.2\MXTmpFiles\system.tmp_save
2025-11-10 18:39:42,259 [INFO] CodeEngine:289 - Generated code: C:\Users\USER\STM32CubeIDE\workspace_1.19.0\Hip-Pro_Hardware_V1.2\HardwareV1.2\MXTmpFiles\system.tmp
2025-11-10 18:39:42,264 [INFO] CodeEngine:265 - oldGeneratedFile, C:\Users\USER\STM32CubeIDE\workspace_1.19.0\Hip-Pro_Hardware_V1.2\HardwareV1.2\Core\Src\stm32f1xx_hal_timebase_tim.c_save
2025-11-10 18:39:42,317 [INFO] CodeEngine:289 - Generated code: C:\Users\USER\STM32CubeIDE\workspace_1.19.0\Hip-Pro_Hardware_V1.2\HardwareV1.2\Core\Src\stm32f1xx_hal_timebase_tim.c
2025-11-10 18:39:42,325 [INFO] CodeEngine:321 - oldGeneratedFile, C:\Users\USER\STM32CubeIDE\workspace_1.19.0\Hip-Pro_Hardware_V1.2\HardwareV1.2\Core\Inc\stm32f1xx_hal_conf.h_save
2025-11-10 18:39:42,380 [INFO] CodeEngine:345 - Generated code: C:\Users\USER\STM32CubeIDE\workspace_1.19.0\Hip-Pro_Hardware_V1.2\HardwareV1.2\Core\Inc\stm32f1xx_hal_conf.h
2025-11-10 18:39:42,397 [INFO] CodeEngine:265 - oldGeneratedFile, C:\Users\USER\STM32CubeIDE\workspace_1.19.0\Hip-Pro_Hardware_V1.2\HardwareV1.2\Core\Inc\main.h_save
2025-11-10 18:39:42,450 [INFO] CodeEngine:289 - Generated code: C:\Users\USER\STM32CubeIDE\workspace_1.19.0\Hip-Pro_Hardware_V1.2\HardwareV1.2\Core\Inc\main.h
2025-11-10 18:39:42,455 [INFO] CodeEngine:265 - oldGeneratedFile, C:\Users\USER\STM32CubeIDE\workspace_1.19.0\Hip-Pro_Hardware_V1.2\HardwareV1.2\Core\Src\main.c_save
2025-11-10 18:39:42,568 [INFO] CodeEngine:289 - Generated code: C:\Users\USER\STM32CubeIDE\workspace_1.19.0\Hip-Pro_Hardware_V1.2\HardwareV1.2\Core\Src\main.c
2025-11-10 18:39:42,928 [INFO] ProjectBuilder:3606 - Time for Copy HAL[1] : 166mS.
2025-11-10 18:39:42,932 [INFO] ProjectBuilder:5216 - Project Generator version: 4.7.0-B52
2025-11-10 18:39:42,998 [INFO] ConfigFileManager:1595 - The Die is : DIE414
2025-11-10 18:39:43,657 [INFO] ProjectBuilder:5496 - Time for Generating toolchain IDE Files: 725mS.
2025-11-10 18:39:43,658 [INFO] ProjectBuilder:3463 - Time for Copy CMSIS : 1mS.
2025-11-10 18:39:43,663 [INFO] ProjectBuilder:3463 - Time for Copy CMSIS : 0mS.
2025-11-10 18:42:25,179 [ERROR] ConfigurationRetriever:142 - IOException on connection: Read timed out
2025-11-10 18:42:27,188 [ERROR] ConfigurationRetriever:142 - IOException on connection: Read timed out
2025-11-10 18:42:29,195 [ERROR] ConfigurationRetriever:142 - IOException on connection: Read timed out
2025-11-10 19:24:14,798 [ERROR] LogOutputStream:75 - [STDERR_REDIRECT] 
2025-11-10 19:24:14,799 [ERROR] LogOutputStream:75 - [STDERR_REDIRECT] 
