2025-11-05 10:40:34,316 [INFO] Activator:176 - 


2025-11-05 10:40:34,320 [INFO] Activator:177 - !SESSION log4j initialized
2025-11-05 10:40:40,074 [INFO] LogOutputStream:77 - [STDOUT_REDIRECT] 
2025-11-05 10:40:41,271 [INFO] ApplicationProperties:184 - Using Application install path: C:\ST\STM32CubeIDE_1.19.0\STM32CubeIDE\plugins\com.st.stm32cube.common.mx_6.15.0.202507011659
2025-11-05 10:40:41,290 [INFO] DbMcusXml:78 - Set database path to: C:\ST\STM32CubeIDE_1.19.0\STM32CubeIDE\plugins\com.st.stm32cube.common.mx_6.15.0.202507011659\\db\/mcu/
2025-11-05 10:40:41,290 [INFO] ApiDb:274 - Set plugin database path to: C:\ST\STM32CubeIDE_1.19.0\STM32CubeIDE\plugins\com.st.stm32cube.common.mx_6.15.0.202507011659\\db\/plugins/boardmanager/
2025-11-05 10:40:41,290 [WARN] ApiDb:259 - Overriding images path with different value:  => C:\ST\STM32CubeIDE_1.19.0\STM32CubeIDE\plugins\com.st.stm32cube.common.mx_6.15.0.202507011659\\db\/plugins/mcufinder/images/
2025-11-05 10:40:41,300 [INFO] ApiDb:250 - Set database path to: C:\Users\USER\.stmcufinder\plugins\mcufinder//mcu/
2025-11-05 10:40:41,302 [INFO] DbMcusAds:125 - Set database path to: C:\Users\USER\.stmcufinder\plugins\mcufinder//mcu/
2025-11-05 10:40:41,304 [INFO] CrossReferenceDbSqlite:203 - Set database path to: C:\Users\USER\.stmcufinder\plugins\mcufinder//mcu/cs/
2025-11-05 10:40:41,401 [INFO] RulesReader:64 - Compatibility file has been processed (317 Rules)
2025-11-05 10:40:41,471 [INFO] DbMcusXml:78 - Set database path to: C:\ST\STM32CubeIDE_1.19.0\STM32CubeIDE\plugins\com.st.stm32cube.common.mx_6.15.0.202507011659\\db\/mcu/
2025-11-05 10:40:41,471 [INFO] ApiDb:274 - Set plugin database path to: C:\ST\STM32CubeIDE_1.19.0\STM32CubeIDE\plugins\com.st.stm32cube.common.mx_6.15.0.202507011659\\db\/plugins/boardmanager/
2025-11-05 10:40:41,471 [INFO] ApiDb:261 - Set plugin images path to: C:\ST\STM32CubeIDE_1.19.0\STM32CubeIDE\plugins\com.st.stm32cube.common.mx_6.15.0.202507011659\\db\/plugins/mcufinder/images/
2025-11-05 10:40:41,471 [WARN] DbFile:41 - Overriding database path with different value: C:\Users\USER\.stmcufinder\plugins\mcufinder/ => C:\Users\USER\.stmcufinder\plugins\mcufinder
2025-11-05 10:40:41,471 [INFO] ApiDb:250 - Set database path to: C:\Users\USER\.stmcufinder\plugins\mcufinder//mcu/
2025-11-05 10:40:41,471 [WARN] DbFile:41 - Overriding database path with different value: C:\Users\USER\.stmcufinder\plugins\mcufinder/ => C:\Users\USER\.stmcufinder\plugins\mcufinder
2025-11-05 10:40:41,472 [INFO] DbMcusAds:125 - Set database path to: C:\Users\USER\.stmcufinder\plugins\mcufinder//mcu/
2025-11-05 10:40:41,472 [WARN] DbFile:41 - Overriding database path with different value: C:\Users\USER\.stmcufinder\plugins\mcufinder/ => C:\Users\USER\.stmcufinder\plugins\mcufinder
2025-11-05 10:40:41,472 [WARN] DbFile:41 - Overriding database path with different value: C:\Users\USER\.stmcufinder\plugins\mcufinder/ => C:\Users\USER\.stmcufinder\plugins\mcufinder
2025-11-05 10:40:41,472 [INFO] CrossReferenceDbSqlite:203 - Set database path to: C:\Users\USER\.stmcufinder\plugins\mcufinder//mcu/cs/
2025-11-05 10:40:41,536 [INFO] MainPanel:274 - HeapMemory: 268435456
2025-11-05 10:40:41,632 [INFO] DbMcusXml:78 - Set database path to: C:\ST\STM32CubeIDE_1.19.0\STM32CubeIDE\plugins\com.st.stm32cube.common.mx_6.15.0.202507011659\\db\/mcu/
2025-11-05 10:40:41,632 [INFO] ApiDb:274 - Set plugin database path to: C:\ST\STM32CubeIDE_1.19.0\STM32CubeIDE\plugins\com.st.stm32cube.common.mx_6.15.0.202507011659\\db\/plugins/boardmanager/
2025-11-05 10:40:41,632 [INFO] ApiDb:261 - Set plugin images path to: C:\ST\STM32CubeIDE_1.19.0\STM32CubeIDE\plugins\com.st.stm32cube.common.mx_6.15.0.202507011659\\db\/plugins/mcufinder/images/
2025-11-05 10:40:41,632 [WARN] DbFile:41 - Overriding database path with different value: C:\Users\USER\.stmcufinder\plugins\mcufinder/ => C:\Users\USER\.stmcufinder\plugins\mcufinder
2025-11-05 10:40:41,632 [INFO] ApiDb:250 - Set database path to: C:\Users\USER\.stmcufinder\plugins\mcufinder//mcu/
2025-11-05 10:40:41,632 [WARN] DbFile:41 - Overriding database path with different value: C:\Users\USER\.stmcufinder\plugins\mcufinder/ => C:\Users\USER\.stmcufinder\plugins\mcufinder
2025-11-05 10:40:41,632 [INFO] DbMcusAds:125 - Set database path to: C:\Users\USER\.stmcufinder\plugins\mcufinder//mcu/
2025-11-05 10:40:41,633 [WARN] DbFile:41 - Overriding database path with different value: C:\Users\USER\.stmcufinder\plugins\mcufinder/ => C:\Users\USER\.stmcufinder\plugins\mcufinder
2025-11-05 10:40:41,633 [WARN] DbFile:41 - Overriding database path with different value: C:\Users\USER\.stmcufinder\plugins\mcufinder/ => C:\Users\USER\.stmcufinder\plugins\mcufinder
2025-11-05 10:40:41,633 [INFO] CrossReferenceDbSqlite:203 - Set database path to: C:\Users\USER\.stmcufinder\plugins\mcufinder//mcu/cs/
2025-11-05 10:40:41,648 [INFO] ApplicationProperties:184 - Using Application install path: C:\ST\STM32CubeIDE_1.19.0\STM32CubeIDE\plugins\com.st.stm32cube.common.mx_6.15.0.202507011659
2025-11-05 10:40:41,649 [INFO] PluginManage:196 - Search for loadable plugins [exclusion list=, ]
2025-11-05 10:40:41,650 [INFO] PluginManage:310 - Check plugin analytics
2025-11-05 10:40:41,799 [INFO] AnalyticsPlugin:253 - Accepted Software Licenses: 
2025-11-05 10:40:41,799 [INFO] AnalyticsPlugin:255 - Accepted CMSIS Pack Licenses: 
2025-11-05 10:40:41,799 [INFO] AnalyticsPlugin:257 - Accepted Firmware Licenses: 
2025-11-05 10:40:41,801 [INFO] PluginManage:359 - Loaded plugin analytics (category:tool,tabindex:-1)
2025-11-05 10:40:41,801 [INFO] PluginManage:310 - Check plugin cadmodel
2025-11-05 10:40:41,807 [INFO] CADModel:105 - Init CAD model plugin
2025-11-05 10:40:41,807 [INFO] PluginManage:359 - Loaded plugin cadmodel (category:power,tabindex:5)
2025-11-05 10:40:41,807 [INFO] PluginManage:310 - Check plugin clock
2025-11-05 10:40:41,815 [INFO] PluginManage:359 - Loaded plugin clock (category:base,tabindex:2)
2025-11-05 10:40:41,815 [INFO] PluginManage:310 - Check plugin ddr
2025-11-05 10:40:41,817 [INFO] PluginManage:359 - Loaded plugin ddr (category:tool,tabindex:6)
2025-11-05 10:40:41,817 [INFO] PluginManage:310 - Check plugin filemanager
2025-11-05 10:40:41,946 [INFO] PluginManage:359 - Loaded plugin filemanager (category:base,tabindex:10)
2025-11-05 10:40:41,946 [INFO] PluginManage:310 - Check plugin ipmanager
2025-11-05 10:40:41,952 [INFO] PluginManage:359 - Loaded plugin ipmanager (category:base,tabindex:5)
2025-11-05 10:40:41,952 [INFO] PluginManage:310 - Check plugin lpbam
2025-11-05 10:40:41,958 [INFO] PluginManage:359 - Loaded plugin lpbam (category:base,tabindex:0)
2025-11-05 10:40:41,958 [INFO] PluginManage:310 - Check plugin memorymap
2025-11-05 10:40:41,971 [INFO] PluginManage:359 - Loaded plugin memorymap (category:base,tabindex:4)
2025-11-05 10:40:41,971 [INFO] PluginManage:310 - Check plugin pinoutandconfiguration
2025-11-05 10:40:41,979 [INFO] PluginManage:359 - Loaded plugin pinoutandconfiguration (category:base,tabindex:1)
2025-11-05 10:40:41,979 [INFO] PluginManage:310 - Check plugin pinoutconfig
2025-11-05 10:40:42,049 [WARN] SupportedApi:132 - Cannot load RTOS API schema: s4s-elt-must-match.1: The content of 'definitions' must match (annotation?, (simpleType | complexType)?, (unique | key | keyref)*)). A problem was found starting at: attribute.
2025-11-05 10:40:42,147 [INFO] PluginManage:359 - Loaded plugin pinoutconfig (category:base,tabindex:0)
2025-11-05 10:40:42,147 [INFO] PluginManage:310 - Check plugin power
2025-11-05 10:40:42,156 [INFO] PluginManage:359 - Loaded plugin power (category:power,tabindex:4)
2025-11-05 10:40:42,157 [INFO] PluginManage:310 - Check plugin projectmanager
2025-11-05 10:40:42,170 [INFO] PluginManage:359 - Loaded plugin projectmanager (category:projectmanager,tabindex:4)
2025-11-05 10:40:42,170 [INFO] PluginManage:310 - Check plugin rif
2025-11-05 10:40:42,179 [INFO] PluginManage:359 - Loaded plugin rif (category:base,tabindex:3)
2025-11-05 10:40:42,180 [INFO] PluginManage:310 - Check plugin thirdparty
2025-11-05 10:40:42,286 [INFO] PluginManage:359 - Loaded plugin thirdparty (category:base,tabindex:-1)
2025-11-05 10:40:42,286 [INFO] PluginManage:310 - Check plugin tools
2025-11-05 10:40:42,286 [WARN] IntegrityCheckThread:84 - waiting for thirdparty lock release [integrity check]
2025-11-05 10:40:42,287 [INFO] IntegrityCheckThread:86 - entering critical section [integrity check]
2025-11-05 10:40:42,287 [INFO] ThirdPartyUpdaterWithRetryManager:70 - Updater plugin not ready yet. [1/15]
2025-11-05 10:40:42,289 [INFO] PluginManage:359 - Loaded plugin tools (category:base,tabindex:7)
2025-11-05 10:40:42,289 [INFO] PluginManage:310 - Check plugin tutovideos
2025-11-05 10:40:42,457 [INFO] PluginManage:359 - Loaded plugin tutovideos (category:base,tabindex:-1)
2025-11-05 10:40:42,458 [INFO] PluginManage:310 - Check plugin updater
2025-11-05 10:40:42,475 [INFO] PluginManage:359 - Loaded plugin updater (category:base,tabindex:12)
2025-11-05 10:40:42,476 [INFO] PluginManage:310 - Check plugin userauth
2025-11-05 10:40:42,479 [INFO] UserAuth:118 - Init User Auth plugin
2025-11-05 10:40:42,480 [INFO] PluginManage:359 - Loaded plugin userauth (category:base,tabindex:14)
2025-11-05 10:40:42,480 [INFO] PluginManage:283 - PluginManage : Loaded plugins [18]
2025-11-05 10:40:42,693 [INFO] PinOutPanel:1589 - setPackage(No Configuration,No Configuration)
2025-11-05 10:40:42,768 [INFO] CADModel:165 - CPN selected for project level
2025-11-05 10:40:42,768 [INFO] CADModel:114 - Register for checkConnection events
2025-11-05 10:40:42,784 [INFO] IPUIPlugin:80 - create IPUIPlugin
2025-11-05 10:40:42,784 [INFO] PluginManager:220 - loadIPPluginJar : add adc
2025-11-05 10:40:42,786 [INFO] IPUIPlugin:80 - create IPUIPlugin
2025-11-05 10:40:42,786 [INFO] PluginManager:220 - loadIPPluginJar : add aes
2025-11-05 10:40:42,788 [INFO] IPUIPlugin:80 - create IPUIPlugin
2025-11-05 10:40:42,788 [INFO] PluginManager:220 - loadIPPluginJar : add can
2025-11-05 10:40:42,789 [INFO] IPUIPlugin:80 - create IPUIPlugin
2025-11-05 10:40:42,789 [INFO] PluginManager:220 - loadIPPluginJar : add comp
2025-11-05 10:40:42,791 [INFO] IPUIPlugin:80 - create IPUIPlugin
2025-11-05 10:40:42,791 [INFO] PluginManager:220 - loadIPPluginJar : add cryp
2025-11-05 10:40:42,793 [INFO] IPUIPlugin:80 - create IPUIPlugin
2025-11-05 10:40:42,793 [INFO] PluginManager:220 - loadIPPluginJar : add ddr_ctrl_phy
2025-11-05 10:40:42,795 [INFO] IPUIPlugin:80 - create IPUIPlugin
2025-11-05 10:40:42,795 [INFO] PluginManager:220 - loadIPPluginJar : add dfsdm
2025-11-05 10:40:42,799 [INFO] IPUIPlugin:80 - create IPUIPlugin
2025-11-05 10:40:42,800 [INFO] PluginManager:220 - loadIPPluginJar : add dma
2025-11-05 10:40:42,802 [INFO] IPUIPlugin:80 - create IPUIPlugin
2025-11-05 10:40:42,802 [INFO] PluginManager:220 - loadIPPluginJar : add dma3
2025-11-05 10:40:42,804 [INFO] IPUIPlugin:80 - create IPUIPlugin
2025-11-05 10:40:42,804 [INFO] PluginManager:220 - loadIPPluginJar : add extmemmanager
2025-11-05 10:40:42,805 [INFO] IPUIPlugin:80 - create IPUIPlugin
2025-11-05 10:40:42,805 [INFO] PluginManager:220 - loadIPPluginJar : add fatfs
2025-11-05 10:40:42,809 [INFO] IPUIPlugin:80 - create IPUIPlugin
2025-11-05 10:40:42,809 [INFO] PluginManager:220 - loadIPPluginJar : add fmc
2025-11-05 10:40:42,816 [INFO] IPUIPlugin:80 - create IPUIPlugin
2025-11-05 10:40:42,816 [INFO] PluginManager:220 - loadIPPluginJar : add freertos
2025-11-05 10:40:42,818 [INFO] IPUIPlugin:80 - create IPUIPlugin
2025-11-05 10:40:42,818 [INFO] PluginManager:220 - loadIPPluginJar : add genericplugin
2025-11-05 10:40:42,820 [INFO] IPUIPlugin:80 - create IPUIPlugin
2025-11-05 10:40:42,820 [INFO] PluginManager:220 - loadIPPluginJar : add gfxmmu
2025-11-05 10:40:42,824 [INFO] IPUIPlugin:80 - create IPUIPlugin
2025-11-05 10:40:42,824 [INFO] PluginManager:220 - loadIPPluginJar : add gic
2025-11-05 10:40:42,828 [INFO] IPUIPlugin:80 - create IPUIPlugin
2025-11-05 10:40:42,828 [INFO] PluginManager:220 - loadIPPluginJar : add gpio
2025-11-05 10:40:42,830 [INFO] IPUIPlugin:80 - create IPUIPlugin
2025-11-05 10:40:42,830 [INFO] PluginManager:220 - loadIPPluginJar : add gtzc
2025-11-05 10:40:42,832 [INFO] IPUIPlugin:80 - create IPUIPlugin
2025-11-05 10:40:42,832 [INFO] PluginManager:220 - loadIPPluginJar : add hash
2025-11-05 10:40:42,834 [INFO] IPUIPlugin:80 - create IPUIPlugin
2025-11-05 10:40:42,835 [INFO] PluginManager:220 - loadIPPluginJar : add i2c
2025-11-05 10:40:42,837 [INFO] IPUIPlugin:80 - create IPUIPlugin
2025-11-05 10:40:42,837 [INFO] PluginManager:220 - loadIPPluginJar : add i2s
2025-11-05 10:40:42,840 [INFO] IPUIPlugin:80 - create IPUIPlugin
2025-11-05 10:40:42,840 [INFO] PluginManager:220 - loadIPPluginJar : add i3c
2025-11-05 10:40:42,844 [INFO] IPUIPlugin:80 - create IPUIPlugin
2025-11-05 10:40:42,844 [INFO] PluginManager:220 - loadIPPluginJar : add ipddr
2025-11-05 10:40:42,852 [INFO] IPUIPlugin:80 - create IPUIPlugin
2025-11-05 10:40:42,852 [INFO] PluginManager:220 - loadIPPluginJar : add linkedlist
2025-11-05 10:40:42,856 [INFO] IPUIPlugin:80 - create IPUIPlugin
2025-11-05 10:40:42,856 [INFO] PluginManager:220 - loadIPPluginJar : add lorawan
2025-11-05 10:40:42,858 [INFO] IPUIPlugin:80 - create IPUIPlugin
2025-11-05 10:40:42,858 [INFO] PluginManager:220 - loadIPPluginJar : add ltdc
2025-11-05 10:40:42,864 [INFO] IPUIPlugin:80 - create IPUIPlugin
2025-11-05 10:40:42,864 [INFO] PluginManager:220 - loadIPPluginJar : add mdma
2025-11-05 10:40:42,869 [INFO] IPUIPlugin:80 - create IPUIPlugin
2025-11-05 10:40:42,870 [INFO] PluginManager:220 - loadIPPluginJar : add nvic
2025-11-05 10:40:42,872 [INFO] IPUIPlugin:80 - create IPUIPlugin
2025-11-05 10:40:42,873 [INFO] PluginManager:220 - loadIPPluginJar : add opamp
2025-11-05 10:40:42,875 [INFO] IPUIPlugin:80 - create IPUIPlugin
2025-11-05 10:40:42,875 [INFO] PluginManager:220 - loadIPPluginJar : add openamp
2025-11-05 10:40:42,877 [INFO] IPUIPlugin:80 - create IPUIPlugin
2025-11-05 10:40:42,877 [INFO] PluginManager:220 - loadIPPluginJar : add pdm2pcm
2025-11-05 10:40:42,882 [INFO] IPUIPlugin:80 - create IPUIPlugin
2025-11-05 10:40:42,883 [INFO] PluginManager:220 - loadIPPluginJar : add plateformsettings
2025-11-05 10:40:42,885 [INFO] IPUIPlugin:80 - create IPUIPlugin
2025-11-05 10:40:42,885 [INFO] PluginManager:220 - loadIPPluginJar : add quadspi
2025-11-05 10:40:42,886 [INFO] IPUIPlugin:80 - create IPUIPlugin
2025-11-05 10:40:42,886 [INFO] PluginManager:220 - loadIPPluginJar : add radio
2025-11-05 10:40:42,889 [INFO] IPUIPlugin:80 - create IPUIPlugin
2025-11-05 10:40:42,889 [INFO] PluginManager:220 - loadIPPluginJar : add resmgrutility
2025-11-05 10:40:42,892 [INFO] IPUIPlugin:80 - create IPUIPlugin
2025-11-05 10:40:42,892 [INFO] PluginManager:220 - loadIPPluginJar : add sai
2025-11-05 10:40:42,894 [INFO] IPUIPlugin:80 - create IPUIPlugin
2025-11-05 10:40:42,894 [INFO] PluginManager:220 - loadIPPluginJar : add spi
2025-11-05 10:40:42,898 [INFO] IPUIPlugin:80 - create IPUIPlugin
2025-11-05 10:40:42,898 [INFO] PluginManager:220 - loadIPPluginJar : add stm32_wpan
2025-11-05 10:40:42,899 [INFO] IPUIPlugin:80 - create IPUIPlugin
2025-11-05 10:40:42,900 [INFO] PluginManager:220 - loadIPPluginJar : add tim
2025-11-05 10:40:42,902 [INFO] IPUIPlugin:80 - create IPUIPlugin
2025-11-05 10:40:42,902 [INFO] PluginManager:220 - loadIPPluginJar : add touchsensing
2025-11-05 10:40:42,904 [INFO] IPUIPlugin:80 - create IPUIPlugin
2025-11-05 10:40:42,904 [INFO] PluginManager:220 - loadIPPluginJar : add tracer_emb
2025-11-05 10:40:42,906 [INFO] IPUIPlugin:80 - create IPUIPlugin
2025-11-05 10:40:42,906 [INFO] PluginManager:220 - loadIPPluginJar : add ts
2025-11-05 10:40:42,907 [INFO] IPUIPlugin:80 - create IPUIPlugin
2025-11-05 10:40:42,907 [INFO] PluginManager:220 - loadIPPluginJar : add tsc
2025-11-05 10:40:42,908 [INFO] IPUIPlugin:80 - create IPUIPlugin
2025-11-05 10:40:42,908 [INFO] PluginManager:220 - loadIPPluginJar : add ucpd
2025-11-05 10:40:42,910 [INFO] IPUIPlugin:80 - create IPUIPlugin
2025-11-05 10:40:42,910 [INFO] PluginManager:220 - loadIPPluginJar : add usart
2025-11-05 10:40:42,913 [INFO] IPUIPlugin:80 - create IPUIPlugin
2025-11-05 10:40:42,913 [INFO] PluginManager:220 - loadIPPluginJar : add usbx
2025-11-05 10:40:43,027 [FATAL] Updater:351 - Updater called before beeing initialized
2025-11-05 10:40:43,050 [INFO] RulesReader:64 - Compatibility file has been processed (317 Rules)
2025-11-05 10:40:43,059 [INFO] RulesReader:64 - Compatibility file has been processed (317 Rules)
2025-11-05 10:40:43,067 [INFO] CADModel:165 - CPN selected for project level
2025-11-05 10:40:43,067 [INFO] CADModel:114 - Register for checkConnection events
2025-11-05 10:40:43,067 [FATAL] Updater:351 - Updater called before beeing initialized
2025-11-05 10:40:43,067 [ERROR] CADModel:125 - Updater not yet initialized, retry later 
2025-11-05 10:40:43,202 [FATAL] Updater:351 - Updater called before beeing initialized
2025-11-05 10:40:43,204 [INFO] CADModel:165 - CPN selected for project level
2025-11-05 10:40:43,204 [INFO] CADModel:114 - Register for checkConnection events
2025-11-05 10:40:43,204 [FATAL] Updater:351 - Updater called before beeing initialized
2025-11-05 10:40:43,204 [ERROR] CADModel:125 - Updater not yet initialized, retry later 
2025-11-05 10:40:43,207 [FATAL] Updater:351 - Updater called before beeing initialized
2025-11-05 10:40:43,348 [FATAL] Updater:351 - Updater called before beeing initialized
2025-11-05 10:40:43,351 [INFO] DbMcusAds:53 - JSON generation date=Thu Oct 02 15:06:05 IST 2025 (1759397765645)
2025-11-05 10:40:43,351 [FATAL] Updater:351 - Updater called before beeing initialized
2025-11-05 10:40:43,387 [WARN] DetailPanel:346 - Failed to get advertising image, set to default
2025-11-05 10:40:43,456 [FATAL] Updater:351 - Updater called before beeing initialized
2025-11-05 10:40:43,457 [FATAL] Updater:351 - Updater called before beeing initialized
2025-11-05 10:40:43,457 [FATAL] Updater:351 - Updater called before beeing initialized
2025-11-05 10:40:43,458 [WARN] DetailPanel:346 - Failed to get advertising image, set to default
2025-11-05 10:40:43,458 [FATAL] Updater:351 - Updater called before beeing initialized
2025-11-05 10:40:43,494 [ERROR] Updater:1198 - MainUpdater not yet initialized. External WinMGr cannot be set.
2025-11-05 10:40:43,496 [INFO] Updater:1134 - Updater Version found : 6.15.0
2025-11-05 10:40:43,510 [INFO] ApplicationProperties:184 - Using Application install path: C:\ST\STM32CubeIDE_1.19.0\STM32CubeIDE\plugins\com.st.stm32cube.common.mx_6.15.0.202507011659
2025-11-05 10:40:45,079 [ERROR] LogOutputStream:75 - [STDERR_REDIRECT] Nov 05, 2025 10:40:45 AM java.util.prefs.WindowsPreferences <init>
2025-11-05 10:40:45,080 [ERROR] LogOutputStream:75 - [STDERR_REDIRECT] WARNING: Could not open/create prefs root node Software\JavaSoft\Prefs at root 0xffffffff80000002. Windows RegCreateKeyEx(...) returned error code 5.
2025-11-05 10:40:45,080 [ERROR] LogOutputStream:75 - [STDERR_REDIRECT] 
2025-11-05 10:40:45,289 [INFO] ThirdPartyUpdaterWithRetryManager:70 - Updater plugin not ready yet. [2/15]
2025-11-05 10:40:45,392 [INFO] MainUpdater:2872 - connection check result : 10
2025-11-05 10:40:45,392 [INFO] MainUpdater:3604 - Updater definition file requires update
2025-11-05 10:40:45,393 [INFO] MainUpdater:289 - Updater Check For Update Now.
2025-11-05 10:40:45,393 [INFO] MicroXplorer:498 - Change Database Version : DB.6.0.150
2025-11-05 10:40:45,397 [INFO] McuFinderGlobals:63 - Set McuFinder mode to 2 (CubeIDE integrated)
2025-11-05 10:40:45,397 [INFO] UserAuth:171 - activating auth plugin
2025-11-05 10:40:45,399 [INFO] UserAuth:487 - Internet connection configuration mode: 1
2025-11-05 10:40:45,415 [INFO] JxBrowserEngine:152 - Initiate JxBrowser Engine with user profile folder
2025-11-05 10:40:45,527 [INFO] ServerAccessManage:452 - Complete download http(s) 200
2025-11-05 10:40:45,527 [INFO] ServerAccessManage:509 - Download File updaters.zip
2025-11-05 10:40:45,753 [INFO] FileExtend:248 - Unzip File : updaters.zip
2025-11-05 10:40:45,753 [INFO] FileExtend:263 - Standard Zip Deflate
2025-11-05 10:40:46,160 [INFO] ServerAccessManage:452 - Complete download http(s) 200
2025-11-05 10:40:46,160 [INFO] ServerAccessManage:509 - Download File PacksControlFlags.xml
2025-11-05 10:40:46,386 [INFO] ServerAccessManage:452 - Complete download http(s) 200
2025-11-05 10:40:46,387 [INFO] ServerAccessManage:509 - Download File cubemx.pidx
2025-11-05 10:40:46,484 [INFO] LoadServerUpdatesThread:375 - End of LoadServerUpdate Thread
2025-11-05 10:40:46,635 [INFO] CheckServerUpdateThread:120 - End of CheckServer Thread
2025-11-05 10:40:46,760 [INFO] WebApp:169 - Instantiating new browser for Auth
2025-11-05 10:40:47,306 [INFO] WebApp:463 - Apply proxy settings
2025-11-05 10:40:47,307 [INFO] WebApp:548 - Chromium requires no authentication
2025-11-05 10:40:47,315 [INFO] WebApp:491 - Direct internet connection detected
2025-11-05 10:40:47,332 [INFO] WebApp:900 - Register for checkConnection events
2025-11-05 10:40:47,332 [INFO] WebApp:463 - Apply proxy settings
2025-11-05 10:40:47,333 [INFO] WebApp:548 - Chromium requires no authentication
2025-11-05 10:40:47,333 [INFO] WebApp:491 - Direct internet connection detected
2025-11-05 10:40:47,455 [INFO] WebApp:225 - Starting web application
2025-11-05 10:40:47,455 [INFO] WebApp:593 - Web application path used C:\ST\STM32CubeIDE_1.19.0\STM32CubeIDE\plugins\com.st.stm32cube.common.mx_6.15.0.202507011659\db\plugins\mcufinder\reactClient1\index.html
2025-11-05 10:40:48,472 [WARN] PackLoader:240 - Cannot read IP mode file for STMicroelectronics.FP-SNS-MOTENVWB1.1.4.0
2025-11-05 10:40:48,478 [WARN] PackLoader:240 - Cannot read IP mode file for STMicroelectronics.FP-ATR-ASTRA1.2.0.2
2025-11-05 10:40:48,483 [WARN] PackLoader:240 - Cannot read IP mode file for STMicroelectronics.X-CUBE-SMBUS.2.1.0
2025-11-05 10:40:48,505 [WARN] PackLoader:240 - Cannot read IP mode file for STMicroelectronics.X-CUBE-AZRTOS-F7.1.1.0
2025-11-05 10:40:48,512 [WARN] PackLoader:240 - Cannot read IP mode file for Cesanta.I-CUBE-Mongoose.7.19.0
2025-11-05 10:40:48,516 [WARN] PackLoader:240 - Cannot read IP mode file for STMicroelectronics.FP-SNS-MOTENV1.5.1.0
2025-11-05 10:40:48,525 [WARN] PackLoader:240 - Cannot read IP mode file for WES.I-CUBE-Cesium.1.4.0
2025-11-05 10:40:48,544 [WARN] PackLoader:240 - Cannot read IP mode file for Infineon.AIROC-Wi-Fi-Bluetooth-STM32.1.7.1
2025-11-05 10:40:48,566 [WARN] PackLoader:240 - Cannot read IP mode file for STMicroelectronics.X-CUBE-AZRTOS-H7.3.4.0
2025-11-05 10:40:48,575 [WARN] PackLoader:240 - Cannot read IP mode file for STMicroelectronics.X-CUBE-DISPLAY.3.0.0
2025-11-05 10:40:48,586 [WARN] PackLoader:240 - Cannot read IP mode file for STMicroelectronics.X-CUBE-NFC10.1.0.0
2025-11-05 10:40:48,591 [WARN] PackLoader:240 - Cannot read IP mode file for STMicroelectronics.X-CUBE-ST60.1.1.0
2025-11-05 10:40:48,598 [WARN] PackLoader:240 - Cannot read IP mode file for emotas.I-CUBE-CANOPEN.1.3.0
2025-11-05 10:40:48,603 [WARN] PackLoader:240 - Cannot read IP mode file for STMicroelectronics.X-CUBE-GNSS1.7.1.0
2025-11-05 10:40:48,609 [WARN] PackLoader:240 - Cannot read IP mode file for STMicroelectronics.FP-SNS-STBOX1.2.1.0
2025-11-05 10:40:48,615 [WARN] PackLoader:240 - Cannot read IP mode file for STMicroelectronics.FP-SNS-SMARTAG2.1.2.0
2025-11-05 10:40:48,619 [WARN] PackLoader:240 - Cannot read IP mode file for STMicroelectronics.FP-SNS-FLIGHT1.5.1.0
2025-11-05 10:40:48,626 [INFO] LogOutputStream:77 - [STDOUT_REDIRECT] 1 : Invalid condition id : UX_CORESTACK_Condition cause : null
2025-11-05 10:40:48,627 [INFO] LogOutputStream:77 - [STDOUT_REDIRECT] 1 : Invalid condition id : UX_CORESTACK_Condition cause : null
2025-11-05 10:40:48,628 [INFO] LogOutputStream:77 - [STDOUT_REDIRECT] 1 : Invalid condition id : UX_CORESTACK_Condition cause : null
2025-11-05 10:40:48,629 [INFO] LogOutputStream:77 - [STDOUT_REDIRECT] 1 : Invalid condition id : UX_CORESTACK_Condition cause : null
2025-11-05 10:40:48,629 [INFO] LogOutputStream:77 - [STDOUT_REDIRECT] 1 : Invalid condition id : UX_CORESTACK_Condition cause : null
2025-11-05 10:40:48,632 [WARN] PackLoader:240 - Cannot read IP mode file for STMicroelectronics.X-CUBE-AZRTOS-WL.2.0.0
2025-11-05 10:40:48,637 [WARN] PackLoader:240 - Cannot read IP mode file for STMicroelectronics.X-CUBE-BLE2.3.3.0
2025-11-05 10:40:48,642 [WARN] PackLoader:240 - Cannot read IP mode file for STMicroelectronics.X-CUBE-NFC9.1.0.0
2025-11-05 10:40:48,647 [WARN] PackLoader:240 - Cannot read IP mode file for wolfSSL.I-CUBE-wolfSSL.5.8.2
2025-11-05 10:40:48,651 [WARN] PackLoader:240 - Cannot read IP mode file for STMicroelectronics.X-CUBE-BLE1.7.1.0
2025-11-05 10:40:48,654 [WARN] PackLoader:240 - Cannot read IP mode file for wolfSSL.I-CUBE-wolfMQTT.1.19.2
2025-11-05 10:40:48,659 [WARN] PackLoader:240 - Cannot read IP mode file for STMicroelectronics.X-CUBE-EEPRMA1.5.2.0
2025-11-05 10:40:48,665 [WARN] PackLoader:240 - Cannot read IP mode file for STMicroelectronics.X-CUBE-ST67W61.1.1.0
2025-11-05 10:40:48,676 [WARN] PackLoader:240 - Cannot read IP mode file for STMicroelectronics.X-CUBE-AZRTOS-G0.1.1.0
2025-11-05 10:40:48,682 [WARN] PackLoader:240 - Cannot read IP mode file for STMicroelectronics.X-CUBE-SAFEA1.1.2.2
2025-11-05 10:40:48,687 [WARN] PackLoader:240 - Cannot read IP mode file for STMicroelectronics.X-CUBE-NFC4.3.0.0
2025-11-05 10:40:48,694 [WARN] PackLoader:240 - Cannot read IP mode file for EmbeddedOffice.I-CUBE-FS-RTOS.1.0.1
2025-11-05 10:40:48,701 [WARN] PackLoader:240 - Cannot read IP mode file for STMicroelectronics.X-CUBE-WB05N.2.0.0
2025-11-05 10:40:48,705 [WARN] PackLoader:240 - Cannot read IP mode file for wolfSSL.I-CUBE-wolfTPM.3.8.0
2025-11-05 10:40:48,710 [WARN] PackLoader:240 - Cannot read IP mode file for STMicroelectronics.X-CUBE-TCPP.4.2.0
2025-11-05 10:40:48,716 [WARN] PackLoader:240 - Cannot read IP mode file for RealThread.X-CUBE-RT-Thread_Nano.4.1.1
2025-11-05 10:40:48,720 [WARN] PackLoader:240 - Cannot read IP mode file for STMicroelectronics.FP-ATR-SIGFOX1.3.2.0
2025-11-05 10:40:48,726 [WARN] PackLoader:240 - Cannot read IP mode file for ITTIA_DB.I-CUBE-ITTIADB.8.9.0
2025-11-05 10:40:48,731 [WARN] PackLoader:240 - Cannot read IP mode file for STMicroelectronics.X-CUBE-AI.10.2.0
2025-11-05 10:40:48,754 [WARN] PackLoader:240 - Cannot read IP mode file for SEGGER.I-CUBE-embOS.1.3.1
2025-11-05 10:40:48,788 [WARN] PackLoader:240 - Cannot read IP mode file for STMicroelectronics.X-CUBE-ALGOBUILD.1.4.0
2025-11-05 10:40:48,823 [WARN] PackLoader:240 - Cannot read IP mode file for STMicroelectronics.X-CUBE-MEMS1.11.3.0
2025-11-05 10:40:48,910 [WARN] PackLoader:240 - Cannot read IP mode file for STMicroelectronics.X-CUBE-PM33A1.1.0.0
2025-11-05 10:40:48,922 [WARN] PackLoader:240 - Cannot read IP mode file for STMicroelectronics.X-CUBE-AZRTOS-F4.1.1.0
2025-11-05 10:40:48,927 [WARN] PackLoader:240 - Cannot read IP mode file for STMicroelectronics.X-CUBE-ISPU.2.1.0
2025-11-05 10:40:48,938 [WARN] PackLoader:240 - Cannot read IP mode file for STMicroelectronics.X-CUBE-IPS.3.2.0
2025-11-05 10:40:48,949 [WARN] PackLoader:240 - Cannot read IP mode file for STMicroelectronics.X-CUBE-NFC12.1.0.0
2025-11-05 10:40:48,963 [WARN] PackLoader:240 - Cannot read IP mode file for STMicroelectronics.X-CUBE-AZRTOS-L5.2.0.0
2025-11-05 10:40:48,972 [WARN] PackLoader:240 - Cannot read IP mode file for STMicroelectronics.X-CUBE-NFC6.3.1.0
2025-11-05 10:40:48,978 [WARN] PackLoader:240 - Cannot read IP mode file for STMicroelectronics.X-CUBE-FREERTOS.1.3.1
2025-11-05 10:40:48,983 [WARN] PackLoader:240 - Cannot read IP mode file for STMicroelectronics.X-CUBE-TOUCHGFX.4.26.0
2025-11-05 10:40:48,988 [WARN] PackLoader:240 - Cannot read IP mode file for STMicroelectronics.FP-SNS-STAIOTCFT.1.0.0
2025-11-05 10:40:48,993 [WARN] PackLoader:240 - Cannot read IP mode file for STMicroelectronics.X-CUBE-DPower.1.3.0
2025-11-05 10:40:49,006 [WARN] ConditionMgr:438 - getConditionDescription Invalid condition id : LAN8742 Phy interface Condition cause : null
2025-11-05 10:40:49,007 [WARN] PackLoader:240 - Cannot read IP mode file for STMicroelectronics.X-CUBE-AZRTOS-L4.2.0.0
2025-11-05 10:40:49,008 [WARN] ConditionMgr:1044 - genDependencies : Invalid condition id : LAN8742 Phy interface Condition cause : null
2025-11-05 10:40:49,008 [WARN] ConditionMgr:1044 - genDependencies : Invalid condition id : LAN8742 Phy interface Condition cause : null
2025-11-05 10:40:49,008 [WARN] ConditionMgr:1044 - genDependencies : Invalid condition id : LAN8742 Phy interface Condition cause : null
2025-11-05 10:40:49,015 [WARN] PackLoader:240 - Cannot read IP mode file for STMicroelectronics.X-CUBE-SFXS2LP1.4.0.0
2025-11-05 10:40:49,023 [WARN] PackLoader:240 - Cannot read IP mode file for STMicroelectronics.X-CUBE-BLEMGR.4.1.0
2025-11-05 10:40:49,034 [WARN] ConditionMgr:438 - getConditionDescription Invalid condition id : UX DEVICE CLASS RTOS Condition cause : null
2025-11-05 10:40:49,034 [WARN] ConditionMgr:438 - getConditionDescription Invalid condition id : UX DEVICE CLASS RTOS Condition cause : null
2025-11-05 10:40:49,035 [WARN] PackLoader:240 - Cannot read IP mode file for STMicroelectronics.X-CUBE-AZRTOS-WB.2.0.0
2025-11-05 10:40:49,036 [WARN] ConditionMgr:1044 - genDependencies : Invalid condition id : UX DEVICE CLASS RTOS Condition cause : null
2025-11-05 10:40:49,036 [WARN] ConditionMgr:1044 - genDependencies : Invalid condition id : UX DEVICE CLASS RTOS Condition cause : null
2025-11-05 10:40:49,036 [WARN] ConditionMgr:1044 - genDependencies : Invalid condition id : UX DEVICE CLASS RTOS Condition cause : null
2025-11-05 10:40:49,036 [WARN] ConditionMgr:1044 - genDependencies : Invalid condition id : UX DEVICE CLASS RTOS Condition cause : null
2025-11-05 10:40:49,036 [WARN] ConditionMgr:1044 - genDependencies : Invalid condition id : UX DEVICE CLASS RTOS Condition cause : null
2025-11-05 10:40:49,041 [WARN] ConditionMgr:438 - getConditionDescription Invalid condition id : Cortex-A Device cause : null
2025-11-05 10:40:49,051 [WARN] ConditionMgr:1044 - genDependencies : Invalid condition id : Cortex-A Device cause : null
2025-11-05 10:40:49,051 [WARN] ConditionMgr:1044 - genDependencies : Invalid condition id : Cortex-A Device cause : null
2025-11-05 10:40:49,051 [WARN] ConditionMgr:1044 - genDependencies : Invalid condition id : Cortex-A Device cause : null
2025-11-05 10:40:49,058 [WARN] PackLoader:240 - Cannot read IP mode file for STMicroelectronics.X-CUBE-SUBG2.5.0.0
2025-11-05 10:40:49,087 [WARN] PackLoader:240 - Cannot read IP mode file for STMicroelectronics.X-CUBE-AZRTOS-H7RS.1.1.0
2025-11-05 10:40:49,098 [WARN] PackLoader:240 - Cannot read IP mode file for STMicroelectronics.X-CUBE-AZRTOS-G4.2.0.0
2025-11-05 10:40:49,104 [WARN] PackLoader:240 - Cannot read IP mode file for wolfSSL.I-CUBE-wolfSSH.1.4.20
2025-11-05 10:40:49,108 [WARN] PackLoader:240 - Cannot read IP mode file for STMicroelectronics.X-CUBE-NFC7.2.0.0
2025-11-05 10:40:49,111 [WARN] PackLoader:240 - Cannot read IP mode file for STMicroelectronics.X-CUBE-ALS.1.0.2
2025-11-05 10:40:49,119 [WARN] PackLoader:240 - Cannot read IP mode file for STMicroelectronics.X-CUBE-STSE01.1.0.0
2025-11-05 10:40:49,129 [WARN] PackLoader:240 - Cannot read IP mode file for STMicroelectronics.X-CUBE-TOF1.3.4.3
2025-11-05 10:40:49,136 [INFO] ThirdParty:978 - Integrity check success = true
2025-11-05 10:40:49,136 [INFO] IntegrityCheckThread:100 - exiting critical section [integrity check]
2025-11-05 10:40:49,136 [INFO] IntegrityCheckThread:103 - End integrity checks thread
2025-11-05 10:40:49,472 [INFO] WebApp:191 - Connection restablished
2025-11-05 11:39:49,927 [INFO] McuFinderGlobals:63 - Set McuFinder mode to 2 (CubeIDE integrated)
2025-11-05 11:39:49,931 [INFO] MainUpdater:2872 - connection check result : 10
2025-11-05 11:39:49,931 [INFO] MainUpdater:2872 - connection check result : 10
2025-11-05 11:39:49,959 [INFO] MicroXplorer:468 - Change Database Path : 
2025-11-05 11:39:49,960 [INFO] MicroXplorer:498 - Change Database Version : DB.6.0.150
2025-11-05 11:39:49,965 [WARN] ThirdParty:871 - waiting for thirdparty lock release [close project]
2025-11-05 11:39:49,965 [INFO] ThirdParty:873 - entering critical section [close project]
2025-11-05 11:39:49,966 [INFO] ThirdParty:883 - exiting critical section [close project]
2025-11-05 11:39:49,968 [INFO] PinOutPanel:1589 - setPackage(No Configuration,No Configuration)
2025-11-05 11:39:49,970 [INFO] UtilMem:75 - Begin LoadConfig() Used Memory: 429583248 Bytes (935329792)
2025-11-05 11:39:49,972 [INFO] MicroXplorer:468 - Change Database Path : 
2025-11-05 11:39:49,972 [INFO] MicroXplorer:498 - Change Database Version : DB.6.0.150
2025-11-05 11:39:49,972 [INFO] OpenFileManager:355 - Change cursor
2025-11-05 11:39:50,010 [INFO] Mcu:2029 - Initializing MCU STM32F103R(C-D-E)Tx STM32F103RCTx STM32F103RCT6TR
2025-11-05 11:39:50,936 [INFO] Context:786 - Trying to add GPIOservice into a context  which must be forbidden
2025-11-05 11:39:51,174 [INFO] ImportTextPane:234 - (OptionalMessage_ERROR) Pin12 (VP_RIF_VS_RIF1) cannot be retrieved for this MCU
2025-11-05 11:39:51,255 [INFO] RtosManager:558 - Registered RTOS mode: class=CMSIS, group=RTOS, mode=CMSIS_V1, owner=FREERTOS
2025-11-05 11:39:51,255 [INFO] RtosManager:558 - Registered RTOS mode: class=CMSIS, group=RTOS2, mode=CMSIS_V2, owner=FREERTOS
2025-11-05 11:39:51,255 [INFO] RtosManager:558 - Registered RTOS mode: class=RTOS, group=Core, mode=CMSIS_V1, owner=FREERTOS
2025-11-05 11:39:51,255 [INFO] RtosManager:558 - Registered RTOS mode: class=RTOS, group=Core, mode=CMSIS_V2, owner=FREERTOS
2025-11-05 11:39:51,256 [WARN] ModelIntegratedComponent:184 - Missing modes for component STMicroelectronics:FreeRTOS:0.0.1:STMicroelectronics:RTOS:FreeRTOS:Core:::10.2.0:
2025-11-05 11:39:51,276 [WARN] ModelIntegratedComponent:63 - No mode defined for component null
2025-11-05 11:39:51,276 [WARN] ModelIntegratedComponent:63 - No mode defined for component null
2025-11-05 11:39:51,276 [WARN] ModelIntegratedComponent:63 - No mode defined for component null
2025-11-05 11:39:51,276 [WARN] ModelIntegratedComponent:63 - No mode defined for component null
2025-11-05 11:39:51,276 [WARN] ModelIntegratedComponent:63 - No mode defined for component null
2025-11-05 11:39:51,276 [WARN] ModelIntegratedComponent:63 - No mode defined for component null
2025-11-05 11:39:51,276 [WARN] ModelIntegratedComponent:63 - No mode defined for component null
2025-11-05 11:39:51,276 [WARN] ModelIntegratedComponent:63 - No mode defined for component null
2025-11-05 11:39:51,276 [WARN] ModelIntegratedComponent:63 - No mode defined for component null
2025-11-05 11:39:51,276 [WARN] ModelIntegratedComponent:63 - No mode defined for component null
2025-11-05 11:39:51,276 [WARN] ModelIntegratedComponent:63 - No mode defined for component null
2025-11-05 11:39:51,276 [WARN] ModelIntegratedComponent:63 - No mode defined for component null
2025-11-05 11:39:51,276 [WARN] ModelIntegratedComponent:63 - No mode defined for component null
2025-11-05 11:39:51,276 [WARN] ModelIntegratedComponent:63 - No mode defined for component null
2025-11-05 11:39:51,276 [WARN] ModelIntegratedComponent:63 - No mode defined for component null
2025-11-05 11:39:51,277 [WARN] ModelIntegratedComponent:63 - No mode defined for component null
2025-11-05 11:39:51,277 [WARN] ModelIntegratedComponent:63 - No mode defined for component null
2025-11-05 11:39:51,277 [WARN] ModelIntegratedComponent:63 - No mode defined for component null
2025-11-05 11:39:51,277 [WARN] ModelIntegratedComponent:63 - No mode defined for component null
2025-11-05 11:39:51,277 [WARN] ModelIntegratedComponent:63 - No mode defined for component null
2025-11-05 11:39:51,277 [WARN] ModelIntegratedComponent:63 - No mode defined for component null
2025-11-05 11:39:51,277 [WARN] ModelIntegratedComponent:63 - No mode defined for component null
2025-11-05 11:39:51,277 [WARN] ModelIntegratedComponent:63 - No mode defined for component null
2025-11-05 11:39:51,277 [WARN] ModelIntegratedComponent:63 - No mode defined for component null
2025-11-05 11:39:51,277 [WARN] ModelIntegratedComponent:63 - No mode defined for component null
2025-11-05 11:39:51,277 [WARN] ModelIntegratedComponent:63 - No mode defined for component null
2025-11-05 11:39:51,277 [WARN] ModelIntegratedComponent:63 - No mode defined for component null
2025-11-05 11:39:51,277 [WARN] ModelIntegratedComponent:63 - No mode defined for component null
2025-11-05 11:39:51,277 [WARN] ModelIntegratedComponent:63 - No mode defined for component null
2025-11-05 11:39:51,277 [WARN] ModelIntegratedComponent:63 - No mode defined for component null
2025-11-05 11:39:51,277 [WARN] ModelIntegratedComponent:63 - No mode defined for component null
2025-11-05 11:39:51,277 [WARN] ModelIntegratedComponent:63 - No mode defined for component null
2025-11-05 11:39:51,277 [WARN] ModelIntegratedComponent:63 - No mode defined for component null
2025-11-05 11:39:51,278 [WARN] ModelIntegratedComponent:63 - No mode defined for component null
2025-11-05 11:39:51,278 [WARN] ModelIntegratedComponent:63 - No mode defined for component null
2025-11-05 11:39:51,278 [WARN] ModelPack:524 - Component already loaded: STMicroelectronics:HAL Drivers:0.0.0:STMicroelectronics:Device:STMicro_Driver:XSPI:HAL::0.0.1:HAL_XSPI
2025-11-05 11:39:51,379 [INFO] ThirdPartyModel:298 - Start build external matchings
2025-11-05 11:39:51,661 [INFO] ThirdPartyModel:316 - End build external matchings
2025-11-05 11:39:51,677 [INFO] ImportTextPane:234 - (OptionalMessage_ERROR) IP (RCC) : Invalid parameter (FamilyName)
2025-11-05 11:39:51,866 [INFO] ApiDb:581 - Connected to CubeFinder SQLite database (C:\Users\USER\.stmcufinder\plugins\mcufinder\mcu\cube-finder-db.db)
2025-11-05 11:39:51,958 [INFO] ApiDb:668 - CubeFinder database Data Model version=2.1
2025-11-05 11:39:51,958 [INFO] ApiDb:669 - CubeFinder database Configuration version=3.0.39
2025-11-05 11:39:51,958 [INFO] ApiDb:670 - CubeFinder database generation date=2025-10-27 (1761571959)
2025-11-05 11:39:51,958 [INFO] ApiDb:671 - CubeFinder database FW Pack versions=[FP-ATR-ASTRA1_V2.0.0, FP-SNS-FLIGHT1_V5.1.0, FP-SNS-MOTENV1_V5.0.0, FP-SNS-MOTENVWB1_V1.4.0, FP-SNS-SMARTAG2_V1.2.0, FP-SNS-STBOX1_V2.1.0, STM32Cube_FW_C0_V1.4.0, STM32Cube_FW_F4_V1.28.3, STM32Cube_FW_F7_V1.17.4, STM32Cube_FW_G0_V1.6.2, STM32Cube_FW_G4_V1.6.1, STM32Cube_FW_H5_V1.5.0, STM32Cube_FW_H7RS_V1.2.0, STM32Cube_FW_H7_V1.12.1, STM32Cube_FW_L0_V1.12.2, STM32Cube_FW_L4_V1.18.1, STM32Cube_FW_L5_V1.5.1, STM32Cube_FW_N6_V1.2.0, STM32Cube_FW_U0_V1.3.0, STM32Cube_FW_U3_V1.2.1, STM32Cube_FW_U5_V1.8.0, STM32Cube_FW_WB0_V1.3.0, STM32Cube_FW_WBA_V1.7.0, STM32Cube_FW_WB_V1.23.0, STM32Cube_FW_WL3_V1.2.0, STM32Cube_FW_WL_V1.3.1, X-CUBE-ALGOBUILD_V1.4.0, X-CUBE-ALS_V1.0.2, X-CUBE-AZRTOS-F4_V1.1.0, X-CUBE-AZRTOS-F7_V1.1.0, X-CUBE-AZRTOS-G0_V1.1.0, X-CUBE-AZRTOS-G4_V2.0.0, X-CUBE-AZRTOS-H7RS_V1.1.0, X-CUBE-AZRTOS-H7_V3.4.0, X-CUBE-AZRTOS-L4_V2.0.0, X-CUBE-AZRTOS-L5_V2.0.0, X-CUBE-AZRTOS-WB_V2.0.0, X-CUBE-AZRTOS-WL_V2.0.0, X-CUBE-BLE1_V7.1.0, X-CUBE-BLE2_V3.3.0, X-CUBE-BLEMGR_V4.1.0, X-CUBE-EEPRMA1_V5.2.0, X-CUBE-FREERTOS_V1.3.1, X-CUBE-GNSS1_V6.0.0, X-CUBE-MEMS1_V11.3.0, X-CUBE-NFC4_V3.0.0, X-CUBE-NFC7_V2.0.0, X-CUBE-SFXS2LP1_V4.0.0, X-CUBE-ST67W61_V1.1.0, X-CUBE-SUBG2_V5.0.0, X-CUBE-TOF1_V3.4.3]
2025-11-05 11:39:52,098 [INFO] DbBoardsSqlite:226 - include board P-NUCLEO-WB55-NUCLEO as a kit item of type 'Nucleo-64'
2025-11-05 11:39:52,098 [INFO] DbBoardsSqlite:226 - include board P-NUCLEO-WB55-USBDONGLE as a kit item of type 'Nucleo USB Dongle'
2025-11-05 11:39:52,099 [INFO] DbBoardsSqlite:226 - include board STEVAL-IDP005V1 as a kit item of type 'Evaluation Board'
2025-11-05 11:39:52,099 [INFO] DbBoardsSqlite:226 - include board STEVAL-IDP005V2 as a kit item of type 'Evaluation Board'
2025-11-05 11:39:52,720 [INFO] ApiDb:240 - Found 880 in-development CPN: [B-G473E-ZEST1S, B-WB1M-WPAN1, B-WBA5M-WPAN, B-WL5M-SUBG1, NUCLEO-C031C6, NUCLEO-C051C8, NUCLEO-C071RB, NUCLEO-C092RC, NUCLEO-H503RB, NUCLEO-H533RE, NUCLEO-H563ZI, NUCLEO-H7S3L8, NUCLEO-N657X0-Q, NUCLEO-U031R8, NUCLEO-U083RC, NUCLEO-U385RG-Q, NUCLEO-U545RE-Q, NUCLEO-U5A5ZJ-Q, NUCLEO-WB05KZ, NUCLEO-WB07CC, NUCLEO-WB09KE, NUCLEO-WBA52CG, NUCLEO-WBA55CG, NUCLEO-WL33CC1, NUCLEO-WL33CC2, STEVAL-PROTEUS1, STEVAL-SMARTAG2, STEVAL-STWINBX1, STM320518-EVAL, STM32C0116-DK, STM32C011D6Y3TR, STM32C011D6Y6TR, STM32C011F4P3, STM32C011F4P6, STM32C011F4U3, STM32C011F4U6TR, STM32C011F6P3, STM32C011F6P6, STM32C011F6U3, STM32C011F6U6TR, STM32C011J4M3, STM32C011J4M6, STM32C011J6M3, STM32C011J6M6, STM32C0316-DK, STM32C031C4T3, STM32C031C4T6, STM32C031C4U3, STM32C031C4U6, STM32C031C6T3, STM32C031C6T6, STM32C031C6U3, STM32C031C6U6, STM32C031F4P3, STM32C031F4P6, STM32C031F6P3, STM32C031F6P6, STM32C031G4U3, STM32C031G4U6, STM32C031G6U3, STM32C031G6U6, STM32C031K4T3, STM32C031K4T6, STM32C031K4U3, STM32C031K4U6, STM32C031K6T3, STM32C031K6T6, STM32C031K6U3, STM32C031K6U6, STM32C051C6T6, STM32C051C6U6, STM32C051C8T6, STM32C051C8U6, STM32C051D8Y6TR, STM32C051F6P6, STM32C051F8P6, STM32C051G6U6, STM32C051G8U6, STM32C051K6T6, STM32C051K6U6, STM32C051K8T6, STM32C071C8T6, STM32C071C8T6N, STM32C071C8U6, STM32C071C8U6N, STM32C071CBT6, STM32C071CBT6N, STM32C071CBU6, STM32C071CBU6N, STM32C071F8P6, STM32C071F8P6N, STM32C071FBP6, STM32C071FBP6N, STM32C071FBY6TR, STM32C071G8U6, STM32C071G8U6N, STM32C071GBU6, STM32C071GBU6N, STM32C071K8T6, STM32C071K8T6N, STM32C071K8U6, STM32C071K8U6N, STM32C071KBT6, STM32C071KBT6N, STM32C071KBU6, STM32C071KBU6N, STM32C071R8T6, STM32C071R8T6N, STM32C071RBI6N, STM32C071RBT6, STM32C071RBT6N, STM32C091CBT6, STM32C091CBU6, STM32C091CCT6, STM32C091CCU6, STM32C091ECY6TR, STM32C091FBP6, STM32C091FCP6, STM32C091GBU6, STM32C091GCU6, STM32C091KBT6, STM32C091KBU6, STM32C091KCT6, STM32C091KCU6, STM32C091RBT6, STM32C091RCI6, STM32C091RCT6, STM32C092CBT6, STM32C092CBU6, STM32C092CCT6, STM32C092CCU6, STM32C092ECY6TR, STM32C092FBP6, STM32C092FCP6, STM32C092GBU6, STM32C092GCU6, STM32C092KBT6, STM32C092KBU6, STM32C092KCT6, STM32C092KCU6, STM32C092RBT6, STM32C092RCI6, STM32C092RCT6, STM32G071K8TXN, STM32G071K8UXN, STM32G081GBU6N, STM32G081KBT6N, STM32G081KBUXN, STM32G0B1CCT6N, STM32G0B1KCT6, STM32G0B1NEY6TR, STM32G0B1RCT6N, STM32G0C1CCT6, STM32G0C1CCT6N, STM32G0C1CCU6N, STM32G0C1CET6N, STM32G0C1CEU6N, STM32G0C1KCT6, STM32G0C1NEY6TR, STM32G0C1RCI6N, STM32G0C1RCT6N, STM32G0C1REI6N, STM32G0C1RET6N, STM32G0C1VCI6, STM32G0C1VEI6, STM32G411C6T3, STM32G411C6T6, STM32G411C6U3, STM32G411C6U6, STM32G411C8T3, STM32G411C8T6, STM32G411C8U3, STM32G411C8U6, STM32G411CBT3, STM32G411CBT6, STM32G411CBU3, STM32G411CBU6, STM32G411K6T3, STM32G411K6T6, STM32G411K6U3, STM32G411K6U6, STM32G411K8T3, STM32G411K8T6, STM32G411K8U3, STM32G411K8U6, STM32G411KBT3, STM32G411KBT6, STM32G411KBU3, STM32G411KBU6, STM32G411M6T3, STM32G411M6T6, STM32G411M8T3, STM32G411M8T6, STM32G411MBT3, STM32G411MBT6, STM32G411R6T3, STM32G411R6T6, STM32G411R8T3, STM32G411R8T6, STM32G411RBT3, STM32G411RBT6, STM32G414CBT3, STM32G414CBT6, STM32G414CBU3, STM32G414CBU6, STM32G414CCT3, STM32G414CCT6, STM32G414CCU3, STM32G414CCU6, STM32G414MBT3, STM32G414MBT6, STM32G414MCT3, STM32G414MCT6, STM32G414RBT3, STM32G414RBT6, STM32G414RCT3, STM32G414RCT6, STM32G414VBT3, STM32G414VBT6, STM32G414VCT3, STM32G414VCT6, STM32G431CBT3Z, STM32G431RBT3Z, STM32G471CCT6, STM32G471CCU6, STM32G471CET3, STM32G471CET6, STM32G471CEU3, STM32G471CEU6, STM32G471MCT6, STM32G471MET3, STM32G471MET6, STM32G471MEY6TR, STM32G471QCT6, STM32G471QET3, STM32G471RCT6, STM32G471RET3, STM32G471RET6, STM32G471VCH6, STM32G471VCI6, STM32G471VCT6, STM32G471VEH3, STM32G471VEH6, STM32G471VEI3, STM32G471VEI6, STM32G471VET3, STM32G471VET6, STM32G473QET3Z, STM32G473RET3Z, STM32G474CCT6, STM32G491RET3Z, STM32H503CBT6, STM32H503CBU6, STM32H503EBY6TR, STM32H503KBU6, STM32H503RBT6, STM32H523CCT6, STM32H523CCU6, STM32H523CET6, STM32H523CEU6, STM32H523HEY6TR, STM32H523RCT6, STM32H523RET6, STM32H523VCI6, STM32H523VCT6, STM32H523VEI6, STM32H523VET6, STM32H523ZCJ6, STM32H523ZCT6, STM32H523ZEJ6, STM32H523ZET6, STM32H533CET6, STM32H533CEU6, STM32H533HEY6TR, STM32H533RET6, STM32H533VEI6, STM32H533VET6, STM32H533ZEJ6, STM32H533ZET6, STM32H562AGI6, STM32H562AII6, STM32H562IGK6, STM32H562IGT6, STM32H562IIK6, STM32H562IIT6, STM32H562RGT6, STM32H562RGV6, STM32H562RIT6, STM32H562RIV6, STM32H562VGT6, STM32H562VIT6, STM32H562ZGT6, STM32H562ZIT6, STM32H563AGI6, STM32H563AII3Q, STM32H563AII6, STM32H563IGK6, STM32H563IGT6, STM32H563IIK3Q, STM32H563IIK6, STM32H563IIT3Q, STM32H563IIT6, STM32H563MIY3QTR, STM32H563RGT6, STM32H563RGV6, STM32H563RIT6, STM32H563RIV6, STM32H563VGT6, STM32H563VIT3Q, STM32H563VIT6, STM32H563ZGT6, STM32H563ZIT3Q, STM32H563ZIT6, STM32H573AII3Q, STM32H573AII6, STM32H573I-DK, STM32H573IIK3Q, STM32H573IIK6, STM32H573IIT3Q, STM32H573IIT6, STM32H573MIY3QTR, STM32H573RIT6, STM32H573RIV6, STM32H573VIT3Q, STM32H573VIT6, STM32H573ZIT3Q, STM32H573ZIT6, STM32H7R3A8I6, STM32H7R3I8K6, STM32H7R3I8T6, STM32H7R3L8H6, STM32H7R3L8H6H, STM32H7R3R8V6, STM32H7R3V8H6, STM32H7R3V8T6, STM32H7R3V8Y6TR, STM32H7R3Z8J6, STM32H7R3Z8T6, STM32H7R7A8I6, STM32H7R7I8K6, STM32H7R7I8T6, STM32H7R7L8H6, STM32H7R7L8H6H, STM32H7R7Z8J6, STM32H7S3A8I6, STM32H7S3I8K6, STM32H7S3I8T6, STM32H7S3L8H6, STM32H7S3L8H6H, STM32H7S3R8V6, STM32H7S3V8H6, STM32H7S3V8T6, STM32H7S3V8Y6TR, STM32H7S3Z8J6, STM32H7S3Z8T6, STM32H7S78-DK, STM32H7S7A8I6, STM32H7S7I8K6, STM32H7S7I8T6, STM32H7S7L8H6, STM32H7S7L8H6H, STM32H7S7Z8J6, STM32L4R5QGI6STR, STM32MP131AAE3, STM32MP131AAF3, STM32MP131AAG3, STM32MP131CAE3, STM32MP131CAF3, STM32MP131CAG3, STM32MP131DAE7, STM32MP131DAF7, STM32MP131DAG7, STM32MP131FAE7, STM32MP131FAF7, STM32MP131FAG7, STM32MP133AAE3, STM32MP133AAF3, STM32MP133AAG3, STM32MP133CAE3, STM32MP133CAF3, STM32MP133CAG3, STM32MP133DAE7, STM32MP133DAF7, STM32MP133DAG7, STM32MP133FAE7, STM32MP133FAF7, STM32MP133FAG7, STM32MP135AAE3, STM32MP135AAF3, STM32MP135AAG3, STM32MP135CAE3, STM32MP135CAF3, STM32MP135CAG3, STM32MP135DAE7, STM32MP135DAF7, STM32MP135DAG7, STM32MP135F-DK, STM32MP135FAE7, STM32MP135FAF7, STM32MP135FAF7T, STM32MP135FAF7U, STM32MP135FAG7, STM32MP211AAL3, STM32MP211AAM3, STM32MP211AAN3, STM32MP211AAO3, STM32MP211CAL3, STM32MP211CAM3, STM32MP211CAN3, STM32MP211CAO3, STM32MP211DAL3, STM32MP211DAM3, STM32MP211DAN3, STM32MP211DAO3, STM32MP211FAL3, STM32MP211FAM3, STM32MP211FAN3, STM32MP211FAO3, STM32MP213AAL3, STM32MP213AAM3, STM32MP213AAN3, STM32MP213AAO3, STM32MP213CAL3, STM32MP213CAM3, STM32MP213CAN3, STM32MP213CAO3, STM32MP213DAL3, STM32MP213DAM3, STM32MP213DAN3, STM32MP213DAO3, STM32MP213FAL3, STM32MP213FAM3, STM32MP213FAN3, STM32MP213FAO3, STM32MP215AAL3, STM32MP215AAM3, STM32MP215AAN3, STM32MP215AAO3, STM32MP215CAL3, STM32MP215CAM3, STM32MP215CAN3, STM32MP215CAO3, STM32MP215DAL3, STM32MP215DAM3, STM32MP215DAN3, STM32MP215DAO3, STM32MP215F-DK, STM32MP215FAL3, STM32MP215FAM3, STM32MP215FAN3, STM32MP215FAO3, STM32MP231AAJ3, STM32MP231AAK3, STM32MP231AAL3, STM32MP231CAJ3, STM32MP231CAK3, STM32MP231CAL3, STM32MP231DAJ3, STM32MP231DAK3, STM32MP231DAL3, STM32MP231FAJ3, STM32MP231FAK3, STM32MP231FAL3, STM32MP233AAJ3, STM32MP233AAK3, STM32MP233AAL3, STM32MP233CAJ3, STM32MP233CAK3, STM32MP233CAL3, STM32MP233DAJ3, STM32MP233DAK3, STM32MP233DAL3, STM32MP233FAJ3, STM32MP233FAK3, STM32MP233FAL3, STM32MP235AAJ3, STM32MP235AAK3, STM32MP235AAL3, STM32MP235CAJ3, STM32MP235CAK3, STM32MP235CAL3, STM32MP235DAJ3, STM32MP235DAK3, STM32MP235DAL3, STM32MP235FAJ3, STM32MP235FAK3, STM32MP235FAL3, STM32MP251AAI3, STM32MP251AAK3, STM32MP251AAL3, STM32MP251CAI3, STM32MP251CAK3, STM32MP251CAL3, STM32MP251DAI3, STM32MP251DAK3, STM32MP251DAL3, STM32MP251FAI3, STM32MP251FAK3, STM32MP251FAL3, STM32MP253AAI3, STM32MP253AAK3, STM32MP253AAL3, STM32MP253CAI3, STM32MP253CAK3, STM32MP253CAL3, STM32MP253DAI3, STM32MP253DAK3, STM32MP253DAL3, STM32MP253FAI3, STM32MP253FAK3, STM32MP253FAL3, STM32MP255AAI3, STM32MP255AAK3, STM32MP255AAL3, STM32MP255CAI3, STM32MP255CAK3, STM32MP255CAL3, STM32MP255DAI3, STM32MP255DAK3, STM32MP255DAL3, STM32MP255FAI3, STM32MP255FAK3, STM32MP255FAL3, STM32MP257AAI3, STM32MP257AAK3, STM32MP257AAL3, STM32MP257CAI3, STM32MP257CAK3, STM32MP257CAL3, STM32MP257DAI3, STM32MP257DAK3, STM32MP257DAL3, STM32MP257F-DK, STM32MP257F-EV1, STM32MP257FAI3, STM32MP257FAK3, STM32MP257FAL3, STM32N645A0H3Q, STM32N645B0H3Q, STM32N645I0H3Q, STM32N645L0H3Q, STM32N645X0H3Q, STM32N645Z0H3Q, STM32N647A0H3Q, STM32N647B0H3Q, STM32N647I0H3Q, STM32N647L0H3Q, STM32N647X0H3Q, STM32N647Z0H3Q, STM32N655A0H3Q, STM32N655B0H3Q, STM32N655I0H3Q, STM32N655L0H3Q, STM32N655X0H3Q, STM32N655Z0H3Q, STM32N6570-DK, STM32N657A0H3Q, STM32N657B0H3Q, STM32N657I0H3Q, STM32N657L0H3Q, STM32N657X0H3Q, STM32N657Z0H3Q, STM32U031C6T6, STM32U031C6U6, STM32U031C8T6, STM32U031C8U6, STM32U031F4P6, STM32U031F6P6, STM32U031F8P6, STM32U031G6Y6TR, STM32U031G8Y6TR, STM32U031K4U6, STM32U031K6U6, STM32U031K8U6, STM32U031R6I6, STM32U031R6T6, STM32U031R8I6, STM32U031R8T6, STM32U073C8T6, STM32U073C8U6, STM32U073CBT6, STM32U073CBU6, STM32U073CCT6, STM32U073CCU6, STM32U073H8Y6TR, STM32U073HBY6TR, STM32U073HCY6TR, STM32U073K8U6, STM32U073KBU6, STM32U073KCU6, STM32U073M8I6, STM32U073M8T6, STM32U073MBI6, STM32U073MBT6, STM32U073MCI6, STM32U073MCT6, STM32U073R8I6, STM32U073R8T6, STM32U073RBI6, STM32U073RBT6, STM32U073RCI6, STM32U073RCT6, STM32U083C-DK, STM32U083CCT6, STM32U083CCU6, STM32U083HCY6TR, STM32U083KCU6, STM32U083MCI6, STM32U083MCT6, STM32U083RCI6, STM32U083RCT6, STM32U375CET6, STM32U375CET6Q, STM32U375CEU6, STM32U375CEU6Q, STM32U375CEY6QTR, STM32U375CGT6, STM32U375CGT6Q, STM32U375CGU6, STM32U375CGU6Q, STM32U375CGY6QTR, STM32U375KEU6, STM32U375KGU6, STM32U375REI6, STM32U375REI6Q, STM32U375RET6, STM32U375RET6Q, STM32U375REY6GTR, STM32U375REY6QTR, STM32U375RGI6, STM32U375RGI6Q, STM32U375RGT6, STM32U375RGT6Q, STM32U375RGY6GTR, STM32U375RGY6QTR, STM32U375VEI6, STM32U375VEI6Q, STM32U375VET6, STM32U375VET6Q, STM32U375VGI6, STM32U375VGI6Q, STM32U375VGT6, STM32U375VGT6Q, STM32U385CGT6, STM32U385CGT6Q, STM32U385CGU6, STM32U385CGU6Q, STM32U385CGY6QTR, STM32U385KGU6, STM32U385RGI6, STM32U385RGI6Q, STM32U385RGT6, STM32U385RGT6Q, STM32U385RGY6GTR, STM32U385RGY6QTR, STM32U385VGI6, STM32U385VGI6Q, STM32U385VGT6, STM32U385VGT6Q, STM32U535CBT6, STM32U535CBT6Q, STM32U535CBU6, STM32U535CBU6Q, STM32U535CCT6, STM32U535CCT6Q, STM32U535CCU6, STM32U535CCU6Q, STM32U535CET6, STM32U535CET6Q, STM32U535CEU6, STM32U535CEU6Q, STM32U535JEY6QTR, STM32U535NCY6QTR, STM32U535NEY6QTR, STM32U535RBI6, STM32U535RBI6Q, STM32U535RBT6, STM32U535RBT6Q, STM32U535RCI6, STM32U535RCI6Q, STM32U535RCT6, STM32U535RCT6Q, STM32U535REI6, STM32U535REI6Q, STM32U535RET6, STM32U535RET6Q, STM32U535VCI6, STM32U535VCI6Q, STM32U535VCT6, STM32U535VCT6Q, STM32U535VEI6, STM32U535VEI6Q, STM32U535VET6, STM32U535VET6Q, STM32U545CET6, STM32U545CET6Q, STM32U545CEU6, STM32U545CEU6Q, STM32U545JEY6QTR, STM32U545NEY6QTR, STM32U545REI6, STM32U545REI6Q, STM32U545RET6, STM32U545RET6Q, STM32U545VEI6, STM32U545VEI6Q, STM32U545VET6, STM32U545VET6Q, STM32U595AIH6, STM32U595AIH6Q, STM32U595AJH6, STM32U595AJH6Q, STM32U595QII6, STM32U595QII6Q, STM32U595QJI6, STM32U595QJI6Q, STM32U595RIT6, STM32U595RIT6Q, STM32U595RJT6, STM32U595RJT6Q, STM32U595VIT6, STM32U595VIT6Q, STM32U595VJT6, STM32U595VJT6Q, STM32U595ZIT6, STM32U595ZIT6Q, STM32U595ZIY6QTR, STM32U595ZJT6, STM32U595ZJT6Q, STM32U595ZJY6QTR, STM32U599BJY6QTR, STM32U599NIH6Q, STM32U599NJH6Q, STM32U599VIT6Q, STM32U599VJT6, STM32U599VJT6Q, STM32U599ZIT6Q, STM32U599ZIY6QTR, STM32U599ZJT6Q, STM32U599ZJY6QTR, STM32U5A5AJH6, STM32U5A5AJH6Q, STM32U5A5QII3Q , STM32U5A5QJI6, STM32U5A5QJI6Q, STM32U5A5RJT6, STM32U5A5RJT6Q, STM32U5A5VJT6, STM32U5A5VJT6Q, STM32U5A5ZJT6, STM32U5A5ZJT6Q, STM32U5A5ZJY6QTR, STM32U5A9BJY6QTR, STM32U5A9J-DK, STM32U5A9NJH6Q, STM32U5A9VJT6Q, STM32U5A9ZJT6Q, STM32U5A9ZJY6QTR, STM32U5F7VIT6, STM32U5F7VIT6Q, STM32U5F7VJT6, STM32U5F7VJT6Q, STM32U5F9BJY6QTR, STM32U5F9NJH6Q, STM32U5F9VIT6Q, STM32U5F9VJT6Q, STM32U5F9ZIJ6QTR, STM32U5F9ZIT6Q, STM32U5F9ZJJ6QTR, STM32U5F9ZJT6Q, STM32U5G7VJT6, STM32U5G7VJT6Q, STM32U5G9BJY6QTR, STM32U5G9J-DK1, STM32U5G9J-DK2, STM32U5G9NJH6Q, STM32U5G9VJT6Q, STM32U5G9ZJJ6QTR, STM32U5G9ZJT6Q, STM32WB05KZV6TR, STM32WB05KZV7TR, STM32WB05TZF6TR, STM32WB05TZF7TR, STM32WB06CCF6TR, STM32WB06CCF7TR, STM32WB06CCV6TR, STM32WB06CCV7TR, STM32WB06KCV6TR, STM32WB06KCV7TR, STM32WB07CCF6TR, STM32WB07CCF7TR, STM32WB07CCV6TR, STM32WB07CCV7TR, STM32WB07KCV6TR, STM32WB07KCV7TR, STM32WB09KEV6TR, STM32WB09KEV7TR, STM32WB09TEF6TR, STM32WB09TEF7TR, STM32WB1MMCH6, STM32WBA50KGU6, STM32WBA50KGU6TR, STM32WBA52CEU6, STM32WBA52CEU6TR, STM32WBA52CEU7, STM32WBA52CEU7TR, STM32WBA52CGU6, STM32WBA52CGU6TR, STM32WBA52CGU6U, STM32WBA52CGU7, STM32WBA52CGU7TR, STM32WBA52KEU6, STM32WBA52KEU6TR, STM32WBA52KGU6, STM32WBA52KGU6TR, STM32WBA54CEU6, STM32WBA54CEU6TR, STM32WBA54CEU7, STM32WBA54CEU7TR, STM32WBA54CGU6, STM32WBA54CGU6TR, STM32WBA54CGU7, STM32WBA54CGU7TR, STM32WBA54KEU6, STM32WBA54KEU6TR, STM32WBA54KEU7, STM32WBA54KEU7TR, STM32WBA54KGU6, STM32WBA54KGU6TR, STM32WBA54KGU7, STM32WBA54KGU7TR, STM32WBA55CEU6, STM32WBA55CEU6TR, STM32WBA55CEU7, STM32WBA55CEU7TR, STM32WBA55CGU6, STM32WBA55CGU6TR, STM32WBA55CGU6U, STM32WBA55CGU7, STM32WBA55CGU7TR, STM32WBA55G-DK1, STM32WBA55HEF6, STM32WBA55HEF7, STM32WBA55HGF6, STM32WBA55HGF7, STM32WBA55UEI6, STM32WBA55UEI6TR, STM32WBA55UEI7, STM32WBA55UEI7TR, STM32WBA55UGI6, STM32WBA55UGI6TR, STM32WBA55UGI7, STM32WBA55UGI7TR, STM32WBA5MMGH6TR, STM32WBA62MGF6, STM32WBA62MIF6, STM32WBA65MGF7, STM32WBA65MIF6, STM32WBA65MIF7, STM32WL30K8V6, STM32WL30KBV6, STM32WL31C8V6, STM32WL31CBV6, STM32WL31K8V6, STM32WL31KBV6, STM32WL33C8V6, STM32WL33C8V6X, STM32WL33CBV6, STM32WL33CBV6X, STM32WL33CCV6, STM32WL33CCV6A, STM32WL33CCV6X, STM32WL33K8V7, STM32WL33K8V7X, STM32WL33KBV7 , STM32WL33KBV7X, STM32WL33KCV7, STM32WL33KCV7X, STM32WL5MOCH6, STM32WL5MOCH6TR]
2025-11-05 11:39:52,969 [INFO] BoardInfo:889 - No configuration file found for board P-NUCLEO-WB55
2025-11-05 11:39:52,970 [INFO] DbBoards:161 - Kit is not supported: P-NUCLEO-WB55
2025-11-05 11:39:52,979 [INFO] BoardInfo:889 - No configuration file found for board STEVAL-BFA001V1B
2025-11-05 11:39:52,980 [INFO] DbBoards:161 - Kit is not supported: STEVAL-BFA001V1B
2025-11-05 11:39:52,981 [INFO] BoardInfo:889 - No configuration file found for board STEVAL-BFA001V2B
2025-11-05 11:39:52,983 [INFO] DbBoards:161 - Kit is not supported: STEVAL-BFA001V2B
2025-11-05 11:39:53,238 [INFO] DbBoards:168 - Found 212 boards, 209 are supported
2025-11-05 11:39:53,238 [INFO] DbBoards:169 - Found 212 boards, 43 of them is supported for  Bsp
2025-11-05 11:39:53,242 [INFO] ApiDb:668 - CubeFinder database Data Model version=2.1
2025-11-05 11:39:53,242 [INFO] ApiDb:669 - CubeFinder database Configuration version=3.0.39
2025-11-05 11:39:53,242 [INFO] ApiDb:670 - CubeFinder database generation date=2025-10-27 (1761571959)
2025-11-05 11:39:53,242 [INFO] ApiDb:671 - CubeFinder database FW Pack versions=[FP-ATR-ASTRA1_V2.0.0, FP-SNS-FLIGHT1_V5.1.0, FP-SNS-MOTENV1_V5.0.0, FP-SNS-MOTENVWB1_V1.4.0, FP-SNS-SMARTAG2_V1.2.0, FP-SNS-STBOX1_V2.1.0, STM32Cube_FW_C0_V1.4.0, STM32Cube_FW_F4_V1.28.3, STM32Cube_FW_F7_V1.17.4, STM32Cube_FW_G0_V1.6.2, STM32Cube_FW_G4_V1.6.1, STM32Cube_FW_H5_V1.5.0, STM32Cube_FW_H7RS_V1.2.0, STM32Cube_FW_H7_V1.12.1, STM32Cube_FW_L0_V1.12.2, STM32Cube_FW_L4_V1.18.1, STM32Cube_FW_L5_V1.5.1, STM32Cube_FW_N6_V1.2.0, STM32Cube_FW_U0_V1.3.0, STM32Cube_FW_U3_V1.2.1, STM32Cube_FW_U5_V1.8.0, STM32Cube_FW_WB0_V1.3.0, STM32Cube_FW_WBA_V1.7.0, STM32Cube_FW_WB_V1.23.0, STM32Cube_FW_WL3_V1.2.0, STM32Cube_FW_WL_V1.3.1, X-CUBE-ALGOBUILD_V1.4.0, X-CUBE-ALS_V1.0.2, X-CUBE-AZRTOS-F4_V1.1.0, X-CUBE-AZRTOS-F7_V1.1.0, X-CUBE-AZRTOS-G0_V1.1.0, X-CUBE-AZRTOS-G4_V2.0.0, X-CUBE-AZRTOS-H7RS_V1.1.0, X-CUBE-AZRTOS-H7_V3.4.0, X-CUBE-AZRTOS-L4_V2.0.0, X-CUBE-AZRTOS-L5_V2.0.0, X-CUBE-AZRTOS-WB_V2.0.0, X-CUBE-AZRTOS-WL_V2.0.0, X-CUBE-BLE1_V7.1.0, X-CUBE-BLE2_V3.3.0, X-CUBE-BLEMGR_V4.1.0, X-CUBE-EEPRMA1_V5.2.0, X-CUBE-FREERTOS_V1.3.1, X-CUBE-GNSS1_V6.0.0, X-CUBE-MEMS1_V11.3.0, X-CUBE-NFC4_V3.0.0, X-CUBE-NFC7_V2.0.0, X-CUBE-SFXS2LP1_V4.0.0, X-CUBE-ST67W61_V1.1.0, X-CUBE-SUBG2_V5.0.0, X-CUBE-TOF1_V3.4.3]
2025-11-05 11:39:55,130 [INFO] ApiDb:240 - Found 880 in-development CPN: [B-G473E-ZEST1S, B-WB1M-WPAN1, B-WBA5M-WPAN, B-WL5M-SUBG1, NUCLEO-C031C6, NUCLEO-C051C8, NUCLEO-C071RB, NUCLEO-C092RC, NUCLEO-H503RB, NUCLEO-H533RE, NUCLEO-H563ZI, NUCLEO-H7S3L8, NUCLEO-N657X0-Q, NUCLEO-U031R8, NUCLEO-U083RC, NUCLEO-U385RG-Q, NUCLEO-U545RE-Q, NUCLEO-U5A5ZJ-Q, NUCLEO-WB05KZ, NUCLEO-WB07CC, NUCLEO-WB09KE, NUCLEO-WBA52CG, NUCLEO-WBA55CG, NUCLEO-WL33CC1, NUCLEO-WL33CC2, STEVAL-PROTEUS1, STEVAL-SMARTAG2, STEVAL-STWINBX1, STM320518-EVAL, STM32C0116-DK, STM32C011D6Y3TR, STM32C011D6Y6TR, STM32C011F4P3, STM32C011F4P6, STM32C011F4U3, STM32C011F4U6TR, STM32C011F6P3, STM32C011F6P6, STM32C011F6U3, STM32C011F6U6TR, STM32C011J4M3, STM32C011J4M6, STM32C011J6M3, STM32C011J6M6, STM32C0316-DK, STM32C031C4T3, STM32C031C4T6, STM32C031C4U3, STM32C031C4U6, STM32C031C6T3, STM32C031C6T6, STM32C031C6U3, STM32C031C6U6, STM32C031F4P3, STM32C031F4P6, STM32C031F6P3, STM32C031F6P6, STM32C031G4U3, STM32C031G4U6, STM32C031G6U3, STM32C031G6U6, STM32C031K4T3, STM32C031K4T6, STM32C031K4U3, STM32C031K4U6, STM32C031K6T3, STM32C031K6T6, STM32C031K6U3, STM32C031K6U6, STM32C051C6T6, STM32C051C6U6, STM32C051C8T6, STM32C051C8U6, STM32C051D8Y6TR, STM32C051F6P6, STM32C051F8P6, STM32C051G6U6, STM32C051G8U6, STM32C051K6T6, STM32C051K6U6, STM32C051K8T6, STM32C071C8T6, STM32C071C8T6N, STM32C071C8U6, STM32C071C8U6N, STM32C071CBT6, STM32C071CBT6N, STM32C071CBU6, STM32C071CBU6N, STM32C071F8P6, STM32C071F8P6N, STM32C071FBP6, STM32C071FBP6N, STM32C071FBY6TR, STM32C071G8U6, STM32C071G8U6N, STM32C071GBU6, STM32C071GBU6N, STM32C071K8T6, STM32C071K8T6N, STM32C071K8U6, STM32C071K8U6N, STM32C071KBT6, STM32C071KBT6N, STM32C071KBU6, STM32C071KBU6N, STM32C071R8T6, STM32C071R8T6N, STM32C071RBI6N, STM32C071RBT6, STM32C071RBT6N, STM32C091CBT6, STM32C091CBU6, STM32C091CCT6, STM32C091CCU6, STM32C091ECY6TR, STM32C091FBP6, STM32C091FCP6, STM32C091GBU6, STM32C091GCU6, STM32C091KBT6, STM32C091KBU6, STM32C091KCT6, STM32C091KCU6, STM32C091RBT6, STM32C091RCI6, STM32C091RCT6, STM32C092CBT6, STM32C092CBU6, STM32C092CCT6, STM32C092CCU6, STM32C092ECY6TR, STM32C092FBP6, STM32C092FCP6, STM32C092GBU6, STM32C092GCU6, STM32C092KBT6, STM32C092KBU6, STM32C092KCT6, STM32C092KCU6, STM32C092RBT6, STM32C092RCI6, STM32C092RCT6, STM32G071K8TXN, STM32G071K8UXN, STM32G081GBU6N, STM32G081KBT6N, STM32G081KBUXN, STM32G0B1CCT6N, STM32G0B1KCT6, STM32G0B1NEY6TR, STM32G0B1RCT6N, STM32G0C1CCT6, STM32G0C1CCT6N, STM32G0C1CCU6N, STM32G0C1CET6N, STM32G0C1CEU6N, STM32G0C1KCT6, STM32G0C1NEY6TR, STM32G0C1RCI6N, STM32G0C1RCT6N, STM32G0C1REI6N, STM32G0C1RET6N, STM32G0C1VCI6, STM32G0C1VEI6, STM32G411C6T3, STM32G411C6T6, STM32G411C6U3, STM32G411C6U6, STM32G411C8T3, STM32G411C8T6, STM32G411C8U3, STM32G411C8U6, STM32G411CBT3, STM32G411CBT6, STM32G411CBU3, STM32G411CBU6, STM32G411K6T3, STM32G411K6T6, STM32G411K6U3, STM32G411K6U6, STM32G411K8T3, STM32G411K8T6, STM32G411K8U3, STM32G411K8U6, STM32G411KBT3, STM32G411KBT6, STM32G411KBU3, STM32G411KBU6, STM32G411M6T3, STM32G411M6T6, STM32G411M8T3, STM32G411M8T6, STM32G411MBT3, STM32G411MBT6, STM32G411R6T3, STM32G411R6T6, STM32G411R8T3, STM32G411R8T6, STM32G411RBT3, STM32G411RBT6, STM32G414CBT3, STM32G414CBT6, STM32G414CBU3, STM32G414CBU6, STM32G414CCT3, STM32G414CCT6, STM32G414CCU3, STM32G414CCU6, STM32G414MBT3, STM32G414MBT6, STM32G414MCT3, STM32G414MCT6, STM32G414RBT3, STM32G414RBT6, STM32G414RCT3, STM32G414RCT6, STM32G414VBT3, STM32G414VBT6, STM32G414VCT3, STM32G414VCT6, STM32G431CBT3Z, STM32G431RBT3Z, STM32G471CCT6, STM32G471CCU6, STM32G471CET3, STM32G471CET6, STM32G471CEU3, STM32G471CEU6, STM32G471MCT6, STM32G471MET3, STM32G471MET6, STM32G471MEY6TR, STM32G471QCT6, STM32G471QET3, STM32G471RCT6, STM32G471RET3, STM32G471RET6, STM32G471VCH6, STM32G471VCI6, STM32G471VCT6, STM32G471VEH3, STM32G471VEH6, STM32G471VEI3, STM32G471VEI6, STM32G471VET3, STM32G471VET6, STM32G473QET3Z, STM32G473RET3Z, STM32G474CCT6, STM32G491RET3Z, STM32H503CBT6, STM32H503CBU6, STM32H503EBY6TR, STM32H503KBU6, STM32H503RBT6, STM32H523CCT6, STM32H523CCU6, STM32H523CET6, STM32H523CEU6, STM32H523HEY6TR, STM32H523RCT6, STM32H523RET6, STM32H523VCI6, STM32H523VCT6, STM32H523VEI6, STM32H523VET6, STM32H523ZCJ6, STM32H523ZCT6, STM32H523ZEJ6, STM32H523ZET6, STM32H533CET6, STM32H533CEU6, STM32H533HEY6TR, STM32H533RET6, STM32H533VEI6, STM32H533VET6, STM32H533ZEJ6, STM32H533ZET6, STM32H562AGI6, STM32H562AII6, STM32H562IGK6, STM32H562IGT6, STM32H562IIK6, STM32H562IIT6, STM32H562RGT6, STM32H562RGV6, STM32H562RIT6, STM32H562RIV6, STM32H562VGT6, STM32H562VIT6, STM32H562ZGT6, STM32H562ZIT6, STM32H563AGI6, STM32H563AII3Q, STM32H563AII6, STM32H563IGK6, STM32H563IGT6, STM32H563IIK3Q, STM32H563IIK6, STM32H563IIT3Q, STM32H563IIT6, STM32H563MIY3QTR, STM32H563RGT6, STM32H563RGV6, STM32H563RIT6, STM32H563RIV6, STM32H563VGT6, STM32H563VIT3Q, STM32H563VIT6, STM32H563ZGT6, STM32H563ZIT3Q, STM32H563ZIT6, STM32H573AII3Q, STM32H573AII6, STM32H573I-DK, STM32H573IIK3Q, STM32H573IIK6, STM32H573IIT3Q, STM32H573IIT6, STM32H573MIY3QTR, STM32H573RIT6, STM32H573RIV6, STM32H573VIT3Q, STM32H573VIT6, STM32H573ZIT3Q, STM32H573ZIT6, STM32H7R3A8I6, STM32H7R3I8K6, STM32H7R3I8T6, STM32H7R3L8H6, STM32H7R3L8H6H, STM32H7R3R8V6, STM32H7R3V8H6, STM32H7R3V8T6, STM32H7R3V8Y6TR, STM32H7R3Z8J6, STM32H7R3Z8T6, STM32H7R7A8I6, STM32H7R7I8K6, STM32H7R7I8T6, STM32H7R7L8H6, STM32H7R7L8H6H, STM32H7R7Z8J6, STM32H7S3A8I6, STM32H7S3I8K6, STM32H7S3I8T6, STM32H7S3L8H6, STM32H7S3L8H6H, STM32H7S3R8V6, STM32H7S3V8H6, STM32H7S3V8T6, STM32H7S3V8Y6TR, STM32H7S3Z8J6, STM32H7S3Z8T6, STM32H7S78-DK, STM32H7S7A8I6, STM32H7S7I8K6, STM32H7S7I8T6, STM32H7S7L8H6, STM32H7S7L8H6H, STM32H7S7Z8J6, STM32L4R5QGI6STR, STM32MP131AAE3, STM32MP131AAF3, STM32MP131AAG3, STM32MP131CAE3, STM32MP131CAF3, STM32MP131CAG3, STM32MP131DAE7, STM32MP131DAF7, STM32MP131DAG7, STM32MP131FAE7, STM32MP131FAF7, STM32MP131FAG7, STM32MP133AAE3, STM32MP133AAF3, STM32MP133AAG3, STM32MP133CAE3, STM32MP133CAF3, STM32MP133CAG3, STM32MP133DAE7, STM32MP133DAF7, STM32MP133DAG7, STM32MP133FAE7, STM32MP133FAF7, STM32MP133FAG7, STM32MP135AAE3, STM32MP135AAF3, STM32MP135AAG3, STM32MP135CAE3, STM32MP135CAF3, STM32MP135CAG3, STM32MP135DAE7, STM32MP135DAF7, STM32MP135DAG7, STM32MP135F-DK, STM32MP135FAE7, STM32MP135FAF7, STM32MP135FAF7T, STM32MP135FAF7U, STM32MP135FAG7, STM32MP211AAL3, STM32MP211AAM3, STM32MP211AAN3, STM32MP211AAO3, STM32MP211CAL3, STM32MP211CAM3, STM32MP211CAN3, STM32MP211CAO3, STM32MP211DAL3, STM32MP211DAM3, STM32MP211DAN3, STM32MP211DAO3, STM32MP211FAL3, STM32MP211FAM3, STM32MP211FAN3, STM32MP211FAO3, STM32MP213AAL3, STM32MP213AAM3, STM32MP213AAN3, STM32MP213AAO3, STM32MP213CAL3, STM32MP213CAM3, STM32MP213CAN3, STM32MP213CAO3, STM32MP213DAL3, STM32MP213DAM3, STM32MP213DAN3, STM32MP213DAO3, STM32MP213FAL3, STM32MP213FAM3, STM32MP213FAN3, STM32MP213FAO3, STM32MP215AAL3, STM32MP215AAM3, STM32MP215AAN3, STM32MP215AAO3, STM32MP215CAL3, STM32MP215CAM3, STM32MP215CAN3, STM32MP215CAO3, STM32MP215DAL3, STM32MP215DAM3, STM32MP215DAN3, STM32MP215DAO3, STM32MP215F-DK, STM32MP215FAL3, STM32MP215FAM3, STM32MP215FAN3, STM32MP215FAO3, STM32MP231AAJ3, STM32MP231AAK3, STM32MP231AAL3, STM32MP231CAJ3, STM32MP231CAK3, STM32MP231CAL3, STM32MP231DAJ3, STM32MP231DAK3, STM32MP231DAL3, STM32MP231FAJ3, STM32MP231FAK3, STM32MP231FAL3, STM32MP233AAJ3, STM32MP233AAK3, STM32MP233AAL3, STM32MP233CAJ3, STM32MP233CAK3, STM32MP233CAL3, STM32MP233DAJ3, STM32MP233DAK3, STM32MP233DAL3, STM32MP233FAJ3, STM32MP233FAK3, STM32MP233FAL3, STM32MP235AAJ3, STM32MP235AAK3, STM32MP235AAL3, STM32MP235CAJ3, STM32MP235CAK3, STM32MP235CAL3, STM32MP235DAJ3, STM32MP235DAK3, STM32MP235DAL3, STM32MP235FAJ3, STM32MP235FAK3, STM32MP235FAL3, STM32MP251AAI3, STM32MP251AAK3, STM32MP251AAL3, STM32MP251CAI3, STM32MP251CAK3, STM32MP251CAL3, STM32MP251DAI3, STM32MP251DAK3, STM32MP251DAL3, STM32MP251FAI3, STM32MP251FAK3, STM32MP251FAL3, STM32MP253AAI3, STM32MP253AAK3, STM32MP253AAL3, STM32MP253CAI3, STM32MP253CAK3, STM32MP253CAL3, STM32MP253DAI3, STM32MP253DAK3, STM32MP253DAL3, STM32MP253FAI3, STM32MP253FAK3, STM32MP253FAL3, STM32MP255AAI3, STM32MP255AAK3, STM32MP255AAL3, STM32MP255CAI3, STM32MP255CAK3, STM32MP255CAL3, STM32MP255DAI3, STM32MP255DAK3, STM32MP255DAL3, STM32MP255FAI3, STM32MP255FAK3, STM32MP255FAL3, STM32MP257AAI3, STM32MP257AAK3, STM32MP257AAL3, STM32MP257CAI3, STM32MP257CAK3, STM32MP257CAL3, STM32MP257DAI3, STM32MP257DAK3, STM32MP257DAL3, STM32MP257F-DK, STM32MP257F-EV1, STM32MP257FAI3, STM32MP257FAK3, STM32MP257FAL3, STM32N645A0H3Q, STM32N645B0H3Q, STM32N645I0H3Q, STM32N645L0H3Q, STM32N645X0H3Q, STM32N645Z0H3Q, STM32N647A0H3Q, STM32N647B0H3Q, STM32N647I0H3Q, STM32N647L0H3Q, STM32N647X0H3Q, STM32N647Z0H3Q, STM32N655A0H3Q, STM32N655B0H3Q, STM32N655I0H3Q, STM32N655L0H3Q, STM32N655X0H3Q, STM32N655Z0H3Q, STM32N6570-DK, STM32N657A0H3Q, STM32N657B0H3Q, STM32N657I0H3Q, STM32N657L0H3Q, STM32N657X0H3Q, STM32N657Z0H3Q, STM32U031C6T6, STM32U031C6U6, STM32U031C8T6, STM32U031C8U6, STM32U031F4P6, STM32U031F6P6, STM32U031F8P6, STM32U031G6Y6TR, STM32U031G8Y6TR, STM32U031K4U6, STM32U031K6U6, STM32U031K8U6, STM32U031R6I6, STM32U031R6T6, STM32U031R8I6, STM32U031R8T6, STM32U073C8T6, STM32U073C8U6, STM32U073CBT6, STM32U073CBU6, STM32U073CCT6, STM32U073CCU6, STM32U073H8Y6TR, STM32U073HBY6TR, STM32U073HCY6TR, STM32U073K8U6, STM32U073KBU6, STM32U073KCU6, STM32U073M8I6, STM32U073M8T6, STM32U073MBI6, STM32U073MBT6, STM32U073MCI6, STM32U073MCT6, STM32U073R8I6, STM32U073R8T6, STM32U073RBI6, STM32U073RBT6, STM32U073RCI6, STM32U073RCT6, STM32U083C-DK, STM32U083CCT6, STM32U083CCU6, STM32U083HCY6TR, STM32U083KCU6, STM32U083MCI6, STM32U083MCT6, STM32U083RCI6, STM32U083RCT6, STM32U375CET6, STM32U375CET6Q, STM32U375CEU6, STM32U375CEU6Q, STM32U375CEY6QTR, STM32U375CGT6, STM32U375CGT6Q, STM32U375CGU6, STM32U375CGU6Q, STM32U375CGY6QTR, STM32U375KEU6, STM32U375KGU6, STM32U375REI6, STM32U375REI6Q, STM32U375RET6, STM32U375RET6Q, STM32U375REY6GTR, STM32U375REY6QTR, STM32U375RGI6, STM32U375RGI6Q, STM32U375RGT6, STM32U375RGT6Q, STM32U375RGY6GTR, STM32U375RGY6QTR, STM32U375VEI6, STM32U375VEI6Q, STM32U375VET6, STM32U375VET6Q, STM32U375VGI6, STM32U375VGI6Q, STM32U375VGT6, STM32U375VGT6Q, STM32U385CGT6, STM32U385CGT6Q, STM32U385CGU6, STM32U385CGU6Q, STM32U385CGY6QTR, STM32U385KGU6, STM32U385RGI6, STM32U385RGI6Q, STM32U385RGT6, STM32U385RGT6Q, STM32U385RGY6GTR, STM32U385RGY6QTR, STM32U385VGI6, STM32U385VGI6Q, STM32U385VGT6, STM32U385VGT6Q, STM32U535CBT6, STM32U535CBT6Q, STM32U535CBU6, STM32U535CBU6Q, STM32U535CCT6, STM32U535CCT6Q, STM32U535CCU6, STM32U535CCU6Q, STM32U535CET6, STM32U535CET6Q, STM32U535CEU6, STM32U535CEU6Q, STM32U535JEY6QTR, STM32U535NCY6QTR, STM32U535NEY6QTR, STM32U535RBI6, STM32U535RBI6Q, STM32U535RBT6, STM32U535RBT6Q, STM32U535RCI6, STM32U535RCI6Q, STM32U535RCT6, STM32U535RCT6Q, STM32U535REI6, STM32U535REI6Q, STM32U535RET6, STM32U535RET6Q, STM32U535VCI6, STM32U535VCI6Q, STM32U535VCT6, STM32U535VCT6Q, STM32U535VEI6, STM32U535VEI6Q, STM32U535VET6, STM32U535VET6Q, STM32U545CET6, STM32U545CET6Q, STM32U545CEU6, STM32U545CEU6Q, STM32U545JEY6QTR, STM32U545NEY6QTR, STM32U545REI6, STM32U545REI6Q, STM32U545RET6, STM32U545RET6Q, STM32U545VEI6, STM32U545VEI6Q, STM32U545VET6, STM32U545VET6Q, STM32U595AIH6, STM32U595AIH6Q, STM32U595AJH6, STM32U595AJH6Q, STM32U595QII6, STM32U595QII6Q, STM32U595QJI6, STM32U595QJI6Q, STM32U595RIT6, STM32U595RIT6Q, STM32U595RJT6, STM32U595RJT6Q, STM32U595VIT6, STM32U595VIT6Q, STM32U595VJT6, STM32U595VJT6Q, STM32U595ZIT6, STM32U595ZIT6Q, STM32U595ZIY6QTR, STM32U595ZJT6, STM32U595ZJT6Q, STM32U595ZJY6QTR, STM32U599BJY6QTR, STM32U599NIH6Q, STM32U599NJH6Q, STM32U599VIT6Q, STM32U599VJT6, STM32U599VJT6Q, STM32U599ZIT6Q, STM32U599ZIY6QTR, STM32U599ZJT6Q, STM32U599ZJY6QTR, STM32U5A5AJH6, STM32U5A5AJH6Q, STM32U5A5QII3Q , STM32U5A5QJI6, STM32U5A5QJI6Q, STM32U5A5RJT6, STM32U5A5RJT6Q, STM32U5A5VJT6, STM32U5A5VJT6Q, STM32U5A5ZJT6, STM32U5A5ZJT6Q, STM32U5A5ZJY6QTR, STM32U5A9BJY6QTR, STM32U5A9J-DK, STM32U5A9NJH6Q, STM32U5A9VJT6Q, STM32U5A9ZJT6Q, STM32U5A9ZJY6QTR, STM32U5F7VIT6, STM32U5F7VIT6Q, STM32U5F7VJT6, STM32U5F7VJT6Q, STM32U5F9BJY6QTR, STM32U5F9NJH6Q, STM32U5F9VIT6Q, STM32U5F9VJT6Q, STM32U5F9ZIJ6QTR, STM32U5F9ZIT6Q, STM32U5F9ZJJ6QTR, STM32U5F9ZJT6Q, STM32U5G7VJT6, STM32U5G7VJT6Q, STM32U5G9BJY6QTR, STM32U5G9J-DK1, STM32U5G9J-DK2, STM32U5G9NJH6Q, STM32U5G9VJT6Q, STM32U5G9ZJJ6QTR, STM32U5G9ZJT6Q, STM32WB05KZV6TR, STM32WB05KZV7TR, STM32WB05TZF6TR, STM32WB05TZF7TR, STM32WB06CCF6TR, STM32WB06CCF7TR, STM32WB06CCV6TR, STM32WB06CCV7TR, STM32WB06KCV6TR, STM32WB06KCV7TR, STM32WB07CCF6TR, STM32WB07CCF7TR, STM32WB07CCV6TR, STM32WB07CCV7TR, STM32WB07KCV6TR, STM32WB07KCV7TR, STM32WB09KEV6TR, STM32WB09KEV7TR, STM32WB09TEF6TR, STM32WB09TEF7TR, STM32WB1MMCH6, STM32WBA50KGU6, STM32WBA50KGU6TR, STM32WBA52CEU6, STM32WBA52CEU6TR, STM32WBA52CEU7, STM32WBA52CEU7TR, STM32WBA52CGU6, STM32WBA52CGU6TR, STM32WBA52CGU6U, STM32WBA52CGU7, STM32WBA52CGU7TR, STM32WBA52KEU6, STM32WBA52KEU6TR, STM32WBA52KGU6, STM32WBA52KGU6TR, STM32WBA54CEU6, STM32WBA54CEU6TR, STM32WBA54CEU7, STM32WBA54CEU7TR, STM32WBA54CGU6, STM32WBA54CGU6TR, STM32WBA54CGU7, STM32WBA54CGU7TR, STM32WBA54KEU6, STM32WBA54KEU6TR, STM32WBA54KEU7, STM32WBA54KEU7TR, STM32WBA54KGU6, STM32WBA54KGU6TR, STM32WBA54KGU7, STM32WBA54KGU7TR, STM32WBA55CEU6, STM32WBA55CEU6TR, STM32WBA55CEU7, STM32WBA55CEU7TR, STM32WBA55CGU6, STM32WBA55CGU6TR, STM32WBA55CGU6U, STM32WBA55CGU7, STM32WBA55CGU7TR, STM32WBA55G-DK1, STM32WBA55HEF6, STM32WBA55HEF7, STM32WBA55HGF6, STM32WBA55HGF7, STM32WBA55UEI6, STM32WBA55UEI6TR, STM32WBA55UEI7, STM32WBA55UEI7TR, STM32WBA55UGI6, STM32WBA55UGI6TR, STM32WBA55UGI7, STM32WBA55UGI7TR, STM32WBA5MMGH6TR, STM32WBA62MGF6, STM32WBA62MIF6, STM32WBA65MGF7, STM32WBA65MIF6, STM32WBA65MIF7, STM32WL30K8V6, STM32WL30KBV6, STM32WL31C8V6, STM32WL31CBV6, STM32WL31K8V6, STM32WL31KBV6, STM32WL33C8V6, STM32WL33C8V6X, STM32WL33CBV6, STM32WL33CBV6X, STM32WL33CCV6, STM32WL33CCV6A, STM32WL33CCV6X, STM32WL33K8V7, STM32WL33K8V7X, STM32WL33KBV7 , STM32WL33KBV7X, STM32WL33KCV7, STM32WL33KCV7X, STM32WL5MOCH6, STM32WL5MOCH6TR]
2025-11-05 11:39:55,134 [INFO] DbMcus:218 - Found 4801 MCUs, 4801 are supported
2025-11-05 11:39:55,134 [INFO] ApiDb:423 - Load user favorites file C:\Users\USER/.stm32cubeide/favorites.mcus.txt: 0 item(s)
2025-11-05 11:39:55,134 [INFO] ApiDb:427 - User favorites MCUs=[]
2025-11-05 11:39:55,135 [INFO] DbMcus:224 - Set 0 / 0 favorites MCUs
2025-11-05 11:39:55,419 [INFO] ApiDb:423 - Load user favorites file C:\Users\USER/.stm32cubeide/favorites.boards.txt: 0 item(s)
2025-11-05 11:39:55,420 [INFO] ApiDb:427 - User favorites Boards=[]
2025-11-05 11:39:55,420 [INFO] DbBoards:198 - Set 0 / 0 favorites Boards
2025-11-05 11:39:55,478 [INFO] UtilMem:75 - End LoadConfig() Used Memory: 547811096 Bytes (699400192)
2025-11-05 11:39:55,597 [WARN] ThirdParty:833 - waiting for thirdparty lock release [change project]
2025-11-05 11:39:55,597 [INFO] ThirdParty:835 - entering critical section [change project]
2025-11-05 11:39:55,597 [INFO] ThirdParty:1030 - CMSIS Pack Vendor :STMicroelectronics X-CUBE-PM33A1 1.0.0
2025-11-05 11:39:55,597 [INFO] ThirdParty:1030 - CMSIS Pack Vendor :STMicroelectronics USBPD 4.1
2025-11-05 11:39:55,597 [INFO] ThirdParty:1030 - CMSIS Pack Vendor :STMicroelectronics X-CUBE-NFC9 1.0.0
2025-11-05 11:39:55,597 [INFO] ThirdParty:1030 - CMSIS Pack Vendor :STMicroelectronics USB_HOST 2.0.0
2025-11-05 11:39:55,597 [INFO] ThirdParty:1030 - CMSIS Pack Vendor :STMicroelectronics FP-SNS-MOTENVWB1 1.4.0
2025-11-05 11:39:55,597 [INFO] ThirdParty:1030 - CMSIS Pack Vendor :STMicroelectronics X-CUBE-AZRTOS-F4 1.1.0
2025-11-05 11:39:55,597 [INFO] ThirdParty:1030 - CMSIS Pack Vendor :STMicroelectronics LIBJPEG 8.0.0
2025-11-05 11:39:55,597 [INFO] ThirdParty:1030 - CMSIS Pack Vendor :STMicroelectronics FP-ATR-ASTRA1 2.0.2
2025-11-05 11:39:55,597 [INFO] ThirdParty:1030 - CMSIS Pack Vendor :wolfSSL I-CUBE-wolfSSL 5.8.2
2025-11-05 11:39:55,597 [INFO] ThirdParty:1030 - CMSIS Pack Vendor :STMicroelectronics X-CUBE-BLE1 7.1.0
2025-11-05 11:39:55,597 [INFO] ThirdParty:1030 - CMSIS Pack Vendor :STMicroelectronics X-CUBE-SMBUS 2.1.0
2025-11-05 11:39:55,597 [INFO] ThirdParty:1030 - CMSIS Pack Vendor :wolfSSL I-CUBE-wolfMQTT 1.19.2
2025-11-05 11:39:55,597 [INFO] ThirdParty:1030 - CMSIS Pack Vendor :STMicroelectronics USB_DEVICE 3.0.0
2025-11-05 11:39:55,597 [INFO] ThirdParty:1030 - CMSIS Pack Vendor :STMicroelectronics X-CUBE-ISPU 2.1.0
2025-11-05 11:39:55,598 [INFO] ThirdParty:1030 - CMSIS Pack Vendor :STMicroelectronics X-CUBE-EEPRMA1 5.2.0
2025-11-05 11:39:55,598 [INFO] ThirdParty:1030 - CMSIS Pack Vendor :STMicroelectronics X-CUBE-IPS 3.2.0
2025-11-05 11:39:55,598 [INFO] ThirdParty:1030 - CMSIS Pack Vendor :STMicroelectronics X-CUBE-BLEMGR 4.1.0
2025-11-05 11:39:55,598 [INFO] ThirdParty:1030 - CMSIS Pack Vendor :STMicroelectronics X-CUBE-AZRTOS-WB 2.0.0
2025-11-05 11:39:55,598 [INFO] ThirdParty:1030 - CMSIS Pack Vendor :STMicroelectronics X-CUBE-NFC12 1.0.0
2025-11-05 11:39:55,598 [INFO] ThirdParty:1030 - CMSIS Pack Vendor :STMicroelectronics X-CUBE-AZRTOS-F7 1.1.0
2025-11-05 11:39:55,598 [INFO] ThirdParty:1030 - CMSIS Pack Vendor :STMicroelectronics X-CUBE-AZRTOS-L5 2.0.0
2025-11-05 11:39:55,598 [INFO] ThirdParty:1030 - CMSIS Pack Vendor :STMicroelectronics USB_DEVICE 2.0.0
2025-11-05 11:39:55,598 [INFO] ThirdParty:1030 - CMSIS Pack Vendor :STMicroelectronics X-CUBE-NFC6 3.1.0
2025-11-05 11:39:55,598 [INFO] ThirdParty:1030 - CMSIS Pack Vendor :STMicroelectronics X-CUBE-ST67W61 1.1.0
2025-11-05 11:39:55,598 [INFO] ThirdParty:1030 - CMSIS Pack Vendor :Cesanta I-CUBE-Mongoose 7.19.0
2025-11-05 11:39:55,598 [INFO] ThirdParty:1030 - CMSIS Pack Vendor :quantropi X-CUBE-qispace-sdk-base 2.1.0
2025-11-05 11:39:55,598 [INFO] ThirdParty:1030 - CMSIS Pack Vendor :STMicroelectronics FP-SNS-MOTENV1 5.1.0
2025-11-05 11:39:55,598 [INFO] ThirdParty:1030 - CMSIS Pack Vendor :STMicroelectronics FreeRTOS 0.0.1
2025-11-05 11:39:55,598 [INFO] ThirdParty:1030 - CMSIS Pack Vendor :STMicroelectronics X-CUBE-AZRTOS-G0 1.1.0
2025-11-05 11:39:55,598 [INFO] ThirdParty:1030 - CMSIS Pack Vendor :STMicroelectronics X-CUBE-SAFEA1 1.2.2
2025-11-05 11:39:55,598 [INFO] ThirdParty:1030 - CMSIS Pack Vendor :STMicroelectronics X-CUBE-NFC4 3.0.0
2025-11-05 11:39:55,598 [INFO] ThirdParty:1030 - CMSIS Pack Vendor :STMicroelectronics X-CUBE-SUBG2 5.0.0
2025-11-05 11:39:55,598 [INFO] ThirdParty:1030 - CMSIS Pack Vendor :STMicroelectronics X-CUBE-AZRTOS-H7RS 1.1.0
2025-11-05 11:39:55,598 [INFO] ThirdParty:1030 - CMSIS Pack Vendor :STMicroelectronics STM32_WPAN 1.0.0
2025-11-05 11:39:55,598 [INFO] ThirdParty:1030 - CMSIS Pack Vendor :EmbeddedOffice I-CUBE-FS-RTOS 1.0.1
2025-11-05 11:39:55,598 [INFO] ThirdParty:1030 - CMSIS Pack Vendor :STMicroelectronics lwIP 2.0.3
2025-11-05 11:39:55,598 [INFO] ThirdParty:1030 - CMSIS Pack Vendor :WES I-CUBE-Cesium 1.4.0
2025-11-05 11:39:55,598 [INFO] ThirdParty:1030 - CMSIS Pack Vendor :STMicroelectronics USB_HOST 1.0.0
2025-11-05 11:39:55,598 [INFO] ThirdParty:1030 - CMSIS Pack Vendor :Infineon AIROC-Wi-Fi-Bluetooth-STM32 1.7.1
2025-11-05 11:39:55,598 [INFO] ThirdParty:1030 - CMSIS Pack Vendor :STMicroelectronics X-CUBE-AZRTOS-G4 2.0.0
2025-11-05 11:39:55,598 [INFO] ThirdParty:1030 - CMSIS Pack Vendor :STMicroelectronics X-CUBE-WB05N 2.0.0
2025-11-05 11:39:55,598 [INFO] ThirdParty:1030 - CMSIS Pack Vendor :STMicroelectronics PDM2PCM 3.1.0
2025-11-05 11:39:55,598 [INFO] ThirdParty:1030 - CMSIS Pack Vendor :STMicroelectronics PDM2PCM 3.3.0
2025-11-05 11:39:55,598 [INFO] ThirdParty:1030 - CMSIS Pack Vendor :wolfSSL I-CUBE-wolfTPM 3.8.0
2025-11-05 11:39:55,598 [INFO] ThirdParty:1030 - CMSIS Pack Vendor :STMicroelectronics X-CUBE-AZRTOS-H7 3.4.0
2025-11-05 11:39:55,598 [INFO] ThirdParty:1030 - CMSIS Pack Vendor :STMicroelectronics X-CUBE-DISPLAY 3.0.0
2025-11-05 11:39:55,598 [INFO] ThirdParty:1030 - CMSIS Pack Vendor :wolfSSL I-CUBE-wolfSSH 1.4.20
2025-11-05 11:39:55,598 [INFO] ThirdParty:1030 - CMSIS Pack Vendor :STMicroelectronics X-CUBE-NFC7 2.0.0
2025-11-05 11:39:55,598 [INFO] ThirdParty:1030 - CMSIS Pack Vendor :STMicroelectronics X-CUBE-TCPP 4.2.0
2025-11-05 11:39:55,599 [INFO] ThirdParty:1030 - CMSIS Pack Vendor :RealThread X-CUBE-RT-Thread_Nano 4.1.1
2025-11-05 11:39:55,599 [INFO] ThirdParty:1030 - CMSIS Pack Vendor :STMicroelectronics FP-ATR-SIGFOX1 3.2.0
2025-11-05 11:39:55,599 [INFO] ThirdParty:1030 - CMSIS Pack Vendor :STMicroelectronics X-CUBE-NFC10 1.0.0
2025-11-05 11:39:55,599 [INFO] ThirdParty:1030 - CMSIS Pack Vendor :STMicroelectronics X-CUBE-FREERTOS 1.3.1
2025-11-05 11:39:55,599 [INFO] ThirdParty:1030 - CMSIS Pack Vendor :STMicroelectronics HAL Drivers 0.0.0
2025-11-05 11:39:55,599 [INFO] ThirdParty:1030 - CMSIS Pack Vendor :STMicroelectronics MBEDTLS 2.16.2
2025-11-05 11:39:55,599 [INFO] ThirdParty:1030 - CMSIS Pack Vendor :STMicroelectronics X-CUBE-ST60 1.1.0
2025-11-05 11:39:55,599 [INFO] ThirdParty:1030 - CMSIS Pack Vendor :STMicroelectronics X-CUBE-ALS 1.0.2
2025-11-05 11:39:55,599 [INFO] ThirdParty:1030 - CMSIS Pack Vendor :emotas I-CUBE-CANOPEN 1.3.0
2025-11-05 11:39:55,599 [INFO] ThirdParty:1030 - CMSIS Pack Vendor :STMicroelectronics MBEDTLS 2.14.1
2025-11-05 11:39:55,599 [INFO] ThirdParty:1030 - CMSIS Pack Vendor :STMicroelectronics X-CUBE-GNSS1 7.1.0
2025-11-05 11:39:55,599 [INFO] ThirdParty:1030 - CMSIS Pack Vendor :ITTIA_DB I-CUBE-ITTIADB 8.9.0
2025-11-05 11:39:55,599 [INFO] ThirdParty:1030 - CMSIS Pack Vendor :STMicroelectronics X-CUBE-TOUCHGFX 4.26.0
2025-11-05 11:39:55,599 [INFO] ThirdParty:1030 - CMSIS Pack Vendor :STMicroelectronics X-CUBE-STSE01 1.0.0
2025-11-05 11:39:55,599 [INFO] ThirdParty:1030 - CMSIS Pack Vendor :STMicroelectronics FP-SNS-STBOX1 2.1.0
2025-11-05 11:39:55,599 [INFO] ThirdParty:1030 - CMSIS Pack Vendor :STMicroelectronics X-CUBE-AI 10.2.0
2025-11-05 11:39:55,599 [INFO] ThirdParty:1030 - CMSIS Pack Vendor :STMicroelectronics FP-SNS-STAIOTCFT 1.0.0
2025-11-05 11:39:55,599 [INFO] ThirdParty:1030 - CMSIS Pack Vendor :STMicroelectronics ThreadX 1.0.0
2025-11-05 11:39:55,599 [INFO] ThirdParty:1030 - CMSIS Pack Vendor :STMicroelectronics FP-SNS-SMARTAG2 1.2.0
2025-11-05 11:39:55,599 [INFO] ThirdParty:1030 - CMSIS Pack Vendor :STMicroelectronics FP-SNS-FLIGHT1 5.1.0
2025-11-05 11:39:55,599 [INFO] ThirdParty:1030 - CMSIS Pack Vendor :STMicroelectronics X-CUBE-AZRTOS-WL 2.0.0
2025-11-05 11:39:55,599 [INFO] ThirdParty:1030 - CMSIS Pack Vendor :SEGGER I-CUBE-embOS 1.3.1
2025-11-05 11:39:55,599 [INFO] ThirdParty:1030 - CMSIS Pack Vendor :STMicroelectronics X-CUBE-ALGOBUILD 1.4.0
2025-11-05 11:39:55,599 [INFO] ThirdParty:1030 - CMSIS Pack Vendor :STMicroelectronics X-CUBE-DPower 1.3.0
2025-11-05 11:39:55,599 [INFO] ThirdParty:1030 - CMSIS Pack Vendor :STMicroelectronics X-CUBE-MEMS1 11.3.0
2025-11-05 11:39:55,599 [INFO] ThirdParty:1030 - CMSIS Pack Vendor :STMicroelectronics USB_DEVICE 1.0.0
2025-11-05 11:39:55,599 [INFO] ThirdParty:1030 - CMSIS Pack Vendor :STMicroelectronics X-CUBE-AZRTOS-L4 2.0.0
2025-11-05 11:39:55,599 [INFO] ThirdParty:1030 - CMSIS Pack Vendor :STMicroelectronics ThreadX 0.0.2
2025-11-05 11:39:55,599 [INFO] ThirdParty:1030 - CMSIS Pack Vendor :STMicroelectronics lwIP 2.1.2
2025-11-05 11:39:55,599 [INFO] ThirdParty:1030 - CMSIS Pack Vendor :STMicroelectronics X-CUBE-SFXS2LP1 4.0.0
2025-11-05 11:39:55,599 [INFO] ThirdParty:1030 - CMSIS Pack Vendor :STMicroelectronics X-CUBE-BLE2 3.3.0
2025-11-05 11:39:55,599 [INFO] ThirdParty:1030 - CMSIS Pack Vendor :STMicroelectronics X-CUBE-TOF1 3.4.3
2025-11-05 11:39:55,599 [INFO] ThirdParty:1030 - CMSIS Pack Vendor :STMicroelectronics PDM2PCM 3.2.0
2025-11-05 11:39:55,599 [INFO] ThirdParty:841 - exiting critical section [change project]
2025-11-05 11:39:55,914 [INFO] PinOutPanel:1589 - setPackage(No Configuration,No Configuration)
2025-11-05 11:39:55,916 [INFO] PinOutPanel:1589 - setPackage(STM32F103RCTx,LQFP64)
2025-11-05 11:39:56,246 [INFO] UtilMem:75 - Before build in PCC Used Memory: 328982944 Bytes (699400192)
2025-11-05 11:39:56,870 [INFO] UtilMem:75 - After build in PCC Used Memory: 398159120 Bytes (699400192)
2025-11-05 11:39:56,898 [INFO] IPUIPlugin:80 - create IPUIPlugin
2025-11-05 11:39:56,898 [INFO] IPUIPlugin:80 - create IPUIPlugin
2025-11-05 11:39:56,898 [INFO] IPUIPlugin:80 - create IPUIPlugin
2025-11-05 11:39:56,898 [INFO] IPUIPlugin:80 - create IPUIPlugin
2025-11-05 11:39:56,898 [INFO] IPUIPlugin:80 - create IPUIPlugin
2025-11-05 11:39:56,898 [INFO] IPUIPlugin:80 - create IPUIPlugin
2025-11-05 11:39:56,898 [INFO] IPUIPlugin:80 - create IPUIPlugin
2025-11-05 11:39:56,898 [INFO] IPUIPlugin:80 - create IPUIPlugin
2025-11-05 11:39:56,899 [INFO] IPUIPlugin:80 - create IPUIPlugin
2025-11-05 11:39:56,899 [INFO] IPUIPlugin:80 - create IPUIPlugin
2025-11-05 11:39:56,899 [INFO] IPUIPlugin:80 - create IPUIPlugin
2025-11-05 11:39:56,899 [INFO] IPUIPlugin:80 - create IPUIPlugin
2025-11-05 11:39:56,899 [INFO] IPUIPlugin:80 - create IPUIPlugin
2025-11-05 11:39:56,899 [INFO] IPUIPlugin:80 - create IPUIPlugin
2025-11-05 11:39:56,899 [INFO] IPUIPlugin:80 - create IPUIPlugin
2025-11-05 11:39:56,899 [INFO] IPUIPlugin:80 - create IPUIPlugin
2025-11-05 11:39:56,899 [INFO] IPUIPlugin:80 - create IPUIPlugin
2025-11-05 11:39:56,899 [INFO] IPUIPlugin:80 - create IPUIPlugin
2025-11-05 11:39:56,900 [INFO] IPUIPlugin:80 - create IPUIPlugin
2025-11-05 11:39:56,900 [INFO] IPUIPlugin:80 - create IPUIPlugin
2025-11-05 11:39:56,900 [INFO] IPUIPlugin:80 - create IPUIPlugin
2025-11-05 11:39:56,900 [INFO] IPUIPlugin:80 - create IPUIPlugin
2025-11-05 11:39:56,900 [INFO] IPUIPlugin:80 - create IPUIPlugin
2025-11-05 11:39:56,900 [INFO] IPUIPlugin:80 - create IPUIPlugin
2025-11-05 11:39:56,900 [INFO] IPUIPlugin:80 - create IPUIPlugin
2025-11-05 11:39:56,901 [INFO] IPUIPlugin:80 - create IPUIPlugin
2025-11-05 11:39:56,901 [INFO] IPUIPlugin:80 - create IPUIPlugin
2025-11-05 11:39:56,901 [INFO] IPUIPlugin:80 - create IPUIPlugin
2025-11-05 11:39:56,902 [INFO] IPUIPlugin:80 - create IPUIPlugin
2025-11-05 11:39:56,902 [INFO] IPUIPlugin:80 - create IPUIPlugin
2025-11-05 11:39:56,902 [INFO] IPUIPlugin:80 - create IPUIPlugin
2025-11-05 11:39:56,902 [INFO] IPUIPlugin:80 - create IPUIPlugin
2025-11-05 11:39:56,902 [INFO] IPUIPlugin:80 - create IPUIPlugin
2025-11-05 11:39:56,902 [INFO] IPUIPlugin:80 - create IPUIPlugin
2025-11-05 11:39:56,903 [INFO] IPUIPlugin:80 - create IPUIPlugin
2025-11-05 11:39:56,903 [INFO] IPUIPlugin:80 - create IPUIPlugin
2025-11-05 11:39:56,903 [INFO] IPUIPlugin:80 - create IPUIPlugin
2025-11-05 11:39:56,903 [INFO] IPUIPlugin:80 - create IPUIPlugin
2025-11-05 11:39:56,903 [INFO] IPUIPlugin:80 - create IPUIPlugin
2025-11-05 11:39:57,051 [INFO] CADModel:165 - CPN selected for project levelSTM32F103RCT6TR
2025-11-05 11:39:57,051 [INFO] CADModel:114 - Register for checkConnection events
2025-11-05 11:39:57,100 [INFO] OpenFileManager:386 - Restore cursor
2025-11-05 11:40:29,540 [WARN] IP:2250 - I2C_Coeff_DF not found: check if there is a RefParameter without a condition.
2025-11-05 11:40:29,540 [WARN] IP:2250 - Analog_Filter not found: check if there is a RefParameter without a condition.
2025-11-05 11:40:29,553 [WARN] IP:2250 - I2C_Coeff_DF not found: check if there is a RefParameter without a condition.
2025-11-05 11:40:29,553 [WARN] IP:2250 - Analog_Filter not found: check if there is a RefParameter without a condition.
2025-11-05 11:40:29,553 [WARN] IP:2250 - I2C_Coeff_DF not found: check if there is a RefParameter without a condition.
2025-11-05 11:40:29,553 [WARN] IP:2250 - Analog_Filter not found: check if there is a RefParameter without a condition.
2025-11-05 11:40:29,606 [WARN] IP:2250 - I2C_Coeff_DF not found: check if there is a RefParameter without a condition.
2025-11-05 11:40:29,606 [WARN] IP:2250 - Analog_Filter not found: check if there is a RefParameter without a condition.
2025-11-05 11:40:29,608 [WARN] IP:2250 - I2C_Coeff_DF not found: check if there is a RefParameter without a condition.
2025-11-05 11:40:29,608 [WARN] IP:2250 - Analog_Filter not found: check if there is a RefParameter without a condition.
2025-11-05 11:40:34,408 [WARN] IP:2250 - I2C_Coeff_DF not found: check if there is a RefParameter without a condition.
2025-11-05 11:40:34,408 [WARN] IP:2250 - Analog_Filter not found: check if there is a RefParameter without a condition.
2025-11-05 11:40:34,418 [WARN] IP:2250 - I2C_Coeff_DF not found: check if there is a RefParameter without a condition.
2025-11-05 11:40:34,418 [WARN] IP:2250 - Analog_Filter not found: check if there is a RefParameter without a condition.
2025-11-05 11:40:34,418 [WARN] IP:2250 - I2C_Coeff_DF not found: check if there is a RefParameter without a condition.
2025-11-05 11:40:34,418 [WARN] IP:2250 - Analog_Filter not found: check if there is a RefParameter without a condition.
2025-11-05 11:40:34,461 [WARN] IP:2250 - I2C_Coeff_DF not found: check if there is a RefParameter without a condition.
2025-11-05 11:40:34,461 [WARN] IP:2250 - Analog_Filter not found: check if there is a RefParameter without a condition.
2025-11-05 11:40:34,463 [WARN] IP:2250 - I2C_Coeff_DF not found: check if there is a RefParameter without a condition.
2025-11-05 11:40:34,463 [WARN] IP:2250 - Analog_Filter not found: check if there is a RefParameter without a condition.
2025-11-05 11:41:02,142 [WARN] IP:2250 - I2C_Coeff_DF not found: check if there is a RefParameter without a condition.
2025-11-05 11:41:02,142 [WARN] IP:2250 - Analog_Filter not found: check if there is a RefParameter without a condition.
2025-11-05 11:41:02,143 [WARN] IP:2250 - I2C_Coeff_DF not found: check if there is a RefParameter without a condition.
2025-11-05 11:41:02,143 [WARN] IP:2250 - Analog_Filter not found: check if there is a RefParameter without a condition.
2025-11-05 11:41:02,145 [WARN] IP:2250 - I2C_Coeff_DF not found: check if there is a RefParameter without a condition.
2025-11-05 11:41:02,145 [WARN] IP:2250 - Analog_Filter not found: check if there is a RefParameter without a condition.
2025-11-05 11:41:02,145 [WARN] IP:2250 - I2C_Coeff_DF not found: check if there is a RefParameter without a condition.
2025-11-05 11:41:02,145 [WARN] IP:2250 - Analog_Filter not found: check if there is a RefParameter without a condition.
2025-11-05 11:41:03,875 [WARN] IP:2250 - I2C_Coeff_DF not found: check if there is a RefParameter without a condition.
2025-11-05 11:41:03,876 [WARN] IP:2250 - Analog_Filter not found: check if there is a RefParameter without a condition.
2025-11-05 11:41:03,876 [WARN] IP:2250 - I2C_Coeff_DF not found: check if there is a RefParameter without a condition.
2025-11-05 11:41:03,876 [WARN] IP:2250 - Analog_Filter not found: check if there is a RefParameter without a condition.
2025-11-05 11:41:03,877 [WARN] IP:2250 - I2C_Coeff_DF not found: check if there is a RefParameter without a condition.
2025-11-05 11:41:03,878 [WARN] IP:2250 - Analog_Filter not found: check if there is a RefParameter without a condition.
2025-11-05 11:41:03,878 [WARN] IP:2250 - I2C_Coeff_DF not found: check if there is a RefParameter without a condition.
2025-11-05 11:41:03,878 [WARN] IP:2250 - Analog_Filter not found: check if there is a RefParameter without a condition.
2025-11-05 11:41:05,542 [WARN] IP:2250 - I2C_Coeff_DF not found: check if there is a RefParameter without a condition.
2025-11-05 11:41:05,542 [WARN] IP:2250 - Analog_Filter not found: check if there is a RefParameter without a condition.
2025-11-05 11:41:05,542 [WARN] IP:2250 - I2C_Coeff_DF not found: check if there is a RefParameter without a condition.
2025-11-05 11:41:05,542 [WARN] IP:2250 - Analog_Filter not found: check if there is a RefParameter without a condition.
2025-11-05 11:41:05,544 [WARN] IP:2250 - I2C_Coeff_DF not found: check if there is a RefParameter without a condition.
2025-11-05 11:41:05,544 [WARN] IP:2250 - Analog_Filter not found: check if there is a RefParameter without a condition.
2025-11-05 11:41:05,544 [WARN] IP:2250 - I2C_Coeff_DF not found: check if there is a RefParameter without a condition.
2025-11-05 11:41:05,544 [WARN] IP:2250 - Analog_Filter not found: check if there is a RefParameter without a condition.
2025-11-05 11:41:08,488 [WARN] IP:2250 - I2C_Coeff_DF not found: check if there is a RefParameter without a condition.
2025-11-05 11:41:08,488 [WARN] IP:2250 - Analog_Filter not found: check if there is a RefParameter without a condition.
2025-11-05 11:41:08,488 [WARN] IP:2250 - I2C_Coeff_DF not found: check if there is a RefParameter without a condition.
2025-11-05 11:41:08,488 [WARN] IP:2250 - Analog_Filter not found: check if there is a RefParameter without a condition.
2025-11-05 11:41:08,490 [WARN] IP:2250 - I2C_Coeff_DF not found: check if there is a RefParameter without a condition.
2025-11-05 11:41:08,490 [WARN] IP:2250 - Analog_Filter not found: check if there is a RefParameter without a condition.
2025-11-05 11:41:08,490 [WARN] IP:2250 - I2C_Coeff_DF not found: check if there is a RefParameter without a condition.
2025-11-05 11:41:08,490 [WARN] IP:2250 - Analog_Filter not found: check if there is a RefParameter without a condition.
2025-11-05 11:41:10,893 [WARN] IP:2250 - I2C_Coeff_DF not found: check if there is a RefParameter without a condition.
2025-11-05 11:41:10,893 [WARN] IP:2250 - Analog_Filter not found: check if there is a RefParameter without a condition.
2025-11-05 11:41:10,893 [WARN] IP:2250 - I2C_Coeff_DF not found: check if there is a RefParameter without a condition.
2025-11-05 11:41:10,893 [WARN] IP:2250 - Analog_Filter not found: check if there is a RefParameter without a condition.
2025-11-05 11:41:10,894 [WARN] IP:2250 - I2C_Coeff_DF not found: check if there is a RefParameter without a condition.
2025-11-05 11:41:10,894 [WARN] IP:2250 - Analog_Filter not found: check if there is a RefParameter without a condition.
2025-11-05 11:41:10,894 [WARN] IP:2250 - I2C_Coeff_DF not found: check if there is a RefParameter without a condition.
2025-11-05 11:41:10,894 [WARN] IP:2250 - Analog_Filter not found: check if there is a RefParameter without a condition.
2025-11-05 11:41:12,183 [INFO] UtilMem:75 - End SaveConfig() Used Memory: 598395048 Bytes (711983104)
2025-11-05 11:41:13,336 [INFO] UtilMem:75 - End SaveConfig() Used Memory: 619316880 Bytes (711983104)
2025-11-05 11:41:13,766 [INFO] UtilMem:75 - End SaveConfig() Used Memory: 656066728 Bytes (711983104)
2025-11-05 11:41:14,163 [INFO] BlockDiagram:2775 - set Specific Code input for plugin: NVIC
2025-11-05 11:41:14,164 [INFO] BlockDiagram:2775 - set Specific Code input for plugin: IWDG
2025-11-05 11:41:14,164 [INFO] BlockDiagram:2775 - set Specific Code input for plugin: SYS
2025-11-05 11:41:14,164 [INFO] BlockDiagram:2775 - set Specific Code input for plugin: GPIO
2025-11-05 11:41:14,164 [INFO] BlockDiagram:2775 - set Specific Code input for plugin: ADC
2025-11-05 11:41:14,165 [INFO] BlockDiagram:2775 - set Specific Code input for plugin: RCC
2025-11-05 11:41:14,165 [INFO] BlockDiagram:2775 - set Specific Code input for plugin: I2C
2025-11-05 11:41:14,165 [INFO] BlockDiagram:2775 - set Specific Code input for plugin: I2C
2025-11-05 11:41:14,165 [INFO] CodeGenerator:892 - code generatio: config db path: C:\ST\STM32CubeIDE_1.19.0\STM32CubeIDE\plugins\com.st.stm32cube.common.mx_6.15.0.202507011659\\db\
2025-11-05 11:41:14,171 [WARN] IP:2250 - I2C_Coeff_DF not found: check if there is a RefParameter without a condition.
2025-11-05 11:41:14,171 [WARN] IP:2250 - Analog_Filter not found: check if there is a RefParameter without a condition.
2025-11-05 11:41:14,171 [WARN] IP:2250 - I2C_Coeff_DF not found: check if there is a RefParameter without a condition.
2025-11-05 11:41:14,171 [WARN] IP:2250 - Analog_Filter not found: check if there is a RefParameter without a condition.
2025-11-05 11:41:14,244 [INFO] CodeEngine:265 - oldGeneratedFile, C:\Users\USER\STM32CubeIDE\workspace_1.19.0\Hip-Pro_Hardware_V1.2\Testing_PC\MXTmpFiles\license.tmp_save
2025-11-05 11:41:14,518 [INFO] CodeEngine:289 - Generated code: C:\Users\USER\STM32CubeIDE\workspace_1.19.0\Hip-Pro_Hardware_V1.2\Testing_PC\MXTmpFiles\license.tmp
2025-11-05 11:41:14,597 [INFO] CodeEngine:265 - oldGeneratedFile, C:\Users\USER\STM32CubeIDE\workspace_1.19.0\Hip-Pro_Hardware_V1.2\Testing_PC\MXTmpFiles\gpio.tmp_save
2025-11-05 11:41:14,705 [INFO] CodeEngine:289 - Generated code: C:\Users\USER\STM32CubeIDE\workspace_1.19.0\Hip-Pro_Hardware_V1.2\Testing_PC\MXTmpFiles\gpio.tmp
2025-11-05 11:41:14,842 [INFO] CodeEngine:265 - oldGeneratedFile, C:\Users\USER\STM32CubeIDE\workspace_1.19.0\Hip-Pro_Hardware_V1.2\Testing_PC\Core\Src\stm32f1xx_it.c_save
2025-11-05 11:41:14,940 [INFO] CodeEngine:289 - Generated code: C:\Users\USER\STM32CubeIDE\workspace_1.19.0\Hip-Pro_Hardware_V1.2\Testing_PC\Core\Src\stm32f1xx_it.c
2025-11-05 11:41:14,950 [INFO] CodeEngine:265 - oldGeneratedFile, C:\Users\USER\STM32CubeIDE\workspace_1.19.0\Hip-Pro_Hardware_V1.2\Testing_PC\Core\Inc\stm32f1xx_it.h_save
2025-11-05 11:41:15,007 [INFO] CodeEngine:289 - Generated code: C:\Users\USER\STM32CubeIDE\workspace_1.19.0\Hip-Pro_Hardware_V1.2\Testing_PC\Core\Inc\stm32f1xx_it.h
2025-11-05 11:41:15,019 [INFO] CodeEngine:265 - oldGeneratedFile, C:\Users\USER\STM32CubeIDE\workspace_1.19.0\Hip-Pro_Hardware_V1.2\Testing_PC\Core\Src\stm32f1xx_hal_msp.c_save
2025-11-05 11:41:15,130 [INFO] CodeEngine:289 - Generated code: C:\Users\USER\STM32CubeIDE\workspace_1.19.0\Hip-Pro_Hardware_V1.2\Testing_PC\Core\Src\stm32f1xx_hal_msp.c
2025-11-05 11:41:15,134 [INFO] CodeEngine:265 - oldGeneratedFile, C:\Users\USER\STM32CubeIDE\workspace_1.19.0\Hip-Pro_Hardware_V1.2\Testing_PC\MXTmpFiles\system.tmp_save
2025-11-05 11:41:15,184 [INFO] CodeEngine:289 - Generated code: C:\Users\USER\STM32CubeIDE\workspace_1.19.0\Hip-Pro_Hardware_V1.2\Testing_PC\MXTmpFiles\system.tmp
2025-11-05 11:41:15,196 [INFO] CodeEngine:321 - oldGeneratedFile, C:\Users\USER\STM32CubeIDE\workspace_1.19.0\Hip-Pro_Hardware_V1.2\Testing_PC\Core\Inc\stm32f1xx_hal_conf.h_save
2025-11-05 11:41:15,255 [INFO] CodeEngine:345 - Generated code: C:\Users\USER\STM32CubeIDE\workspace_1.19.0\Hip-Pro_Hardware_V1.2\Testing_PC\Core\Inc\stm32f1xx_hal_conf.h
2025-11-05 11:41:15,282 [INFO] ApiDbMcu:532 - Load IP Config File for ADC1
2025-11-05 11:41:15,285 [INFO] ApiDbMcu:532 - Load IP Config File for I2C1
2025-11-05 11:41:15,287 [INFO] ApiDbMcu:532 - Load IP Config File for I2C2
2025-11-05 11:41:15,288 [INFO] ApiDbMcu:532 - Load IP Config File for IWDG
2025-11-05 11:41:15,289 [INFO] ApiDbMcu:532 - Load IP Config File for RCC
2025-11-05 11:41:15,300 [INFO] CodeEngine:265 - oldGeneratedFile, C:\Users\USER\STM32CubeIDE\workspace_1.19.0\Hip-Pro_Hardware_V1.2\Testing_PC\Core\Inc\main.h_save
2025-11-05 11:41:15,373 [INFO] CodeEngine:289 - Generated code: C:\Users\USER\STM32CubeIDE\workspace_1.19.0\Hip-Pro_Hardware_V1.2\Testing_PC\Core\Inc\main.h
2025-11-05 11:41:15,379 [INFO] CodeEngine:265 - oldGeneratedFile, C:\Users\USER\STM32CubeIDE\workspace_1.19.0\Hip-Pro_Hardware_V1.2\Testing_PC\Core\Src\main.c_save
2025-11-05 11:41:15,507 [INFO] CodeEngine:289 - Generated code: C:\Users\USER\STM32CubeIDE\workspace_1.19.0\Hip-Pro_Hardware_V1.2\Testing_PC\Core\Src\main.c
2025-11-05 11:41:15,845 [INFO] ProjectBuilder:3606 - Time for Copy HAL[1] : 147mS.
2025-11-05 11:41:15,850 [INFO] ProjectBuilder:5216 - Project Generator version: 4.7.0-B52
2025-11-05 11:41:15,920 [INFO] ConfigFileManager:1595 - The Die is : DIE414
2025-11-05 11:41:15,925 [INFO] ApiDbMcu:532 - Load IP Config File for FATFS
2025-11-05 11:41:15,929 [INFO] ApiDbMcu:532 - Load IP Config File for FREERTOS
2025-11-05 11:41:15,933 [INFO] ApiDbMcu:532 - Load IP Config File for USB_DEVICE
2025-11-05 11:41:16,225 [INFO] LogOutputStream:77 - [STDOUT_REDIRECT] 
2025-11-05 11:41:17,217 [INFO] ProjectBuilder:5496 - Time for Generating toolchain IDE Files: 1367mS.
2025-11-05 11:41:17,219 [INFO] ProjectBuilder:3463 - Time for Copy CMSIS : 0mS.
2025-11-05 11:41:17,221 [INFO] ProjectBuilder:3463 - Time for Copy CMSIS : 0mS.
2025-11-05 11:47:26,980 [WARN] IP:2250 - I2C_Coeff_DF not found: check if there is a RefParameter without a condition.
2025-11-05 11:47:26,980 [WARN] IP:2250 - Analog_Filter not found: check if there is a RefParameter without a condition.
2025-11-05 11:49:47,939 [WARN] IP:2250 - I2C_Coeff_DF not found: check if there is a RefParameter without a condition.
2025-11-05 11:49:47,939 [WARN] IP:2250 - Analog_Filter not found: check if there is a RefParameter without a condition.
2025-11-05 11:50:01,084 [INFO] UtilMem:75 - End SaveConfig() Used Memory: 282782408 Bytes (749731840)
2025-11-05 11:50:02,289 [INFO] UtilMem:75 - End SaveConfig() Used Memory: 304265512 Bytes (749731840)
2025-11-05 11:50:02,658 [INFO] UtilMem:75 - End SaveConfig() Used Memory: 341492008 Bytes (749731840)
2025-11-05 11:50:02,778 [INFO] BlockDiagram:2775 - set Specific Code input for plugin: NVIC
2025-11-05 11:50:02,778 [INFO] BlockDiagram:2775 - set Specific Code input for plugin: IWDG
2025-11-05 11:50:02,778 [INFO] BlockDiagram:2775 - set Specific Code input for plugin: SYS
2025-11-05 11:50:02,778 [INFO] BlockDiagram:2775 - set Specific Code input for plugin: GPIO
2025-11-05 11:50:02,778 [INFO] BlockDiagram:2775 - set Specific Code input for plugin: ADC
2025-11-05 11:50:02,778 [INFO] BlockDiagram:2775 - set Specific Code input for plugin: RCC
2025-11-05 11:50:02,778 [INFO] BlockDiagram:2775 - set Specific Code input for plugin: I2C
2025-11-05 11:50:02,779 [INFO] CodeGenerator:892 - code generatio: config db path: C:\ST\STM32CubeIDE_1.19.0\STM32CubeIDE\plugins\com.st.stm32cube.common.mx_6.15.0.202507011659\\db\
2025-11-05 11:50:02,783 [WARN] IP:2250 - I2C_Coeff_DF not found: check if there is a RefParameter without a condition.
2025-11-05 11:50:02,783 [WARN] IP:2250 - Analog_Filter not found: check if there is a RefParameter without a condition.
2025-11-05 11:50:02,843 [INFO] CodeEngine:265 - oldGeneratedFile, C:\Users\USER\STM32CubeIDE\workspace_1.19.0\Hip-Pro_Hardware_V1.2\Testing_PC\MXTmpFiles\license.tmp_save
2025-11-05 11:50:02,987 [INFO] CodeEngine:289 - Generated code: C:\Users\USER\STM32CubeIDE\workspace_1.19.0\Hip-Pro_Hardware_V1.2\Testing_PC\MXTmpFiles\license.tmp
2025-11-05 11:50:03,023 [INFO] CodeEngine:265 - oldGeneratedFile, C:\Users\USER\STM32CubeIDE\workspace_1.19.0\Hip-Pro_Hardware_V1.2\Testing_PC\MXTmpFiles\gpio.tmp_save
2025-11-05 11:50:03,108 [INFO] CodeEngine:289 - Generated code: C:\Users\USER\STM32CubeIDE\workspace_1.19.0\Hip-Pro_Hardware_V1.2\Testing_PC\MXTmpFiles\gpio.tmp
2025-11-05 11:50:03,216 [INFO] CodeEngine:265 - oldGeneratedFile, C:\Users\USER\STM32CubeIDE\workspace_1.19.0\Hip-Pro_Hardware_V1.2\Testing_PC\Core\Src\stm32f1xx_it.c_save
2025-11-05 11:50:03,304 [INFO] CodeEngine:289 - Generated code: C:\Users\USER\STM32CubeIDE\workspace_1.19.0\Hip-Pro_Hardware_V1.2\Testing_PC\Core\Src\stm32f1xx_it.c
2025-11-05 11:50:03,312 [INFO] CodeEngine:265 - oldGeneratedFile, C:\Users\USER\STM32CubeIDE\workspace_1.19.0\Hip-Pro_Hardware_V1.2\Testing_PC\Core\Inc\stm32f1xx_it.h_save
2025-11-05 11:50:03,382 [INFO] CodeEngine:289 - Generated code: C:\Users\USER\STM32CubeIDE\workspace_1.19.0\Hip-Pro_Hardware_V1.2\Testing_PC\Core\Inc\stm32f1xx_it.h
2025-11-05 11:50:03,397 [INFO] CodeEngine:265 - oldGeneratedFile, C:\Users\USER\STM32CubeIDE\workspace_1.19.0\Hip-Pro_Hardware_V1.2\Testing_PC\Core\Src\stm32f1xx_hal_msp.c_save
2025-11-05 11:50:03,511 [INFO] CodeEngine:289 - Generated code: C:\Users\USER\STM32CubeIDE\workspace_1.19.0\Hip-Pro_Hardware_V1.2\Testing_PC\Core\Src\stm32f1xx_hal_msp.c
2025-11-05 11:50:03,515 [INFO] CodeEngine:265 - oldGeneratedFile, C:\Users\USER\STM32CubeIDE\workspace_1.19.0\Hip-Pro_Hardware_V1.2\Testing_PC\MXTmpFiles\system.tmp_save
2025-11-05 11:50:03,574 [INFO] CodeEngine:289 - Generated code: C:\Users\USER\STM32CubeIDE\workspace_1.19.0\Hip-Pro_Hardware_V1.2\Testing_PC\MXTmpFiles\system.tmp
2025-11-05 11:50:03,586 [INFO] CodeEngine:321 - oldGeneratedFile, C:\Users\USER\STM32CubeIDE\workspace_1.19.0\Hip-Pro_Hardware_V1.2\Testing_PC\Core\Inc\stm32f1xx_hal_conf.h_save
2025-11-05 11:50:03,648 [INFO] CodeEngine:345 - Generated code: C:\Users\USER\STM32CubeIDE\workspace_1.19.0\Hip-Pro_Hardware_V1.2\Testing_PC\Core\Inc\stm32f1xx_hal_conf.h
2025-11-05 11:50:03,672 [INFO] CodeEngine:265 - oldGeneratedFile, C:\Users\USER\STM32CubeIDE\workspace_1.19.0\Hip-Pro_Hardware_V1.2\Testing_PC\Core\Inc\main.h_save
2025-11-05 11:50:03,730 [INFO] CodeEngine:289 - Generated code: C:\Users\USER\STM32CubeIDE\workspace_1.19.0\Hip-Pro_Hardware_V1.2\Testing_PC\Core\Inc\main.h
2025-11-05 11:50:03,736 [INFO] CodeEngine:265 - oldGeneratedFile, C:\Users\USER\STM32CubeIDE\workspace_1.19.0\Hip-Pro_Hardware_V1.2\Testing_PC\Core\Src\main.c_save
2025-11-05 11:50:03,829 [INFO] CodeEngine:289 - Generated code: C:\Users\USER\STM32CubeIDE\workspace_1.19.0\Hip-Pro_Hardware_V1.2\Testing_PC\Core\Src\main.c
2025-11-05 11:50:04,082 [INFO] ProjectBuilder:3606 - Time for Copy HAL[1] : 94mS.
2025-11-05 11:50:04,085 [INFO] ProjectBuilder:5216 - Project Generator version: 4.7.0-B52
2025-11-05 11:50:04,155 [INFO] ConfigFileManager:1595 - The Die is : DIE414
2025-11-05 11:50:05,046 [INFO] ProjectBuilder:5496 - Time for Generating toolchain IDE Files: 961mS.
2025-11-05 11:50:05,048 [INFO] ProjectBuilder:3463 - Time for Copy CMSIS : 1mS.
2025-11-05 11:50:05,052 [INFO] ProjectBuilder:3463 - Time for Copy CMSIS : 0mS.
2025-11-05 11:50:27,513 [INFO] UtilMem:75 - End SaveConfig() Used Memory: 532093912 Bytes (757071872)
2025-11-05 11:50:28,577 [INFO] UtilMem:75 - End SaveConfig() Used Memory: 553528768 Bytes (757071872)
2025-11-05 11:50:28,947 [INFO] UtilMem:75 - End SaveConfig() Used Memory: 590228928 Bytes (757071872)
2025-11-05 11:50:29,075 [INFO] BlockDiagram:2775 - set Specific Code input for plugin: NVIC
2025-11-05 11:50:29,075 [INFO] BlockDiagram:2775 - set Specific Code input for plugin: SYS
2025-11-05 11:50:29,075 [INFO] BlockDiagram:2775 - set Specific Code input for plugin: GPIO
2025-11-05 11:50:29,075 [INFO] BlockDiagram:2775 - set Specific Code input for plugin: ADC
2025-11-05 11:50:29,075 [INFO] BlockDiagram:2775 - set Specific Code input for plugin: RCC
2025-11-05 11:50:29,075 [INFO] BlockDiagram:2775 - set Specific Code input for plugin: I2C
2025-11-05 11:50:29,076 [INFO] CodeGenerator:892 - code generatio: config db path: C:\ST\STM32CubeIDE_1.19.0\STM32CubeIDE\plugins\com.st.stm32cube.common.mx_6.15.0.202507011659\\db\
2025-11-05 11:50:29,079 [WARN] IP:2250 - I2C_Coeff_DF not found: check if there is a RefParameter without a condition.
2025-11-05 11:50:29,079 [WARN] IP:2250 - Analog_Filter not found: check if there is a RefParameter without a condition.
2025-11-05 11:50:29,138 [INFO] CodeEngine:265 - oldGeneratedFile, C:\Users\USER\STM32CubeIDE\workspace_1.19.0\Hip-Pro_Hardware_V1.2\Testing_PC\MXTmpFiles\license.tmp_save
2025-11-05 11:50:29,188 [INFO] CodeEngine:289 - Generated code: C:\Users\USER\STM32CubeIDE\workspace_1.19.0\Hip-Pro_Hardware_V1.2\Testing_PC\MXTmpFiles\license.tmp
2025-11-05 11:50:29,200 [INFO] CodeEngine:265 - oldGeneratedFile, C:\Users\USER\STM32CubeIDE\workspace_1.19.0\Hip-Pro_Hardware_V1.2\Testing_PC\MXTmpFiles\gpio.tmp_save
2025-11-05 11:50:29,250 [INFO] CodeEngine:289 - Generated code: C:\Users\USER\STM32CubeIDE\workspace_1.19.0\Hip-Pro_Hardware_V1.2\Testing_PC\MXTmpFiles\gpio.tmp
2025-11-05 11:50:29,286 [INFO] CodeEngine:265 - oldGeneratedFile, C:\Users\USER\STM32CubeIDE\workspace_1.19.0\Hip-Pro_Hardware_V1.2\Testing_PC\Core\Src\stm32f1xx_it.c_save
2025-11-05 11:50:29,343 [INFO] CodeEngine:289 - Generated code: C:\Users\USER\STM32CubeIDE\workspace_1.19.0\Hip-Pro_Hardware_V1.2\Testing_PC\Core\Src\stm32f1xx_it.c
2025-11-05 11:50:29,348 [INFO] CodeEngine:265 - oldGeneratedFile, C:\Users\USER\STM32CubeIDE\workspace_1.19.0\Hip-Pro_Hardware_V1.2\Testing_PC\Core\Inc\stm32f1xx_it.h_save
2025-11-05 11:50:29,413 [INFO] CodeEngine:289 - Generated code: C:\Users\USER\STM32CubeIDE\workspace_1.19.0\Hip-Pro_Hardware_V1.2\Testing_PC\Core\Inc\stm32f1xx_it.h
2025-11-05 11:50:29,424 [INFO] CodeEngine:265 - oldGeneratedFile, C:\Users\USER\STM32CubeIDE\workspace_1.19.0\Hip-Pro_Hardware_V1.2\Testing_PC\Core\Src\stm32f1xx_hal_msp.c_save
2025-11-05 11:50:29,500 [INFO] CodeEngine:289 - Generated code: C:\Users\USER\STM32CubeIDE\workspace_1.19.0\Hip-Pro_Hardware_V1.2\Testing_PC\Core\Src\stm32f1xx_hal_msp.c
2025-11-05 11:50:29,504 [INFO] CodeEngine:265 - oldGeneratedFile, C:\Users\USER\STM32CubeIDE\workspace_1.19.0\Hip-Pro_Hardware_V1.2\Testing_PC\MXTmpFiles\system.tmp_save
2025-11-05 11:50:29,553 [INFO] CodeEngine:289 - Generated code: C:\Users\USER\STM32CubeIDE\workspace_1.19.0\Hip-Pro_Hardware_V1.2\Testing_PC\MXTmpFiles\system.tmp
2025-11-05 11:50:29,561 [INFO] CodeEngine:321 - oldGeneratedFile, C:\Users\USER\STM32CubeIDE\workspace_1.19.0\Hip-Pro_Hardware_V1.2\Testing_PC\Core\Inc\stm32f1xx_hal_conf.h_save
2025-11-05 11:50:29,619 [INFO] CodeEngine:345 - Generated code: C:\Users\USER\STM32CubeIDE\workspace_1.19.0\Hip-Pro_Hardware_V1.2\Testing_PC\Core\Inc\stm32f1xx_hal_conf.h
2025-11-05 11:50:29,637 [INFO] CodeEngine:265 - oldGeneratedFile, C:\Users\USER\STM32CubeIDE\workspace_1.19.0\Hip-Pro_Hardware_V1.2\Testing_PC\Core\Inc\main.h_save
2025-11-05 11:50:29,693 [INFO] CodeEngine:289 - Generated code: C:\Users\USER\STM32CubeIDE\workspace_1.19.0\Hip-Pro_Hardware_V1.2\Testing_PC\Core\Inc\main.h
2025-11-05 11:50:29,698 [INFO] CodeEngine:265 - oldGeneratedFile, C:\Users\USER\STM32CubeIDE\workspace_1.19.0\Hip-Pro_Hardware_V1.2\Testing_PC\Core\Src\main.c_save
2025-11-05 11:50:29,782 [INFO] CodeEngine:289 - Generated code: C:\Users\USER\STM32CubeIDE\workspace_1.19.0\Hip-Pro_Hardware_V1.2\Testing_PC\Core\Src\main.c
2025-11-05 11:50:30,075 [INFO] ProjectBuilder:3606 - Time for Copy HAL[1] : 96mS.
2025-11-05 11:50:30,078 [INFO] ProjectBuilder:5216 - Project Generator version: 4.7.0-B52
2025-11-05 11:50:30,145 [INFO] ConfigFileManager:1595 - The Die is : DIE414
2025-11-05 11:50:30,810 [INFO] ProjectBuilder:5496 - Time for Generating toolchain IDE Files: 732mS.
2025-11-05 11:50:30,811 [INFO] ProjectBuilder:3463 - Time for Copy CMSIS : 1mS.
2025-11-05 11:50:30,813 [INFO] ProjectBuilder:3463 - Time for Copy CMSIS : 0mS.
2025-11-05 12:54:28,437 [INFO] WebApp:194 - Connection lost
2025-11-05 12:54:28,732 [INFO] WebApp:191 - Connection restablished
2025-11-05 15:38:38,543 [ERROR] ConfigurationRetriever:142 - IOException on connection: Connect timed out
2025-11-05 15:38:40,545 [ERROR] ConfigurationRetriever:142 - IOException on connection: Connect timed out
2025-11-05 15:38:42,546 [ERROR] ConfigurationRetriever:142 - IOException on connection: Connect timed out
2025-11-05 15:38:48,846 [ERROR] ConfigurationRetriever:142 - IOException on connection: Connect timed out
2025-11-05 15:38:50,848 [ERROR] ConfigurationRetriever:142 - IOException on connection: Connect timed out
2025-11-05 15:38:52,849 [ERROR] ConfigurationRetriever:142 - IOException on connection: Connect timed out
2025-11-05 16:48:57,798 [INFO] MainUpdater:2872 - connection check result : 10
2025-11-05 16:48:57,798 [INFO] MainUpdater:2872 - connection check result : 10
2025-11-05 16:48:57,886 [INFO] MicroXplorer:468 - Change Database Path : 
2025-11-05 16:48:57,887 [INFO] MicroXplorer:498 - Change Database Version : DB.6.0.150
2025-11-05 16:48:57,964 [ERROR] ProjectManagerView:395 - 
java.lang.NullPointerException: Cannot invoke "javax.swing.JTextField.getText()" because the return value of "java.util.List.get(int)" is null
	at com.st.microxplorer.plugins.projectmanager.gui.ProjectChoiceTab$9.caretUpdate(ProjectChoiceTab.java:2706) ~[filemanager.jar:?]
	at javax.swing.text.JTextComponent.fireCaretUpdate(JTextComponent.java:408) ~[?:?]
	at javax.swing.text.JTextComponent$MutableCaretEvent.fire(JTextComponent.java:4484) ~[?:?]
	at javax.swing.text.JTextComponent$MutableCaretEvent.stateChanged(JTextComponent.java:4506) ~[?:?]
	at javax.swing.text.DefaultCaret.fireStateChanged(DefaultCaret.java:857) ~[?:?]
	at javax.swing.text.DefaultCaret.changeCaretPosition(DefaultCaret.java:1343) ~[?:?]
	at javax.swing.text.DefaultCaret.handleSetDot(DefaultCaret.java:1242) ~[?:?]
	at javax.swing.text.DefaultCaret.setDot(DefaultCaret.java:1223) ~[?:?]
	at javax.swing.text.DefaultCaret$Handler.insertUpdate(DefaultCaret.java:1819) ~[?:?]
	at javax.swing.text.AbstractDocument.fireInsertUpdate(AbstractDocument.java:227) ~[?:?]
	at javax.swing.text.AbstractDocument.handleInsertString(AbstractDocument.java:781) ~[?:?]
	at javax.swing.text.AbstractDocument.insertString(AbstractDocument.java:740) ~[?:?]
	at javax.swing.text.PlainDocument.insertString(PlainDocument.java:131) ~[?:?]
	at javax.swing.text.AbstractDocument.replace(AbstractDocument.java:699) ~[?:?]
	at javax.swing.text.JTextComponent.setText(JTextComponent.java:1725) ~[?:?]
	at com.st.microxplorer.plugins.projectmanager.gui.ProjectChoiceTab.createHeapStackFields(ProjectChoiceTab.java:993) ~[filemanager.jar:?]
	at com.st.microxplorer.plugins.projectmanager.gui.ProjectChoiceTab.buildLinkSettingsPanel(ProjectChoiceTab.java:3813) ~[filemanager.jar:?]
	at com.st.microxplorer.plugins.projectmanager.gui.ProjectChoiceTab.defineWindowsFields(ProjectChoiceTab.java:1987) ~[filemanager.jar:?]
	at com.st.microxplorer.plugins.projectmanager.gui.ProjectChoiceTab.updateSettings(ProjectChoiceTab.java:558) ~[filemanager.jar:?]
	at com.st.microxplorer.plugins.projectmanager.gui.ProjectSettingsPanel.UpdateDialog(ProjectSettingsPanel.java:247) ~[filemanager.jar:?]
	at com.st.microxplorer.plugins.projectmanager.ProjectManagerView.propertyChange(ProjectManagerView.java:392) ~[filemanager.jar:?]
	at java.beans.PropertyChangeSupport.fire(PropertyChangeSupport.java:343) ~[?:?]
	at java.beans.PropertyChangeSupport.firePropertyChange(PropertyChangeSupport.java:335) ~[?:?]
	at java.beans.PropertyChangeSupport.firePropertyChange(PropertyChangeSupport.java:268) ~[?:?]
	at com.st.microxplorer.util.MXPropertyChangeSupport.firePropertyChange(MXPropertyChangeSupport.java:54) ~[STM32CubeMX.jar:?]
	at com.st.microxplorer.mxsystem.MxSystem.closeConfig(MxSystem.java:899) ~[STM32CubeMX.jar:?]
	at com.st.microxplorer.maingui.MainPanel.closeConfig(MainPanel.java:792) ~[STM32CubeMX.jar:?]
	at com.st.microxplorer.plugins.filemanager.engine.OpenFileManager.loadConfigurationFile(OpenFileManager.java:288) ~[filemanager.jar:?]
	at com.st.microxplorer.plugins.filemanager.engine.MainFileManager.userLoadConfig(MainFileManager.java:364) ~[filemanager.jar:?]
	at com.st.microxplorer.plugins.filemanager.engine.MainFileManager.userLoadConfig(MainFileManager.java:342) ~[filemanager.jar:?]
	at com.st.microxplorer.plugins.filemanager.FileManagerView.getSpecificTask(FileManagerView.java:264) ~[filemanager.jar:?]
	at com.st.stm32cube.common.mx.editor.CubeMxEditor.getMxTabbedPaneInstance(CubeMxEditor.java:1198) ~[com.st.stm32cube.common.mx_6.15.0.202507011659/:?]
	at com.st.stm32cube.common.mx.editor.CubeMxEditor$12$1.createSwingComponent(CubeMxEditor.java:1068) ~[com.st.stm32cube.common.mx_6.15.0.202507011659/:?]
	at com.st.stm32cube.common.mx.oss.core.awtswtbridge.EmbeddedSwingComposite.doComponentCreation(EmbeddedSwingComposite.java:492) ~[com.st.stm32cube.common.mx.oss_6.15.0.202507011659/:?]
	at com.st.stm32cube.common.mx.oss.core.awtswtbridge.EmbeddedSwingComposite$4.run(EmbeddedSwingComposite.java:291) ~[com.st.stm32cube.common.mx.oss_6.15.0.202507011659/:?]
	at com.st.stm32cube.common.mx.oss.core.awtswtbridge.AwtEnvironment$2.run(AwtEnvironment.java:166) ~[com.st.stm32cube.common.mx.oss_6.15.0.202507011659/:?]
	at java.awt.event.InvocationEvent.dispatch(InvocationEvent.java:318) ~[?:?]
	at java.awt.EventQueue.dispatchEventImpl(EventQueue.java:773) ~[?:?]
	at java.awt.EventQueue$4.run(EventQueue.java:720) ~[?:?]
	at java.awt.EventQueue$4.run(EventQueue.java:714) ~[?:?]
	at java.security.AccessController.doPrivileged(AccessController.java:400) ~[?:?]
	at java.security.ProtectionDomain$JavaSecurityAccessImpl.doIntersectionPrivilege(ProtectionDomain.java:87) ~[?:?]
	at java.awt.EventQueue.dispatchEvent(EventQueue.java:742) ~[?:?]
	at java.awt.EventDispatchThread.pumpOneEventForFilters(EventDispatchThread.java:203) ~[?:?]
	at java.awt.EventDispatchThread.pumpEventsForFilter(EventDispatchThread.java:124) ~[?:?]
	at java.awt.EventDispatchThread.pumpEventsForHierarchy(EventDispatchThread.java:113) ~[?:?]
	at java.awt.EventDispatchThread.pumpEvents(EventDispatchThread.java:109) ~[?:?]
	at java.awt.EventDispatchThread.pumpEvents(EventDispatchThread.java:101) ~[?:?]
	at java.awt.EventDispatchThread.run(EventDispatchThread.java:90) ~[?:?]
2025-11-05 16:48:57,985 [WARN] ThirdParty:871 - waiting for thirdparty lock release [close project]
2025-11-05 16:48:57,985 [INFO] ThirdParty:873 - entering critical section [close project]
2025-11-05 16:48:57,985 [INFO] ThirdParty:883 - exiting critical section [close project]
2025-11-05 16:48:57,990 [INFO] PinOutPanel:1589 - setPackage(No Configuration,No Configuration)
2025-11-05 16:48:58,005 [INFO] UtilMem:75 - Begin LoadConfig() Used Memory: 709292736 Bytes (759169024)
2025-11-05 16:48:58,006 [INFO] MicroXplorer:468 - Change Database Path : 
2025-11-05 16:48:58,006 [INFO] MicroXplorer:498 - Change Database Version : DB.6.0.150
2025-11-05 16:48:58,006 [INFO] OpenFileManager:355 - Change cursor
2025-11-05 16:48:58,056 [INFO] RulesReader:64 - Compatibility file has been processed (317 Rules)
2025-11-05 16:48:58,064 [INFO] Mcu:2029 - Initializing MCU STM32F103R(C-D-E)Tx STM32F103RCTx STM32F103RCT6TR
2025-11-05 16:48:58,954 [INFO] Context:786 - Trying to add GPIOservice into a context  which must be forbidden
2025-11-05 16:48:59,288 [INFO] ImportTextPane:234 - (OptionalMessage_ERROR) Pin29 (VP_RIF_VS_RIF1) cannot be retrieved for this MCU
2025-11-05 16:48:59,345 [INFO] RtosManager:558 - Registered RTOS mode: class=CMSIS, group=RTOS, mode=CMSIS_V1, owner=FREERTOS
2025-11-05 16:48:59,345 [INFO] RtosManager:558 - Registered RTOS mode: class=CMSIS, group=RTOS2, mode=CMSIS_V2, owner=FREERTOS
2025-11-05 16:48:59,345 [INFO] RtosManager:558 - Registered RTOS mode: class=RTOS, group=Core, mode=CMSIS_V1, owner=FREERTOS
2025-11-05 16:48:59,346 [INFO] RtosManager:558 - Registered RTOS mode: class=RTOS, group=Core, mode=CMSIS_V2, owner=FREERTOS
2025-11-05 16:48:59,346 [WARN] ModelIntegratedComponent:184 - Missing modes for component STMicroelectronics:FreeRTOS:0.0.1:STMicroelectronics:RTOS:FreeRTOS:Core:::10.2.0:
2025-11-05 16:48:59,377 [WARN] ModelIntegratedComponent:63 - No mode defined for component null
2025-11-05 16:48:59,378 [WARN] ModelIntegratedComponent:63 - No mode defined for component null
2025-11-05 16:48:59,379 [WARN] ModelIntegratedComponent:63 - No mode defined for component null
2025-11-05 16:48:59,379 [WARN] ModelIntegratedComponent:63 - No mode defined for component null
2025-11-05 16:48:59,379 [WARN] ModelIntegratedComponent:63 - No mode defined for component null
2025-11-05 16:48:59,379 [WARN] ModelIntegratedComponent:63 - No mode defined for component null
2025-11-05 16:48:59,379 [WARN] ModelIntegratedComponent:63 - No mode defined for component null
2025-11-05 16:48:59,379 [WARN] ModelIntegratedComponent:63 - No mode defined for component null
2025-11-05 16:48:59,379 [WARN] ModelIntegratedComponent:63 - No mode defined for component null
2025-11-05 16:48:59,380 [WARN] ModelIntegratedComponent:63 - No mode defined for component null
2025-11-05 16:48:59,380 [WARN] ModelIntegratedComponent:63 - No mode defined for component null
2025-11-05 16:48:59,380 [WARN] ModelIntegratedComponent:63 - No mode defined for component null
2025-11-05 16:48:59,380 [WARN] ModelIntegratedComponent:63 - No mode defined for component null
2025-11-05 16:48:59,380 [WARN] ModelIntegratedComponent:63 - No mode defined for component null
2025-11-05 16:48:59,380 [WARN] ModelIntegratedComponent:63 - No mode defined for component null
2025-11-05 16:48:59,380 [WARN] ModelIntegratedComponent:63 - No mode defined for component null
2025-11-05 16:48:59,380 [WARN] ModelIntegratedComponent:63 - No mode defined for component null
2025-11-05 16:48:59,381 [WARN] ModelIntegratedComponent:63 - No mode defined for component null
2025-11-05 16:48:59,381 [WARN] ModelIntegratedComponent:63 - No mode defined for component null
2025-11-05 16:48:59,381 [WARN] ModelIntegratedComponent:63 - No mode defined for component null
2025-11-05 16:48:59,381 [WARN] ModelIntegratedComponent:63 - No mode defined for component null
2025-11-05 16:48:59,381 [WARN] ModelIntegratedComponent:63 - No mode defined for component null
2025-11-05 16:48:59,381 [WARN] ModelIntegratedComponent:63 - No mode defined for component null
2025-11-05 16:48:59,381 [WARN] ModelIntegratedComponent:63 - No mode defined for component null
2025-11-05 16:48:59,381 [WARN] ModelIntegratedComponent:63 - No mode defined for component null
2025-11-05 16:48:59,381 [WARN] ModelIntegratedComponent:63 - No mode defined for component null
2025-11-05 16:48:59,381 [WARN] ModelIntegratedComponent:63 - No mode defined for component null
2025-11-05 16:48:59,381 [WARN] ModelIntegratedComponent:63 - No mode defined for component null
2025-11-05 16:48:59,382 [WARN] ModelIntegratedComponent:63 - No mode defined for component null
2025-11-05 16:48:59,382 [WARN] ModelIntegratedComponent:63 - No mode defined for component null
2025-11-05 16:48:59,382 [WARN] ModelIntegratedComponent:63 - No mode defined for component null
2025-11-05 16:48:59,383 [WARN] ModelIntegratedComponent:63 - No mode defined for component null
2025-11-05 16:48:59,383 [WARN] ModelIntegratedComponent:63 - No mode defined for component null
2025-11-05 16:48:59,383 [WARN] ModelIntegratedComponent:63 - No mode defined for component null
2025-11-05 16:48:59,383 [WARN] ModelIntegratedComponent:63 - No mode defined for component null
2025-11-05 16:48:59,383 [WARN] ModelPack:524 - Component already loaded: STMicroelectronics:HAL Drivers:0.0.0:STMicroelectronics:Device:STMicro_Driver:XSPI:HAL::0.0.1:HAL_XSPI
2025-11-05 16:48:59,469 [INFO] ThirdPartyModel:298 - Start build external matchings
2025-11-05 16:48:59,726 [INFO] ThirdPartyModel:316 - End build external matchings
2025-11-05 16:48:59,739 [INFO] RtosManager:1018 - Current active RTOS is FREERTOS [Cortex-M3NS]
2025-11-05 16:48:59,764 [INFO] ImportTextPane:234 - (OptionalMessage_ERROR) IP (DMA) : Parameter (Instance) has Id (ADC1) currently not set
2025-11-05 16:48:59,765 [INFO] ImportTextPane:234 - (OptionalMessage_ERROR) IP (DMA) : Parameter (Direction) has Id (ADC1) currently not set
2025-11-05 16:48:59,765 [INFO] ImportTextPane:234 - (OptionalMessage_ERROR) IP (DMA) : Parameter (PeriphInc) has Id (ADC1) currently not set
2025-11-05 16:48:59,765 [INFO] ImportTextPane:234 - (OptionalMessage_ERROR) IP (DMA) : Parameter (MemInc) has Id (ADC1) currently not set
2025-11-05 16:48:59,765 [INFO] ImportTextPane:234 - (OptionalMessage_ERROR) IP (DMA) : Parameter (PeriphDataAlignment) has Id (ADC1) currently not set
2025-11-05 16:48:59,766 [INFO] ImportTextPane:234 - (OptionalMessage_ERROR) IP (DMA) : Parameter (MemDataAlignment) has Id (ADC1) currently not set
2025-11-05 16:48:59,766 [INFO] ImportTextPane:234 - (OptionalMessage_ERROR) IP (DMA) : Parameter (Mode) has Id (ADC1) currently not set
2025-11-05 16:48:59,766 [INFO] ImportTextPane:234 - (OptionalMessage_ERROR) IP (DMA) : Parameter (Priority) has Id (ADC1) currently not set
2025-11-05 16:48:59,773 [INFO] ImportTextPane:234 - (OptionalMessage_ERROR) IP (RCC) : Invalid parameter (FamilyName)
2025-11-05 16:48:59,774 [INFO] ImportTextPane:234 - (OptionalMessage_ERROR) IP (RCC) : Parameter (MCOFreq_Value) has invalid value (72000000)
2025-11-05 16:48:59,774 [INFO] ImportTextPane:234 - (OptionalMessage_ERROR) IP (RCC) : Parameter (USBFreq_Value) has invalid value (72000000)
2025-11-05 16:48:59,991 [INFO] UtilMem:75 - End LoadConfig() Used Memory: 621819664 Bytes (759169024)
2025-11-05 16:49:00,026 [WARN] ThirdParty:833 - waiting for thirdparty lock release [change project]
2025-11-05 16:49:00,028 [INFO] ThirdParty:835 - entering critical section [change project]
2025-11-05 16:49:00,028 [INFO] ThirdParty:1030 - CMSIS Pack Vendor :STMicroelectronics X-CUBE-PM33A1 1.0.0
2025-11-05 16:49:00,028 [INFO] ThirdParty:1030 - CMSIS Pack Vendor :STMicroelectronics USBPD 4.1
2025-11-05 16:49:00,028 [INFO] ThirdParty:1030 - CMSIS Pack Vendor :STMicroelectronics X-CUBE-NFC9 1.0.0
2025-11-05 16:49:00,028 [INFO] ThirdParty:1030 - CMSIS Pack Vendor :STMicroelectronics USB_HOST 2.0.0
2025-11-05 16:49:00,028 [INFO] ThirdParty:1030 - CMSIS Pack Vendor :STMicroelectronics FP-SNS-MOTENVWB1 1.4.0
2025-11-05 16:49:00,028 [INFO] ThirdParty:1030 - CMSIS Pack Vendor :STMicroelectronics X-CUBE-AZRTOS-F4 1.1.0
2025-11-05 16:49:00,029 [INFO] ThirdParty:1030 - CMSIS Pack Vendor :STMicroelectronics LIBJPEG 8.0.0
2025-11-05 16:49:00,029 [INFO] ThirdParty:1030 - CMSIS Pack Vendor :STMicroelectronics FP-ATR-ASTRA1 2.0.2
2025-11-05 16:49:00,029 [INFO] ThirdParty:1030 - CMSIS Pack Vendor :wolfSSL I-CUBE-wolfSSL 5.8.2
2025-11-05 16:49:00,029 [INFO] ThirdParty:1030 - CMSIS Pack Vendor :STMicroelectronics X-CUBE-BLE1 7.1.0
2025-11-05 16:49:00,029 [INFO] ThirdParty:1030 - CMSIS Pack Vendor :STMicroelectronics X-CUBE-SMBUS 2.1.0
2025-11-05 16:49:00,029 [INFO] ThirdParty:1030 - CMSIS Pack Vendor :wolfSSL I-CUBE-wolfMQTT 1.19.2
2025-11-05 16:49:00,029 [INFO] ThirdParty:1030 - CMSIS Pack Vendor :STMicroelectronics USB_DEVICE 3.0.0
2025-11-05 16:49:00,029 [INFO] ThirdParty:1030 - CMSIS Pack Vendor :STMicroelectronics X-CUBE-ISPU 2.1.0
2025-11-05 16:49:00,029 [INFO] ThirdParty:1030 - CMSIS Pack Vendor :STMicroelectronics X-CUBE-EEPRMA1 5.2.0
2025-11-05 16:49:00,029 [INFO] ThirdParty:1030 - CMSIS Pack Vendor :STMicroelectronics X-CUBE-IPS 3.2.0
2025-11-05 16:49:00,029 [INFO] ThirdParty:1030 - CMSIS Pack Vendor :STMicroelectronics X-CUBE-BLEMGR 4.1.0
2025-11-05 16:49:00,029 [INFO] ThirdParty:1030 - CMSIS Pack Vendor :STMicroelectronics X-CUBE-AZRTOS-WB 2.0.0
2025-11-05 16:49:00,029 [INFO] ThirdParty:1030 - CMSIS Pack Vendor :STMicroelectronics X-CUBE-NFC12 1.0.0
2025-11-05 16:49:00,029 [INFO] ThirdParty:1030 - CMSIS Pack Vendor :STMicroelectronics X-CUBE-AZRTOS-F7 1.1.0
2025-11-05 16:49:00,029 [INFO] ThirdParty:1030 - CMSIS Pack Vendor :STMicroelectronics X-CUBE-AZRTOS-L5 2.0.0
2025-11-05 16:49:00,029 [INFO] ThirdParty:1030 - CMSIS Pack Vendor :STMicroelectronics USB_DEVICE 2.0.0
2025-11-05 16:49:00,029 [INFO] ThirdParty:1030 - CMSIS Pack Vendor :STMicroelectronics X-CUBE-NFC6 3.1.0
2025-11-05 16:49:00,030 [INFO] ThirdParty:1030 - CMSIS Pack Vendor :STMicroelectronics X-CUBE-ST67W61 1.1.0
2025-11-05 16:49:00,030 [INFO] ThirdParty:1030 - CMSIS Pack Vendor :Cesanta I-CUBE-Mongoose 7.19.0
2025-11-05 16:49:00,030 [INFO] ThirdParty:1030 - CMSIS Pack Vendor :quantropi X-CUBE-qispace-sdk-base 2.1.0
2025-11-05 16:49:00,030 [INFO] ThirdParty:1030 - CMSIS Pack Vendor :STMicroelectronics FP-SNS-MOTENV1 5.1.0
2025-11-05 16:49:00,030 [INFO] ThirdParty:1030 - CMSIS Pack Vendor :STMicroelectronics FreeRTOS 0.0.1
2025-11-05 16:49:00,030 [INFO] ThirdParty:1030 - CMSIS Pack Vendor :STMicroelectronics X-CUBE-AZRTOS-G0 1.1.0
2025-11-05 16:49:00,030 [INFO] ThirdParty:1030 - CMSIS Pack Vendor :STMicroelectronics X-CUBE-SAFEA1 1.2.2
2025-11-05 16:49:00,030 [INFO] ThirdParty:1030 - CMSIS Pack Vendor :STMicroelectronics X-CUBE-NFC4 3.0.0
2025-11-05 16:49:00,030 [INFO] ThirdParty:1030 - CMSIS Pack Vendor :STMicroelectronics X-CUBE-SUBG2 5.0.0
2025-11-05 16:49:00,030 [INFO] ThirdParty:1030 - CMSIS Pack Vendor :STMicroelectronics X-CUBE-AZRTOS-H7RS 1.1.0
2025-11-05 16:49:00,030 [INFO] ThirdParty:1030 - CMSIS Pack Vendor :STMicroelectronics STM32_WPAN 1.0.0
2025-11-05 16:49:00,030 [INFO] ThirdParty:1030 - CMSIS Pack Vendor :EmbeddedOffice I-CUBE-FS-RTOS 1.0.1
2025-11-05 16:49:00,030 [INFO] ThirdParty:1030 - CMSIS Pack Vendor :STMicroelectronics lwIP 2.0.3
2025-11-05 16:49:00,030 [INFO] ThirdParty:1030 - CMSIS Pack Vendor :WES I-CUBE-Cesium 1.4.0
2025-11-05 16:49:00,030 [INFO] ThirdParty:1030 - CMSIS Pack Vendor :STMicroelectronics USB_HOST 1.0.0
2025-11-05 16:49:00,031 [INFO] ThirdParty:1030 - CMSIS Pack Vendor :Infineon AIROC-Wi-Fi-Bluetooth-STM32 1.7.1
2025-11-05 16:49:00,031 [INFO] ThirdParty:1030 - CMSIS Pack Vendor :STMicroelectronics X-CUBE-AZRTOS-G4 2.0.0
2025-11-05 16:49:00,031 [INFO] ThirdParty:1030 - CMSIS Pack Vendor :STMicroelectronics X-CUBE-WB05N 2.0.0
2025-11-05 16:49:00,031 [INFO] ThirdParty:1030 - CMSIS Pack Vendor :STMicroelectronics PDM2PCM 3.1.0
2025-11-05 16:49:00,031 [INFO] ThirdParty:1030 - CMSIS Pack Vendor :STMicroelectronics PDM2PCM 3.3.0
2025-11-05 16:49:00,031 [INFO] ThirdParty:1030 - CMSIS Pack Vendor :wolfSSL I-CUBE-wolfTPM 3.8.0
2025-11-05 16:49:00,031 [INFO] ThirdParty:1030 - CMSIS Pack Vendor :STMicroelectronics X-CUBE-AZRTOS-H7 3.4.0
2025-11-05 16:49:00,031 [INFO] ThirdParty:1030 - CMSIS Pack Vendor :STMicroelectronics X-CUBE-DISPLAY 3.0.0
2025-11-05 16:49:00,031 [INFO] ThirdParty:1030 - CMSIS Pack Vendor :wolfSSL I-CUBE-wolfSSH 1.4.20
2025-11-05 16:49:00,031 [INFO] ThirdParty:1030 - CMSIS Pack Vendor :STMicroelectronics X-CUBE-NFC7 2.0.0
2025-11-05 16:49:00,031 [INFO] ThirdParty:1030 - CMSIS Pack Vendor :STMicroelectronics X-CUBE-TCPP 4.2.0
2025-11-05 16:49:00,031 [INFO] ThirdParty:1030 - CMSIS Pack Vendor :RealThread X-CUBE-RT-Thread_Nano 4.1.1
2025-11-05 16:49:00,031 [INFO] ThirdParty:1030 - CMSIS Pack Vendor :STMicroelectronics FP-ATR-SIGFOX1 3.2.0
2025-11-05 16:49:00,031 [INFO] ThirdParty:1030 - CMSIS Pack Vendor :STMicroelectronics X-CUBE-NFC10 1.0.0
2025-11-05 16:49:00,031 [INFO] ThirdParty:1030 - CMSIS Pack Vendor :STMicroelectronics X-CUBE-FREERTOS 1.3.1
2025-11-05 16:49:00,032 [INFO] ThirdParty:1030 - CMSIS Pack Vendor :STMicroelectronics HAL Drivers 0.0.0
2025-11-05 16:49:00,032 [INFO] ThirdParty:1030 - CMSIS Pack Vendor :STMicroelectronics MBEDTLS 2.16.2
2025-11-05 16:49:00,032 [INFO] ThirdParty:1030 - CMSIS Pack Vendor :STMicroelectronics X-CUBE-ST60 1.1.0
2025-11-05 16:49:00,032 [INFO] ThirdParty:1030 - CMSIS Pack Vendor :STMicroelectronics X-CUBE-ALS 1.0.2
2025-11-05 16:49:00,032 [INFO] ThirdParty:1030 - CMSIS Pack Vendor :emotas I-CUBE-CANOPEN 1.3.0
2025-11-05 16:49:00,032 [INFO] ThirdParty:1030 - CMSIS Pack Vendor :STMicroelectronics MBEDTLS 2.14.1
2025-11-05 16:49:00,032 [INFO] ThirdParty:1030 - CMSIS Pack Vendor :STMicroelectronics X-CUBE-GNSS1 7.1.0
2025-11-05 16:49:00,032 [INFO] ThirdParty:1030 - CMSIS Pack Vendor :ITTIA_DB I-CUBE-ITTIADB 8.9.0
2025-11-05 16:49:00,032 [INFO] ThirdParty:1030 - CMSIS Pack Vendor :STMicroelectronics X-CUBE-TOUCHGFX 4.26.0
2025-11-05 16:49:00,032 [INFO] ThirdParty:1030 - CMSIS Pack Vendor :STMicroelectronics X-CUBE-STSE01 1.0.0
2025-11-05 16:49:00,032 [INFO] ThirdParty:1030 - CMSIS Pack Vendor :STMicroelectronics FP-SNS-STBOX1 2.1.0
2025-11-05 16:49:00,032 [INFO] ThirdParty:1030 - CMSIS Pack Vendor :STMicroelectronics X-CUBE-AI 10.2.0
2025-11-05 16:49:00,032 [INFO] ThirdParty:1030 - CMSIS Pack Vendor :STMicroelectronics FP-SNS-STAIOTCFT 1.0.0
2025-11-05 16:49:00,032 [INFO] ThirdParty:1030 - CMSIS Pack Vendor :STMicroelectronics ThreadX 1.0.0
2025-11-05 16:49:00,032 [INFO] ThirdParty:1030 - CMSIS Pack Vendor :STMicroelectronics FP-SNS-SMARTAG2 1.2.0
2025-11-05 16:49:00,032 [INFO] ThirdParty:1030 - CMSIS Pack Vendor :STMicroelectronics FP-SNS-FLIGHT1 5.1.0
2025-11-05 16:49:00,032 [INFO] ThirdParty:1030 - CMSIS Pack Vendor :STMicroelectronics X-CUBE-AZRTOS-WL 2.0.0
2025-11-05 16:49:00,032 [INFO] ThirdParty:1030 - CMSIS Pack Vendor :SEGGER I-CUBE-embOS 1.3.1
2025-11-05 16:49:00,032 [INFO] ThirdParty:1030 - CMSIS Pack Vendor :STMicroelectronics X-CUBE-ALGOBUILD 1.4.0
2025-11-05 16:49:00,032 [INFO] ThirdParty:1030 - CMSIS Pack Vendor :STMicroelectronics X-CUBE-DPower 1.3.0
2025-11-05 16:49:00,032 [INFO] ThirdParty:1030 - CMSIS Pack Vendor :STMicroelectronics X-CUBE-MEMS1 11.3.0
2025-11-05 16:49:00,032 [INFO] ThirdParty:1030 - CMSIS Pack Vendor :STMicroelectronics USB_DEVICE 1.0.0
2025-11-05 16:49:00,032 [INFO] ThirdParty:1030 - CMSIS Pack Vendor :STMicroelectronics X-CUBE-AZRTOS-L4 2.0.0
2025-11-05 16:49:00,032 [INFO] ThirdParty:1030 - CMSIS Pack Vendor :STMicroelectronics ThreadX 0.0.2
2025-11-05 16:49:00,032 [INFO] ThirdParty:1030 - CMSIS Pack Vendor :STMicroelectronics lwIP 2.1.2
2025-11-05 16:49:00,032 [INFO] ThirdParty:1030 - CMSIS Pack Vendor :STMicroelectronics X-CUBE-SFXS2LP1 4.0.0
2025-11-05 16:49:00,033 [INFO] ThirdParty:1030 - CMSIS Pack Vendor :STMicroelectronics X-CUBE-BLE2 3.3.0
2025-11-05 16:49:00,033 [INFO] ThirdParty:1030 - CMSIS Pack Vendor :STMicroelectronics X-CUBE-TOF1 3.4.3
2025-11-05 16:49:00,033 [INFO] ThirdParty:1030 - CMSIS Pack Vendor :STMicroelectronics PDM2PCM 3.2.0
2025-11-05 16:49:00,033 [INFO] ThirdParty:841 - exiting critical section [change project]
2025-11-05 16:49:00,310 [INFO] PinOutPanel:1589 - setPackage(No Configuration,No Configuration)
2025-11-05 16:49:00,313 [INFO] PinOutPanel:1589 - setPackage(STM32F103RCTx,LQFP64)
2025-11-05 16:49:00,792 [INFO] UtilMem:75 - Before build in PCC Used Memory: 373165664 Bytes (759169024)
2025-11-05 16:49:01,124 [INFO] UtilMem:75 - After build in PCC Used Memory: 417205856 Bytes (759169024)
2025-11-05 16:49:01,135 [INFO] ApiDbMcu:532 - Load IP Config File for FREERTOS
2025-11-05 16:49:01,161 [INFO] IPUIPlugin:80 - create IPUIPlugin
2025-11-05 16:49:01,162 [INFO] IPUIPlugin:80 - create IPUIPlugin
2025-11-05 16:49:01,162 [INFO] IPUIPlugin:80 - create IPUIPlugin
2025-11-05 16:49:01,162 [INFO] IPUIPlugin:80 - create IPUIPlugin
2025-11-05 16:49:01,162 [INFO] IPUIPlugin:80 - create IPUIPlugin
2025-11-05 16:49:01,162 [INFO] IPUIPlugin:80 - create IPUIPlugin
2025-11-05 16:49:01,163 [INFO] IPUIPlugin:80 - create IPUIPlugin
2025-11-05 16:49:01,163 [INFO] IPUIPlugin:80 - create IPUIPlugin
2025-11-05 16:49:01,163 [INFO] IPUIPlugin:80 - create IPUIPlugin
2025-11-05 16:49:01,163 [INFO] IPUIPlugin:80 - create IPUIPlugin
2025-11-05 16:49:01,163 [INFO] IPUIPlugin:80 - create IPUIPlugin
2025-11-05 16:49:01,163 [INFO] IPUIPlugin:80 - create IPUIPlugin
2025-11-05 16:49:01,164 [INFO] IPUIPlugin:80 - create IPUIPlugin
2025-11-05 16:49:01,164 [INFO] IPUIPlugin:80 - create IPUIPlugin
2025-11-05 16:49:01,164 [INFO] IPUIPlugin:80 - create IPUIPlugin
2025-11-05 16:49:01,164 [INFO] IPUIPlugin:80 - create IPUIPlugin
2025-11-05 16:49:01,164 [INFO] IPUIPlugin:80 - create IPUIPlugin
2025-11-05 16:49:01,166 [INFO] IPUIPlugin:80 - create IPUIPlugin
2025-11-05 16:49:01,166 [INFO] IPUIPlugin:80 - create IPUIPlugin
2025-11-05 16:49:01,167 [INFO] IPUIPlugin:80 - create IPUIPlugin
2025-11-05 16:49:01,167 [INFO] IPUIPlugin:80 - create IPUIPlugin
2025-11-05 16:49:01,167 [INFO] IPUIPlugin:80 - create IPUIPlugin
2025-11-05 16:49:01,167 [INFO] IPUIPlugin:80 - create IPUIPlugin
2025-11-05 16:49:01,167 [INFO] IPUIPlugin:80 - create IPUIPlugin
2025-11-05 16:49:01,167 [INFO] IPUIPlugin:80 - create IPUIPlugin
2025-11-05 16:49:01,168 [INFO] IPUIPlugin:80 - create IPUIPlugin
2025-11-05 16:49:01,168 [INFO] IPUIPlugin:80 - create IPUIPlugin
2025-11-05 16:49:01,168 [INFO] IPUIPlugin:80 - create IPUIPlugin
2025-11-05 16:49:01,168 [INFO] IPUIPlugin:80 - create IPUIPlugin
2025-11-05 16:49:01,168 [INFO] IPUIPlugin:80 - create IPUIPlugin
2025-11-05 16:49:01,168 [INFO] IPUIPlugin:80 - create IPUIPlugin
2025-11-05 16:49:01,169 [INFO] IPUIPlugin:80 - create IPUIPlugin
2025-11-05 16:49:01,169 [INFO] IPUIPlugin:80 - create IPUIPlugin
2025-11-05 16:49:01,169 [INFO] IPUIPlugin:80 - create IPUIPlugin
2025-11-05 16:49:01,169 [INFO] IPUIPlugin:80 - create IPUIPlugin
2025-11-05 16:49:01,170 [INFO] IPUIPlugin:80 - create IPUIPlugin
2025-11-05 16:49:01,170 [INFO] IPUIPlugin:80 - create IPUIPlugin
2025-11-05 16:49:01,170 [INFO] IPUIPlugin:80 - create IPUIPlugin
2025-11-05 16:49:01,170 [INFO] IPUIPlugin:80 - create IPUIPlugin
2025-11-05 16:49:01,174 [WARN] IP:2250 - I2C_Coeff_DF not found: check if there is a RefParameter without a condition.
2025-11-05 16:49:01,174 [WARN] IP:2250 - Analog_Filter not found: check if there is a RefParameter without a condition.
2025-11-05 16:49:01,175 [WARN] IP:2250 - I2C_Coeff_DF not found: check if there is a RefParameter without a condition.
2025-11-05 16:49:01,175 [WARN] IP:2250 - Analog_Filter not found: check if there is a RefParameter without a condition.
2025-11-05 16:49:01,208 [WARN] FreeRTOS:1023 - Null or empty value: should not occur! (nothing added to the table)
2025-11-05 16:49:01,274 [INFO] CADModel:165 - CPN selected for project levelSTM32F103RCT6TR
2025-11-05 16:49:01,274 [INFO] CADModel:114 - Register for checkConnection events
2025-11-05 16:49:01,277 [INFO] RtosManager:728 - Active RTOS found at IOC load: FREERTOS [Cortex-M3NS]
2025-11-05 16:49:01,317 [INFO] OpenFileManager:386 - Restore cursor
2025-11-05 16:49:01,506 [WARN] IP:2250 - I2C_Coeff_DF not found: check if there is a RefParameter without a condition.
2025-11-05 16:49:01,506 [WARN] IP:2250 - Analog_Filter not found: check if there is a RefParameter without a condition.
2025-11-05 16:49:01,507 [WARN] IP:2250 - I2C_Coeff_DF not found: check if there is a RefParameter without a condition.
2025-11-05 16:49:01,507 [WARN] IP:2250 - Analog_Filter not found: check if there is a RefParameter without a condition.
2025-11-05 16:49:01,513 [WARN] IP:2250 - I2C_Coeff_DF not found: check if there is a RefParameter without a condition.
2025-11-05 16:49:01,513 [WARN] IP:2250 - Analog_Filter not found: check if there is a RefParameter without a condition.
2025-11-05 16:49:01,513 [WARN] IP:2250 - I2C_Coeff_DF not found: check if there is a RefParameter without a condition.
2025-11-05 16:49:01,513 [WARN] IP:2250 - Analog_Filter not found: check if there is a RefParameter without a condition.
2025-11-05 16:49:13,432 [WARN] IP:2250 - I2C_Coeff_DF not found: check if there is a RefParameter without a condition.
2025-11-05 16:49:13,433 [WARN] IP:2250 - Analog_Filter not found: check if there is a RefParameter without a condition.
2025-11-05 16:49:13,433 [WARN] IP:2250 - I2C_Coeff_DF not found: check if there is a RefParameter without a condition.
2025-11-05 16:49:13,433 [WARN] IP:2250 - Analog_Filter not found: check if there is a RefParameter without a condition.
2025-11-05 16:49:13,436 [WARN] IP:2250 - I2C_Coeff_DF not found: check if there is a RefParameter without a condition.
2025-11-05 16:49:13,436 [WARN] IP:2250 - Analog_Filter not found: check if there is a RefParameter without a condition.
2025-11-05 16:49:13,436 [WARN] IP:2250 - I2C_Coeff_DF not found: check if there is a RefParameter without a condition.
2025-11-05 16:49:13,436 [WARN] IP:2250 - Analog_Filter not found: check if there is a RefParameter without a condition.
2025-11-05 16:49:13,480 [WARN] IP:2250 - I2C_Coeff_DF not found: check if there is a RefParameter without a condition.
2025-11-05 16:49:13,480 [WARN] IP:2250 - Analog_Filter not found: check if there is a RefParameter without a condition.
2025-11-05 16:49:13,483 [WARN] IP:2250 - I2C_Coeff_DF not found: check if there is a RefParameter without a condition.
2025-11-05 16:49:13,483 [WARN] IP:2250 - Analog_Filter not found: check if there is a RefParameter without a condition.
2025-11-05 16:49:13,522 [WARN] IP:2250 - I2C_Coeff_DF not found: check if there is a RefParameter without a condition.
2025-11-05 16:49:13,523 [WARN] IP:2250 - Analog_Filter not found: check if there is a RefParameter without a condition.
2025-11-05 16:49:13,525 [WARN] IP:2250 - I2C_Coeff_DF not found: check if there is a RefParameter without a condition.
2025-11-05 16:49:13,525 [WARN] IP:2250 - Analog_Filter not found: check if there is a RefParameter without a condition.
2025-11-05 16:49:40,530 [INFO] Gpio:278 - dependency for GPIO [ADC1, I2C1, I2C2, RCC, SYS]
2025-11-05 16:50:01,040 [INFO] UtilMem:75 - End SaveConfig() Used Memory: 614865424 Bytes (759169024)
2025-11-05 16:50:02,831 [INFO] UtilMem:75 - End SaveConfig() Used Memory: 663622160 Bytes (759169024)
2025-11-05 16:50:03,703 [INFO] UtilMem:75 - End SaveConfig() Used Memory: 301951104 Bytes (759169024)
2025-11-05 16:50:04,070 [INFO] BlockDiagram:2775 - set Specific Code input for plugin: NVIC
2025-11-05 16:50:04,070 [INFO] BlockDiagram:2775 - set Specific Code input for plugin: FREERTOS
2025-11-05 16:50:04,070 [INFO] BlockDiagram:2775 - set Specific Code input for plugin: IWDG
2025-11-05 16:50:04,070 [INFO] BlockDiagram:2775 - set Specific Code input for plugin: DMA
2025-11-05 16:50:04,070 [INFO] BlockDiagram:2775 - set Specific Code input for plugin: SYS
2025-11-05 16:50:04,071 [INFO] BlockDiagram:2775 - set Specific Code input for plugin: GPIO
2025-11-05 16:50:04,071 [INFO] BlockDiagram:2775 - set Specific Code input for plugin: ADC
2025-11-05 16:50:04,071 [INFO] BlockDiagram:2775 - set Specific Code input for plugin: RCC
2025-11-05 16:50:04,071 [INFO] BlockDiagram:2775 - set Specific Code input for plugin: I2C
2025-11-05 16:50:04,071 [INFO] BlockDiagram:2775 - set Specific Code input for plugin: I2C
2025-11-05 16:50:04,072 [INFO] CodeGenerator:892 - code generatio: config db path: C:\ST\STM32CubeIDE_1.19.0\STM32CubeIDE\plugins\com.st.stm32cube.common.mx_6.15.0.202507011659\\db\
2025-11-05 16:50:04,080 [WARN] IP:2250 - I2C_Coeff_DF not found: check if there is a RefParameter without a condition.
2025-11-05 16:50:04,080 [WARN] IP:2250 - Analog_Filter not found: check if there is a RefParameter without a condition.
2025-11-05 16:50:04,083 [WARN] IP:2250 - I2C_Coeff_DF not found: check if there is a RefParameter without a condition.
2025-11-05 16:50:04,083 [WARN] IP:2250 - Analog_Filter not found: check if there is a RefParameter without a condition.
2025-11-05 16:50:04,189 [INFO] CodeEngine:265 - oldGeneratedFile, C:\Users\USER\STM32CubeIDE\workspace_1.19.0\Hip-Pro_Hardware_V1.2\HardwareV1.2\MXTmpFiles\license.tmp_save
2025-11-05 16:50:04,370 [INFO] CodeEngine:289 - Generated code: C:\Users\USER\STM32CubeIDE\workspace_1.19.0\Hip-Pro_Hardware_V1.2\HardwareV1.2\MXTmpFiles\license.tmp
2025-11-05 16:50:04,444 [INFO] CodeEngine:265 - oldGeneratedFile, C:\Users\USER\STM32CubeIDE\workspace_1.19.0\Hip-Pro_Hardware_V1.2\HardwareV1.2\MXTmpFiles\gpio.tmp_save
2025-11-05 16:50:04,562 [INFO] CodeEngine:289 - Generated code: C:\Users\USER\STM32CubeIDE\workspace_1.19.0\Hip-Pro_Hardware_V1.2\HardwareV1.2\MXTmpFiles\gpio.tmp
2025-11-05 16:50:04,880 [INFO] Middleware:1452 - No code input for Bsp Dependency
2025-11-05 16:50:04,890 [INFO] CodeEngine:265 - oldGeneratedFile, C:\Users\USER\STM32CubeIDE\workspace_1.19.0\Hip-Pro_Hardware_V1.2\HardwareV1.2\MXTmpFiles\rtos_inc.tmp_save
2025-11-05 16:50:04,966 [INFO] CodeEngine:289 - Generated code: C:\Users\USER\STM32CubeIDE\workspace_1.19.0\Hip-Pro_Hardware_V1.2\HardwareV1.2\MXTmpFiles\rtos_inc.tmp
2025-11-05 16:50:04,974 [INFO] CodeEngine:265 - oldGeneratedFile, C:\Users\USER\STM32CubeIDE\workspace_1.19.0\Hip-Pro_Hardware_V1.2\HardwareV1.2\MXTmpFiles\rtos_vars.tmp_save
2025-11-05 16:50:05,052 [INFO] CodeEngine:289 - Generated code: C:\Users\USER\STM32CubeIDE\workspace_1.19.0\Hip-Pro_Hardware_V1.2\HardwareV1.2\MXTmpFiles\rtos_vars.tmp
2025-11-05 16:50:05,058 [INFO] CodeEngine:265 - oldGeneratedFile, C:\Users\USER\STM32CubeIDE\workspace_1.19.0\Hip-Pro_Hardware_V1.2\HardwareV1.2\MXTmpFiles\rtos_pfp.tmp_save
2025-11-05 16:50:05,132 [INFO] CodeEngine:289 - Generated code: C:\Users\USER\STM32CubeIDE\workspace_1.19.0\Hip-Pro_Hardware_V1.2\HardwareV1.2\MXTmpFiles\rtos_pfp.tmp
2025-11-05 16:50:05,139 [INFO] CodeEngine:265 - oldGeneratedFile, C:\Users\USER\STM32CubeIDE\workspace_1.19.0\Hip-Pro_Hardware_V1.2\HardwareV1.2\MXTmpFiles\rtos_obj_creat.tmp_save
2025-11-05 16:50:05,208 [INFO] CodeEngine:289 - Generated code: C:\Users\USER\STM32CubeIDE\workspace_1.19.0\Hip-Pro_Hardware_V1.2\HardwareV1.2\MXTmpFiles\rtos_obj_creat.tmp
2025-11-05 16:50:05,217 [INFO] CodeEngine:265 - oldGeneratedFile, C:\Users\USER\STM32CubeIDE\workspace_1.19.0\Hip-Pro_Hardware_V1.2\HardwareV1.2\MXTmpFiles\rtos_kernelStart.tmp_save
2025-11-05 16:50:05,283 [INFO] CodeEngine:289 - Generated code: C:\Users\USER\STM32CubeIDE\workspace_1.19.0\Hip-Pro_Hardware_V1.2\HardwareV1.2\MXTmpFiles\rtos_kernelStart.tmp
2025-11-05 16:50:05,288 [INFO] CodeEngine:265 - oldGeneratedFile, C:\Users\USER\STM32CubeIDE\workspace_1.19.0\Hip-Pro_Hardware_V1.2\HardwareV1.2\MXTmpFiles\rtos_default_thread.tmp_save
2025-11-05 16:50:05,344 [INFO] CodeEngine:289 - Generated code: C:\Users\USER\STM32CubeIDE\workspace_1.19.0\Hip-Pro_Hardware_V1.2\HardwareV1.2\MXTmpFiles\rtos_default_thread.tmp
2025-11-05 16:50:05,351 [INFO] CodeEngine:265 - oldGeneratedFile, C:\Users\USER\STM32CubeIDE\workspace_1.19.0\Hip-Pro_Hardware_V1.2\HardwareV1.2\MXTmpFiles\rtos_threads.tmp_save
2025-11-05 16:50:05,410 [INFO] CodeEngine:289 - Generated code: C:\Users\USER\STM32CubeIDE\workspace_1.19.0\Hip-Pro_Hardware_V1.2\HardwareV1.2\MXTmpFiles\rtos_threads.tmp
2025-11-05 16:50:05,430 [INFO] Middleware:1452 - No code input for Bsp Dependency
2025-11-05 16:50:05,441 [INFO] CodeEngine:265 - oldGeneratedFile, C:\Users\USER\STM32CubeIDE\workspace_1.19.0\Hip-Pro_Hardware_V1.2\HardwareV1.2\MXTmpFiles\rtos_inc.tmp_save
2025-11-05 16:50:05,503 [INFO] CodeEngine:289 - Generated code: C:\Users\USER\STM32CubeIDE\workspace_1.19.0\Hip-Pro_Hardware_V1.2\HardwareV1.2\MXTmpFiles\rtos_inc.tmp
2025-11-05 16:50:05,510 [INFO] CodeEngine:265 - oldGeneratedFile, C:\Users\USER\STM32CubeIDE\workspace_1.19.0\Hip-Pro_Hardware_V1.2\HardwareV1.2\MXTmpFiles\rtos_vars.tmp_save
2025-11-05 16:50:05,582 [INFO] CodeEngine:289 - Generated code: C:\Users\USER\STM32CubeIDE\workspace_1.19.0\Hip-Pro_Hardware_V1.2\HardwareV1.2\MXTmpFiles\rtos_vars.tmp
2025-11-05 16:50:05,589 [INFO] CodeEngine:265 - oldGeneratedFile, C:\Users\USER\STM32CubeIDE\workspace_1.19.0\Hip-Pro_Hardware_V1.2\HardwareV1.2\MXTmpFiles\rtos_pfp.tmp_save
2025-11-05 16:50:05,649 [INFO] CodeEngine:289 - Generated code: C:\Users\USER\STM32CubeIDE\workspace_1.19.0\Hip-Pro_Hardware_V1.2\HardwareV1.2\MXTmpFiles\rtos_pfp.tmp
2025-11-05 16:50:05,656 [INFO] CodeEngine:265 - oldGeneratedFile, C:\Users\USER\STM32CubeIDE\workspace_1.19.0\Hip-Pro_Hardware_V1.2\HardwareV1.2\MXTmpFiles\rtos_obj_creat.tmp_save
2025-11-05 16:50:05,720 [INFO] CodeEngine:289 - Generated code: C:\Users\USER\STM32CubeIDE\workspace_1.19.0\Hip-Pro_Hardware_V1.2\HardwareV1.2\MXTmpFiles\rtos_obj_creat.tmp
2025-11-05 16:50:05,726 [INFO] CodeEngine:265 - oldGeneratedFile, C:\Users\USER\STM32CubeIDE\workspace_1.19.0\Hip-Pro_Hardware_V1.2\HardwareV1.2\MXTmpFiles\rtos_kernelStart.tmp_save
2025-11-05 16:50:05,784 [INFO] CodeEngine:289 - Generated code: C:\Users\USER\STM32CubeIDE\workspace_1.19.0\Hip-Pro_Hardware_V1.2\HardwareV1.2\MXTmpFiles\rtos_kernelStart.tmp
2025-11-05 16:50:05,791 [INFO] CodeEngine:265 - oldGeneratedFile, C:\Users\USER\STM32CubeIDE\workspace_1.19.0\Hip-Pro_Hardware_V1.2\HardwareV1.2\MXTmpFiles\rtos_default_thread.tmp_save
2025-11-05 16:50:05,851 [INFO] CodeEngine:289 - Generated code: C:\Users\USER\STM32CubeIDE\workspace_1.19.0\Hip-Pro_Hardware_V1.2\HardwareV1.2\MXTmpFiles\rtos_default_thread.tmp
2025-11-05 16:50:05,858 [INFO] CodeEngine:265 - oldGeneratedFile, C:\Users\USER\STM32CubeIDE\workspace_1.19.0\Hip-Pro_Hardware_V1.2\HardwareV1.2\MXTmpFiles\rtos_threads.tmp_save
2025-11-05 16:50:05,924 [INFO] CodeEngine:289 - Generated code: C:\Users\USER\STM32CubeIDE\workspace_1.19.0\Hip-Pro_Hardware_V1.2\HardwareV1.2\MXTmpFiles\rtos_threads.tmp
2025-11-05 16:50:05,941 [INFO] CodeEngine:265 - oldGeneratedFile, C:\Users\USER\STM32CubeIDE\workspace_1.19.0\Hip-Pro_Hardware_V1.2\HardwareV1.2\Core\Inc\FreeRTOSConfig.h_save
2025-11-05 16:50:06,023 [INFO] CodeEngine:289 - Generated code: C:\Users\USER\STM32CubeIDE\workspace_1.19.0\Hip-Pro_Hardware_V1.2\HardwareV1.2\Core\Inc\FreeRTOSConfig.h
2025-11-05 16:50:06,033 [INFO] CodeEngine:265 - oldGeneratedFile, C:\Users\USER\STM32CubeIDE\workspace_1.19.0\Hip-Pro_Hardware_V1.2\HardwareV1.2\Core\Src\freertos.c_save
2025-11-05 16:50:06,103 [INFO] CodeEngine:289 - Generated code: C:\Users\USER\STM32CubeIDE\workspace_1.19.0\Hip-Pro_Hardware_V1.2\HardwareV1.2\Core\Src\freertos.c
2025-11-05 16:50:06,132 [INFO] CodeEngine:265 - oldGeneratedFile, C:\Users\USER\STM32CubeIDE\workspace_1.19.0\Hip-Pro_Hardware_V1.2\HardwareV1.2\MXTmpFiles\dma.tmp_save
2025-11-05 16:50:06,193 [INFO] CodeEngine:289 - Generated code: C:\Users\USER\STM32CubeIDE\workspace_1.19.0\Hip-Pro_Hardware_V1.2\HardwareV1.2\MXTmpFiles\dma.tmp
2025-11-05 16:50:06,201 [INFO] CodeEngine:265 - oldGeneratedFile, C:\Users\USER\STM32CubeIDE\workspace_1.19.0\Hip-Pro_Hardware_V1.2\HardwareV1.2\MXTmpFiles\dma_GV.tmp_save
2025-11-05 16:50:06,255 [INFO] CodeEngine:289 - Generated code: C:\Users\USER\STM32CubeIDE\workspace_1.19.0\Hip-Pro_Hardware_V1.2\HardwareV1.2\MXTmpFiles\dma_GV.tmp
2025-11-05 16:50:06,271 [INFO] CodeEngine:265 - oldGeneratedFile, C:\Users\USER\STM32CubeIDE\workspace_1.19.0\Hip-Pro_Hardware_V1.2\HardwareV1.2\Core\Src\stm32f1xx_it.c_save
2025-11-05 16:50:06,439 [INFO] CodeEngine:289 - Generated code: C:\Users\USER\STM32CubeIDE\workspace_1.19.0\Hip-Pro_Hardware_V1.2\HardwareV1.2\Core\Src\stm32f1xx_it.c
2025-11-05 16:50:06,446 [INFO] CodeEngine:265 - oldGeneratedFile, C:\Users\USER\STM32CubeIDE\workspace_1.19.0\Hip-Pro_Hardware_V1.2\HardwareV1.2\Core\Inc\stm32f1xx_it.h_save
2025-11-05 16:50:06,504 [INFO] CodeEngine:289 - Generated code: C:\Users\USER\STM32CubeIDE\workspace_1.19.0\Hip-Pro_Hardware_V1.2\HardwareV1.2\Core\Inc\stm32f1xx_it.h
2025-11-05 16:50:06,518 [INFO] CodeEngine:265 - oldGeneratedFile, C:\Users\USER\STM32CubeIDE\workspace_1.19.0\Hip-Pro_Hardware_V1.2\HardwareV1.2\Core\Src\stm32f1xx_hal_msp.c_save
2025-11-05 16:50:06,623 [INFO] CodeEngine:289 - Generated code: C:\Users\USER\STM32CubeIDE\workspace_1.19.0\Hip-Pro_Hardware_V1.2\HardwareV1.2\Core\Src\stm32f1xx_hal_msp.c
2025-11-05 16:50:06,629 [INFO] CodeEngine:265 - oldGeneratedFile, C:\Users\USER\STM32CubeIDE\workspace_1.19.0\Hip-Pro_Hardware_V1.2\HardwareV1.2\MXTmpFiles\system.tmp_save
2025-11-05 16:50:06,681 [INFO] CodeEngine:289 - Generated code: C:\Users\USER\STM32CubeIDE\workspace_1.19.0\Hip-Pro_Hardware_V1.2\HardwareV1.2\MXTmpFiles\system.tmp
2025-11-05 16:50:06,686 [INFO] CodeEngine:265 - oldGeneratedFile, C:\Users\USER\STM32CubeIDE\workspace_1.19.0\Hip-Pro_Hardware_V1.2\HardwareV1.2\Core\Src\stm32f1xx_hal_timebase_tim.c_save
2025-11-05 16:50:06,744 [INFO] CodeEngine:289 - Generated code: C:\Users\USER\STM32CubeIDE\workspace_1.19.0\Hip-Pro_Hardware_V1.2\HardwareV1.2\Core\Src\stm32f1xx_hal_timebase_tim.c
2025-11-05 16:50:06,756 [INFO] CodeEngine:321 - oldGeneratedFile, C:\Users\USER\STM32CubeIDE\workspace_1.19.0\Hip-Pro_Hardware_V1.2\HardwareV1.2\Core\Inc\stm32f1xx_hal_conf.h_save
2025-11-05 16:50:06,817 [INFO] CodeEngine:345 - Generated code: C:\Users\USER\STM32CubeIDE\workspace_1.19.0\Hip-Pro_Hardware_V1.2\HardwareV1.2\Core\Inc\stm32f1xx_hal_conf.h
2025-11-05 16:50:06,841 [INFO] ApiDbMcu:532 - Load IP Config File for ADC1
2025-11-05 16:50:06,843 [INFO] ApiDbMcu:532 - Load IP Config File for I2C1
2025-11-05 16:50:06,846 [INFO] ApiDbMcu:532 - Load IP Config File for I2C2
2025-11-05 16:50:06,849 [INFO] ApiDbMcu:532 - Load IP Config File for IWDG
2025-11-05 16:50:06,852 [INFO] ApiDbMcu:532 - Load IP Config File for RCC
2025-11-05 16:50:06,861 [INFO] CodeEngine:265 - oldGeneratedFile, C:\Users\USER\STM32CubeIDE\workspace_1.19.0\Hip-Pro_Hardware_V1.2\HardwareV1.2\Core\Inc\main.h_save
2025-11-05 16:50:06,933 [INFO] CodeEngine:289 - Generated code: C:\Users\USER\STM32CubeIDE\workspace_1.19.0\Hip-Pro_Hardware_V1.2\HardwareV1.2\Core\Inc\main.h
2025-11-05 16:50:06,939 [INFO] CodeEngine:265 - oldGeneratedFile, C:\Users\USER\STM32CubeIDE\workspace_1.19.0\Hip-Pro_Hardware_V1.2\HardwareV1.2\Core\Src\main.c_save
2025-11-05 16:50:07,050 [INFO] CodeEngine:289 - Generated code: C:\Users\USER\STM32CubeIDE\workspace_1.19.0\Hip-Pro_Hardware_V1.2\HardwareV1.2\Core\Src\main.c
2025-11-05 16:50:07,416 [INFO] ProjectBuilder:3606 - Time for Copy HAL[1] : 184mS.
2025-11-05 16:50:07,420 [INFO] ProjectBuilder:5216 - Project Generator version: 4.7.0-B52
2025-11-05 16:50:07,520 [INFO] ConfigFileManager:1595 - The Die is : DIE414
2025-11-05 16:50:07,524 [INFO] ApiDbMcu:532 - Load IP Config File for FATFS
2025-11-05 16:50:07,529 [INFO] ApiDbMcu:532 - Load IP Config File for USB_DEVICE
2025-11-05 16:50:08,887 [INFO] ProjectBuilder:5496 - Time for Generating toolchain IDE Files: 1467mS.
2025-11-05 16:50:08,888 [INFO] ProjectBuilder:3463 - Time for Copy CMSIS : 0mS.
2025-11-05 16:50:08,919 [INFO] ProjectBuilder:3463 - Time for Copy CMSIS : 0mS.
2025-11-05 16:50:33,564 [INFO] Gpio:278 - dependency for GPIO [ADC1, I2C1, I2C2, RCC, SYS]
2025-11-05 16:50:33,657 [INFO] NvicIntPanel:101 - NVIC parent = com.st.microxplorer.plugins.ip.nvic.MultiNvicIntPanel[,0,0,0x0,invalid,layout=javax.swing.BoxLayout,alignmentX=0.0,alignmentY=0.0,border=,flags=9,maximumSize=,minimumSize=,preferredSize=]
2025-11-05 16:50:33,770 [INFO] Gpio:278 - dependency for GPIO [ADC1, I2C1, I2C2, RCC, SYS]
2025-11-05 16:50:33,843 [INFO] NvicIntPanel:101 - NVIC parent = com.st.microxplorer.plugins.ip.nvic.MultiNvicIntPanel[,0,0,0x0,invalid,layout=javax.swing.BoxLayout,alignmentX=0.0,alignmentY=0.0,border=,flags=9,maximumSize=,minimumSize=,preferredSize=]
2025-11-05 16:50:33,959 [WARN] IP:2250 - I2C_Coeff_DF not found: check if there is a RefParameter without a condition.
2025-11-05 16:50:33,960 [WARN] IP:2250 - Analog_Filter not found: check if there is a RefParameter without a condition.
2025-11-05 16:50:33,961 [WARN] IP:2250 - I2C_Coeff_DF not found: check if there is a RefParameter without a condition.
2025-11-05 16:50:33,961 [WARN] IP:2250 - Analog_Filter not found: check if there is a RefParameter without a condition.
2025-11-05 16:50:33,964 [WARN] IP:2250 - I2C_Coeff_DF not found: check if there is a RefParameter without a condition.
2025-11-05 16:50:33,965 [WARN] IP:2250 - Analog_Filter not found: check if there is a RefParameter without a condition.
2025-11-05 16:50:33,966 [WARN] IP:2250 - I2C_Coeff_DF not found: check if there is a RefParameter without a condition.
2025-11-05 16:50:33,967 [WARN] IP:2250 - Analog_Filter not found: check if there is a RefParameter without a condition.
2025-11-05 16:50:34,006 [WARN] IP:2250 - I2C_Coeff_DF not found: check if there is a RefParameter without a condition.
2025-11-05 16:50:34,007 [WARN] IP:2250 - Analog_Filter not found: check if there is a RefParameter without a condition.
2025-11-05 16:50:34,009 [WARN] IP:2250 - I2C_Coeff_DF not found: check if there is a RefParameter without a condition.
2025-11-05 16:50:34,009 [WARN] IP:2250 - Analog_Filter not found: check if there is a RefParameter without a condition.
2025-11-05 16:50:34,046 [WARN] IP:2250 - I2C_Coeff_DF not found: check if there is a RefParameter without a condition.
2025-11-05 16:50:34,046 [WARN] IP:2250 - Analog_Filter not found: check if there is a RefParameter without a condition.
2025-11-05 16:50:34,049 [WARN] IP:2250 - I2C_Coeff_DF not found: check if there is a RefParameter without a condition.
2025-11-05 16:50:34,049 [WARN] IP:2250 - Analog_Filter not found: check if there is a RefParameter without a condition.
2025-11-05 16:50:34,074 [INFO] Gpio:278 - dependency for GPIO [ADC1, I2C1, I2C2, RCC, SYS]
2025-11-05 16:50:34,146 [INFO] NvicIntPanel:101 - NVIC parent = com.st.microxplorer.plugins.ip.nvic.MultiNvicIntPanel[,0,0,0x0,invalid,layout=javax.swing.BoxLayout,alignmentX=0.0,alignmentY=0.0,border=,flags=9,maximumSize=,minimumSize=,preferredSize=]
2025-11-05 16:53:30,598 [INFO] UtilMem:75 - End SaveConfig() Used Memory: 332432472 Bytes (759169024)
2025-11-05 16:53:33,453 [INFO] UtilMem:75 - End SaveConfig() Used Memory: 287449016 Bytes (759169024)
2025-11-05 16:53:34,503 [INFO] UtilMem:75 - End SaveConfig() Used Memory: 515848472 Bytes (759169024)
2025-11-05 16:53:34,997 [INFO] BlockDiagram:2775 - set Specific Code input for plugin: NVIC
2025-11-05 16:53:34,997 [INFO] BlockDiagram:2775 - set Specific Code input for plugin: FREERTOS
2025-11-05 16:53:34,998 [INFO] BlockDiagram:2775 - set Specific Code input for plugin: IWDG
2025-11-05 16:53:34,998 [INFO] BlockDiagram:2775 - set Specific Code input for plugin: DMA
2025-11-05 16:53:34,998 [INFO] BlockDiagram:2775 - set Specific Code input for plugin: SYS
2025-11-05 16:53:34,998 [INFO] BlockDiagram:2775 - set Specific Code input for plugin: GPIO
2025-11-05 16:53:34,998 [INFO] BlockDiagram:2775 - set Specific Code input for plugin: ADC
2025-11-05 16:53:34,998 [INFO] BlockDiagram:2775 - set Specific Code input for plugin: RCC
2025-11-05 16:53:34,998 [INFO] BlockDiagram:2775 - set Specific Code input for plugin: I2C
2025-11-05 16:53:34,998 [INFO] BlockDiagram:2775 - set Specific Code input for plugin: I2C
2025-11-05 16:53:35,000 [INFO] CodeGenerator:892 - code generatio: config db path: C:\ST\STM32CubeIDE_1.19.0\STM32CubeIDE\plugins\com.st.stm32cube.common.mx_6.15.0.202507011659\\db\
2025-11-05 16:53:35,006 [INFO] Argument:325 - Argument : hdmavalue: null
2025-11-05 16:53:35,007 [INFO] Argument:327 - 	 sub Args: 
2025-11-05 16:53:35,007 [INFO] Argument:325 - Argument : Instancevalue: DMA1_Channel1
2025-11-05 16:53:35,008 [INFO] Argument:335 - Argument : Instancevalue: DMA1_Channel1
2025-11-05 16:53:35,008 [INFO] Argument:325 - Argument : Initvalue: null
2025-11-05 16:53:35,008 [INFO] Argument:327 - 	 sub Args: 
2025-11-05 16:53:35,008 [INFO] Argument:325 - Argument : Directionvalue: DMA_PERIPH_TO_MEMORY
2025-11-05 16:53:35,008 [INFO] Argument:335 - Argument : Directionvalue: DMA_PERIPH_TO_MEMORY
2025-11-05 16:53:35,008 [INFO] Argument:325 - Argument : PeriphIncvalue: DMA_PINC_DISABLE
2025-11-05 16:53:35,009 [INFO] Argument:335 - Argument : PeriphIncvalue: DMA_PINC_DISABLE
2025-11-05 16:53:35,009 [INFO] Argument:325 - Argument : MemIncvalue: DMA_MINC_ENABLE
2025-11-05 16:53:35,009 [INFO] Argument:335 - Argument : MemIncvalue: DMA_MINC_ENABLE
2025-11-05 16:53:35,009 [INFO] Argument:325 - Argument : PeriphDataAlignmentvalue: DMA_PDATAALIGN_HALFWORD
2025-11-05 16:53:35,009 [INFO] Argument:335 - Argument : PeriphDataAlignmentvalue: DMA_PDATAALIGN_HALFWORD
2025-11-05 16:53:35,009 [INFO] Argument:325 - Argument : MemDataAlignmentvalue: DMA_MDATAALIGN_HALFWORD
2025-11-05 16:53:35,009 [INFO] Argument:335 - Argument : MemDataAlignmentvalue: DMA_MDATAALIGN_HALFWORD
2025-11-05 16:53:35,009 [INFO] Argument:325 - Argument : Modevalue: DMA_CIRCULAR
2025-11-05 16:53:35,009 [INFO] Argument:335 - Argument : Modevalue: DMA_CIRCULAR
2025-11-05 16:53:35,009 [INFO] Argument:325 - Argument : Priorityvalue: DMA_PRIORITY_LOW
2025-11-05 16:53:35,009 [INFO] Argument:335 - Argument : Priorityvalue: DMA_PRIORITY_LOW
2025-11-05 16:53:35,009 [INFO] Argument:325 - Argument : Lockvalue: null
2025-11-05 16:53:35,010 [INFO] Argument:335 - Argument : Lockvalue: null
2025-11-05 16:53:35,010 [INFO] Argument:325 - Argument : Statevalue: null
2025-11-05 16:53:35,010 [INFO] Argument:335 - Argument : Statevalue: null
2025-11-05 16:53:35,010 [INFO] Argument:325 - Argument : Parentvalue: null
2025-11-05 16:53:35,010 [INFO] Argument:335 - Argument : Parentvalue: null
2025-11-05 16:53:35,010 [INFO] Argument:325 - Argument : XferCpltCallbackvalue: null
2025-11-05 16:53:35,010 [INFO] Argument:335 - Argument : XferCpltCallbackvalue: null
2025-11-05 16:53:35,010 [INFO] Argument:325 - Argument : XferHalfCpltCallbackvalue: null
2025-11-05 16:53:35,010 [INFO] Argument:335 - Argument : XferHalfCpltCallbackvalue: null
2025-11-05 16:53:35,010 [INFO] Argument:325 - Argument : XferErrorCallbackvalue: null
2025-11-05 16:53:35,010 [INFO] Argument:335 - Argument : XferErrorCallbackvalue: null
2025-11-05 16:53:35,010 [INFO] Argument:325 - Argument : ErrorCodevalue: null
2025-11-05 16:53:35,011 [INFO] Argument:335 - Argument : ErrorCodevalue: null
2025-11-05 16:53:35,016 [WARN] IP:2250 - I2C_Coeff_DF not found: check if there is a RefParameter without a condition.
2025-11-05 16:53:35,017 [WARN] IP:2250 - Analog_Filter not found: check if there is a RefParameter without a condition.
2025-11-05 16:53:35,018 [WARN] IP:2250 - I2C_Coeff_DF not found: check if there is a RefParameter without a condition.
2025-11-05 16:53:35,018 [WARN] IP:2250 - Analog_Filter not found: check if there is a RefParameter without a condition.
2025-11-05 16:53:35,164 [INFO] CodeEngine:265 - oldGeneratedFile, C:\Users\USER\STM32CubeIDE\workspace_1.19.0\Hip-Pro_Hardware_V1.2\HardwareV1.2\MXTmpFiles\license.tmp_save
2025-11-05 16:53:35,301 [INFO] CodeEngine:289 - Generated code: C:\Users\USER\STM32CubeIDE\workspace_1.19.0\Hip-Pro_Hardware_V1.2\HardwareV1.2\MXTmpFiles\license.tmp
2025-11-05 16:53:35,380 [INFO] CodeEngine:265 - oldGeneratedFile, C:\Users\USER\STM32CubeIDE\workspace_1.19.0\Hip-Pro_Hardware_V1.2\HardwareV1.2\MXTmpFiles\gpio.tmp_save
2025-11-05 16:53:35,480 [INFO] CodeEngine:289 - Generated code: C:\Users\USER\STM32CubeIDE\workspace_1.19.0\Hip-Pro_Hardware_V1.2\HardwareV1.2\MXTmpFiles\gpio.tmp
2025-11-05 16:53:35,792 [INFO] Middleware:1452 - No code input for Bsp Dependency
2025-11-05 16:53:35,802 [INFO] CodeEngine:265 - oldGeneratedFile, C:\Users\USER\STM32CubeIDE\workspace_1.19.0\Hip-Pro_Hardware_V1.2\HardwareV1.2\MXTmpFiles\rtos_inc.tmp_save
2025-11-05 16:53:35,877 [INFO] CodeEngine:289 - Generated code: C:\Users\USER\STM32CubeIDE\workspace_1.19.0\Hip-Pro_Hardware_V1.2\HardwareV1.2\MXTmpFiles\rtos_inc.tmp
2025-11-05 16:53:35,884 [INFO] CodeEngine:265 - oldGeneratedFile, C:\Users\USER\STM32CubeIDE\workspace_1.19.0\Hip-Pro_Hardware_V1.2\HardwareV1.2\MXTmpFiles\rtos_vars.tmp_save
2025-11-05 16:53:35,962 [INFO] CodeEngine:289 - Generated code: C:\Users\USER\STM32CubeIDE\workspace_1.19.0\Hip-Pro_Hardware_V1.2\HardwareV1.2\MXTmpFiles\rtos_vars.tmp
2025-11-05 16:53:35,967 [INFO] CodeEngine:265 - oldGeneratedFile, C:\Users\USER\STM32CubeIDE\workspace_1.19.0\Hip-Pro_Hardware_V1.2\HardwareV1.2\MXTmpFiles\rtos_pfp.tmp_save
2025-11-05 16:53:36,036 [INFO] CodeEngine:289 - Generated code: C:\Users\USER\STM32CubeIDE\workspace_1.19.0\Hip-Pro_Hardware_V1.2\HardwareV1.2\MXTmpFiles\rtos_pfp.tmp
2025-11-05 16:53:36,044 [INFO] CodeEngine:265 - oldGeneratedFile, C:\Users\USER\STM32CubeIDE\workspace_1.19.0\Hip-Pro_Hardware_V1.2\HardwareV1.2\MXTmpFiles\rtos_obj_creat.tmp_save
2025-11-05 16:53:36,117 [INFO] CodeEngine:289 - Generated code: C:\Users\USER\STM32CubeIDE\workspace_1.19.0\Hip-Pro_Hardware_V1.2\HardwareV1.2\MXTmpFiles\rtos_obj_creat.tmp
2025-11-05 16:53:36,125 [INFO] CodeEngine:265 - oldGeneratedFile, C:\Users\USER\STM32CubeIDE\workspace_1.19.0\Hip-Pro_Hardware_V1.2\HardwareV1.2\MXTmpFiles\rtos_kernelStart.tmp_save
2025-11-05 16:53:36,193 [INFO] CodeEngine:289 - Generated code: C:\Users\USER\STM32CubeIDE\workspace_1.19.0\Hip-Pro_Hardware_V1.2\HardwareV1.2\MXTmpFiles\rtos_kernelStart.tmp
2025-11-05 16:53:36,199 [INFO] CodeEngine:265 - oldGeneratedFile, C:\Users\USER\STM32CubeIDE\workspace_1.19.0\Hip-Pro_Hardware_V1.2\HardwareV1.2\MXTmpFiles\rtos_default_thread.tmp_save
2025-11-05 16:53:36,269 [INFO] CodeEngine:289 - Generated code: C:\Users\USER\STM32CubeIDE\workspace_1.19.0\Hip-Pro_Hardware_V1.2\HardwareV1.2\MXTmpFiles\rtos_default_thread.tmp
2025-11-05 16:53:36,278 [INFO] CodeEngine:265 - oldGeneratedFile, C:\Users\USER\STM32CubeIDE\workspace_1.19.0\Hip-Pro_Hardware_V1.2\HardwareV1.2\MXTmpFiles\rtos_threads.tmp_save
2025-11-05 16:53:36,342 [INFO] CodeEngine:289 - Generated code: C:\Users\USER\STM32CubeIDE\workspace_1.19.0\Hip-Pro_Hardware_V1.2\HardwareV1.2\MXTmpFiles\rtos_threads.tmp
2025-11-05 16:53:36,364 [INFO] Middleware:1452 - No code input for Bsp Dependency
2025-11-05 16:53:36,374 [INFO] CodeEngine:265 - oldGeneratedFile, C:\Users\USER\STM32CubeIDE\workspace_1.19.0\Hip-Pro_Hardware_V1.2\HardwareV1.2\MXTmpFiles\rtos_inc.tmp_save
2025-11-05 16:53:36,436 [INFO] CodeEngine:289 - Generated code: C:\Users\USER\STM32CubeIDE\workspace_1.19.0\Hip-Pro_Hardware_V1.2\HardwareV1.2\MXTmpFiles\rtos_inc.tmp
2025-11-05 16:53:36,445 [INFO] CodeEngine:265 - oldGeneratedFile, C:\Users\USER\STM32CubeIDE\workspace_1.19.0\Hip-Pro_Hardware_V1.2\HardwareV1.2\MXTmpFiles\rtos_vars.tmp_save
2025-11-05 16:53:36,505 [INFO] CodeEngine:289 - Generated code: C:\Users\USER\STM32CubeIDE\workspace_1.19.0\Hip-Pro_Hardware_V1.2\HardwareV1.2\MXTmpFiles\rtos_vars.tmp
2025-11-05 16:53:36,514 [INFO] CodeEngine:265 - oldGeneratedFile, C:\Users\USER\STM32CubeIDE\workspace_1.19.0\Hip-Pro_Hardware_V1.2\HardwareV1.2\MXTmpFiles\rtos_pfp.tmp_save
2025-11-05 16:53:36,573 [INFO] CodeEngine:289 - Generated code: C:\Users\USER\STM32CubeIDE\workspace_1.19.0\Hip-Pro_Hardware_V1.2\HardwareV1.2\MXTmpFiles\rtos_pfp.tmp
2025-11-05 16:53:36,583 [INFO] CodeEngine:265 - oldGeneratedFile, C:\Users\USER\STM32CubeIDE\workspace_1.19.0\Hip-Pro_Hardware_V1.2\HardwareV1.2\MXTmpFiles\rtos_obj_creat.tmp_save
2025-11-05 16:53:36,651 [INFO] CodeEngine:289 - Generated code: C:\Users\USER\STM32CubeIDE\workspace_1.19.0\Hip-Pro_Hardware_V1.2\HardwareV1.2\MXTmpFiles\rtos_obj_creat.tmp
2025-11-05 16:53:36,662 [INFO] CodeEngine:265 - oldGeneratedFile, C:\Users\USER\STM32CubeIDE\workspace_1.19.0\Hip-Pro_Hardware_V1.2\HardwareV1.2\MXTmpFiles\rtos_kernelStart.tmp_save
2025-11-05 16:53:36,726 [INFO] CodeEngine:289 - Generated code: C:\Users\USER\STM32CubeIDE\workspace_1.19.0\Hip-Pro_Hardware_V1.2\HardwareV1.2\MXTmpFiles\rtos_kernelStart.tmp
2025-11-05 16:53:36,734 [INFO] CodeEngine:265 - oldGeneratedFile, C:\Users\USER\STM32CubeIDE\workspace_1.19.0\Hip-Pro_Hardware_V1.2\HardwareV1.2\MXTmpFiles\rtos_default_thread.tmp_save
2025-11-05 16:53:36,796 [INFO] CodeEngine:289 - Generated code: C:\Users\USER\STM32CubeIDE\workspace_1.19.0\Hip-Pro_Hardware_V1.2\HardwareV1.2\MXTmpFiles\rtos_default_thread.tmp
2025-11-05 16:53:36,803 [INFO] CodeEngine:265 - oldGeneratedFile, C:\Users\USER\STM32CubeIDE\workspace_1.19.0\Hip-Pro_Hardware_V1.2\HardwareV1.2\MXTmpFiles\rtos_threads.tmp_save
2025-11-05 16:53:36,869 [INFO] CodeEngine:289 - Generated code: C:\Users\USER\STM32CubeIDE\workspace_1.19.0\Hip-Pro_Hardware_V1.2\HardwareV1.2\MXTmpFiles\rtos_threads.tmp
2025-11-05 16:53:36,881 [INFO] CodeEngine:265 - oldGeneratedFile, C:\Users\USER\STM32CubeIDE\workspace_1.19.0\Hip-Pro_Hardware_V1.2\HardwareV1.2\Core\Inc\FreeRTOSConfig.h_save
2025-11-05 16:53:36,963 [INFO] CodeEngine:289 - Generated code: C:\Users\USER\STM32CubeIDE\workspace_1.19.0\Hip-Pro_Hardware_V1.2\HardwareV1.2\Core\Inc\FreeRTOSConfig.h
2025-11-05 16:53:36,972 [INFO] CodeEngine:265 - oldGeneratedFile, C:\Users\USER\STM32CubeIDE\workspace_1.19.0\Hip-Pro_Hardware_V1.2\HardwareV1.2\Core\Src\freertos.c_save
2025-11-05 16:53:37,046 [INFO] CodeEngine:289 - Generated code: C:\Users\USER\STM32CubeIDE\workspace_1.19.0\Hip-Pro_Hardware_V1.2\HardwareV1.2\Core\Src\freertos.c
2025-11-05 16:53:37,070 [INFO] CodeEngine:265 - oldGeneratedFile, C:\Users\USER\STM32CubeIDE\workspace_1.19.0\Hip-Pro_Hardware_V1.2\HardwareV1.2\MXTmpFiles\dma.tmp_save
2025-11-05 16:53:37,138 [INFO] CodeEngine:289 - Generated code: C:\Users\USER\STM32CubeIDE\workspace_1.19.0\Hip-Pro_Hardware_V1.2\HardwareV1.2\MXTmpFiles\dma.tmp
2025-11-05 16:53:37,145 [INFO] CodeEngine:265 - oldGeneratedFile, C:\Users\USER\STM32CubeIDE\workspace_1.19.0\Hip-Pro_Hardware_V1.2\HardwareV1.2\MXTmpFiles\dma_GV.tmp_save
2025-11-05 16:53:37,204 [INFO] CodeEngine:289 - Generated code: C:\Users\USER\STM32CubeIDE\workspace_1.19.0\Hip-Pro_Hardware_V1.2\HardwareV1.2\MXTmpFiles\dma_GV.tmp
2025-11-05 16:53:37,221 [INFO] CodeEngine:265 - oldGeneratedFile, C:\Users\USER\STM32CubeIDE\workspace_1.19.0\Hip-Pro_Hardware_V1.2\HardwareV1.2\Core\Src\stm32f1xx_it.c_save
2025-11-05 16:53:37,301 [INFO] CodeEngine:289 - Generated code: C:\Users\USER\STM32CubeIDE\workspace_1.19.0\Hip-Pro_Hardware_V1.2\HardwareV1.2\Core\Src\stm32f1xx_it.c
2025-11-05 16:53:37,310 [INFO] CodeEngine:265 - oldGeneratedFile, C:\Users\USER\STM32CubeIDE\workspace_1.19.0\Hip-Pro_Hardware_V1.2\HardwareV1.2\Core\Inc\stm32f1xx_it.h_save
2025-11-05 16:53:37,376 [INFO] CodeEngine:289 - Generated code: C:\Users\USER\STM32CubeIDE\workspace_1.19.0\Hip-Pro_Hardware_V1.2\HardwareV1.2\Core\Inc\stm32f1xx_it.h
2025-11-05 16:53:37,398 [INFO] CodeEngine:265 - oldGeneratedFile, C:\Users\USER\STM32CubeIDE\workspace_1.19.0\Hip-Pro_Hardware_V1.2\HardwareV1.2\Core\Src\stm32f1xx_hal_msp.c_save
2025-11-05 16:53:37,505 [INFO] CodeEngine:289 - Generated code: C:\Users\USER\STM32CubeIDE\workspace_1.19.0\Hip-Pro_Hardware_V1.2\HardwareV1.2\Core\Src\stm32f1xx_hal_msp.c
2025-11-05 16:53:37,513 [INFO] CodeEngine:265 - oldGeneratedFile, C:\Users\USER\STM32CubeIDE\workspace_1.19.0\Hip-Pro_Hardware_V1.2\HardwareV1.2\MXTmpFiles\system.tmp_save
2025-11-05 16:53:37,574 [INFO] CodeEngine:289 - Generated code: C:\Users\USER\STM32CubeIDE\workspace_1.19.0\Hip-Pro_Hardware_V1.2\HardwareV1.2\MXTmpFiles\system.tmp
2025-11-05 16:53:37,582 [INFO] CodeEngine:265 - oldGeneratedFile, C:\Users\USER\STM32CubeIDE\workspace_1.19.0\Hip-Pro_Hardware_V1.2\HardwareV1.2\Core\Src\stm32f1xx_hal_timebase_tim.c_save
2025-11-05 16:53:37,657 [INFO] CodeEngine:289 - Generated code: C:\Users\USER\STM32CubeIDE\workspace_1.19.0\Hip-Pro_Hardware_V1.2\HardwareV1.2\Core\Src\stm32f1xx_hal_timebase_tim.c
2025-11-05 16:53:37,673 [INFO] CodeEngine:321 - oldGeneratedFile, C:\Users\USER\STM32CubeIDE\workspace_1.19.0\Hip-Pro_Hardware_V1.2\HardwareV1.2\Core\Inc\stm32f1xx_hal_conf.h_save
2025-11-05 16:53:37,743 [INFO] CodeEngine:345 - Generated code: C:\Users\USER\STM32CubeIDE\workspace_1.19.0\Hip-Pro_Hardware_V1.2\HardwareV1.2\Core\Inc\stm32f1xx_hal_conf.h
2025-11-05 16:53:37,786 [INFO] CodeEngine:265 - oldGeneratedFile, C:\Users\USER\STM32CubeIDE\workspace_1.19.0\Hip-Pro_Hardware_V1.2\HardwareV1.2\Core\Inc\main.h_save
2025-11-05 16:53:37,855 [INFO] CodeEngine:289 - Generated code: C:\Users\USER\STM32CubeIDE\workspace_1.19.0\Hip-Pro_Hardware_V1.2\HardwareV1.2\Core\Inc\main.h
2025-11-05 16:53:37,864 [INFO] CodeEngine:265 - oldGeneratedFile, C:\Users\USER\STM32CubeIDE\workspace_1.19.0\Hip-Pro_Hardware_V1.2\HardwareV1.2\Core\Src\main.c_save
2025-11-05 16:53:37,992 [INFO] CodeEngine:289 - Generated code: C:\Users\USER\STM32CubeIDE\workspace_1.19.0\Hip-Pro_Hardware_V1.2\HardwareV1.2\Core\Src\main.c
2025-11-05 16:53:38,508 [INFO] ProjectBuilder:3606 - Time for Copy HAL[1] : 234mS.
2025-11-05 16:53:38,512 [INFO] ProjectBuilder:5216 - Project Generator version: 4.7.0-B52
2025-11-05 16:53:38,611 [INFO] ConfigFileManager:1595 - The Die is : DIE414
2025-11-05 16:53:40,234 [INFO] ProjectBuilder:5496 - Time for Generating toolchain IDE Files: 1722mS.
2025-11-05 16:53:40,239 [INFO] ProjectBuilder:3463 - Time for Copy CMSIS : 4mS.
2025-11-05 16:53:40,248 [INFO] ProjectBuilder:3463 - Time for Copy CMSIS : 0mS.
2025-11-05 17:07:13,508 [INFO] UtilMem:75 - End SaveConfig() Used Memory: 451172992 Bytes (775946240)
2025-11-05 17:07:15,201 [INFO] UtilMem:75 - End SaveConfig() Used Memory: 475290240 Bytes (775946240)
2025-11-05 17:07:17,883 [INFO] UtilMem:75 - End SaveConfig() Used Memory: 618418816 Bytes (775946240)
2025-11-05 17:07:18,290 [INFO] BlockDiagram:2775 - set Specific Code input for plugin: NVIC
2025-11-05 17:07:18,291 [INFO] BlockDiagram:2775 - set Specific Code input for plugin: FREERTOS
2025-11-05 17:07:18,291 [INFO] BlockDiagram:2775 - set Specific Code input for plugin: IWDG
2025-11-05 17:07:18,291 [INFO] BlockDiagram:2775 - set Specific Code input for plugin: DMA
2025-11-05 17:07:18,291 [INFO] BlockDiagram:2775 - set Specific Code input for plugin: SYS
2025-11-05 17:07:18,292 [INFO] BlockDiagram:2775 - set Specific Code input for plugin: GPIO
2025-11-05 17:07:18,292 [INFO] BlockDiagram:2775 - set Specific Code input for plugin: ADC
2025-11-05 17:07:18,292 [INFO] BlockDiagram:2775 - set Specific Code input for plugin: RCC
2025-11-05 17:07:18,293 [INFO] BlockDiagram:2775 - set Specific Code input for plugin: I2C
2025-11-05 17:07:18,293 [INFO] BlockDiagram:2775 - set Specific Code input for plugin: I2C
2025-11-05 17:07:18,295 [INFO] CodeGenerator:892 - code generatio: config db path: C:\ST\STM32CubeIDE_1.19.0\STM32CubeIDE\plugins\com.st.stm32cube.common.mx_6.15.0.202507011659\\db\
2025-11-05 17:07:18,329 [INFO] Argument:325 - Argument : hdmavalue: null
2025-11-05 17:07:18,330 [INFO] Argument:327 - 	 sub Args: 
2025-11-05 17:07:18,330 [INFO] Argument:325 - Argument : Instancevalue: DMA1_Channel1
2025-11-05 17:07:18,331 [INFO] Argument:335 - Argument : Instancevalue: DMA1_Channel1
2025-11-05 17:07:18,331 [INFO] Argument:325 - Argument : Initvalue: null
2025-11-05 17:07:18,331 [INFO] Argument:327 - 	 sub Args: 
2025-11-05 17:07:18,331 [INFO] Argument:325 - Argument : Directionvalue: DMA_PERIPH_TO_MEMORY
2025-11-05 17:07:18,331 [INFO] Argument:335 - Argument : Directionvalue: DMA_PERIPH_TO_MEMORY
2025-11-05 17:07:18,331 [INFO] Argument:325 - Argument : PeriphIncvalue: DMA_PINC_DISABLE
2025-11-05 17:07:18,331 [INFO] Argument:335 - Argument : PeriphIncvalue: DMA_PINC_DISABLE
2025-11-05 17:07:18,331 [INFO] Argument:325 - Argument : MemIncvalue: DMA_MINC_ENABLE
2025-11-05 17:07:18,332 [INFO] Argument:335 - Argument : MemIncvalue: DMA_MINC_ENABLE
2025-11-05 17:07:18,333 [INFO] Argument:325 - Argument : PeriphDataAlignmentvalue: DMA_PDATAALIGN_HALFWORD
2025-11-05 17:07:18,333 [INFO] Argument:335 - Argument : PeriphDataAlignmentvalue: DMA_PDATAALIGN_HALFWORD
2025-11-05 17:07:18,334 [INFO] Argument:325 - Argument : MemDataAlignmentvalue: DMA_MDATAALIGN_HALFWORD
2025-11-05 17:07:18,334 [INFO] Argument:335 - Argument : MemDataAlignmentvalue: DMA_MDATAALIGN_HALFWORD
2025-11-05 17:07:18,334 [INFO] Argument:325 - Argument : Modevalue: DMA_CIRCULAR
2025-11-05 17:07:18,334 [INFO] Argument:335 - Argument : Modevalue: DMA_CIRCULAR
2025-11-05 17:07:18,334 [INFO] Argument:325 - Argument : Priorityvalue: DMA_PRIORITY_LOW
2025-11-05 17:07:18,334 [INFO] Argument:335 - Argument : Priorityvalue: DMA_PRIORITY_LOW
2025-11-05 17:07:18,334 [INFO] Argument:325 - Argument : Lockvalue: null
2025-11-05 17:07:18,334 [INFO] Argument:335 - Argument : Lockvalue: null
2025-11-05 17:07:18,334 [INFO] Argument:325 - Argument : Statevalue: null
2025-11-05 17:07:18,335 [INFO] Argument:335 - Argument : Statevalue: null
2025-11-05 17:07:18,335 [INFO] Argument:325 - Argument : Parentvalue: null
2025-11-05 17:07:18,335 [INFO] Argument:335 - Argument : Parentvalue: null
2025-11-05 17:07:18,335 [INFO] Argument:325 - Argument : XferCpltCallbackvalue: null
2025-11-05 17:07:18,335 [INFO] Argument:335 - Argument : XferCpltCallbackvalue: null
2025-11-05 17:07:18,335 [INFO] Argument:325 - Argument : XferHalfCpltCallbackvalue: null
2025-11-05 17:07:18,335 [INFO] Argument:335 - Argument : XferHalfCpltCallbackvalue: null
2025-11-05 17:07:18,335 [INFO] Argument:325 - Argument : XferErrorCallbackvalue: null
2025-11-05 17:07:18,336 [INFO] Argument:335 - Argument : XferErrorCallbackvalue: null
2025-11-05 17:07:18,336 [INFO] Argument:325 - Argument : ErrorCodevalue: null
2025-11-05 17:07:18,336 [INFO] Argument:335 - Argument : ErrorCodevalue: null
2025-11-05 17:07:18,349 [WARN] IP:2250 - I2C_Coeff_DF not found: check if there is a RefParameter without a condition.
2025-11-05 17:07:18,349 [WARN] IP:2250 - Analog_Filter not found: check if there is a RefParameter without a condition.
2025-11-05 17:07:18,352 [WARN] IP:2250 - I2C_Coeff_DF not found: check if there is a RefParameter without a condition.
2025-11-05 17:07:18,352 [WARN] IP:2250 - Analog_Filter not found: check if there is a RefParameter without a condition.
2025-11-05 17:07:18,509 [INFO] CodeEngine:265 - oldGeneratedFile, C:\Users\USER\STM32CubeIDE\workspace_1.19.0\Hip-Pro_Hardware_V1.2\HardwareV1.2\MXTmpFiles\license.tmp_save
2025-11-05 17:07:18,714 [INFO] CodeEngine:289 - Generated code: C:\Users\USER\STM32CubeIDE\workspace_1.19.0\Hip-Pro_Hardware_V1.2\HardwareV1.2\MXTmpFiles\license.tmp
2025-11-05 17:07:18,787 [INFO] CodeEngine:265 - oldGeneratedFile, C:\Users\USER\STM32CubeIDE\workspace_1.19.0\Hip-Pro_Hardware_V1.2\HardwareV1.2\MXTmpFiles\gpio.tmp_save
2025-11-05 17:07:18,907 [INFO] CodeEngine:289 - Generated code: C:\Users\USER\STM32CubeIDE\workspace_1.19.0\Hip-Pro_Hardware_V1.2\HardwareV1.2\MXTmpFiles\gpio.tmp
2025-11-05 17:07:19,209 [INFO] Middleware:1452 - No code input for Bsp Dependency
2025-11-05 17:07:19,218 [INFO] CodeEngine:265 - oldGeneratedFile, C:\Users\USER\STM32CubeIDE\workspace_1.19.0\Hip-Pro_Hardware_V1.2\HardwareV1.2\MXTmpFiles\rtos_inc.tmp_save
2025-11-05 17:07:19,293 [INFO] CodeEngine:289 - Generated code: C:\Users\USER\STM32CubeIDE\workspace_1.19.0\Hip-Pro_Hardware_V1.2\HardwareV1.2\MXTmpFiles\rtos_inc.tmp
2025-11-05 17:07:19,300 [INFO] CodeEngine:265 - oldGeneratedFile, C:\Users\USER\STM32CubeIDE\workspace_1.19.0\Hip-Pro_Hardware_V1.2\HardwareV1.2\MXTmpFiles\rtos_vars.tmp_save
2025-11-05 17:07:19,377 [INFO] CodeEngine:289 - Generated code: C:\Users\USER\STM32CubeIDE\workspace_1.19.0\Hip-Pro_Hardware_V1.2\HardwareV1.2\MXTmpFiles\rtos_vars.tmp
2025-11-05 17:07:19,384 [INFO] CodeEngine:265 - oldGeneratedFile, C:\Users\USER\STM32CubeIDE\workspace_1.19.0\Hip-Pro_Hardware_V1.2\HardwareV1.2\MXTmpFiles\rtos_pfp.tmp_save
2025-11-05 17:07:19,455 [INFO] CodeEngine:289 - Generated code: C:\Users\USER\STM32CubeIDE\workspace_1.19.0\Hip-Pro_Hardware_V1.2\HardwareV1.2\MXTmpFiles\rtos_pfp.tmp
2025-11-05 17:07:19,461 [INFO] CodeEngine:265 - oldGeneratedFile, C:\Users\USER\STM32CubeIDE\workspace_1.19.0\Hip-Pro_Hardware_V1.2\HardwareV1.2\MXTmpFiles\rtos_obj_creat.tmp_save
2025-11-05 17:07:19,540 [INFO] CodeEngine:289 - Generated code: C:\Users\USER\STM32CubeIDE\workspace_1.19.0\Hip-Pro_Hardware_V1.2\HardwareV1.2\MXTmpFiles\rtos_obj_creat.tmp
2025-11-05 17:07:19,548 [INFO] CodeEngine:265 - oldGeneratedFile, C:\Users\USER\STM32CubeIDE\workspace_1.19.0\Hip-Pro_Hardware_V1.2\HardwareV1.2\MXTmpFiles\rtos_kernelStart.tmp_save
2025-11-05 17:07:19,615 [INFO] CodeEngine:289 - Generated code: C:\Users\USER\STM32CubeIDE\workspace_1.19.0\Hip-Pro_Hardware_V1.2\HardwareV1.2\MXTmpFiles\rtos_kernelStart.tmp
2025-11-05 17:07:19,622 [INFO] CodeEngine:265 - oldGeneratedFile, C:\Users\USER\STM32CubeIDE\workspace_1.19.0\Hip-Pro_Hardware_V1.2\HardwareV1.2\MXTmpFiles\rtos_default_thread.tmp_save
2025-11-05 17:07:19,692 [INFO] CodeEngine:289 - Generated code: C:\Users\USER\STM32CubeIDE\workspace_1.19.0\Hip-Pro_Hardware_V1.2\HardwareV1.2\MXTmpFiles\rtos_default_thread.tmp
2025-11-05 17:07:19,699 [INFO] CodeEngine:265 - oldGeneratedFile, C:\Users\USER\STM32CubeIDE\workspace_1.19.0\Hip-Pro_Hardware_V1.2\HardwareV1.2\MXTmpFiles\rtos_threads.tmp_save
2025-11-05 17:07:19,765 [INFO] CodeEngine:289 - Generated code: C:\Users\USER\STM32CubeIDE\workspace_1.19.0\Hip-Pro_Hardware_V1.2\HardwareV1.2\MXTmpFiles\rtos_threads.tmp
2025-11-05 17:07:19,787 [INFO] Middleware:1452 - No code input for Bsp Dependency
2025-11-05 17:07:19,795 [INFO] CodeEngine:265 - oldGeneratedFile, C:\Users\USER\STM32CubeIDE\workspace_1.19.0\Hip-Pro_Hardware_V1.2\HardwareV1.2\MXTmpFiles\rtos_inc.tmp_save
2025-11-05 17:07:19,857 [INFO] CodeEngine:289 - Generated code: C:\Users\USER\STM32CubeIDE\workspace_1.19.0\Hip-Pro_Hardware_V1.2\HardwareV1.2\MXTmpFiles\rtos_inc.tmp
2025-11-05 17:07:19,871 [INFO] CodeEngine:265 - oldGeneratedFile, C:\Users\USER\STM32CubeIDE\workspace_1.19.0\Hip-Pro_Hardware_V1.2\HardwareV1.2\MXTmpFiles\rtos_vars.tmp_save
2025-11-05 17:07:19,936 [INFO] CodeEngine:289 - Generated code: C:\Users\USER\STM32CubeIDE\workspace_1.19.0\Hip-Pro_Hardware_V1.2\HardwareV1.2\MXTmpFiles\rtos_vars.tmp
2025-11-05 17:07:19,945 [INFO] CodeEngine:265 - oldGeneratedFile, C:\Users\USER\STM32CubeIDE\workspace_1.19.0\Hip-Pro_Hardware_V1.2\HardwareV1.2\MXTmpFiles\rtos_pfp.tmp_save
2025-11-05 17:07:20,005 [INFO] CodeEngine:289 - Generated code: C:\Users\USER\STM32CubeIDE\workspace_1.19.0\Hip-Pro_Hardware_V1.2\HardwareV1.2\MXTmpFiles\rtos_pfp.tmp
2025-11-05 17:07:20,014 [INFO] CodeEngine:265 - oldGeneratedFile, C:\Users\USER\STM32CubeIDE\workspace_1.19.0\Hip-Pro_Hardware_V1.2\HardwareV1.2\MXTmpFiles\rtos_obj_creat.tmp_save
2025-11-05 17:07:20,074 [INFO] CodeEngine:289 - Generated code: C:\Users\USER\STM32CubeIDE\workspace_1.19.0\Hip-Pro_Hardware_V1.2\HardwareV1.2\MXTmpFiles\rtos_obj_creat.tmp
2025-11-05 17:07:20,082 [INFO] CodeEngine:265 - oldGeneratedFile, C:\Users\USER\STM32CubeIDE\workspace_1.19.0\Hip-Pro_Hardware_V1.2\HardwareV1.2\MXTmpFiles\rtos_kernelStart.tmp_save
2025-11-05 17:07:20,139 [INFO] CodeEngine:289 - Generated code: C:\Users\USER\STM32CubeIDE\workspace_1.19.0\Hip-Pro_Hardware_V1.2\HardwareV1.2\MXTmpFiles\rtos_kernelStart.tmp
2025-11-05 17:07:20,147 [INFO] CodeEngine:265 - oldGeneratedFile, C:\Users\USER\STM32CubeIDE\workspace_1.19.0\Hip-Pro_Hardware_V1.2\HardwareV1.2\MXTmpFiles\rtos_default_thread.tmp_save
2025-11-05 17:07:20,206 [INFO] CodeEngine:289 - Generated code: C:\Users\USER\STM32CubeIDE\workspace_1.19.0\Hip-Pro_Hardware_V1.2\HardwareV1.2\MXTmpFiles\rtos_default_thread.tmp
2025-11-05 17:07:20,213 [INFO] CodeEngine:265 - oldGeneratedFile, C:\Users\USER\STM32CubeIDE\workspace_1.19.0\Hip-Pro_Hardware_V1.2\HardwareV1.2\MXTmpFiles\rtos_threads.tmp_save
2025-11-05 17:07:20,274 [INFO] CodeEngine:289 - Generated code: C:\Users\USER\STM32CubeIDE\workspace_1.19.0\Hip-Pro_Hardware_V1.2\HardwareV1.2\MXTmpFiles\rtos_threads.tmp
2025-11-05 17:07:20,282 [INFO] CodeEngine:265 - oldGeneratedFile, C:\Users\USER\STM32CubeIDE\workspace_1.19.0\Hip-Pro_Hardware_V1.2\HardwareV1.2\Core\Inc\FreeRTOSConfig.h_save
2025-11-05 17:07:20,366 [INFO] CodeEngine:289 - Generated code: C:\Users\USER\STM32CubeIDE\workspace_1.19.0\Hip-Pro_Hardware_V1.2\HardwareV1.2\Core\Inc\FreeRTOSConfig.h
2025-11-05 17:07:20,374 [INFO] CodeEngine:265 - oldGeneratedFile, C:\Users\USER\STM32CubeIDE\workspace_1.19.0\Hip-Pro_Hardware_V1.2\HardwareV1.2\Core\Src\freertos.c_save
2025-11-05 17:07:20,444 [INFO] CodeEngine:289 - Generated code: C:\Users\USER\STM32CubeIDE\workspace_1.19.0\Hip-Pro_Hardware_V1.2\HardwareV1.2\Core\Src\freertos.c
2025-11-05 17:07:20,467 [INFO] CodeEngine:265 - oldGeneratedFile, C:\Users\USER\STM32CubeIDE\workspace_1.19.0\Hip-Pro_Hardware_V1.2\HardwareV1.2\MXTmpFiles\dma.tmp_save
2025-11-05 17:07:20,530 [INFO] CodeEngine:289 - Generated code: C:\Users\USER\STM32CubeIDE\workspace_1.19.0\Hip-Pro_Hardware_V1.2\HardwareV1.2\MXTmpFiles\dma.tmp
2025-11-05 17:07:20,536 [INFO] CodeEngine:265 - oldGeneratedFile, C:\Users\USER\STM32CubeIDE\workspace_1.19.0\Hip-Pro_Hardware_V1.2\HardwareV1.2\MXTmpFiles\dma_GV.tmp_save
2025-11-05 17:07:20,594 [INFO] CodeEngine:289 - Generated code: C:\Users\USER\STM32CubeIDE\workspace_1.19.0\Hip-Pro_Hardware_V1.2\HardwareV1.2\MXTmpFiles\dma_GV.tmp
2025-11-05 17:07:20,609 [INFO] CodeEngine:265 - oldGeneratedFile, C:\Users\USER\STM32CubeIDE\workspace_1.19.0\Hip-Pro_Hardware_V1.2\HardwareV1.2\Core\Src\stm32f1xx_it.c_save
2025-11-05 17:07:20,824 [INFO] CodeEngine:289 - Generated code: C:\Users\USER\STM32CubeIDE\workspace_1.19.0\Hip-Pro_Hardware_V1.2\HardwareV1.2\Core\Src\stm32f1xx_it.c
2025-11-05 17:07:20,832 [INFO] CodeEngine:265 - oldGeneratedFile, C:\Users\USER\STM32CubeIDE\workspace_1.19.0\Hip-Pro_Hardware_V1.2\HardwareV1.2\Core\Inc\stm32f1xx_it.h_save
2025-11-05 17:07:20,900 [INFO] CodeEngine:289 - Generated code: C:\Users\USER\STM32CubeIDE\workspace_1.19.0\Hip-Pro_Hardware_V1.2\HardwareV1.2\Core\Inc\stm32f1xx_it.h
2025-11-05 17:07:20,921 [INFO] CodeEngine:265 - oldGeneratedFile, C:\Users\USER\STM32CubeIDE\workspace_1.19.0\Hip-Pro_Hardware_V1.2\HardwareV1.2\Core\Src\stm32f1xx_hal_msp.c_save
2025-11-05 17:07:21,040 [INFO] CodeEngine:289 - Generated code: C:\Users\USER\STM32CubeIDE\workspace_1.19.0\Hip-Pro_Hardware_V1.2\HardwareV1.2\Core\Src\stm32f1xx_hal_msp.c
2025-11-05 17:07:21,046 [INFO] CodeEngine:265 - oldGeneratedFile, C:\Users\USER\STM32CubeIDE\workspace_1.19.0\Hip-Pro_Hardware_V1.2\HardwareV1.2\MXTmpFiles\system.tmp_save
2025-11-05 17:07:21,106 [INFO] CodeEngine:289 - Generated code: C:\Users\USER\STM32CubeIDE\workspace_1.19.0\Hip-Pro_Hardware_V1.2\HardwareV1.2\MXTmpFiles\system.tmp
2025-11-05 17:07:21,114 [INFO] CodeEngine:265 - oldGeneratedFile, C:\Users\USER\STM32CubeIDE\workspace_1.19.0\Hip-Pro_Hardware_V1.2\HardwareV1.2\Core\Src\stm32f1xx_hal_timebase_tim.c_save
2025-11-05 17:07:21,182 [INFO] CodeEngine:289 - Generated code: C:\Users\USER\STM32CubeIDE\workspace_1.19.0\Hip-Pro_Hardware_V1.2\HardwareV1.2\Core\Src\stm32f1xx_hal_timebase_tim.c
2025-11-05 17:07:21,193 [INFO] CodeEngine:321 - oldGeneratedFile, C:\Users\USER\STM32CubeIDE\workspace_1.19.0\Hip-Pro_Hardware_V1.2\HardwareV1.2\Core\Inc\stm32f1xx_hal_conf.h_save
2025-11-05 17:07:21,257 [INFO] CodeEngine:345 - Generated code: C:\Users\USER\STM32CubeIDE\workspace_1.19.0\Hip-Pro_Hardware_V1.2\HardwareV1.2\Core\Inc\stm32f1xx_hal_conf.h
2025-11-05 17:07:21,293 [INFO] CodeEngine:265 - oldGeneratedFile, C:\Users\USER\STM32CubeIDE\workspace_1.19.0\Hip-Pro_Hardware_V1.2\HardwareV1.2\Core\Inc\main.h_save
2025-11-05 17:07:21,384 [INFO] CodeEngine:289 - Generated code: C:\Users\USER\STM32CubeIDE\workspace_1.19.0\Hip-Pro_Hardware_V1.2\HardwareV1.2\Core\Inc\main.h
2025-11-05 17:07:21,391 [INFO] CodeEngine:265 - oldGeneratedFile, C:\Users\USER\STM32CubeIDE\workspace_1.19.0\Hip-Pro_Hardware_V1.2\HardwareV1.2\Core\Src\main.c_save
2025-11-05 17:07:21,517 [INFO] CodeEngine:289 - Generated code: C:\Users\USER\STM32CubeIDE\workspace_1.19.0\Hip-Pro_Hardware_V1.2\HardwareV1.2\Core\Src\main.c
2025-11-05 17:07:21,993 [INFO] ProjectBuilder:3606 - Time for Copy HAL[1] : 244mS.
2025-11-05 17:07:22,001 [INFO] ProjectBuilder:5216 - Project Generator version: 4.7.0-B52
2025-11-05 17:07:22,117 [INFO] ConfigFileManager:1595 - The Die is : DIE414
2025-11-05 17:07:23,741 [INFO] ProjectBuilder:5496 - Time for Generating toolchain IDE Files: 1739mS.
2025-11-05 17:07:23,742 [INFO] ProjectBuilder:3463 - Time for Copy CMSIS : 1mS.
2025-11-05 17:07:23,750 [INFO] ProjectBuilder:3463 - Time for Copy CMSIS : 0mS.
2025-11-05 19:36:52,684 [ERROR] LogOutputStream:75 - [STDERR_REDIRECT] 
