2025-10-31 10:45:50,394 [INFO] Activator:176 - 


2025-10-31 10:45:50,395 [INFO] Activator:177 - !SESSION log4j initialized
2025-10-31 10:45:57,492 [INFO] LogOutputStream:77 - [STDOUT_REDIRECT] 
2025-10-31 10:46:03,118 [INFO] ApplicationProperties:184 - Using Application install path: C:\ST\STM32CubeIDE_1.19.0\STM32CubeIDE\plugins\com.st.stm32cube.common.mx_6.15.0.202507011659
2025-10-31 10:46:03,134 [INFO] DbMcusXml:78 - Set database path to: C:\ST\STM32CubeIDE_1.19.0\STM32CubeIDE\plugins\com.st.stm32cube.common.mx_6.15.0.202507011659\\db\/mcu/
2025-10-31 10:46:03,134 [INFO] ApiDb:274 - Set plugin database path to: C:\ST\STM32CubeIDE_1.19.0\STM32CubeIDE\plugins\com.st.stm32cube.common.mx_6.15.0.202507011659\\db\/plugins/boardmanager/
2025-10-31 10:46:03,134 [WARN] ApiDb:259 - Overriding images path with different value:  => C:\ST\STM32CubeIDE_1.19.0\STM32CubeIDE\plugins\com.st.stm32cube.common.mx_6.15.0.202507011659\\db\/plugins/mcufinder/images/
2025-10-31 10:46:03,144 [INFO] ApiDb:250 - Set database path to: C:\Users\USER\.stmcufinder\plugins\mcufinder//mcu/
2025-10-31 10:46:03,146 [INFO] DbMcusAds:125 - Set database path to: C:\Users\USER\.stmcufinder\plugins\mcufinder//mcu/
2025-10-31 10:46:03,148 [INFO] CrossReferenceDbSqlite:203 - Set database path to: C:\Users\USER\.stmcufinder\plugins\mcufinder//mcu/cs/
2025-10-31 10:46:03,250 [INFO] RulesReader:64 - Compatibility file has been processed (317 Rules)
2025-10-31 10:46:03,322 [INFO] DbMcusXml:78 - Set database path to: C:\ST\STM32CubeIDE_1.19.0\STM32CubeIDE\plugins\com.st.stm32cube.common.mx_6.15.0.202507011659\\db\/mcu/
2025-10-31 10:46:03,322 [INFO] ApiDb:274 - Set plugin database path to: C:\ST\STM32CubeIDE_1.19.0\STM32CubeIDE\plugins\com.st.stm32cube.common.mx_6.15.0.202507011659\\db\/plugins/boardmanager/
2025-10-31 10:46:03,323 [INFO] ApiDb:261 - Set plugin images path to: C:\ST\STM32CubeIDE_1.19.0\STM32CubeIDE\plugins\com.st.stm32cube.common.mx_6.15.0.202507011659\\db\/plugins/mcufinder/images/
2025-10-31 10:46:03,323 [WARN] DbFile:41 - Overriding database path with different value: C:\Users\USER\.stmcufinder\plugins\mcufinder/ => C:\Users\USER\.stmcufinder\plugins\mcufinder
2025-10-31 10:46:03,323 [INFO] ApiDb:250 - Set database path to: C:\Users\USER\.stmcufinder\plugins\mcufinder//mcu/
2025-10-31 10:46:03,323 [WARN] DbFile:41 - Overriding database path with different value: C:\Users\USER\.stmcufinder\plugins\mcufinder/ => C:\Users\USER\.stmcufinder\plugins\mcufinder
2025-10-31 10:46:03,323 [INFO] DbMcusAds:125 - Set database path to: C:\Users\USER\.stmcufinder\plugins\mcufinder//mcu/
2025-10-31 10:46:03,323 [WARN] DbFile:41 - Overriding database path with different value: C:\Users\USER\.stmcufinder\plugins\mcufinder/ => C:\Users\USER\.stmcufinder\plugins\mcufinder
2025-10-31 10:46:03,323 [WARN] DbFile:41 - Overriding database path with different value: C:\Users\USER\.stmcufinder\plugins\mcufinder/ => C:\Users\USER\.stmcufinder\plugins\mcufinder
2025-10-31 10:46:03,323 [INFO] CrossReferenceDbSqlite:203 - Set database path to: C:\Users\USER\.stmcufinder\plugins\mcufinder//mcu/cs/
2025-10-31 10:46:03,390 [INFO] MainPanel:274 - HeapMemory: 268435456
2025-10-31 10:46:03,490 [INFO] DbMcusXml:78 - Set database path to: C:\ST\STM32CubeIDE_1.19.0\STM32CubeIDE\plugins\com.st.stm32cube.common.mx_6.15.0.202507011659\\db\/mcu/
2025-10-31 10:46:03,490 [INFO] ApiDb:274 - Set plugin database path to: C:\ST\STM32CubeIDE_1.19.0\STM32CubeIDE\plugins\com.st.stm32cube.common.mx_6.15.0.202507011659\\db\/plugins/boardmanager/
2025-10-31 10:46:03,490 [INFO] ApiDb:261 - Set plugin images path to: C:\ST\STM32CubeIDE_1.19.0\STM32CubeIDE\plugins\com.st.stm32cube.common.mx_6.15.0.202507011659\\db\/plugins/mcufinder/images/
2025-10-31 10:46:03,491 [WARN] DbFile:41 - Overriding database path with different value: C:\Users\USER\.stmcufinder\plugins\mcufinder/ => C:\Users\USER\.stmcufinder\plugins\mcufinder
2025-10-31 10:46:03,491 [INFO] ApiDb:250 - Set database path to: C:\Users\USER\.stmcufinder\plugins\mcufinder//mcu/
2025-10-31 10:46:03,491 [WARN] DbFile:41 - Overriding database path with different value: C:\Users\USER\.stmcufinder\plugins\mcufinder/ => C:\Users\USER\.stmcufinder\plugins\mcufinder
2025-10-31 10:46:03,491 [INFO] DbMcusAds:125 - Set database path to: C:\Users\USER\.stmcufinder\plugins\mcufinder//mcu/
2025-10-31 10:46:03,491 [WARN] DbFile:41 - Overriding database path with different value: C:\Users\USER\.stmcufinder\plugins\mcufinder/ => C:\Users\USER\.stmcufinder\plugins\mcufinder
2025-10-31 10:46:03,491 [WARN] DbFile:41 - Overriding database path with different value: C:\Users\USER\.stmcufinder\plugins\mcufinder/ => C:\Users\USER\.stmcufinder\plugins\mcufinder
2025-10-31 10:46:03,491 [INFO] CrossReferenceDbSqlite:203 - Set database path to: C:\Users\USER\.stmcufinder\plugins\mcufinder//mcu/cs/
2025-10-31 10:46:03,512 [INFO] ApplicationProperties:184 - Using Application install path: C:\ST\STM32CubeIDE_1.19.0\STM32CubeIDE\plugins\com.st.stm32cube.common.mx_6.15.0.202507011659
2025-10-31 10:46:03,513 [INFO] PluginManage:196 - Search for loadable plugins [exclusion list=, ]
2025-10-31 10:46:03,515 [INFO] PluginManage:310 - Check plugin analytics
2025-10-31 10:46:03,683 [INFO] AnalyticsPlugin:253 - Accepted Software Licenses: 
2025-10-31 10:46:03,683 [INFO] AnalyticsPlugin:255 - Accepted CMSIS Pack Licenses: 
2025-10-31 10:46:03,683 [INFO] AnalyticsPlugin:257 - Accepted Firmware Licenses: 
2025-10-31 10:46:03,685 [INFO] PluginManage:359 - Loaded plugin analytics (category:tool,tabindex:-1)
2025-10-31 10:46:03,685 [INFO] PluginManage:310 - Check plugin cadmodel
2025-10-31 10:46:03,706 [INFO] CADModel:105 - Init CAD model plugin
2025-10-31 10:46:03,706 [INFO] PluginManage:359 - Loaded plugin cadmodel (category:power,tabindex:5)
2025-10-31 10:46:03,706 [INFO] PluginManage:310 - Check plugin clock
2025-10-31 10:46:03,729 [INFO] PluginManage:359 - Loaded plugin clock (category:base,tabindex:2)
2025-10-31 10:46:03,729 [INFO] PluginManage:310 - Check plugin ddr
2025-10-31 10:46:03,732 [INFO] PluginManage:359 - Loaded plugin ddr (category:tool,tabindex:6)
2025-10-31 10:46:03,732 [INFO] PluginManage:310 - Check plugin filemanager
2025-10-31 10:46:03,887 [INFO] PluginManage:359 - Loaded plugin filemanager (category:base,tabindex:10)
2025-10-31 10:46:03,887 [INFO] PluginManage:310 - Check plugin ipmanager
2025-10-31 10:46:03,894 [INFO] PluginManage:359 - Loaded plugin ipmanager (category:base,tabindex:5)
2025-10-31 10:46:03,894 [INFO] PluginManage:310 - Check plugin lpbam
2025-10-31 10:46:03,912 [INFO] PluginManage:359 - Loaded plugin lpbam (category:base,tabindex:0)
2025-10-31 10:46:03,912 [INFO] PluginManage:310 - Check plugin memorymap
2025-10-31 10:46:03,934 [INFO] PluginManage:359 - Loaded plugin memorymap (category:base,tabindex:4)
2025-10-31 10:46:03,934 [INFO] PluginManage:310 - Check plugin pinoutandconfiguration
2025-10-31 10:46:03,955 [INFO] PluginManage:359 - Loaded plugin pinoutandconfiguration (category:base,tabindex:1)
2025-10-31 10:46:03,955 [INFO] PluginManage:310 - Check plugin pinoutconfig
2025-10-31 10:46:04,037 [WARN] SupportedApi:132 - Cannot load RTOS API schema: s4s-elt-must-match.1: The content of 'definitions' must match (annotation?, (simpleType | complexType)?, (unique | key | keyref)*)). A problem was found starting at: attribute.
2025-10-31 10:46:04,141 [INFO] PluginManage:359 - Loaded plugin pinoutconfig (category:base,tabindex:0)
2025-10-31 10:46:04,141 [INFO] PluginManage:310 - Check plugin power
2025-10-31 10:46:04,164 [INFO] PluginManage:359 - Loaded plugin power (category:power,tabindex:4)
2025-10-31 10:46:04,164 [INFO] PluginManage:310 - Check plugin projectmanager
2025-10-31 10:46:04,175 [INFO] PluginManage:359 - Loaded plugin projectmanager (category:projectmanager,tabindex:4)
2025-10-31 10:46:04,175 [INFO] PluginManage:310 - Check plugin rif
2025-10-31 10:46:04,199 [INFO] PluginManage:359 - Loaded plugin rif (category:base,tabindex:3)
2025-10-31 10:46:04,199 [INFO] PluginManage:310 - Check plugin thirdparty
2025-10-31 10:46:04,463 [INFO] PluginManage:359 - Loaded plugin thirdparty (category:base,tabindex:-1)
2025-10-31 10:46:04,463 [WARN] IntegrityCheckThread:84 - waiting for thirdparty lock release [integrity check]
2025-10-31 10:46:04,463 [INFO] IntegrityCheckThread:86 - entering critical section [integrity check]
2025-10-31 10:46:04,463 [INFO] PluginManage:310 - Check plugin tools
2025-10-31 10:46:04,463 [INFO] ThirdPartyUpdaterWithRetryManager:70 - Updater plugin not ready yet. [1/15]
2025-10-31 10:46:04,505 [INFO] PluginManage:359 - Loaded plugin tools (category:base,tabindex:7)
2025-10-31 10:46:04,505 [INFO] PluginManage:310 - Check plugin tutovideos
2025-10-31 10:46:04,681 [INFO] PluginManage:359 - Loaded plugin tutovideos (category:base,tabindex:-1)
2025-10-31 10:46:04,682 [INFO] PluginManage:310 - Check plugin updater
2025-10-31 10:46:04,699 [INFO] PluginManage:359 - Loaded plugin updater (category:base,tabindex:12)
2025-10-31 10:46:04,699 [INFO] PluginManage:310 - Check plugin userauth
2025-10-31 10:46:04,702 [INFO] UserAuth:118 - Init User Auth plugin
2025-10-31 10:46:04,702 [INFO] PluginManage:359 - Loaded plugin userauth (category:base,tabindex:14)
2025-10-31 10:46:04,703 [INFO] PluginManage:283 - PluginManage : Loaded plugins [18]
2025-10-31 10:46:04,869 [INFO] PinOutPanel:1589 - setPackage(No Configuration,No Configuration)
2025-10-31 10:46:04,936 [INFO] CADModel:165 - CPN selected for project level
2025-10-31 10:46:04,936 [INFO] CADModel:114 - Register for checkConnection events
2025-10-31 10:46:04,964 [INFO] IPUIPlugin:80 - create IPUIPlugin
2025-10-31 10:46:04,964 [INFO] PluginManager:220 - loadIPPluginJar : add adc
2025-10-31 10:46:05,007 [INFO] IPUIPlugin:80 - create IPUIPlugin
2025-10-31 10:46:05,007 [INFO] PluginManager:220 - loadIPPluginJar : add aes
2025-10-31 10:46:05,055 [INFO] IPUIPlugin:80 - create IPUIPlugin
2025-10-31 10:46:05,055 [INFO] PluginManager:220 - loadIPPluginJar : add can
2025-10-31 10:46:05,086 [INFO] IPUIPlugin:80 - create IPUIPlugin
2025-10-31 10:46:05,086 [INFO] PluginManager:220 - loadIPPluginJar : add comp
2025-10-31 10:46:05,119 [INFO] IPUIPlugin:80 - create IPUIPlugin
2025-10-31 10:46:05,119 [INFO] PluginManager:220 - loadIPPluginJar : add cryp
2025-10-31 10:46:05,131 [INFO] IPUIPlugin:80 - create IPUIPlugin
2025-10-31 10:46:05,131 [INFO] PluginManager:220 - loadIPPluginJar : add ddr_ctrl_phy
2025-10-31 10:46:05,160 [INFO] IPUIPlugin:80 - create IPUIPlugin
2025-10-31 10:46:05,160 [INFO] PluginManager:220 - loadIPPluginJar : add dfsdm
2025-10-31 10:46:05,173 [INFO] IPUIPlugin:80 - create IPUIPlugin
2025-10-31 10:46:05,173 [INFO] PluginManager:220 - loadIPPluginJar : add dma
2025-10-31 10:46:05,209 [INFO] IPUIPlugin:80 - create IPUIPlugin
2025-10-31 10:46:05,209 [INFO] PluginManager:220 - loadIPPluginJar : add dma3
2025-10-31 10:46:05,253 [INFO] IPUIPlugin:80 - create IPUIPlugin
2025-10-31 10:46:05,253 [INFO] PluginManager:220 - loadIPPluginJar : add extmemmanager
2025-10-31 10:46:05,273 [INFO] IPUIPlugin:80 - create IPUIPlugin
2025-10-31 10:46:05,273 [INFO] PluginManager:220 - loadIPPluginJar : add fatfs
2025-10-31 10:46:05,319 [INFO] IPUIPlugin:80 - create IPUIPlugin
2025-10-31 10:46:05,320 [INFO] PluginManager:220 - loadIPPluginJar : add fmc
2025-10-31 10:46:05,335 [INFO] IPUIPlugin:80 - create IPUIPlugin
2025-10-31 10:46:05,335 [INFO] PluginManager:220 - loadIPPluginJar : add freertos
2025-10-31 10:46:05,355 [INFO] IPUIPlugin:80 - create IPUIPlugin
2025-10-31 10:46:05,355 [INFO] PluginManager:220 - loadIPPluginJar : add genericplugin
2025-10-31 10:46:05,438 [INFO] IPUIPlugin:80 - create IPUIPlugin
2025-10-31 10:46:05,438 [INFO] PluginManager:220 - loadIPPluginJar : add gfxmmu
2025-10-31 10:46:05,559 [INFO] IPUIPlugin:80 - create IPUIPlugin
2025-10-31 10:46:05,559 [INFO] PluginManager:220 - loadIPPluginJar : add gic
2025-10-31 10:46:05,571 [INFO] IPUIPlugin:80 - create IPUIPlugin
2025-10-31 10:46:05,571 [INFO] PluginManager:220 - loadIPPluginJar : add gpio
2025-10-31 10:46:05,658 [INFO] IPUIPlugin:80 - create IPUIPlugin
2025-10-31 10:46:05,658 [INFO] PluginManager:220 - loadIPPluginJar : add gtzc
2025-10-31 10:46:05,690 [INFO] IPUIPlugin:80 - create IPUIPlugin
2025-10-31 10:46:05,690 [INFO] PluginManager:220 - loadIPPluginJar : add hash
2025-10-31 10:46:05,738 [INFO] IPUIPlugin:80 - create IPUIPlugin
2025-10-31 10:46:05,738 [INFO] PluginManager:220 - loadIPPluginJar : add i2c
2025-10-31 10:46:05,775 [INFO] IPUIPlugin:80 - create IPUIPlugin
2025-10-31 10:46:05,775 [INFO] PluginManager:220 - loadIPPluginJar : add i2s
2025-10-31 10:46:05,815 [INFO] IPUIPlugin:80 - create IPUIPlugin
2025-10-31 10:46:05,815 [INFO] PluginManager:220 - loadIPPluginJar : add i3c
2025-10-31 10:46:05,915 [INFO] IPUIPlugin:80 - create IPUIPlugin
2025-10-31 10:46:05,915 [INFO] PluginManager:220 - loadIPPluginJar : add ipddr
2025-10-31 10:46:06,000 [INFO] IPUIPlugin:80 - create IPUIPlugin
2025-10-31 10:46:06,000 [INFO] PluginManager:220 - loadIPPluginJar : add linkedlist
2025-10-31 10:46:06,035 [INFO] IPUIPlugin:80 - create IPUIPlugin
2025-10-31 10:46:06,035 [INFO] PluginManager:220 - loadIPPluginJar : add lorawan
2025-10-31 10:46:06,069 [INFO] IPUIPlugin:80 - create IPUIPlugin
2025-10-31 10:46:06,070 [INFO] PluginManager:220 - loadIPPluginJar : add ltdc
2025-10-31 10:46:06,084 [INFO] IPUIPlugin:80 - create IPUIPlugin
2025-10-31 10:46:06,084 [INFO] PluginManager:220 - loadIPPluginJar : add mdma
2025-10-31 10:46:06,096 [INFO] IPUIPlugin:80 - create IPUIPlugin
2025-10-31 10:46:06,096 [INFO] PluginManager:220 - loadIPPluginJar : add nvic
2025-10-31 10:46:06,134 [INFO] IPUIPlugin:80 - create IPUIPlugin
2025-10-31 10:46:06,134 [INFO] PluginManager:220 - loadIPPluginJar : add opamp
2025-10-31 10:46:06,191 [INFO] IPUIPlugin:80 - create IPUIPlugin
2025-10-31 10:46:06,191 [INFO] PluginManager:220 - loadIPPluginJar : add openamp
2025-10-31 10:46:06,234 [INFO] IPUIPlugin:80 - create IPUIPlugin
2025-10-31 10:46:06,234 [INFO] PluginManager:220 - loadIPPluginJar : add pdm2pcm
2025-10-31 10:46:06,249 [INFO] IPUIPlugin:80 - create IPUIPlugin
2025-10-31 10:46:06,251 [INFO] PluginManager:220 - loadIPPluginJar : add plateformsettings
2025-10-31 10:46:06,277 [INFO] IPUIPlugin:80 - create IPUIPlugin
2025-10-31 10:46:06,277 [INFO] PluginManager:220 - loadIPPluginJar : add quadspi
2025-10-31 10:46:06,302 [INFO] IPUIPlugin:80 - create IPUIPlugin
2025-10-31 10:46:06,303 [INFO] PluginManager:220 - loadIPPluginJar : add radio
2025-10-31 10:46:06,316 [INFO] IPUIPlugin:80 - create IPUIPlugin
2025-10-31 10:46:06,316 [INFO] PluginManager:220 - loadIPPluginJar : add resmgrutility
2025-10-31 10:46:06,361 [INFO] IPUIPlugin:80 - create IPUIPlugin
2025-10-31 10:46:06,362 [INFO] PluginManager:220 - loadIPPluginJar : add sai
2025-10-31 10:46:06,398 [INFO] IPUIPlugin:80 - create IPUIPlugin
2025-10-31 10:46:06,398 [INFO] PluginManager:220 - loadIPPluginJar : add spi
2025-10-31 10:46:06,478 [INFO] IPUIPlugin:80 - create IPUIPlugin
2025-10-31 10:46:06,479 [INFO] PluginManager:220 - loadIPPluginJar : add stm32_wpan
2025-10-31 10:46:06,514 [INFO] IPUIPlugin:80 - create IPUIPlugin
2025-10-31 10:46:06,514 [INFO] PluginManager:220 - loadIPPluginJar : add tim
2025-10-31 10:46:06,578 [INFO] IPUIPlugin:80 - create IPUIPlugin
2025-10-31 10:46:06,578 [INFO] PluginManager:220 - loadIPPluginJar : add touchsensing
2025-10-31 10:46:06,601 [INFO] IPUIPlugin:80 - create IPUIPlugin
2025-10-31 10:46:06,601 [INFO] PluginManager:220 - loadIPPluginJar : add tracer_emb
2025-10-31 10:46:06,627 [INFO] IPUIPlugin:80 - create IPUIPlugin
2025-10-31 10:46:06,627 [INFO] PluginManager:220 - loadIPPluginJar : add ts
2025-10-31 10:46:06,651 [INFO] IPUIPlugin:80 - create IPUIPlugin
2025-10-31 10:46:06,651 [INFO] PluginManager:220 - loadIPPluginJar : add tsc
2025-10-31 10:46:06,674 [INFO] IPUIPlugin:80 - create IPUIPlugin
2025-10-31 10:46:06,674 [INFO] PluginManager:220 - loadIPPluginJar : add ucpd
2025-10-31 10:46:06,720 [INFO] IPUIPlugin:80 - create IPUIPlugin
2025-10-31 10:46:06,720 [INFO] PluginManager:220 - loadIPPluginJar : add usart
2025-10-31 10:46:06,769 [INFO] IPUIPlugin:80 - create IPUIPlugin
2025-10-31 10:46:06,769 [INFO] PluginManager:220 - loadIPPluginJar : add usbx
2025-10-31 10:46:06,886 [FATAL] Updater:351 - Updater called before beeing initialized
2025-10-31 10:46:06,907 [INFO] RulesReader:64 - Compatibility file has been processed (317 Rules)
2025-10-31 10:46:06,915 [ERROR] ConfigurationRetriever:142 - IOException on connection: Connect timed out
2025-10-31 10:46:06,916 [INFO] RulesReader:64 - Compatibility file has been processed (317 Rules)
2025-10-31 10:46:06,924 [INFO] CADModel:165 - CPN selected for project level
2025-10-31 10:46:06,924 [INFO] CADModel:114 - Register for checkConnection events
2025-10-31 10:46:06,924 [FATAL] Updater:351 - Updater called before beeing initialized
2025-10-31 10:46:06,924 [ERROR] CADModel:125 - Updater not yet initialized, retry later 
2025-10-31 10:46:07,050 [FATAL] Updater:351 - Updater called before beeing initialized
2025-10-31 10:46:07,052 [INFO] CADModel:165 - CPN selected for project level
2025-10-31 10:46:07,052 [INFO] CADModel:114 - Register for checkConnection events
2025-10-31 10:46:07,052 [FATAL] Updater:351 - Updater called before beeing initialized
2025-10-31 10:46:07,052 [ERROR] CADModel:125 - Updater not yet initialized, retry later 
2025-10-31 10:46:07,054 [FATAL] Updater:351 - Updater called before beeing initialized
2025-10-31 10:46:07,153 [FATAL] Updater:351 - Updater called before beeing initialized
2025-10-31 10:46:07,165 [INFO] DbMcusAds:53 - JSON generation date=Thu Sep 30 12:25:09 IST 2021 (1632984909247)
2025-10-31 10:46:07,165 [FATAL] Updater:351 - Updater called before beeing initialized
2025-10-31 10:46:07,205 [WARN] DetailPanel:346 - Failed to get advertising image, set to default
2025-10-31 10:46:07,282 [FATAL] Updater:351 - Updater called before beeing initialized
2025-10-31 10:46:07,283 [FATAL] Updater:351 - Updater called before beeing initialized
2025-10-31 10:46:07,283 [FATAL] Updater:351 - Updater called before beeing initialized
2025-10-31 10:46:07,283 [WARN] DetailPanel:346 - Failed to get advertising image, set to default
2025-10-31 10:46:07,284 [FATAL] Updater:351 - Updater called before beeing initialized
2025-10-31 10:46:07,337 [ERROR] Updater:1198 - MainUpdater not yet initialized. External WinMGr cannot be set.
2025-10-31 10:46:07,348 [INFO] Updater:1134 - Updater Version found : 6.15.0
2025-10-31 10:46:07,364 [INFO] ApplicationProperties:184 - Using Application install path: C:\ST\STM32CubeIDE_1.19.0\STM32CubeIDE\plugins\com.st.stm32cube.common.mx_6.15.0.202507011659
2025-10-31 10:46:07,464 [INFO] ThirdPartyUpdaterWithRetryManager:70 - Updater plugin not ready yet. [2/15]
2025-10-31 10:46:08,917 [ERROR] ConfigurationRetriever:142 - IOException on connection: Connect timed out
2025-10-31 10:46:08,945 [ERROR] LogOutputStream:75 - [STDERR_REDIRECT] Oct 31, 2025 10:46:08 AM java.util.prefs.WindowsPreferences <init>
2025-10-31 10:46:08,947 [ERROR] LogOutputStream:75 - [STDERR_REDIRECT] WARNING: Could not open/create prefs root node Software\JavaSoft\Prefs at root 0xffffffff80000002. Windows RegCreateKeyEx(...) returned error code 5.
2025-10-31 10:46:08,947 [ERROR] LogOutputStream:75 - [STDERR_REDIRECT] 
2025-10-31 10:46:10,465 [FATAL] Updater:351 - Updater called before beeing initialized
2025-10-31 10:46:10,465 [ERROR] IntegrityCheckThread:130 - Cannot retrieve database content from updater: error 21
2025-10-31 10:46:10,465 [INFO] ThirdParty:978 - Integrity check success = false
2025-10-31 10:46:10,465 [INFO] IntegrityCheckThread:100 - exiting critical section [integrity check]
2025-10-31 10:46:10,465 [INFO] IntegrityCheckThread:103 - End integrity checks thread
2025-10-31 10:46:10,918 [ERROR] ConfigurationRetriever:142 - IOException on connection: Connect timed out
2025-10-31 10:46:17,175 [WARN] CheckConnectionManager:291 - Warning during Server Connection :  timeout Connect to sw-center.st.com:443 [sw-center.st.com/23.55.106.67, sw-center.st.com/23.55.106.72, sw-center.st.com/2600:140f:e00:0:0:0:1730:f523, sw-center.st.com/2600:140f:e00:0:0:0:1730:f530] failed: Connect timed out
2025-10-31 10:46:25,182 [WARN] CheckConnectionManager:291 - Warning during Server Connection :  timeout Connect to sw-center.st.com:443 [sw-center.st.com/23.55.106.67, sw-center.st.com/23.55.106.72, sw-center.st.com/2600:140f:e00:0:0:0:1730:f523, sw-center.st.com/2600:140f:e00:0:0:0:1730:f530] failed: Connect timed out
2025-10-31 10:46:25,184 [INFO] MainUpdater:2872 - connection check result : 22
2025-10-31 10:46:25,185 [INFO] MainUpdater:289 - Updater Check For Update Now.
2025-10-31 10:46:25,185 [INFO] MicroXplorer:498 - Change Database Version : DB.6.0.150
2025-10-31 10:46:25,211 [INFO] McuFinderGlobals:63 - Set McuFinder mode to 2 (CubeIDE integrated)
2025-10-31 10:46:25,211 [INFO] UserAuth:171 - activating auth plugin
2025-10-31 10:46:25,214 [INFO] UserAuth:487 - Internet connection configuration mode: 2
2025-10-31 10:46:25,226 [INFO] UserAuth:487 - Internet connection configuration mode: 2
2025-10-31 10:46:25,389 [INFO] CheckServerUpdateThread:120 - End of CheckServer Thread
2025-10-31 10:47:16,717 [INFO] McuFinderGlobals:63 - Set McuFinder mode to 2 (CubeIDE integrated)
2025-10-31 10:47:20,724 [WARN] CheckConnectionManager:291 - Warning during Server Connection :  timeout Connect to sw-center.st.com:443 [sw-center.st.com/23.55.106.18, sw-center.st.com/23.55.106.11, sw-center.st.com/2600:140f:e00:0:0:0:1730:f523, sw-center.st.com/2600:140f:e00:0:0:0:1730:f530] failed: Connect timed out
2025-10-31 10:47:24,991 [WARN] CheckConnectionManager:291 - Warning during Server Connection :  timeout Connect to sw-center.st.com:443 [sw-center.st.com/23.55.106.11, sw-center.st.com/23.55.106.18, sw-center.st.com/2600:140f:e00:0:0:0:1730:f530, sw-center.st.com/2600:140f:e00:0:0:0:1730:f523] failed: Connect timed out
2025-10-31 10:47:24,992 [INFO] MainUpdater:2872 - connection check result : 22
2025-10-31 10:47:49,165 [WARN] CheckConnectionManager:291 - Warning during Server Connection :  timeout Read timed out
2025-10-31 10:47:53,170 [WARN] CheckConnectionManager:291 - Warning during Server Connection :  timeout Connect to sw-center.st.com:443 [sw-center.st.com/23.55.106.11, sw-center.st.com/23.55.106.18, sw-center.st.com/2600:140f:e00:0:0:0:1730:f530, sw-center.st.com/2600:140f:e00:0:0:0:1730:f523] failed: Connect timed out
2025-10-31 10:47:53,171 [INFO] MainUpdater:2872 - connection check result : 22
2025-10-31 10:47:59,249 [INFO] ApiDb:581 - Connected to CubeFinder SQLite database (C:\Users\USER\.stmcufinder\plugins\mcufinder\mcu\cube-finder-db.db)
2025-10-31 10:47:59,338 [INFO] ApiDb:668 - CubeFinder database Data Model version=2.1
2025-10-31 10:47:59,338 [INFO] ApiDb:669 - CubeFinder database Configuration version=3.0.39
2025-10-31 10:47:59,338 [INFO] ApiDb:670 - CubeFinder database generation date=2025-06-24 (1750757100)
2025-10-31 10:47:59,338 [INFO] ApiDb:671 - CubeFinder database FW Pack versions=[FP-ATR-ASTRA1_V2.0.0, FP-SNS-FLIGHT1_V5.1.0, FP-SNS-MOTENV1_V5.0.0, FP-SNS-MOTENVWB1_V1.4.0, FP-SNS-SMARTAG2_V1.2.0, FP-SNS-STBOX1_V2.0.0, STM32Cube_FW_C0_V1.4.0, STM32Cube_FW_F4_V1.28.2, STM32Cube_FW_F7_V1.17.3, STM32Cube_FW_G0_V1.6.2, STM32Cube_FW_G4_V1.6.1, STM32Cube_FW_H5_V1.5.0, STM32Cube_FW_H7RS_V1.2.0, STM32Cube_FW_H7_V1.12.1, STM32Cube_FW_L0_V1.12.2, STM32Cube_FW_L4_V1.18.1, STM32Cube_FW_L5_V1.5.1, STM32Cube_FW_N6_V1.2.0, STM32Cube_FW_U0_V1.3.0, STM32Cube_FW_U3_V1.2.0, STM32Cube_FW_U5_V1.8.0, STM32Cube_FW_WB0_V1.3.0, STM32Cube_FW_WBA_V1.7.0, STM32Cube_FW_WB_V1.23.0, STM32Cube_FW_WL3_V1.2.0, STM32Cube_FW_WL_V1.3.1, X-CUBE-ALGOBUILD_V1.4.0, X-CUBE-ALS_V1.0.2, X-CUBE-AZRTOS-F4_V1.1.0, X-CUBE-AZRTOS-F7_V1.1.0, X-CUBE-AZRTOS-G0_V1.1.0, X-CUBE-AZRTOS-G4_V2.0.0, X-CUBE-AZRTOS-H7RS_V1.1.0, X-CUBE-AZRTOS-H7_V3.3.0, X-CUBE-AZRTOS-L4_V2.0.0, X-CUBE-AZRTOS-L5_V2.0.0, X-CUBE-AZRTOS-WB_V2.0.0, X-CUBE-AZRTOS-WL_V2.0.0, X-CUBE-BLE1_V7.1.0, X-CUBE-BLE2_V3.3.0, X-CUBE-BLEMGR_V4.0.0, X-CUBE-EEPRMA1_V5.1.0, X-CUBE-FREERTOS_V1.3.1, X-CUBE-GNSS1_V6.0.0, X-CUBE-MEMS1_V11.3.0, X-CUBE-NFC4_V3.0.0, X-CUBE-NFC7_V2.0.0, X-CUBE-SFXS2LP1_V4.0.0, X-CUBE-SUBG2_V5.0.0, X-CUBE-TOF1_V3.4.3]
2025-10-31 10:48:01,926 [INFO] ApiDb:240 - Found 880 in-development CPN: [B-G473E-ZEST1S, B-WB1M-WPAN1, B-WBA5M-WPAN, B-WL5M-SUBG1, NUCLEO-C031C6, NUCLEO-C051C8, NUCLEO-C071RB, NUCLEO-C092RC, NUCLEO-H503RB, NUCLEO-H533RE, NUCLEO-H563ZI, NUCLEO-H7S3L8, NUCLEO-N657X0-Q, NUCLEO-U031R8, NUCLEO-U083RC, NUCLEO-U385RG-Q, NUCLEO-U545RE-Q, NUCLEO-U5A5ZJ-Q, NUCLEO-WB05KZ, NUCLEO-WB07CC, NUCLEO-WB09KE, NUCLEO-WBA52CG, NUCLEO-WBA55CG, NUCLEO-WL33CC1, NUCLEO-WL33CC2, STEVAL-PROTEUS1, STEVAL-SMARTAG2, STEVAL-STWINBX1, STM320518-EVAL, STM32C0116-DK, STM32C011D6Y3TR, STM32C011D6Y6TR, STM32C011F4P3, STM32C011F4P6, STM32C011F4U3, STM32C011F4U6TR, STM32C011F6P3, STM32C011F6P6, STM32C011F6U3, STM32C011F6U6TR, STM32C011J4M3, STM32C011J4M6, STM32C011J6M3, STM32C011J6M6, STM32C0316-DK, STM32C031C4T3, STM32C031C4T6, STM32C031C4U3, STM32C031C4U6, STM32C031C6T3, STM32C031C6T6, STM32C031C6U3, STM32C031C6U6, STM32C031F4P3, STM32C031F4P6, STM32C031F6P3, STM32C031F6P6, STM32C031G4U3, STM32C031G4U6, STM32C031G6U3, STM32C031G6U6, STM32C031K4T3, STM32C031K4T6, STM32C031K4U3, STM32C031K4U6, STM32C031K6T3, STM32C031K6T6, STM32C031K6U3, STM32C031K6U6, STM32C051C6T6, STM32C051C6U6, STM32C051C8T6, STM32C051C8U6, STM32C051D8Y6TR, STM32C051F6P6, STM32C051F8P6, STM32C051G6U6, STM32C051G8U6, STM32C051K6T6, STM32C051K6U6, STM32C051K8T6, STM32C071C8T6, STM32C071C8T6N, STM32C071C8U6, STM32C071C8U6N, STM32C071CBT6, STM32C071CBT6N, STM32C071CBU6, STM32C071CBU6N, STM32C071F8P6, STM32C071F8P6N, STM32C071FBP6, STM32C071FBP6N, STM32C071FBY6TR, STM32C071G8U6, STM32C071G8U6N, STM32C071GBU6, STM32C071GBU6N, STM32C071K8T6, STM32C071K8T6N, STM32C071K8U6, STM32C071K8U6N, STM32C071KBT6, STM32C071KBT6N, STM32C071KBU6, STM32C071KBU6N, STM32C071R8T6, STM32C071R8T6N, STM32C071RBI6N, STM32C071RBT6, STM32C071RBT6N, STM32C091CBT6, STM32C091CBU6, STM32C091CCT6, STM32C091CCU6, STM32C091ECY6TR, STM32C091FBP6, STM32C091FCP6, STM32C091GBU6, STM32C091GCU6, STM32C091KBT6, STM32C091KBU6, STM32C091KCT6, STM32C091KCU6, STM32C091RBT6, STM32C091RCI6, STM32C091RCT6, STM32C092CBT6, STM32C092CBU6, STM32C092CCT6, STM32C092CCU6, STM32C092ECY6TR, STM32C092FBP6, STM32C092FCP6, STM32C092GBU6, STM32C092GCU6, STM32C092KBT6, STM32C092KBU6, STM32C092KCT6, STM32C092KCU6, STM32C092RBT6, STM32C092RCI6, STM32C092RCT6, STM32G071K8TXN, STM32G071K8UXN, STM32G081GBU6N, STM32G081KBT6N, STM32G081KBUXN, STM32G0B1CCT6N, STM32G0B1KCT6, STM32G0B1NEY6TR, STM32G0B1RCT6N, STM32G0C1CCT6, STM32G0C1CCT6N, STM32G0C1CCU6N, STM32G0C1CET6N, STM32G0C1CEU6N, STM32G0C1KCT6, STM32G0C1NEY6TR, STM32G0C1RCI6N, STM32G0C1RCT6N, STM32G0C1REI6N, STM32G0C1RET6N, STM32G0C1VCI6, STM32G0C1VEI6, STM32G411C6T3, STM32G411C6T6, STM32G411C6U3, STM32G411C6U6, STM32G411C8T3, STM32G411C8T6, STM32G411C8U3, STM32G411C8U6, STM32G411CBT3, STM32G411CBT6, STM32G411CBU3, STM32G411CBU6, STM32G411K6T3, STM32G411K6T6, STM32G411K6U3, STM32G411K6U6, STM32G411K8T3, STM32G411K8T6, STM32G411K8U3, STM32G411K8U6, STM32G411KBT3, STM32G411KBT6, STM32G411KBU3, STM32G411KBU6, STM32G411M6T3, STM32G411M6T6, STM32G411M8T3, STM32G411M8T6, STM32G411MBT3, STM32G411MBT6, STM32G411R6T3, STM32G411R6T6, STM32G411R8T3, STM32G411R8T6, STM32G411RBT3, STM32G411RBT6, STM32G414CBT3, STM32G414CBT6, STM32G414CBU3, STM32G414CBU6, STM32G414CCT3, STM32G414CCT6, STM32G414CCU3, STM32G414CCU6, STM32G414MBT3, STM32G414MBT6, STM32G414MCT3, STM32G414MCT6, STM32G414RBT3, STM32G414RBT6, STM32G414RCT3, STM32G414RCT6, STM32G414VBT3, STM32G414VBT6, STM32G414VCT3, STM32G414VCT6, STM32G431CBT3Z, STM32G431RBT3Z, STM32G471CCT6, STM32G471CCU6, STM32G471CET3, STM32G471CET6, STM32G471CEU3, STM32G471CEU6, STM32G471MCT6, STM32G471MET3, STM32G471MET6, STM32G471MEY6TR, STM32G471QCT6, STM32G471QET3, STM32G471RCT6, STM32G471RET3, STM32G471RET6, STM32G471VCH6, STM32G471VCI6, STM32G471VCT6, STM32G471VEH3, STM32G471VEH6, STM32G471VEI3, STM32G471VEI6, STM32G471VET3, STM32G471VET6, STM32G473QET3Z, STM32G473RET3Z, STM32G474CCT6, STM32G491RET3Z, STM32H503CBT6, STM32H503CBU6, STM32H503EBY6TR, STM32H503KBU6, STM32H503RBT6, STM32H523CCT6, STM32H523CCU6, STM32H523CET6, STM32H523CEU6, STM32H523HEY6TR, STM32H523RCT6, STM32H523RET6, STM32H523VCI6, STM32H523VCT6, STM32H523VEI6, STM32H523VET6, STM32H523ZCJ6, STM32H523ZCT6, STM32H523ZEJ6, STM32H523ZET6, STM32H533CET6, STM32H533CEU6, STM32H533HEY6TR, STM32H533RET6, STM32H533VEI6, STM32H533VET6, STM32H533ZEJ6, STM32H533ZET6, STM32H562AGI6, STM32H562AII6, STM32H562IGK6, STM32H562IGT6, STM32H562IIK6, STM32H562IIT6, STM32H562RGT6, STM32H562RGV6, STM32H562RIT6, STM32H562RIV6, STM32H562VGT6, STM32H562VIT6, STM32H562ZGT6, STM32H562ZIT6, STM32H563AGI6, STM32H563AII3Q, STM32H563AII6, STM32H563IGK6, STM32H563IGT6, STM32H563IIK3Q, STM32H563IIK6, STM32H563IIT3Q, STM32H563IIT6, STM32H563MIY3QTR, STM32H563RGT6, STM32H563RGV6, STM32H563RIT6, STM32H563RIV6, STM32H563VGT6, STM32H563VIT3Q, STM32H563VIT6, STM32H563ZGT6, STM32H563ZIT3Q, STM32H563ZIT6, STM32H573AII3Q, STM32H573AII6, STM32H573I-DK, STM32H573IIK3Q, STM32H573IIK6, STM32H573IIT3Q, STM32H573IIT6, STM32H573MIY3QTR, STM32H573RIT6, STM32H573RIV6, STM32H573VIT3Q, STM32H573VIT6, STM32H573ZIT3Q, STM32H573ZIT6, STM32H7R3A8I6, STM32H7R3I8K6, STM32H7R3I8T6, STM32H7R3L8H6, STM32H7R3L8H6H, STM32H7R3R8V6, STM32H7R3V8H6, STM32H7R3V8T6, STM32H7R3V8Y6TR, STM32H7R3Z8J6, STM32H7R3Z8T6, STM32H7R7A8I6, STM32H7R7I8K6, STM32H7R7I8T6, STM32H7R7L8H6, STM32H7R7L8H6H, STM32H7R7Z8J6, STM32H7S3A8I6, STM32H7S3I8K6, STM32H7S3I8T6, STM32H7S3L8H6, STM32H7S3L8H6H, STM32H7S3R8V6, STM32H7S3V8H6, STM32H7S3V8T6, STM32H7S3V8Y6TR, STM32H7S3Z8J6, STM32H7S3Z8T6, STM32H7S78-DK, STM32H7S7A8I6, STM32H7S7I8K6, STM32H7S7I8T6, STM32H7S7L8H6, STM32H7S7L8H6H, STM32H7S7Z8J6, STM32L4R5QGI6STR, STM32MP131AAE3, STM32MP131AAF3, STM32MP131AAG3, STM32MP131CAE3, STM32MP131CAF3, STM32MP131CAG3, STM32MP131DAE7, STM32MP131DAF7, STM32MP131DAG7, STM32MP131FAE7, STM32MP131FAF7, STM32MP131FAG7, STM32MP133AAE3, STM32MP133AAF3, STM32MP133AAG3, STM32MP133CAE3, STM32MP133CAF3, STM32MP133CAG3, STM32MP133DAE7, STM32MP133DAF7, STM32MP133DAG7, STM32MP133FAE7, STM32MP133FAF7, STM32MP133FAG7, STM32MP135AAE3, STM32MP135AAF3, STM32MP135AAG3, STM32MP135CAE3, STM32MP135CAF3, STM32MP135CAG3, STM32MP135DAE7, STM32MP135DAF7, STM32MP135DAG7, STM32MP135F-DK, STM32MP135FAE7, STM32MP135FAF7, STM32MP135FAF7T, STM32MP135FAF7U, STM32MP135FAG7, STM32MP211AAL3, STM32MP211AAM3, STM32MP211AAN3, STM32MP211AAO3, STM32MP211CAL3, STM32MP211CAM3, STM32MP211CAN3, STM32MP211CAO3, STM32MP211DAL3, STM32MP211DAM3, STM32MP211DAN3, STM32MP211DAO3, STM32MP211FAL3, STM32MP211FAM3, STM32MP211FAN3, STM32MP211FAO3, STM32MP213AAL3, STM32MP213AAM3, STM32MP213AAN3, STM32MP213AAO3, STM32MP213CAL3, STM32MP213CAM3, STM32MP213CAN3, STM32MP213CAO3, STM32MP213DAL3, STM32MP213DAM3, STM32MP213DAN3, STM32MP213DAO3, STM32MP213FAL3, STM32MP213FAM3, STM32MP213FAN3, STM32MP213FAO3, STM32MP215AAL3, STM32MP215AAM3, STM32MP215AAN3, STM32MP215AAO3, STM32MP215CAL3, STM32MP215CAM3, STM32MP215CAN3, STM32MP215CAO3, STM32MP215DAL3, STM32MP215DAM3, STM32MP215DAN3, STM32MP215DAO3, STM32MP215F-DK, STM32MP215FAL3, STM32MP215FAM3, STM32MP215FAN3, STM32MP215FAO3, STM32MP231AAJ3, STM32MP231AAK3, STM32MP231AAL3, STM32MP231CAJ3, STM32MP231CAK3, STM32MP231CAL3, STM32MP231DAJ3, STM32MP231DAK3, STM32MP231DAL3, STM32MP231FAJ3, STM32MP231FAK3, STM32MP231FAL3, STM32MP233AAJ3, STM32MP233AAK3, STM32MP233AAL3, STM32MP233CAJ3, STM32MP233CAK3, STM32MP233CAL3, STM32MP233DAJ3, STM32MP233DAK3, STM32MP233DAL3, STM32MP233FAJ3, STM32MP233FAK3, STM32MP233FAL3, STM32MP235AAJ3, STM32MP235AAK3, STM32MP235AAL3, STM32MP235CAJ3, STM32MP235CAK3, STM32MP235CAL3, STM32MP235DAJ3, STM32MP235DAK3, STM32MP235DAL3, STM32MP235FAJ3, STM32MP235FAK3, STM32MP235FAL3, STM32MP251AAI3, STM32MP251AAK3, STM32MP251AAL3, STM32MP251CAI3, STM32MP251CAK3, STM32MP251CAL3, STM32MP251DAI3, STM32MP251DAK3, STM32MP251DAL3, STM32MP251FAI3, STM32MP251FAK3, STM32MP251FAL3, STM32MP253AAI3, STM32MP253AAK3, STM32MP253AAL3, STM32MP253CAI3, STM32MP253CAK3, STM32MP253CAL3, STM32MP253DAI3, STM32MP253DAK3, STM32MP253DAL3, STM32MP253FAI3, STM32MP253FAK3, STM32MP253FAL3, STM32MP255AAI3, STM32MP255AAK3, STM32MP255AAL3, STM32MP255CAI3, STM32MP255CAK3, STM32MP255CAL3, STM32MP255DAI3, STM32MP255DAK3, STM32MP255DAL3, STM32MP255FAI3, STM32MP255FAK3, STM32MP255FAL3, STM32MP257AAI3, STM32MP257AAK3, STM32MP257AAL3, STM32MP257CAI3, STM32MP257CAK3, STM32MP257CAL3, STM32MP257DAI3, STM32MP257DAK3, STM32MP257DAL3, STM32MP257F-DK, STM32MP257F-EV1, STM32MP257FAI3, STM32MP257FAK3, STM32MP257FAL3, STM32N645A0H3Q, STM32N645B0H3Q, STM32N645I0H3Q, STM32N645L0H3Q, STM32N645X0H3Q, STM32N645Z0H3Q, STM32N647A0H3Q, STM32N647B0H3Q, STM32N647I0H3Q, STM32N647L0H3Q, STM32N647X0H3Q, STM32N647Z0H3Q, STM32N655A0H3Q, STM32N655B0H3Q, STM32N655I0H3Q, STM32N655L0H3Q, STM32N655X0H3Q, STM32N655Z0H3Q, STM32N6570-DK, STM32N657A0H3Q, STM32N657B0H3Q, STM32N657I0H3Q, STM32N657L0H3Q, STM32N657X0H3Q, STM32N657Z0H3Q, STM32U031C6T6, STM32U031C6U6, STM32U031C8T6, STM32U031C8U6, STM32U031F4P6, STM32U031F6P6, STM32U031F8P6, STM32U031G6Y6TR, STM32U031G8Y6TR, STM32U031K4U6, STM32U031K6U6, STM32U031K8U6, STM32U031R6I6, STM32U031R6T6, STM32U031R8I6, STM32U031R8T6, STM32U073C8T6, STM32U073C8U6, STM32U073CBT6, STM32U073CBU6, STM32U073CCT6, STM32U073CCU6, STM32U073H8Y6TR, STM32U073HBY6TR, STM32U073HCY6TR, STM32U073K8U6, STM32U073KBU6, STM32U073KCU6, STM32U073M8I6, STM32U073M8T6, STM32U073MBI6, STM32U073MBT6, STM32U073MCI6, STM32U073MCT6, STM32U073R8I6, STM32U073R8T6, STM32U073RBI6, STM32U073RBT6, STM32U073RCI6, STM32U073RCT6, STM32U083C-DK, STM32U083CCT6, STM32U083CCU6, STM32U083HCY6TR, STM32U083KCU6, STM32U083MCI6, STM32U083MCT6, STM32U083RCI6, STM32U083RCT6, STM32U375CET6, STM32U375CET6Q, STM32U375CEU6, STM32U375CEU6Q, STM32U375CEY6QTR, STM32U375CGT6, STM32U375CGT6Q, STM32U375CGU6, STM32U375CGU6Q, STM32U375CGY6QTR, STM32U375KEU6, STM32U375KGU6, STM32U375REI6, STM32U375REI6Q, STM32U375RET6, STM32U375RET6Q, STM32U375REY6GTR, STM32U375REY6QTR, STM32U375RGI6, STM32U375RGI6Q, STM32U375RGT6, STM32U375RGT6Q, STM32U375RGY6GTR, STM32U375RGY6QTR, STM32U375VEI6, STM32U375VEI6Q, STM32U375VET6, STM32U375VET6Q, STM32U375VGI6, STM32U375VGI6Q, STM32U375VGT6, STM32U375VGT6Q, STM32U385CGT6, STM32U385CGT6Q, STM32U385CGU6, STM32U385CGU6Q, STM32U385CGY6QTR, STM32U385KGU6, STM32U385RGI6, STM32U385RGI6Q, STM32U385RGT6, STM32U385RGT6Q, STM32U385RGY6GTR, STM32U385RGY6QTR, STM32U385VGI6, STM32U385VGI6Q, STM32U385VGT6, STM32U385VGT6Q, STM32U535CBT6, STM32U535CBT6Q, STM32U535CBU6, STM32U535CBU6Q, STM32U535CCT6, STM32U535CCT6Q, STM32U535CCU6, STM32U535CCU6Q, STM32U535CET6, STM32U535CET6Q, STM32U535CEU6, STM32U535CEU6Q, STM32U535JEY6QTR, STM32U535NCY6QTR, STM32U535NEY6QTR, STM32U535RBI6, STM32U535RBI6Q, STM32U535RBT6, STM32U535RBT6Q, STM32U535RCI6, STM32U535RCI6Q, STM32U535RCT6, STM32U535RCT6Q, STM32U535REI6, STM32U535REI6Q, STM32U535RET6, STM32U535RET6Q, STM32U535VCI6, STM32U535VCI6Q, STM32U535VCT6, STM32U535VCT6Q, STM32U535VEI6, STM32U535VEI6Q, STM32U535VET6, STM32U535VET6Q, STM32U545CET6, STM32U545CET6Q, STM32U545CEU6, STM32U545CEU6Q, STM32U545JEY6QTR, STM32U545NEY6QTR, STM32U545REI6, STM32U545REI6Q, STM32U545RET6, STM32U545RET6Q, STM32U545VEI6, STM32U545VEI6Q, STM32U545VET6, STM32U545VET6Q, STM32U595AIH6, STM32U595AIH6Q, STM32U595AJH6, STM32U595AJH6Q, STM32U595QII6, STM32U595QII6Q, STM32U595QJI6, STM32U595QJI6Q, STM32U595RIT6, STM32U595RIT6Q, STM32U595RJT6, STM32U595RJT6Q, STM32U595VIT6, STM32U595VIT6Q, STM32U595VJT6, STM32U595VJT6Q, STM32U595ZIT6, STM32U595ZIT6Q, STM32U595ZIY6QTR, STM32U595ZJT6, STM32U595ZJT6Q, STM32U595ZJY6QTR, STM32U599BJY6QTR, STM32U599NIH6Q, STM32U599NJH6Q, STM32U599VIT6Q, STM32U599VJT6, STM32U599VJT6Q, STM32U599ZIT6Q, STM32U599ZIY6QTR, STM32U599ZJT6Q, STM32U599ZJY6QTR, STM32U5A5AJH6, STM32U5A5AJH6Q, STM32U5A5QII3Q , STM32U5A5QJI6, STM32U5A5QJI6Q, STM32U5A5RJT6, STM32U5A5RJT6Q, STM32U5A5VJT6, STM32U5A5VJT6Q, STM32U5A5ZJT6, STM32U5A5ZJT6Q, STM32U5A5ZJY6QTR, STM32U5A9BJY6QTR, STM32U5A9J-DK, STM32U5A9NJH6Q, STM32U5A9VJT6Q, STM32U5A9ZJT6Q, STM32U5A9ZJY6QTR, STM32U5F7VIT6, STM32U5F7VIT6Q, STM32U5F7VJT6, STM32U5F7VJT6Q, STM32U5F9BJY6QTR, STM32U5F9NJH6Q, STM32U5F9VIT6Q, STM32U5F9VJT6Q, STM32U5F9ZIJ6QTR, STM32U5F9ZIT6Q, STM32U5F9ZJJ6QTR, STM32U5F9ZJT6Q, STM32U5G7VJT6, STM32U5G7VJT6Q, STM32U5G9BJY6QTR, STM32U5G9J-DK1, STM32U5G9J-DK2, STM32U5G9NJH6Q, STM32U5G9VJT6Q, STM32U5G9ZJJ6QTR, STM32U5G9ZJT6Q, STM32WB05KZV6TR, STM32WB05KZV7TR, STM32WB05TZF6TR, STM32WB05TZF7TR, STM32WB06CCF6TR, STM32WB06CCF7TR, STM32WB06CCV6TR, STM32WB06CCV7TR, STM32WB06KCV6TR, STM32WB06KCV7TR, STM32WB07CCF6TR, STM32WB07CCF7TR, STM32WB07CCV6TR, STM32WB07CCV7TR, STM32WB07KCV6TR, STM32WB07KCV7TR, STM32WB09KEV6TR, STM32WB09KEV7TR, STM32WB09TEF6TR, STM32WB09TEF7TR, STM32WB1MMCH6, STM32WBA50KGU6, STM32WBA50KGU6TR, STM32WBA52CEU6, STM32WBA52CEU6TR, STM32WBA52CEU7, STM32WBA52CEU7TR, STM32WBA52CGU6, STM32WBA52CGU6TR, STM32WBA52CGU6U, STM32WBA52CGU7, STM32WBA52CGU7TR, STM32WBA52KEU6, STM32WBA52KEU6TR, STM32WBA52KGU6, STM32WBA52KGU6TR, STM32WBA54CEU6, STM32WBA54CEU6TR, STM32WBA54CEU7, STM32WBA54CEU7TR, STM32WBA54CGU6, STM32WBA54CGU6TR, STM32WBA54CGU7, STM32WBA54CGU7TR, STM32WBA54KEU6, STM32WBA54KEU6TR, STM32WBA54KEU7, STM32WBA54KEU7TR, STM32WBA54KGU6, STM32WBA54KGU6TR, STM32WBA54KGU7, STM32WBA54KGU7TR, STM32WBA55CEU6, STM32WBA55CEU6TR, STM32WBA55CEU7, STM32WBA55CEU7TR, STM32WBA55CGU6, STM32WBA55CGU6TR, STM32WBA55CGU6U, STM32WBA55CGU7, STM32WBA55CGU7TR, STM32WBA55G-DK1, STM32WBA55HEF6, STM32WBA55HEF7, STM32WBA55HGF6, STM32WBA55HGF7, STM32WBA55UEI6, STM32WBA55UEI6TR, STM32WBA55UEI7, STM32WBA55UEI7TR, STM32WBA55UGI6, STM32WBA55UGI6TR, STM32WBA55UGI7, STM32WBA55UGI7TR, STM32WBA5MMGH6TR, STM32WBA62MGF6, STM32WBA62MIF6, STM32WBA65MGF7, STM32WBA65MIF6, STM32WBA65MIF7, STM32WL30K8V6, STM32WL30KBV6, STM32WL31C8V6, STM32WL31CBV6, STM32WL31K8V6, STM32WL31KBV6, STM32WL33C8V6, STM32WL33C8V6X, STM32WL33CBV6, STM32WL33CBV6X, STM32WL33CCV6, STM32WL33CCV6A, STM32WL33CCV6X, STM32WL33K8V7, STM32WL33K8V7X, STM32WL33KBV7 , STM32WL33KBV7X, STM32WL33KCV7, STM32WL33KCV7X, STM32WL5MOCH6, STM32WL5MOCH6TR]
2025-10-31 10:48:01,930 [INFO] DbMcus:218 - Found 4801 MCUs, 4801 are supported
2025-10-31 10:48:01,930 [INFO] ApiDb:414 - User favorites file not found: C:\Users\USER/.stm32cubeide/favorites.mcus.txt
2025-10-31 10:48:01,931 [INFO] DbMcus:224 - Set 0 / 0 favorites MCUs
2025-10-31 10:48:02,221 [INFO] ApiDb:668 - CubeFinder database Data Model version=2.1
2025-10-31 10:48:02,221 [INFO] ApiDb:669 - CubeFinder database Configuration version=3.0.39
2025-10-31 10:48:02,222 [INFO] ApiDb:670 - CubeFinder database generation date=2025-06-24 (1750757100)
2025-10-31 10:48:02,222 [INFO] ApiDb:671 - CubeFinder database FW Pack versions=[FP-ATR-ASTRA1_V2.0.0, FP-SNS-FLIGHT1_V5.1.0, FP-SNS-MOTENV1_V5.0.0, FP-SNS-MOTENVWB1_V1.4.0, FP-SNS-SMARTAG2_V1.2.0, FP-SNS-STBOX1_V2.0.0, STM32Cube_FW_C0_V1.4.0, STM32Cube_FW_F4_V1.28.2, STM32Cube_FW_F7_V1.17.3, STM32Cube_FW_G0_V1.6.2, STM32Cube_FW_G4_V1.6.1, STM32Cube_FW_H5_V1.5.0, STM32Cube_FW_H7RS_V1.2.0, STM32Cube_FW_H7_V1.12.1, STM32Cube_FW_L0_V1.12.2, STM32Cube_FW_L4_V1.18.1, STM32Cube_FW_L5_V1.5.1, STM32Cube_FW_N6_V1.2.0, STM32Cube_FW_U0_V1.3.0, STM32Cube_FW_U3_V1.2.0, STM32Cube_FW_U5_V1.8.0, STM32Cube_FW_WB0_V1.3.0, STM32Cube_FW_WBA_V1.7.0, STM32Cube_FW_WB_V1.23.0, STM32Cube_FW_WL3_V1.2.0, STM32Cube_FW_WL_V1.3.1, X-CUBE-ALGOBUILD_V1.4.0, X-CUBE-ALS_V1.0.2, X-CUBE-AZRTOS-F4_V1.1.0, X-CUBE-AZRTOS-F7_V1.1.0, X-CUBE-AZRTOS-G0_V1.1.0, X-CUBE-AZRTOS-G4_V2.0.0, X-CUBE-AZRTOS-H7RS_V1.1.0, X-CUBE-AZRTOS-H7_V3.3.0, X-CUBE-AZRTOS-L4_V2.0.0, X-CUBE-AZRTOS-L5_V2.0.0, X-CUBE-AZRTOS-WB_V2.0.0, X-CUBE-AZRTOS-WL_V2.0.0, X-CUBE-BLE1_V7.1.0, X-CUBE-BLE2_V3.3.0, X-CUBE-BLEMGR_V4.0.0, X-CUBE-EEPRMA1_V5.1.0, X-CUBE-FREERTOS_V1.3.1, X-CUBE-GNSS1_V6.0.0, X-CUBE-MEMS1_V11.3.0, X-CUBE-NFC4_V3.0.0, X-CUBE-NFC7_V2.0.0, X-CUBE-SFXS2LP1_V4.0.0, X-CUBE-SUBG2_V5.0.0, X-CUBE-TOF1_V3.4.3]
2025-10-31 10:48:02,278 [INFO] DbBoardsSqlite:226 - include board P-NUCLEO-WB55-NUCLEO as a kit item of type 'Nucleo-64'
2025-10-31 10:48:02,278 [INFO] DbBoardsSqlite:226 - include board P-NUCLEO-WB55-USBDONGLE as a kit item of type 'Nucleo USB Dongle'
2025-10-31 10:48:02,278 [INFO] DbBoardsSqlite:226 - include board STEVAL-IDP005V1 as a kit item of type 'Evaluation Board'
2025-10-31 10:48:02,278 [INFO] DbBoardsSqlite:226 - include board STEVAL-IDP005V2 as a kit item of type 'Evaluation Board'
2025-10-31 10:48:02,342 [INFO] ApiDb:240 - Found 880 in-development CPN: [B-G473E-ZEST1S, B-WB1M-WPAN1, B-WBA5M-WPAN, B-WL5M-SUBG1, NUCLEO-C031C6, NUCLEO-C051C8, NUCLEO-C071RB, NUCLEO-C092RC, NUCLEO-H503RB, NUCLEO-H533RE, NUCLEO-H563ZI, NUCLEO-H7S3L8, NUCLEO-N657X0-Q, NUCLEO-U031R8, NUCLEO-U083RC, NUCLEO-U385RG-Q, NUCLEO-U545RE-Q, NUCLEO-U5A5ZJ-Q, NUCLEO-WB05KZ, NUCLEO-WB07CC, NUCLEO-WB09KE, NUCLEO-WBA52CG, NUCLEO-WBA55CG, NUCLEO-WL33CC1, NUCLEO-WL33CC2, STEVAL-PROTEUS1, STEVAL-SMARTAG2, STEVAL-STWINBX1, STM320518-EVAL, STM32C0116-DK, STM32C011D6Y3TR, STM32C011D6Y6TR, STM32C011F4P3, STM32C011F4P6, STM32C011F4U3, STM32C011F4U6TR, STM32C011F6P3, STM32C011F6P6, STM32C011F6U3, STM32C011F6U6TR, STM32C011J4M3, STM32C011J4M6, STM32C011J6M3, STM32C011J6M6, STM32C0316-DK, STM32C031C4T3, STM32C031C4T6, STM32C031C4U3, STM32C031C4U6, STM32C031C6T3, STM32C031C6T6, STM32C031C6U3, STM32C031C6U6, STM32C031F4P3, STM32C031F4P6, STM32C031F6P3, STM32C031F6P6, STM32C031G4U3, STM32C031G4U6, STM32C031G6U3, STM32C031G6U6, STM32C031K4T3, STM32C031K4T6, STM32C031K4U3, STM32C031K4U6, STM32C031K6T3, STM32C031K6T6, STM32C031K6U3, STM32C031K6U6, STM32C051C6T6, STM32C051C6U6, STM32C051C8T6, STM32C051C8U6, STM32C051D8Y6TR, STM32C051F6P6, STM32C051F8P6, STM32C051G6U6, STM32C051G8U6, STM32C051K6T6, STM32C051K6U6, STM32C051K8T6, STM32C071C8T6, STM32C071C8T6N, STM32C071C8U6, STM32C071C8U6N, STM32C071CBT6, STM32C071CBT6N, STM32C071CBU6, STM32C071CBU6N, STM32C071F8P6, STM32C071F8P6N, STM32C071FBP6, STM32C071FBP6N, STM32C071FBY6TR, STM32C071G8U6, STM32C071G8U6N, STM32C071GBU6, STM32C071GBU6N, STM32C071K8T6, STM32C071K8T6N, STM32C071K8U6, STM32C071K8U6N, STM32C071KBT6, STM32C071KBT6N, STM32C071KBU6, STM32C071KBU6N, STM32C071R8T6, STM32C071R8T6N, STM32C071RBI6N, STM32C071RBT6, STM32C071RBT6N, STM32C091CBT6, STM32C091CBU6, STM32C091CCT6, STM32C091CCU6, STM32C091ECY6TR, STM32C091FBP6, STM32C091FCP6, STM32C091GBU6, STM32C091GCU6, STM32C091KBT6, STM32C091KBU6, STM32C091KCT6, STM32C091KCU6, STM32C091RBT6, STM32C091RCI6, STM32C091RCT6, STM32C092CBT6, STM32C092CBU6, STM32C092CCT6, STM32C092CCU6, STM32C092ECY6TR, STM32C092FBP6, STM32C092FCP6, STM32C092GBU6, STM32C092GCU6, STM32C092KBT6, STM32C092KBU6, STM32C092KCT6, STM32C092KCU6, STM32C092RBT6, STM32C092RCI6, STM32C092RCT6, STM32G071K8TXN, STM32G071K8UXN, STM32G081GBU6N, STM32G081KBT6N, STM32G081KBUXN, STM32G0B1CCT6N, STM32G0B1KCT6, STM32G0B1NEY6TR, STM32G0B1RCT6N, STM32G0C1CCT6, STM32G0C1CCT6N, STM32G0C1CCU6N, STM32G0C1CET6N, STM32G0C1CEU6N, STM32G0C1KCT6, STM32G0C1NEY6TR, STM32G0C1RCI6N, STM32G0C1RCT6N, STM32G0C1REI6N, STM32G0C1RET6N, STM32G0C1VCI6, STM32G0C1VEI6, STM32G411C6T3, STM32G411C6T6, STM32G411C6U3, STM32G411C6U6, STM32G411C8T3, STM32G411C8T6, STM32G411C8U3, STM32G411C8U6, STM32G411CBT3, STM32G411CBT6, STM32G411CBU3, STM32G411CBU6, STM32G411K6T3, STM32G411K6T6, STM32G411K6U3, STM32G411K6U6, STM32G411K8T3, STM32G411K8T6, STM32G411K8U3, STM32G411K8U6, STM32G411KBT3, STM32G411KBT6, STM32G411KBU3, STM32G411KBU6, STM32G411M6T3, STM32G411M6T6, STM32G411M8T3, STM32G411M8T6, STM32G411MBT3, STM32G411MBT6, STM32G411R6T3, STM32G411R6T6, STM32G411R8T3, STM32G411R8T6, STM32G411RBT3, STM32G411RBT6, STM32G414CBT3, STM32G414CBT6, STM32G414CBU3, STM32G414CBU6, STM32G414CCT3, STM32G414CCT6, STM32G414CCU3, STM32G414CCU6, STM32G414MBT3, STM32G414MBT6, STM32G414MCT3, STM32G414MCT6, STM32G414RBT3, STM32G414RBT6, STM32G414RCT3, STM32G414RCT6, STM32G414VBT3, STM32G414VBT6, STM32G414VCT3, STM32G414VCT6, STM32G431CBT3Z, STM32G431RBT3Z, STM32G471CCT6, STM32G471CCU6, STM32G471CET3, STM32G471CET6, STM32G471CEU3, STM32G471CEU6, STM32G471MCT6, STM32G471MET3, STM32G471MET6, STM32G471MEY6TR, STM32G471QCT6, STM32G471QET3, STM32G471RCT6, STM32G471RET3, STM32G471RET6, STM32G471VCH6, STM32G471VCI6, STM32G471VCT6, STM32G471VEH3, STM32G471VEH6, STM32G471VEI3, STM32G471VEI6, STM32G471VET3, STM32G471VET6, STM32G473QET3Z, STM32G473RET3Z, STM32G474CCT6, STM32G491RET3Z, STM32H503CBT6, STM32H503CBU6, STM32H503EBY6TR, STM32H503KBU6, STM32H503RBT6, STM32H523CCT6, STM32H523CCU6, STM32H523CET6, STM32H523CEU6, STM32H523HEY6TR, STM32H523RCT6, STM32H523RET6, STM32H523VCI6, STM32H523VCT6, STM32H523VEI6, STM32H523VET6, STM32H523ZCJ6, STM32H523ZCT6, STM32H523ZEJ6, STM32H523ZET6, STM32H533CET6, STM32H533CEU6, STM32H533HEY6TR, STM32H533RET6, STM32H533VEI6, STM32H533VET6, STM32H533ZEJ6, STM32H533ZET6, STM32H562AGI6, STM32H562AII6, STM32H562IGK6, STM32H562IGT6, STM32H562IIK6, STM32H562IIT6, STM32H562RGT6, STM32H562RGV6, STM32H562RIT6, STM32H562RIV6, STM32H562VGT6, STM32H562VIT6, STM32H562ZGT6, STM32H562ZIT6, STM32H563AGI6, STM32H563AII3Q, STM32H563AII6, STM32H563IGK6, STM32H563IGT6, STM32H563IIK3Q, STM32H563IIK6, STM32H563IIT3Q, STM32H563IIT6, STM32H563MIY3QTR, STM32H563RGT6, STM32H563RGV6, STM32H563RIT6, STM32H563RIV6, STM32H563VGT6, STM32H563VIT3Q, STM32H563VIT6, STM32H563ZGT6, STM32H563ZIT3Q, STM32H563ZIT6, STM32H573AII3Q, STM32H573AII6, STM32H573I-DK, STM32H573IIK3Q, STM32H573IIK6, STM32H573IIT3Q, STM32H573IIT6, STM32H573MIY3QTR, STM32H573RIT6, STM32H573RIV6, STM32H573VIT3Q, STM32H573VIT6, STM32H573ZIT3Q, STM32H573ZIT6, STM32H7R3A8I6, STM32H7R3I8K6, STM32H7R3I8T6, STM32H7R3L8H6, STM32H7R3L8H6H, STM32H7R3R8V6, STM32H7R3V8H6, STM32H7R3V8T6, STM32H7R3V8Y6TR, STM32H7R3Z8J6, STM32H7R3Z8T6, STM32H7R7A8I6, STM32H7R7I8K6, STM32H7R7I8T6, STM32H7R7L8H6, STM32H7R7L8H6H, STM32H7R7Z8J6, STM32H7S3A8I6, STM32H7S3I8K6, STM32H7S3I8T6, STM32H7S3L8H6, STM32H7S3L8H6H, STM32H7S3R8V6, STM32H7S3V8H6, STM32H7S3V8T6, STM32H7S3V8Y6TR, STM32H7S3Z8J6, STM32H7S3Z8T6, STM32H7S78-DK, STM32H7S7A8I6, STM32H7S7I8K6, STM32H7S7I8T6, STM32H7S7L8H6, STM32H7S7L8H6H, STM32H7S7Z8J6, STM32L4R5QGI6STR, STM32MP131AAE3, STM32MP131AAF3, STM32MP131AAG3, STM32MP131CAE3, STM32MP131CAF3, STM32MP131CAG3, STM32MP131DAE7, STM32MP131DAF7, STM32MP131DAG7, STM32MP131FAE7, STM32MP131FAF7, STM32MP131FAG7, STM32MP133AAE3, STM32MP133AAF3, STM32MP133AAG3, STM32MP133CAE3, STM32MP133CAF3, STM32MP133CAG3, STM32MP133DAE7, STM32MP133DAF7, STM32MP133DAG7, STM32MP133FAE7, STM32MP133FAF7, STM32MP133FAG7, STM32MP135AAE3, STM32MP135AAF3, STM32MP135AAG3, STM32MP135CAE3, STM32MP135CAF3, STM32MP135CAG3, STM32MP135DAE7, STM32MP135DAF7, STM32MP135DAG7, STM32MP135F-DK, STM32MP135FAE7, STM32MP135FAF7, STM32MP135FAF7T, STM32MP135FAF7U, STM32MP135FAG7, STM32MP211AAL3, STM32MP211AAM3, STM32MP211AAN3, STM32MP211AAO3, STM32MP211CAL3, STM32MP211CAM3, STM32MP211CAN3, STM32MP211CAO3, STM32MP211DAL3, STM32MP211DAM3, STM32MP211DAN3, STM32MP211DAO3, STM32MP211FAL3, STM32MP211FAM3, STM32MP211FAN3, STM32MP211FAO3, STM32MP213AAL3, STM32MP213AAM3, STM32MP213AAN3, STM32MP213AAO3, STM32MP213CAL3, STM32MP213CAM3, STM32MP213CAN3, STM32MP213CAO3, STM32MP213DAL3, STM32MP213DAM3, STM32MP213DAN3, STM32MP213DAO3, STM32MP213FAL3, STM32MP213FAM3, STM32MP213FAN3, STM32MP213FAO3, STM32MP215AAL3, STM32MP215AAM3, STM32MP215AAN3, STM32MP215AAO3, STM32MP215CAL3, STM32MP215CAM3, STM32MP215CAN3, STM32MP215CAO3, STM32MP215DAL3, STM32MP215DAM3, STM32MP215DAN3, STM32MP215DAO3, STM32MP215F-DK, STM32MP215FAL3, STM32MP215FAM3, STM32MP215FAN3, STM32MP215FAO3, STM32MP231AAJ3, STM32MP231AAK3, STM32MP231AAL3, STM32MP231CAJ3, STM32MP231CAK3, STM32MP231CAL3, STM32MP231DAJ3, STM32MP231DAK3, STM32MP231DAL3, STM32MP231FAJ3, STM32MP231FAK3, STM32MP231FAL3, STM32MP233AAJ3, STM32MP233AAK3, STM32MP233AAL3, STM32MP233CAJ3, STM32MP233CAK3, STM32MP233CAL3, STM32MP233DAJ3, STM32MP233DAK3, STM32MP233DAL3, STM32MP233FAJ3, STM32MP233FAK3, STM32MP233FAL3, STM32MP235AAJ3, STM32MP235AAK3, STM32MP235AAL3, STM32MP235CAJ3, STM32MP235CAK3, STM32MP235CAL3, STM32MP235DAJ3, STM32MP235DAK3, STM32MP235DAL3, STM32MP235FAJ3, STM32MP235FAK3, STM32MP235FAL3, STM32MP251AAI3, STM32MP251AAK3, STM32MP251AAL3, STM32MP251CAI3, STM32MP251CAK3, STM32MP251CAL3, STM32MP251DAI3, STM32MP251DAK3, STM32MP251DAL3, STM32MP251FAI3, STM32MP251FAK3, STM32MP251FAL3, STM32MP253AAI3, STM32MP253AAK3, STM32MP253AAL3, STM32MP253CAI3, STM32MP253CAK3, STM32MP253CAL3, STM32MP253DAI3, STM32MP253DAK3, STM32MP253DAL3, STM32MP253FAI3, STM32MP253FAK3, STM32MP253FAL3, STM32MP255AAI3, STM32MP255AAK3, STM32MP255AAL3, STM32MP255CAI3, STM32MP255CAK3, STM32MP255CAL3, STM32MP255DAI3, STM32MP255DAK3, STM32MP255DAL3, STM32MP255FAI3, STM32MP255FAK3, STM32MP255FAL3, STM32MP257AAI3, STM32MP257AAK3, STM32MP257AAL3, STM32MP257CAI3, STM32MP257CAK3, STM32MP257CAL3, STM32MP257DAI3, STM32MP257DAK3, STM32MP257DAL3, STM32MP257F-DK, STM32MP257F-EV1, STM32MP257FAI3, STM32MP257FAK3, STM32MP257FAL3, STM32N645A0H3Q, STM32N645B0H3Q, STM32N645I0H3Q, STM32N645L0H3Q, STM32N645X0H3Q, STM32N645Z0H3Q, STM32N647A0H3Q, STM32N647B0H3Q, STM32N647I0H3Q, STM32N647L0H3Q, STM32N647X0H3Q, STM32N647Z0H3Q, STM32N655A0H3Q, STM32N655B0H3Q, STM32N655I0H3Q, STM32N655L0H3Q, STM32N655X0H3Q, STM32N655Z0H3Q, STM32N6570-DK, STM32N657A0H3Q, STM32N657B0H3Q, STM32N657I0H3Q, STM32N657L0H3Q, STM32N657X0H3Q, STM32N657Z0H3Q, STM32U031C6T6, STM32U031C6U6, STM32U031C8T6, STM32U031C8U6, STM32U031F4P6, STM32U031F6P6, STM32U031F8P6, STM32U031G6Y6TR, STM32U031G8Y6TR, STM32U031K4U6, STM32U031K6U6, STM32U031K8U6, STM32U031R6I6, STM32U031R6T6, STM32U031R8I6, STM32U031R8T6, STM32U073C8T6, STM32U073C8U6, STM32U073CBT6, STM32U073CBU6, STM32U073CCT6, STM32U073CCU6, STM32U073H8Y6TR, STM32U073HBY6TR, STM32U073HCY6TR, STM32U073K8U6, STM32U073KBU6, STM32U073KCU6, STM32U073M8I6, STM32U073M8T6, STM32U073MBI6, STM32U073MBT6, STM32U073MCI6, STM32U073MCT6, STM32U073R8I6, STM32U073R8T6, STM32U073RBI6, STM32U073RBT6, STM32U073RCI6, STM32U073RCT6, STM32U083C-DK, STM32U083CCT6, STM32U083CCU6, STM32U083HCY6TR, STM32U083KCU6, STM32U083MCI6, STM32U083MCT6, STM32U083RCI6, STM32U083RCT6, STM32U375CET6, STM32U375CET6Q, STM32U375CEU6, STM32U375CEU6Q, STM32U375CEY6QTR, STM32U375CGT6, STM32U375CGT6Q, STM32U375CGU6, STM32U375CGU6Q, STM32U375CGY6QTR, STM32U375KEU6, STM32U375KGU6, STM32U375REI6, STM32U375REI6Q, STM32U375RET6, STM32U375RET6Q, STM32U375REY6GTR, STM32U375REY6QTR, STM32U375RGI6, STM32U375RGI6Q, STM32U375RGT6, STM32U375RGT6Q, STM32U375RGY6GTR, STM32U375RGY6QTR, STM32U375VEI6, STM32U375VEI6Q, STM32U375VET6, STM32U375VET6Q, STM32U375VGI6, STM32U375VGI6Q, STM32U375VGT6, STM32U375VGT6Q, STM32U385CGT6, STM32U385CGT6Q, STM32U385CGU6, STM32U385CGU6Q, STM32U385CGY6QTR, STM32U385KGU6, STM32U385RGI6, STM32U385RGI6Q, STM32U385RGT6, STM32U385RGT6Q, STM32U385RGY6GTR, STM32U385RGY6QTR, STM32U385VGI6, STM32U385VGI6Q, STM32U385VGT6, STM32U385VGT6Q, STM32U535CBT6, STM32U535CBT6Q, STM32U535CBU6, STM32U535CBU6Q, STM32U535CCT6, STM32U535CCT6Q, STM32U535CCU6, STM32U535CCU6Q, STM32U535CET6, STM32U535CET6Q, STM32U535CEU6, STM32U535CEU6Q, STM32U535JEY6QTR, STM32U535NCY6QTR, STM32U535NEY6QTR, STM32U535RBI6, STM32U535RBI6Q, STM32U535RBT6, STM32U535RBT6Q, STM32U535RCI6, STM32U535RCI6Q, STM32U535RCT6, STM32U535RCT6Q, STM32U535REI6, STM32U535REI6Q, STM32U535RET6, STM32U535RET6Q, STM32U535VCI6, STM32U535VCI6Q, STM32U535VCT6, STM32U535VCT6Q, STM32U535VEI6, STM32U535VEI6Q, STM32U535VET6, STM32U535VET6Q, STM32U545CET6, STM32U545CET6Q, STM32U545CEU6, STM32U545CEU6Q, STM32U545JEY6QTR, STM32U545NEY6QTR, STM32U545REI6, STM32U545REI6Q, STM32U545RET6, STM32U545RET6Q, STM32U545VEI6, STM32U545VEI6Q, STM32U545VET6, STM32U545VET6Q, STM32U595AIH6, STM32U595AIH6Q, STM32U595AJH6, STM32U595AJH6Q, STM32U595QII6, STM32U595QII6Q, STM32U595QJI6, STM32U595QJI6Q, STM32U595RIT6, STM32U595RIT6Q, STM32U595RJT6, STM32U595RJT6Q, STM32U595VIT6, STM32U595VIT6Q, STM32U595VJT6, STM32U595VJT6Q, STM32U595ZIT6, STM32U595ZIT6Q, STM32U595ZIY6QTR, STM32U595ZJT6, STM32U595ZJT6Q, STM32U595ZJY6QTR, STM32U599BJY6QTR, STM32U599NIH6Q, STM32U599NJH6Q, STM32U599VIT6Q, STM32U599VJT6, STM32U599VJT6Q, STM32U599ZIT6Q, STM32U599ZIY6QTR, STM32U599ZJT6Q, STM32U599ZJY6QTR, STM32U5A5AJH6, STM32U5A5AJH6Q, STM32U5A5QII3Q , STM32U5A5QJI6, STM32U5A5QJI6Q, STM32U5A5RJT6, STM32U5A5RJT6Q, STM32U5A5VJT6, STM32U5A5VJT6Q, STM32U5A5ZJT6, STM32U5A5ZJT6Q, STM32U5A5ZJY6QTR, STM32U5A9BJY6QTR, STM32U5A9J-DK, STM32U5A9NJH6Q, STM32U5A9VJT6Q, STM32U5A9ZJT6Q, STM32U5A9ZJY6QTR, STM32U5F7VIT6, STM32U5F7VIT6Q, STM32U5F7VJT6, STM32U5F7VJT6Q, STM32U5F9BJY6QTR, STM32U5F9NJH6Q, STM32U5F9VIT6Q, STM32U5F9VJT6Q, STM32U5F9ZIJ6QTR, STM32U5F9ZIT6Q, STM32U5F9ZJJ6QTR, STM32U5F9ZJT6Q, STM32U5G7VJT6, STM32U5G7VJT6Q, STM32U5G9BJY6QTR, STM32U5G9J-DK1, STM32U5G9J-DK2, STM32U5G9NJH6Q, STM32U5G9VJT6Q, STM32U5G9ZJJ6QTR, STM32U5G9ZJT6Q, STM32WB05KZV6TR, STM32WB05KZV7TR, STM32WB05TZF6TR, STM32WB05TZF7TR, STM32WB06CCF6TR, STM32WB06CCF7TR, STM32WB06CCV6TR, STM32WB06CCV7TR, STM32WB06KCV6TR, STM32WB06KCV7TR, STM32WB07CCF6TR, STM32WB07CCF7TR, STM32WB07CCV6TR, STM32WB07CCV7TR, STM32WB07KCV6TR, STM32WB07KCV7TR, STM32WB09KEV6TR, STM32WB09KEV7TR, STM32WB09TEF6TR, STM32WB09TEF7TR, STM32WB1MMCH6, STM32WBA50KGU6, STM32WBA50KGU6TR, STM32WBA52CEU6, STM32WBA52CEU6TR, STM32WBA52CEU7, STM32WBA52CEU7TR, STM32WBA52CGU6, STM32WBA52CGU6TR, STM32WBA52CGU6U, STM32WBA52CGU7, STM32WBA52CGU7TR, STM32WBA52KEU6, STM32WBA52KEU6TR, STM32WBA52KGU6, STM32WBA52KGU6TR, STM32WBA54CEU6, STM32WBA54CEU6TR, STM32WBA54CEU7, STM32WBA54CEU7TR, STM32WBA54CGU6, STM32WBA54CGU6TR, STM32WBA54CGU7, STM32WBA54CGU7TR, STM32WBA54KEU6, STM32WBA54KEU6TR, STM32WBA54KEU7, STM32WBA54KEU7TR, STM32WBA54KGU6, STM32WBA54KGU6TR, STM32WBA54KGU7, STM32WBA54KGU7TR, STM32WBA55CEU6, STM32WBA55CEU6TR, STM32WBA55CEU7, STM32WBA55CEU7TR, STM32WBA55CGU6, STM32WBA55CGU6TR, STM32WBA55CGU6U, STM32WBA55CGU7, STM32WBA55CGU7TR, STM32WBA55G-DK1, STM32WBA55HEF6, STM32WBA55HEF7, STM32WBA55HGF6, STM32WBA55HGF7, STM32WBA55UEI6, STM32WBA55UEI6TR, STM32WBA55UEI7, STM32WBA55UEI7TR, STM32WBA55UGI6, STM32WBA55UGI6TR, STM32WBA55UGI7, STM32WBA55UGI7TR, STM32WBA5MMGH6TR, STM32WBA62MGF6, STM32WBA62MIF6, STM32WBA65MGF7, STM32WBA65MIF6, STM32WBA65MIF7, STM32WL30K8V6, STM32WL30KBV6, STM32WL31C8V6, STM32WL31CBV6, STM32WL31K8V6, STM32WL31KBV6, STM32WL33C8V6, STM32WL33C8V6X, STM32WL33CBV6, STM32WL33CBV6X, STM32WL33CCV6, STM32WL33CCV6A, STM32WL33CCV6X, STM32WL33K8V7, STM32WL33K8V7X, STM32WL33KBV7 , STM32WL33KBV7X, STM32WL33KCV7, STM32WL33KCV7X, STM32WL5MOCH6, STM32WL5MOCH6TR]
2025-10-31 10:48:02,614 [INFO] BoardInfo:889 - No configuration file found for board P-NUCLEO-WB55
2025-10-31 10:48:02,616 [INFO] DbBoards:161 - Kit is not supported: P-NUCLEO-WB55
2025-10-31 10:48:02,624 [INFO] BoardInfo:889 - No configuration file found for board STEVAL-BFA001V1B
2025-10-31 10:48:02,625 [INFO] DbBoards:161 - Kit is not supported: STEVAL-BFA001V1B
2025-10-31 10:48:02,626 [INFO] BoardInfo:889 - No configuration file found for board STEVAL-BFA001V2B
2025-10-31 10:48:02,628 [INFO] DbBoards:161 - Kit is not supported: STEVAL-BFA001V2B
2025-10-31 10:48:02,902 [INFO] DbBoards:168 - Found 212 boards, 209 are supported
2025-10-31 10:48:02,902 [INFO] DbBoards:169 - Found 212 boards, 43 of them is supported for  Bsp
2025-10-31 10:48:02,905 [INFO] ApiDb:414 - User favorites file not found: C:\Users\USER/.stm32cubeide/favorites.boards.txt
2025-10-31 10:48:02,905 [INFO] DbBoards:198 - Set 0 / 0 favorites Boards
2025-10-31 10:48:02,905 [INFO] McuFinderGlobals:76 - Set McuFinderConnectedMode to false
2025-10-31 10:48:02,911 [INFO] MultiScanPanel:200 - Auto-refresh data requested => check proxy status ongoing
2025-10-31 10:48:02,912 [INFO] MultiScanPanel:204 - Proxy status is invalid
2025-10-31 10:48:02,913 [INFO] FinderPluginLoader:96 - Searching for filters in installed packs
2025-10-31 10:48:04,039 [WARN] DetailPanel:346 - Failed to get advertising image, set to default
2025-10-31 10:50:56,702 [INFO] MainUpdater:2872 - connection check result : 10
2025-10-31 10:50:56,702 [INFO] MainUpdater:2872 - connection check result : 10
2025-10-31 10:50:56,717 [INFO] MicroXplorer:468 - Change Database Path : 
2025-10-31 10:50:56,717 [INFO] MicroXplorer:498 - Change Database Version : DB.6.0.150
2025-10-31 10:50:56,721 [WARN] ThirdParty:871 - waiting for thirdparty lock release [close project]
2025-10-31 10:50:56,721 [INFO] ThirdParty:873 - entering critical section [close project]
2025-10-31 10:50:56,722 [INFO] ThirdParty:883 - exiting critical section [close project]
2025-10-31 10:50:56,724 [INFO] PinOutPanel:1589 - setPackage(No Configuration,No Configuration)
2025-10-31 10:50:56,724 [INFO] UtilMem:75 - Begin LoadConfig() Used Memory: 944839120 Bytes (1073741824)
2025-10-31 10:50:56,725 [INFO] MicroXplorer:468 - Change Database Path : 
2025-10-31 10:50:56,726 [INFO] MicroXplorer:498 - Change Database Version : DB.6.0.150
2025-10-31 10:50:56,726 [INFO] OpenFileManager:355 - Change cursor
2025-10-31 10:50:56,750 [WARN] IntegrityCheckThread:84 - waiting for thirdparty lock release [integrity check]
2025-10-31 10:50:56,750 [INFO] IntegrityCheckThread:86 - entering critical section [integrity check]
2025-10-31 10:50:57,051 [WARN] PackLoader:240 - Cannot read IP mode file for STMicroelectronics.FP-SNS-MOTENVWB1.1.4.0
2025-10-31 10:50:57,066 [WARN] PackLoader:240 - Cannot read IP mode file for STMicroelectronics.FP-ATR-ASTRA1.2.0.2
2025-10-31 10:50:57,080 [WARN] PackLoader:240 - Cannot read IP mode file for STMicroelectronics.X-CUBE-SMBUS.2.1.0
2025-10-31 10:50:57,124 [WARN] PackLoader:240 - Cannot read IP mode file for STMicroelectronics.X-CUBE-AZRTOS-F7.1.1.0
2025-10-31 10:50:57,134 [WARN] PackLoader:240 - Cannot read IP mode file for Cesanta.I-CUBE-Mongoose.7.19.0
2025-10-31 10:50:57,141 [WARN] PackLoader:240 - Cannot read IP mode file for STMicroelectronics.FP-SNS-MOTENV1.5.1.0
2025-10-31 10:50:57,156 [WARN] PackLoader:240 - Cannot read IP mode file for WES.I-CUBE-Cesium.1.4.0
2025-10-31 10:50:57,180 [WARN] PackLoader:240 - Cannot read IP mode file for Infineon.AIROC-Wi-Fi-Bluetooth-STM32.1.7.1
2025-10-31 10:50:57,212 [WARN] PackLoader:240 - Cannot read IP mode file for STMicroelectronics.X-CUBE-AZRTOS-H7.3.4.0
2025-10-31 10:50:57,237 [WARN] PackLoader:240 - Cannot read IP mode file for STMicroelectronics.X-CUBE-DISPLAY.3.0.0
2025-10-31 10:50:57,249 [WARN] PackLoader:240 - Cannot read IP mode file for STMicroelectronics.X-CUBE-NFC10.1.0.0
2025-10-31 10:50:57,257 [WARN] PackLoader:240 - Cannot read IP mode file for STMicroelectronics.X-CUBE-ST60.1.1.0
2025-10-31 10:50:57,264 [WARN] PackLoader:240 - Cannot read IP mode file for emotas.I-CUBE-CANOPEN.1.3.0
2025-10-31 10:50:57,272 [WARN] PackLoader:240 - Cannot read IP mode file for STMicroelectronics.X-CUBE-GNSS1.7.1.0
2025-10-31 10:50:57,281 [WARN] PackLoader:240 - Cannot read IP mode file for STMicroelectronics.FP-SNS-STBOX1.2.1.0
2025-10-31 10:50:57,287 [WARN] PackLoader:240 - Cannot read IP mode file for STMicroelectronics.FP-SNS-SMARTAG2.1.2.0
2025-10-31 10:50:57,292 [WARN] PackLoader:240 - Cannot read IP mode file for STMicroelectronics.FP-SNS-FLIGHT1.5.1.0
2025-10-31 10:50:57,301 [INFO] LogOutputStream:77 - [STDOUT_REDIRECT] 1 : Invalid condition id : UX_CORESTACK_Condition cause : null
2025-10-31 10:50:57,302 [INFO] LogOutputStream:77 - [STDOUT_REDIRECT] 1 : Invalid condition id : UX_CORESTACK_Condition cause : null
2025-10-31 10:50:57,303 [INFO] LogOutputStream:77 - [STDOUT_REDIRECT] 1 : Invalid condition id : UX_CORESTACK_Condition cause : null
2025-10-31 10:50:57,304 [INFO] LogOutputStream:77 - [STDOUT_REDIRECT] 1 : Invalid condition id : UX_CORESTACK_Condition cause : null
2025-10-31 10:50:57,305 [INFO] LogOutputStream:77 - [STDOUT_REDIRECT] 1 : Invalid condition id : UX_CORESTACK_Condition cause : null
2025-10-31 10:50:57,307 [WARN] PackLoader:240 - Cannot read IP mode file for STMicroelectronics.X-CUBE-AZRTOS-WL.2.0.0
2025-10-31 10:50:57,314 [WARN] PackLoader:240 - Cannot read IP mode file for STMicroelectronics.X-CUBE-BLE2.3.3.0
2025-10-31 10:50:57,320 [WARN] PackLoader:240 - Cannot read IP mode file for STMicroelectronics.X-CUBE-NFC9.1.0.0
2025-10-31 10:50:57,327 [WARN] PackLoader:240 - Cannot read IP mode file for wolfSSL.I-CUBE-wolfSSL.5.8.2
2025-10-31 10:50:57,332 [WARN] PackLoader:240 - Cannot read IP mode file for STMicroelectronics.X-CUBE-BLE1.7.1.0
2025-10-31 10:50:57,336 [WARN] PackLoader:240 - Cannot read IP mode file for wolfSSL.I-CUBE-wolfMQTT.1.19.2
2025-10-31 10:50:57,342 [WARN] PackLoader:240 - Cannot read IP mode file for STMicroelectronics.X-CUBE-EEPRMA1.5.2.0
2025-10-31 10:50:57,350 [WARN] PackLoader:240 - Cannot read IP mode file for STMicroelectronics.X-CUBE-ST67W61.1.1.0
2025-10-31 10:50:57,362 [WARN] PackLoader:240 - Cannot read IP mode file for STMicroelectronics.X-CUBE-AZRTOS-G0.1.1.0
2025-10-31 10:50:57,370 [WARN] PackLoader:240 - Cannot read IP mode file for STMicroelectronics.X-CUBE-SAFEA1.1.2.2
2025-10-31 10:50:57,377 [WARN] PackLoader:240 - Cannot read IP mode file for STMicroelectronics.X-CUBE-NFC4.3.0.0
2025-10-31 10:50:57,385 [WARN] PackLoader:240 - Cannot read IP mode file for EmbeddedOffice.I-CUBE-FS-RTOS.1.0.1
2025-10-31 10:50:57,390 [WARN] PackLoader:240 - Cannot read IP mode file for STMicroelectronics.X-CUBE-WB05N.2.0.0
2025-10-31 10:50:57,394 [WARN] PackLoader:240 - Cannot read IP mode file for wolfSSL.I-CUBE-wolfTPM.3.8.0
2025-10-31 10:50:57,399 [WARN] PackLoader:240 - Cannot read IP mode file for STMicroelectronics.X-CUBE-TCPP.4.2.0
2025-10-31 10:50:57,407 [WARN] PackLoader:240 - Cannot read IP mode file for RealThread.X-CUBE-RT-Thread_Nano.4.1.1
2025-10-31 10:50:57,412 [WARN] PackLoader:240 - Cannot read IP mode file for STMicroelectronics.FP-ATR-SIGFOX1.3.2.0
2025-10-31 10:50:57,418 [WARN] PackLoader:240 - Cannot read IP mode file for ITTIA_DB.I-CUBE-ITTIADB.8.9.0
2025-10-31 10:50:57,422 [WARN] PackLoader:240 - Cannot read IP mode file for STMicroelectronics.X-CUBE-AI.10.2.0
2025-10-31 10:50:57,444 [WARN] PackLoader:240 - Cannot read IP mode file for SEGGER.I-CUBE-embOS.1.3.1
2025-10-31 10:50:57,481 [WARN] PackLoader:240 - Cannot read IP mode file for STMicroelectronics.X-CUBE-ALGOBUILD.1.4.0
2025-10-31 10:50:57,528 [WARN] PackLoader:240 - Cannot read IP mode file for STMicroelectronics.X-CUBE-MEMS1.11.3.0
2025-10-31 10:50:57,620 [WARN] PackLoader:240 - Cannot read IP mode file for STMicroelectronics.X-CUBE-PM33A1.1.0.0
2025-10-31 10:50:57,633 [WARN] PackLoader:240 - Cannot read IP mode file for STMicroelectronics.X-CUBE-AZRTOS-F4.1.1.0
2025-10-31 10:50:57,639 [WARN] PackLoader:240 - Cannot read IP mode file for STMicroelectronics.X-CUBE-ISPU.2.1.0
2025-10-31 10:50:57,651 [WARN] PackLoader:240 - Cannot read IP mode file for STMicroelectronics.X-CUBE-IPS.3.2.0
2025-10-31 10:50:57,661 [WARN] PackLoader:240 - Cannot read IP mode file for STMicroelectronics.X-CUBE-NFC12.1.0.0
2025-10-31 10:50:57,674 [WARN] PackLoader:240 - Cannot read IP mode file for STMicroelectronics.X-CUBE-AZRTOS-L5.2.0.0
2025-10-31 10:50:57,684 [WARN] PackLoader:240 - Cannot read IP mode file for STMicroelectronics.X-CUBE-NFC6.3.1.0
2025-10-31 10:50:57,693 [WARN] PackLoader:240 - Cannot read IP mode file for STMicroelectronics.X-CUBE-FREERTOS.1.3.1
2025-10-31 10:50:57,699 [WARN] PackLoader:240 - Cannot read IP mode file for STMicroelectronics.X-CUBE-TOUCHGFX.4.26.0
2025-10-31 10:50:57,704 [WARN] PackLoader:240 - Cannot read IP mode file for STMicroelectronics.FP-SNS-STAIOTCFT.1.0.0
2025-10-31 10:50:57,710 [WARN] PackLoader:240 - Cannot read IP mode file for STMicroelectronics.X-CUBE-DPower.1.3.0
2025-10-31 10:50:57,722 [WARN] ConditionMgr:438 - getConditionDescription Invalid condition id : LAN8742 Phy interface Condition cause : null
2025-10-31 10:50:57,723 [WARN] PackLoader:240 - Cannot read IP mode file for STMicroelectronics.X-CUBE-AZRTOS-L4.2.0.0
2025-10-31 10:50:57,724 [WARN] ConditionMgr:1044 - genDependencies : Invalid condition id : LAN8742 Phy interface Condition cause : null
2025-10-31 10:50:57,724 [WARN] ConditionMgr:1044 - genDependencies : Invalid condition id : LAN8742 Phy interface Condition cause : null
2025-10-31 10:50:57,724 [WARN] ConditionMgr:1044 - genDependencies : Invalid condition id : LAN8742 Phy interface Condition cause : null
2025-10-31 10:50:57,732 [WARN] PackLoader:240 - Cannot read IP mode file for STMicroelectronics.X-CUBE-SFXS2LP1.4.0.0
2025-10-31 10:50:57,739 [WARN] PackLoader:240 - Cannot read IP mode file for STMicroelectronics.X-CUBE-BLEMGR.4.1.0
2025-10-31 10:50:57,749 [WARN] ConditionMgr:438 - getConditionDescription Invalid condition id : UX DEVICE CLASS RTOS Condition cause : null
2025-10-31 10:50:57,750 [WARN] ConditionMgr:438 - getConditionDescription Invalid condition id : UX DEVICE CLASS RTOS Condition cause : null
2025-10-31 10:50:57,751 [WARN] PackLoader:240 - Cannot read IP mode file for STMicroelectronics.X-CUBE-AZRTOS-WB.2.0.0
2025-10-31 10:50:57,751 [WARN] ConditionMgr:1044 - genDependencies : Invalid condition id : UX DEVICE CLASS RTOS Condition cause : null
2025-10-31 10:50:57,751 [WARN] ConditionMgr:1044 - genDependencies : Invalid condition id : UX DEVICE CLASS RTOS Condition cause : null
2025-10-31 10:50:57,751 [WARN] ConditionMgr:1044 - genDependencies : Invalid condition id : UX DEVICE CLASS RTOS Condition cause : null
2025-10-31 10:50:57,752 [WARN] ConditionMgr:1044 - genDependencies : Invalid condition id : UX DEVICE CLASS RTOS Condition cause : null
2025-10-31 10:50:57,752 [WARN] ConditionMgr:1044 - genDependencies : Invalid condition id : UX DEVICE CLASS RTOS Condition cause : null
2025-10-31 10:50:57,757 [WARN] ConditionMgr:438 - getConditionDescription Invalid condition id : Cortex-A Device cause : null
2025-10-31 10:50:57,771 [WARN] ConditionMgr:1044 - genDependencies : Invalid condition id : Cortex-A Device cause : null
2025-10-31 10:50:57,771 [WARN] ConditionMgr:1044 - genDependencies : Invalid condition id : Cortex-A Device cause : null
2025-10-31 10:50:57,771 [WARN] ConditionMgr:1044 - genDependencies : Invalid condition id : Cortex-A Device cause : null
2025-10-31 10:50:57,780 [WARN] PackLoader:240 - Cannot read IP mode file for STMicroelectronics.X-CUBE-SUBG2.5.0.0
2025-10-31 10:50:57,793 [WARN] PackLoader:240 - Cannot read IP mode file for STMicroelectronics.X-CUBE-AZRTOS-H7RS.1.1.0
2025-10-31 10:50:57,803 [WARN] PackLoader:240 - Cannot read IP mode file for STMicroelectronics.X-CUBE-AZRTOS-G4.2.0.0
2025-10-31 10:50:57,808 [WARN] PackLoader:240 - Cannot read IP mode file for wolfSSL.I-CUBE-wolfSSH.1.4.20
2025-10-31 10:50:57,812 [WARN] PackLoader:240 - Cannot read IP mode file for STMicroelectronics.X-CUBE-NFC7.2.0.0
2025-10-31 10:50:57,816 [WARN] PackLoader:240 - Cannot read IP mode file for STMicroelectronics.X-CUBE-ALS.1.0.2
2025-10-31 10:50:57,822 [WARN] PackLoader:240 - Cannot read IP mode file for STMicroelectronics.X-CUBE-STSE01.1.0.0
2025-10-31 10:50:57,831 [WARN] PackLoader:240 - Cannot read IP mode file for STMicroelectronics.X-CUBE-TOF1.3.4.3
2025-10-31 10:50:57,837 [INFO] ThirdParty:978 - Integrity check success = true
2025-10-31 10:50:57,837 [INFO] IntegrityCheckThread:100 - exiting critical section [integrity check]
2025-10-31 10:50:57,837 [INFO] IntegrityCheckThread:103 - End integrity checks thread
2025-10-31 10:50:58,031 [INFO] Mcu:2029 - Initializing MCU STM32F103RCTx STM32F103RCTx STM32F103RCT6TR
2025-10-31 10:50:58,784 [INFO] Context:786 - Trying to add GPIOservice into a context  which must be forbidden
2025-10-31 10:50:59,004 [INFO] ImportTextPane:234 - (OptionalMessage_ERROR) Unable to find key (Mcu.ThirdPartyNb) in loaded IOC file
2025-10-31 10:50:59,004 [INFO] ImportTextPane:234 - (OptionalMessage_ERROR) Unable to find key (Mcu.PinsNb) in loaded IOC file
2025-10-31 10:50:59,005 [INFO] ImportTextPane:234 - (OptionalMessage_ERROR) Pin0 (VP_RIF_VS_RIF1) cannot be retrieved for this MCU
2025-10-31 10:50:59,005 [INFO] ImportTextPane:234 - (OptionalMessage_ERROR) Unable to find key (Mcu.IPNb) in loaded IOC file
2025-10-31 10:50:59,074 [INFO] RtosManager:558 - Registered RTOS mode: class=CMSIS, group=RTOS, mode=CMSIS_V1, owner=FREERTOS
2025-10-31 10:50:59,074 [INFO] RtosManager:558 - Registered RTOS mode: class=CMSIS, group=RTOS2, mode=CMSIS_V2, owner=FREERTOS
2025-10-31 10:50:59,074 [INFO] RtosManager:558 - Registered RTOS mode: class=RTOS, group=Core, mode=CMSIS_V1, owner=FREERTOS
2025-10-31 10:50:59,074 [INFO] RtosManager:558 - Registered RTOS mode: class=RTOS, group=Core, mode=CMSIS_V2, owner=FREERTOS
2025-10-31 10:50:59,075 [WARN] ModelIntegratedComponent:184 - Missing modes for component STMicroelectronics:FreeRTOS:0.0.1:STMicroelectronics:RTOS:FreeRTOS:Core:::10.2.0:
2025-10-31 10:50:59,093 [WARN] ModelIntegratedComponent:63 - No mode defined for component null
2025-10-31 10:50:59,093 [WARN] ModelIntegratedComponent:63 - No mode defined for component null
2025-10-31 10:50:59,093 [WARN] ModelIntegratedComponent:63 - No mode defined for component null
2025-10-31 10:50:59,093 [WARN] ModelIntegratedComponent:63 - No mode defined for component null
2025-10-31 10:50:59,093 [WARN] ModelIntegratedComponent:63 - No mode defined for component null
2025-10-31 10:50:59,093 [WARN] ModelIntegratedComponent:63 - No mode defined for component null
2025-10-31 10:50:59,093 [WARN] ModelIntegratedComponent:63 - No mode defined for component null
2025-10-31 10:50:59,093 [WARN] ModelIntegratedComponent:63 - No mode defined for component null
2025-10-31 10:50:59,093 [WARN] ModelIntegratedComponent:63 - No mode defined for component null
2025-10-31 10:50:59,093 [WARN] ModelIntegratedComponent:63 - No mode defined for component null
2025-10-31 10:50:59,093 [WARN] ModelIntegratedComponent:63 - No mode defined for component null
2025-10-31 10:50:59,094 [WARN] ModelIntegratedComponent:63 - No mode defined for component null
2025-10-31 10:50:59,094 [WARN] ModelIntegratedComponent:63 - No mode defined for component null
2025-10-31 10:50:59,094 [WARN] ModelIntegratedComponent:63 - No mode defined for component null
2025-10-31 10:50:59,094 [WARN] ModelIntegratedComponent:63 - No mode defined for component null
2025-10-31 10:50:59,094 [WARN] ModelIntegratedComponent:63 - No mode defined for component null
2025-10-31 10:50:59,094 [WARN] ModelIntegratedComponent:63 - No mode defined for component null
2025-10-31 10:50:59,094 [WARN] ModelIntegratedComponent:63 - No mode defined for component null
2025-10-31 10:50:59,094 [WARN] ModelIntegratedComponent:63 - No mode defined for component null
2025-10-31 10:50:59,094 [WARN] ModelIntegratedComponent:63 - No mode defined for component null
2025-10-31 10:50:59,094 [WARN] ModelIntegratedComponent:63 - No mode defined for component null
2025-10-31 10:50:59,094 [WARN] ModelIntegratedComponent:63 - No mode defined for component null
2025-10-31 10:50:59,095 [WARN] ModelIntegratedComponent:63 - No mode defined for component null
2025-10-31 10:50:59,095 [WARN] ModelIntegratedComponent:63 - No mode defined for component null
2025-10-31 10:50:59,095 [WARN] ModelIntegratedComponent:63 - No mode defined for component null
2025-10-31 10:50:59,095 [WARN] ModelIntegratedComponent:63 - No mode defined for component null
2025-10-31 10:50:59,095 [WARN] ModelIntegratedComponent:63 - No mode defined for component null
2025-10-31 10:50:59,095 [WARN] ModelIntegratedComponent:63 - No mode defined for component null
2025-10-31 10:50:59,095 [WARN] ModelIntegratedComponent:63 - No mode defined for component null
2025-10-31 10:50:59,095 [WARN] ModelIntegratedComponent:63 - No mode defined for component null
2025-10-31 10:50:59,095 [WARN] ModelIntegratedComponent:63 - No mode defined for component null
2025-10-31 10:50:59,096 [WARN] ModelIntegratedComponent:63 - No mode defined for component null
2025-10-31 10:50:59,096 [WARN] ModelIntegratedComponent:63 - No mode defined for component null
2025-10-31 10:50:59,096 [WARN] ModelIntegratedComponent:63 - No mode defined for component null
2025-10-31 10:50:59,096 [WARN] ModelIntegratedComponent:63 - No mode defined for component null
2025-10-31 10:50:59,096 [WARN] ModelPack:524 - Component already loaded: STMicroelectronics:HAL Drivers:0.0.0:STMicroelectronics:Device:STMicro_Driver:XSPI:HAL::0.0.1:HAL_XSPI
2025-10-31 10:50:59,164 [INFO] ThirdPartyModel:298 - Start build external matchings
2025-10-31 10:50:59,549 [INFO] ThirdPartyModel:316 - End build external matchings
2025-10-31 10:50:59,726 [INFO] UtilMem:75 - End LoadConfig() Used Memory: 630360960 Bytes (1073741824)
2025-10-31 10:50:59,818 [WARN] ThirdParty:833 - waiting for thirdparty lock release [change project]
2025-10-31 10:50:59,818 [INFO] ThirdParty:835 - entering critical section [change project]
2025-10-31 10:50:59,818 [INFO] ThirdParty:1030 - CMSIS Pack Vendor :STMicroelectronics X-CUBE-PM33A1 1.0.0
2025-10-31 10:50:59,818 [INFO] ThirdParty:1030 - CMSIS Pack Vendor :STMicroelectronics USBPD 4.1
2025-10-31 10:50:59,818 [INFO] ThirdParty:1030 - CMSIS Pack Vendor :STMicroelectronics X-CUBE-NFC9 1.0.0
2025-10-31 10:50:59,818 [INFO] ThirdParty:1030 - CMSIS Pack Vendor :STMicroelectronics USB_HOST 2.0.0
2025-10-31 10:50:59,818 [INFO] ThirdParty:1030 - CMSIS Pack Vendor :STMicroelectronics FP-SNS-MOTENVWB1 1.4.0
2025-10-31 10:50:59,818 [INFO] ThirdParty:1030 - CMSIS Pack Vendor :STMicroelectronics X-CUBE-AZRTOS-F4 1.1.0
2025-10-31 10:50:59,818 [INFO] ThirdParty:1030 - CMSIS Pack Vendor :STMicroelectronics LIBJPEG 8.0.0
2025-10-31 10:50:59,818 [INFO] ThirdParty:1030 - CMSIS Pack Vendor :STMicroelectronics FP-ATR-ASTRA1 2.0.2
2025-10-31 10:50:59,818 [INFO] ThirdParty:1030 - CMSIS Pack Vendor :wolfSSL I-CUBE-wolfSSL 5.8.2
2025-10-31 10:50:59,818 [INFO] ThirdParty:1030 - CMSIS Pack Vendor :STMicroelectronics X-CUBE-BLE1 7.1.0
2025-10-31 10:50:59,818 [INFO] ThirdParty:1030 - CMSIS Pack Vendor :STMicroelectronics X-CUBE-SMBUS 2.1.0
2025-10-31 10:50:59,818 [INFO] ThirdParty:1030 - CMSIS Pack Vendor :wolfSSL I-CUBE-wolfMQTT 1.19.2
2025-10-31 10:50:59,818 [INFO] ThirdParty:1030 - CMSIS Pack Vendor :STMicroelectronics USB_DEVICE 3.0.0
2025-10-31 10:50:59,819 [INFO] ThirdParty:1030 - CMSIS Pack Vendor :STMicroelectronics X-CUBE-ISPU 2.1.0
2025-10-31 10:50:59,819 [INFO] ThirdParty:1030 - CMSIS Pack Vendor :STMicroelectronics X-CUBE-EEPRMA1 5.2.0
2025-10-31 10:50:59,819 [INFO] ThirdParty:1030 - CMSIS Pack Vendor :STMicroelectronics X-CUBE-IPS 3.2.0
2025-10-31 10:50:59,819 [INFO] ThirdParty:1030 - CMSIS Pack Vendor :STMicroelectronics X-CUBE-BLEMGR 4.1.0
2025-10-31 10:50:59,819 [INFO] ThirdParty:1030 - CMSIS Pack Vendor :STMicroelectronics X-CUBE-AZRTOS-WB 2.0.0
2025-10-31 10:50:59,819 [INFO] ThirdParty:1030 - CMSIS Pack Vendor :STMicroelectronics X-CUBE-NFC12 1.0.0
2025-10-31 10:50:59,819 [INFO] ThirdParty:1030 - CMSIS Pack Vendor :STMicroelectronics X-CUBE-AZRTOS-F7 1.1.0
2025-10-31 10:50:59,819 [INFO] ThirdParty:1030 - CMSIS Pack Vendor :STMicroelectronics X-CUBE-AZRTOS-L5 2.0.0
2025-10-31 10:50:59,819 [INFO] ThirdParty:1030 - CMSIS Pack Vendor :STMicroelectronics USB_DEVICE 2.0.0
2025-10-31 10:50:59,819 [INFO] ThirdParty:1030 - CMSIS Pack Vendor :STMicroelectronics X-CUBE-NFC6 3.1.0
2025-10-31 10:50:59,819 [INFO] ThirdParty:1030 - CMSIS Pack Vendor :STMicroelectronics X-CUBE-ST67W61 1.1.0
2025-10-31 10:50:59,819 [INFO] ThirdParty:1030 - CMSIS Pack Vendor :Cesanta I-CUBE-Mongoose 7.19.0
2025-10-31 10:50:59,819 [INFO] ThirdParty:1030 - CMSIS Pack Vendor :quantropi X-CUBE-qispace-sdk-base 2.1.0
2025-10-31 10:50:59,819 [INFO] ThirdParty:1030 - CMSIS Pack Vendor :STMicroelectronics FP-SNS-MOTENV1 5.1.0
2025-10-31 10:50:59,819 [INFO] ThirdParty:1030 - CMSIS Pack Vendor :STMicroelectronics FreeRTOS 0.0.1
2025-10-31 10:50:59,819 [INFO] ThirdParty:1030 - CMSIS Pack Vendor :STMicroelectronics X-CUBE-AZRTOS-G0 1.1.0
2025-10-31 10:50:59,819 [INFO] ThirdParty:1030 - CMSIS Pack Vendor :STMicroelectronics X-CUBE-SAFEA1 1.2.2
2025-10-31 10:50:59,819 [INFO] ThirdParty:1030 - CMSIS Pack Vendor :STMicroelectronics X-CUBE-NFC4 3.0.0
2025-10-31 10:50:59,819 [INFO] ThirdParty:1030 - CMSIS Pack Vendor :STMicroelectronics X-CUBE-SUBG2 5.0.0
2025-10-31 10:50:59,819 [INFO] ThirdParty:1030 - CMSIS Pack Vendor :STMicroelectronics X-CUBE-AZRTOS-H7RS 1.1.0
2025-10-31 10:50:59,819 [INFO] ThirdParty:1030 - CMSIS Pack Vendor :STMicroelectronics STM32_WPAN 1.0.0
2025-10-31 10:50:59,819 [INFO] ThirdParty:1030 - CMSIS Pack Vendor :EmbeddedOffice I-CUBE-FS-RTOS 1.0.1
2025-10-31 10:50:59,819 [INFO] ThirdParty:1030 - CMSIS Pack Vendor :STMicroelectronics lwIP 2.0.3
2025-10-31 10:50:59,819 [INFO] ThirdParty:1030 - CMSIS Pack Vendor :WES I-CUBE-Cesium 1.4.0
2025-10-31 10:50:59,819 [INFO] ThirdParty:1030 - CMSIS Pack Vendor :STMicroelectronics USB_HOST 1.0.0
2025-10-31 10:50:59,819 [INFO] ThirdParty:1030 - CMSIS Pack Vendor :Infineon AIROC-Wi-Fi-Bluetooth-STM32 1.7.1
2025-10-31 10:50:59,819 [INFO] ThirdParty:1030 - CMSIS Pack Vendor :STMicroelectronics X-CUBE-AZRTOS-G4 2.0.0
2025-10-31 10:50:59,819 [INFO] ThirdParty:1030 - CMSIS Pack Vendor :STMicroelectronics X-CUBE-WB05N 2.0.0
2025-10-31 10:50:59,819 [INFO] ThirdParty:1030 - CMSIS Pack Vendor :STMicroelectronics PDM2PCM 3.1.0
2025-10-31 10:50:59,819 [INFO] ThirdParty:1030 - CMSIS Pack Vendor :STMicroelectronics PDM2PCM 3.3.0
2025-10-31 10:50:59,819 [INFO] ThirdParty:1030 - CMSIS Pack Vendor :wolfSSL I-CUBE-wolfTPM 3.8.0
2025-10-31 10:50:59,819 [INFO] ThirdParty:1030 - CMSIS Pack Vendor :STMicroelectronics X-CUBE-AZRTOS-H7 3.4.0
2025-10-31 10:50:59,820 [INFO] ThirdParty:1030 - CMSIS Pack Vendor :STMicroelectronics X-CUBE-DISPLAY 3.0.0
2025-10-31 10:50:59,820 [INFO] ThirdParty:1030 - CMSIS Pack Vendor :wolfSSL I-CUBE-wolfSSH 1.4.20
2025-10-31 10:50:59,820 [INFO] ThirdParty:1030 - CMSIS Pack Vendor :STMicroelectronics X-CUBE-NFC7 2.0.0
2025-10-31 10:50:59,820 [INFO] ThirdParty:1030 - CMSIS Pack Vendor :STMicroelectronics X-CUBE-TCPP 4.2.0
2025-10-31 10:50:59,820 [INFO] ThirdParty:1030 - CMSIS Pack Vendor :RealThread X-CUBE-RT-Thread_Nano 4.1.1
2025-10-31 10:50:59,820 [INFO] ThirdParty:1030 - CMSIS Pack Vendor :STMicroelectronics FP-ATR-SIGFOX1 3.2.0
2025-10-31 10:50:59,820 [INFO] ThirdParty:1030 - CMSIS Pack Vendor :STMicroelectronics X-CUBE-NFC10 1.0.0
2025-10-31 10:50:59,820 [INFO] ThirdParty:1030 - CMSIS Pack Vendor :STMicroelectronics X-CUBE-FREERTOS 1.3.1
2025-10-31 10:50:59,820 [INFO] ThirdParty:1030 - CMSIS Pack Vendor :STMicroelectronics HAL Drivers 0.0.0
2025-10-31 10:50:59,820 [INFO] ThirdParty:1030 - CMSIS Pack Vendor :STMicroelectronics MBEDTLS 2.16.2
2025-10-31 10:50:59,820 [INFO] ThirdParty:1030 - CMSIS Pack Vendor :STMicroelectronics X-CUBE-ST60 1.1.0
2025-10-31 10:50:59,820 [INFO] ThirdParty:1030 - CMSIS Pack Vendor :STMicroelectronics X-CUBE-ALS 1.0.2
2025-10-31 10:50:59,820 [INFO] ThirdParty:1030 - CMSIS Pack Vendor :emotas I-CUBE-CANOPEN 1.3.0
2025-10-31 10:50:59,820 [INFO] ThirdParty:1030 - CMSIS Pack Vendor :STMicroelectronics MBEDTLS 2.14.1
2025-10-31 10:50:59,820 [INFO] ThirdParty:1030 - CMSIS Pack Vendor :STMicroelectronics X-CUBE-GNSS1 7.1.0
2025-10-31 10:50:59,820 [INFO] ThirdParty:1030 - CMSIS Pack Vendor :ITTIA_DB I-CUBE-ITTIADB 8.9.0
2025-10-31 10:50:59,820 [INFO] ThirdParty:1030 - CMSIS Pack Vendor :STMicroelectronics X-CUBE-TOUCHGFX 4.26.0
2025-10-31 10:50:59,820 [INFO] ThirdParty:1030 - CMSIS Pack Vendor :STMicroelectronics X-CUBE-STSE01 1.0.0
2025-10-31 10:50:59,820 [INFO] ThirdParty:1030 - CMSIS Pack Vendor :STMicroelectronics FP-SNS-STBOX1 2.1.0
2025-10-31 10:50:59,820 [INFO] ThirdParty:1030 - CMSIS Pack Vendor :STMicroelectronics X-CUBE-AI 10.2.0
2025-10-31 10:50:59,820 [INFO] ThirdParty:1030 - CMSIS Pack Vendor :STMicroelectronics FP-SNS-STAIOTCFT 1.0.0
2025-10-31 10:50:59,820 [INFO] ThirdParty:1030 - CMSIS Pack Vendor :STMicroelectronics ThreadX 1.0.0
2025-10-31 10:50:59,820 [INFO] ThirdParty:1030 - CMSIS Pack Vendor :STMicroelectronics FP-SNS-SMARTAG2 1.2.0
2025-10-31 10:50:59,820 [INFO] ThirdParty:1030 - CMSIS Pack Vendor :STMicroelectronics FP-SNS-FLIGHT1 5.1.0
2025-10-31 10:50:59,820 [INFO] ThirdParty:1030 - CMSIS Pack Vendor :STMicroelectronics X-CUBE-AZRTOS-WL 2.0.0
2025-10-31 10:50:59,820 [INFO] ThirdParty:1030 - CMSIS Pack Vendor :SEGGER I-CUBE-embOS 1.3.1
2025-10-31 10:50:59,820 [INFO] ThirdParty:1030 - CMSIS Pack Vendor :STMicroelectronics X-CUBE-ALGOBUILD 1.4.0
2025-10-31 10:50:59,820 [INFO] ThirdParty:1030 - CMSIS Pack Vendor :STMicroelectronics X-CUBE-DPower 1.3.0
2025-10-31 10:50:59,820 [INFO] ThirdParty:1030 - CMSIS Pack Vendor :STMicroelectronics X-CUBE-MEMS1 11.3.0
2025-10-31 10:50:59,820 [INFO] ThirdParty:1030 - CMSIS Pack Vendor :STMicroelectronics USB_DEVICE 1.0.0
2025-10-31 10:50:59,820 [INFO] ThirdParty:1030 - CMSIS Pack Vendor :STMicroelectronics X-CUBE-AZRTOS-L4 2.0.0
2025-10-31 10:50:59,820 [INFO] ThirdParty:1030 - CMSIS Pack Vendor :STMicroelectronics ThreadX 0.0.2
2025-10-31 10:50:59,820 [INFO] ThirdParty:1030 - CMSIS Pack Vendor :STMicroelectronics lwIP 2.1.2
2025-10-31 10:50:59,821 [INFO] ThirdParty:1030 - CMSIS Pack Vendor :STMicroelectronics X-CUBE-SFXS2LP1 4.0.0
2025-10-31 10:50:59,821 [INFO] ThirdParty:1030 - CMSIS Pack Vendor :STMicroelectronics X-CUBE-BLE2 3.3.0
2025-10-31 10:50:59,821 [INFO] ThirdParty:1030 - CMSIS Pack Vendor :STMicroelectronics X-CUBE-TOF1 3.4.3
2025-10-31 10:50:59,821 [INFO] ThirdParty:1030 - CMSIS Pack Vendor :STMicroelectronics PDM2PCM 3.2.0
2025-10-31 10:50:59,821 [INFO] ThirdParty:841 - exiting critical section [change project]
2025-10-31 10:51:00,044 [INFO] PinOutPanel:1589 - setPackage(No Configuration,No Configuration)
2025-10-31 10:51:00,046 [INFO] PinOutPanel:1589 - setPackage(STM32F103RCTx,LQFP64)
2025-10-31 10:51:00,489 [INFO] UtilMem:75 - Before build in PCC Used Memory: 550138848 Bytes (1073741824)
2025-10-31 10:51:01,142 [INFO] UtilMem:75 - After build in PCC Used Memory: 616199152 Bytes (1073741824)
2025-10-31 10:51:01,171 [INFO] IPUIPlugin:80 - create IPUIPlugin
2025-10-31 10:51:01,172 [INFO] IPUIPlugin:80 - create IPUIPlugin
2025-10-31 10:51:01,172 [INFO] IPUIPlugin:80 - create IPUIPlugin
2025-10-31 10:51:01,172 [INFO] IPUIPlugin:80 - create IPUIPlugin
2025-10-31 10:51:01,172 [INFO] IPUIPlugin:80 - create IPUIPlugin
2025-10-31 10:51:01,172 [INFO] IPUIPlugin:80 - create IPUIPlugin
2025-10-31 10:51:01,172 [INFO] IPUIPlugin:80 - create IPUIPlugin
2025-10-31 10:51:01,172 [INFO] IPUIPlugin:80 - create IPUIPlugin
2025-10-31 10:51:01,172 [INFO] IPUIPlugin:80 - create IPUIPlugin
2025-10-31 10:51:01,172 [INFO] IPUIPlugin:80 - create IPUIPlugin
2025-10-31 10:51:01,172 [INFO] IPUIPlugin:80 - create IPUIPlugin
2025-10-31 10:51:01,173 [INFO] IPUIPlugin:80 - create IPUIPlugin
2025-10-31 10:51:01,173 [INFO] IPUIPlugin:80 - create IPUIPlugin
2025-10-31 10:51:01,173 [INFO] IPUIPlugin:80 - create IPUIPlugin
2025-10-31 10:51:01,173 [INFO] IPUIPlugin:80 - create IPUIPlugin
2025-10-31 10:51:01,173 [INFO] IPUIPlugin:80 - create IPUIPlugin
2025-10-31 10:51:01,173 [INFO] IPUIPlugin:80 - create IPUIPlugin
2025-10-31 10:51:01,174 [INFO] IPUIPlugin:80 - create IPUIPlugin
2025-10-31 10:51:01,174 [INFO] IPUIPlugin:80 - create IPUIPlugin
2025-10-31 10:51:01,174 [INFO] IPUIPlugin:80 - create IPUIPlugin
2025-10-31 10:51:01,174 [INFO] IPUIPlugin:80 - create IPUIPlugin
2025-10-31 10:51:01,174 [INFO] IPUIPlugin:80 - create IPUIPlugin
2025-10-31 10:51:01,174 [INFO] IPUIPlugin:80 - create IPUIPlugin
2025-10-31 10:51:01,175 [INFO] IPUIPlugin:80 - create IPUIPlugin
2025-10-31 10:51:01,175 [INFO] IPUIPlugin:80 - create IPUIPlugin
2025-10-31 10:51:01,175 [INFO] IPUIPlugin:80 - create IPUIPlugin
2025-10-31 10:51:01,175 [INFO] IPUIPlugin:80 - create IPUIPlugin
2025-10-31 10:51:01,176 [INFO] IPUIPlugin:80 - create IPUIPlugin
2025-10-31 10:51:01,176 [INFO] IPUIPlugin:80 - create IPUIPlugin
2025-10-31 10:51:01,176 [INFO] IPUIPlugin:80 - create IPUIPlugin
2025-10-31 10:51:01,176 [INFO] IPUIPlugin:80 - create IPUIPlugin
2025-10-31 10:51:01,177 [INFO] IPUIPlugin:80 - create IPUIPlugin
2025-10-31 10:51:01,177 [INFO] IPUIPlugin:80 - create IPUIPlugin
2025-10-31 10:51:01,177 [INFO] IPUIPlugin:80 - create IPUIPlugin
2025-10-31 10:51:01,177 [INFO] IPUIPlugin:80 - create IPUIPlugin
2025-10-31 10:51:01,178 [INFO] IPUIPlugin:80 - create IPUIPlugin
2025-10-31 10:51:01,178 [INFO] IPUIPlugin:80 - create IPUIPlugin
2025-10-31 10:51:01,178 [INFO] IPUIPlugin:80 - create IPUIPlugin
2025-10-31 10:51:01,178 [INFO] IPUIPlugin:80 - create IPUIPlugin
2025-10-31 10:51:01,305 [INFO] CADModel:165 - CPN selected for project levelSTM32F103RCT6TR
2025-10-31 10:51:01,305 [INFO] CADModel:114 - Register for checkConnection events
2025-10-31 10:51:01,349 [INFO] OpenFileManager:386 - Restore cursor
2025-10-31 10:51:01,783 [INFO] UtilMem:75 - End SaveConfig() Used Memory: 711214024 Bytes (1073741824)
2025-10-31 10:51:01,821 [INFO] UserAuth:487 - Internet connection configuration mode: 1
2025-10-31 10:51:01,838 [INFO] JxBrowserEngine:152 - Initiate JxBrowser Engine with user profile folder
2025-10-31 10:51:03,156 [INFO] WebApp:169 - Instantiating new browser for Auth
2025-10-31 10:51:03,702 [INFO] WebApp:463 - Apply proxy settings
2025-10-31 10:51:03,702 [INFO] WebApp:548 - Chromium requires no authentication
2025-10-31 10:51:03,710 [INFO] WebApp:491 - Direct internet connection detected
2025-10-31 10:51:03,729 [INFO] WebApp:900 - Register for checkConnection events
2025-10-31 10:51:03,729 [INFO] WebApp:463 - Apply proxy settings
2025-10-31 10:51:03,729 [INFO] WebApp:548 - Chromium requires no authentication
2025-10-31 10:51:03,730 [INFO] WebApp:491 - Direct internet connection detected
2025-10-31 10:51:03,855 [INFO] WebApp:225 - Starting web application
2025-10-31 10:51:03,855 [INFO] WebApp:593 - Web application path used C:\ST\STM32CubeIDE_1.19.0\STM32CubeIDE\plugins\com.st.stm32cube.common.mx_6.15.0.202507011659\db\plugins\mcufinder\reactClient1\index.html
2025-10-31 10:51:04,881 [INFO] WebApp:191 - Connection restablished
2025-10-31 10:51:14,469 [INFO] McuFinderGlobals:76 - Set McuFinderConnectedMode to true
2025-10-31 10:51:14,472 [INFO] ApiDb:448 - Save user favorites file C:\Users\USER/.stm32cubeide/favorites.mcus.txt: 0 item(s)
2025-10-31 10:51:14,472 [INFO] ApiDb:452 - User favorites MCUs=[]
2025-10-31 10:51:27,790 [INFO] McuFinderGlobals:63 - Set McuFinder mode to 2 (CubeIDE integrated)
2025-10-31 10:51:27,790 [INFO] UserAuth:171 - activating auth plugin
2025-10-31 10:51:27,793 [INFO] UserAuth:487 - Internet connection configuration mode: 1
2025-10-31 10:52:54,584 [INFO] WebApp:652 - userauth.ini deleted or not created
2025-10-31 10:53:24,425 [INFO] Gpio:278 - dependency for GPIO [RCC, SYS]
2025-10-31 10:53:38,850 [INFO] Gpio:278 - dependency for GPIO [RCC, SYS]
2025-10-31 10:54:15,193 [INFO] ParamManager:905 - [Generic UI] PropertyChangeEvent: TAB_STATUS_CHANGED , "dont care", "never mind"
2025-10-31 10:54:15,204 [INFO] ParamManager:905 - [Generic UI] PropertyChangeEvent: TAB_STATUS_CHANGED , "dont care", "never mind"
2025-10-31 10:54:15,207 [INFO] ADCParametersView:116 -                Rank 1 : false
2025-10-31 10:54:15,230 [INFO] ADCParametersView:116 -                Rank 1 : false
2025-10-31 10:54:15,230 [INFO] ADCParametersView:116 -                Rank 1 : false
2025-10-31 10:54:15,230 [INFO] ADCParametersView:116 -                Rank 1 : false
2025-10-31 10:54:15,230 [INFO] ADCParametersView:116 -                Rank 1 : false
2025-10-31 10:54:15,230 [INFO] ADCParametersView:116 -                Rank 1 : false
2025-10-31 10:54:15,231 [INFO] ADCParametersView:116 -                Rank 1 : false
2025-10-31 10:54:15,231 [INFO] ADCParametersView:116 -                Rank 1 : false
2025-10-31 10:54:15,231 [INFO] ADCParametersView:116 -                Rank 1 : false
2025-10-31 10:54:15,231 [INFO] ADCParametersView:116 -                Rank 1 : false
2025-10-31 10:54:15,231 [INFO] ADCParametersView:116 -                Rank 1 : false
2025-10-31 10:54:15,234 [INFO] ADCParametersView:116 -                Rank 1 : false
2025-10-31 10:54:15,275 [INFO] NvicIntPanel:101 - NVIC parent = com.st.microxplorer.plugins.ip.nvic.MultiNvicIntPanel[,0,0,0x0,invalid,layout=javax.swing.BoxLayout,alignmentX=0.0,alignmentY=0.0,border=,flags=9,maximumSize=,minimumSize=,preferredSize=]
2025-10-31 10:54:15,318 [INFO] NvicIntPanel:101 - NVIC parent = com.st.microxplorer.plugins.ip.nvic.MultiNvicIntPanel[,0,0,0x0,invalid,layout=javax.swing.BoxLayout,alignmentX=0.0,alignmentY=0.0,border=,flags=9,maximumSize=,minimumSize=,preferredSize=]
2025-10-31 10:54:15,345 [INFO] ADCParametersView:116 -                Rank 1 : false
2025-10-31 10:54:15,345 [INFO] ADCParametersView:116 -                Rank 1 : false
2025-10-31 10:54:15,345 [INFO] ADCParametersView:116 -                Rank 1 : false
2025-10-31 10:54:15,346 [INFO] ADCParametersView:116 -                Rank 1 : false
2025-10-31 10:54:15,346 [INFO] ADCParametersView:116 -                Rank 1 : false
2025-10-31 10:54:15,346 [INFO] ADCParametersView:116 -                Rank 1 : false
2025-10-31 10:54:15,346 [INFO] ADCParametersView:116 -                Rank 1 : false
2025-10-31 10:54:15,346 [INFO] ADCParametersView:116 -                Rank 1 : false
2025-10-31 10:54:15,346 [INFO] ADCParametersView:116 -                Rank 1 : false
2025-10-31 10:54:15,346 [INFO] ADCParametersView:116 -                Rank 1 : false
2025-10-31 10:54:15,349 [INFO] ADCParametersView:116 -                Rank 1 : false
2025-10-31 10:54:15,358 [INFO] ADCParametersView:116 -                Rank 1 : false
2025-10-31 10:54:15,359 [INFO] ADCParametersView:116 -                Rank 1 : false
2025-10-31 10:54:15,359 [INFO] ADCParametersView:116 -                Rank 1 : false
2025-10-31 10:54:15,359 [INFO] ADCParametersView:116 -                Rank 1 : false
2025-10-31 10:54:15,359 [INFO] ADCParametersView:116 -                Rank 1 : false
2025-10-31 10:54:15,359 [INFO] ADCParametersView:116 -                Rank 1 : false
2025-10-31 10:54:15,359 [INFO] ADCParametersView:116 -                Rank 1 : false
2025-10-31 10:54:15,359 [INFO] ADCParametersView:116 -                Rank 1 : false
2025-10-31 10:54:15,359 [INFO] ADCParametersView:116 -                Rank 1 : false
2025-10-31 10:54:15,359 [INFO] ADCParametersView:116 -                Rank 1 : false
2025-10-31 10:54:15,362 [INFO] ADCParametersView:116 -                Rank 1 : false
2025-10-31 10:54:16,251 [INFO] ADCParametersView:116 -                Rank 1 : false
2025-10-31 10:54:16,251 [INFO] ADCParametersView:116 -                Rank 1 : false
2025-10-31 10:54:16,251 [INFO] ADCParametersView:116 -                Rank 1 : false
2025-10-31 10:54:16,251 [INFO] ADCParametersView:116 -                Rank 1 : false
2025-10-31 10:54:16,251 [INFO] ADCParametersView:116 -                Rank 1 : false
2025-10-31 10:54:16,252 [INFO] ADCParametersView:116 -                Rank 1 : false
2025-10-31 10:54:16,252 [INFO] ADCParametersView:116 -                Rank 1 : false
2025-10-31 10:54:16,252 [INFO] ADCParametersView:116 -                Rank 1 : false
2025-10-31 10:54:16,252 [INFO] ADCParametersView:116 -                Rank 1 : false
2025-10-31 10:54:16,252 [INFO] ADCParametersView:116 -                Rank 1 : false
2025-10-31 10:54:16,255 [INFO] ADCParametersView:116 -                Rank 1 : false
2025-10-31 10:54:16,266 [INFO] ADCParametersView:116 -                Rank 1 : false
2025-10-31 10:54:16,266 [INFO] ADCParametersView:116 -                Rank 1 : false
2025-10-31 10:54:16,266 [INFO] ADCParametersView:116 -                Rank 1 : false
2025-10-31 10:54:16,267 [INFO] ADCParametersView:116 -                Rank 1 : false
2025-10-31 10:54:16,267 [INFO] ADCParametersView:116 -                Rank 1 : false
2025-10-31 10:54:16,267 [INFO] ADCParametersView:116 -                Rank 1 : false
2025-10-31 10:54:16,267 [INFO] ADCParametersView:116 -                Rank 1 : false
2025-10-31 10:54:16,267 [INFO] ADCParametersView:116 -                Rank 1 : false
2025-10-31 10:54:16,267 [INFO] ADCParametersView:116 -                Rank 1 : false
2025-10-31 10:54:16,267 [INFO] ADCParametersView:116 -                Rank 1 : false
2025-10-31 10:54:16,270 [INFO] ADCParametersView:116 -                Rank 1 : false
2025-10-31 10:54:16,297 [INFO] ADCParametersView:116 -                Rank 1 : false
2025-10-31 10:54:16,297 [INFO] ADCParametersView:116 -                Rank 1 : false
2025-10-31 10:54:16,297 [INFO] ADCParametersView:116 -                Rank 1 : false
2025-10-31 10:54:16,297 [INFO] ADCParametersView:116 -                Rank 1 : false
2025-10-31 10:54:16,297 [INFO] ADCParametersView:116 -                Rank 1 : false
2025-10-31 10:54:16,297 [INFO] ADCParametersView:116 -                Rank 1 : false
2025-10-31 10:54:16,297 [INFO] ADCParametersView:116 -                Rank 1 : false
2025-10-31 10:54:16,297 [INFO] ADCParametersView:116 -                Rank 1 : false
2025-10-31 10:54:16,297 [INFO] ADCParametersView:116 -                Rank 1 : false
2025-10-31 10:54:16,297 [INFO] ADCParametersView:116 -                Rank 1 : false
2025-10-31 10:54:16,301 [INFO] ADCParametersView:116 -                Rank 1 : false
2025-10-31 10:54:16,311 [INFO] ADCParametersView:116 -                Rank 1 : false
2025-10-31 10:54:16,311 [INFO] ADCParametersView:116 -                Rank 1 : false
2025-10-31 10:54:16,311 [INFO] ADCParametersView:116 -                Rank 1 : false
2025-10-31 10:54:16,311 [INFO] ADCParametersView:116 -                Rank 1 : false
2025-10-31 10:54:16,311 [INFO] ADCParametersView:116 -                Rank 1 : false
2025-10-31 10:54:16,311 [INFO] ADCParametersView:116 -                Rank 1 : false
2025-10-31 10:54:16,311 [INFO] ADCParametersView:116 -                Rank 1 : false
2025-10-31 10:54:16,312 [INFO] ADCParametersView:116 -                Rank 1 : false
2025-10-31 10:54:16,312 [INFO] ADCParametersView:116 -                Rank 1 : false
2025-10-31 10:54:16,312 [INFO] ADCParametersView:116 -                Rank 1 : false
2025-10-31 10:54:16,315 [INFO] ADCParametersView:116 -                Rank 1 : false
2025-10-31 10:54:16,362 [INFO] ADCParametersView:116 -                Rank 1 : false
2025-10-31 10:54:16,363 [INFO] ADCParametersView:116 -                Rank 1 : false
2025-10-31 10:54:16,363 [INFO] ADCParametersView:116 -                Rank 1 : false
2025-10-31 10:54:16,363 [INFO] ADCParametersView:116 -                Rank 1 : false
2025-10-31 10:54:16,363 [INFO] ADCParametersView:116 -                Rank 1 : false
2025-10-31 10:54:16,363 [INFO] ADCParametersView:116 -                Rank 1 : false
2025-10-31 10:54:16,363 [INFO] ADCParametersView:116 -                Rank 1 : false
2025-10-31 10:54:16,363 [INFO] ADCParametersView:116 -                Rank 1 : false
2025-10-31 10:54:16,363 [INFO] ADCParametersView:116 -                Rank 1 : false
2025-10-31 10:54:16,363 [INFO] ADCParametersView:116 -                Rank 1 : false
2025-10-31 10:54:16,368 [INFO] ADCParametersView:116 -                Rank 1 : false
2025-10-31 10:54:16,378 [INFO] ADCParametersView:116 -                Rank 1 : false
2025-10-31 10:54:16,378 [INFO] ADCParametersView:116 -                Rank 1 : false
2025-10-31 10:54:16,378 [INFO] ADCParametersView:116 -                Rank 1 : false
2025-10-31 10:54:16,378 [INFO] ADCParametersView:116 -                Rank 1 : false
2025-10-31 10:54:16,378 [INFO] ADCParametersView:116 -                Rank 1 : false
2025-10-31 10:54:16,378 [INFO] ADCParametersView:116 -                Rank 1 : false
2025-10-31 10:54:16,378 [INFO] ADCParametersView:116 -                Rank 1 : false
2025-10-31 10:54:16,378 [INFO] ADCParametersView:116 -                Rank 1 : false
2025-10-31 10:54:16,378 [INFO] ADCParametersView:116 -                Rank 1 : false
2025-10-31 10:54:16,378 [INFO] ADCParametersView:116 -                Rank 1 : false
2025-10-31 10:54:16,381 [INFO] ADCParametersView:116 -                Rank 1 : false
2025-10-31 10:54:17,076 [INFO] ADCParametersView:116 -                Rank 1 : false
2025-10-31 10:54:17,076 [INFO] ADCParametersView:116 -                Rank 1 : false
2025-10-31 10:54:17,076 [INFO] ADCParametersView:116 -                Rank 1 : false
2025-10-31 10:54:17,076 [INFO] ADCParametersView:116 -                Rank 1 : false
2025-10-31 10:54:17,076 [INFO] ADCParametersView:116 -                Rank 1 : false
2025-10-31 10:54:17,076 [INFO] ADCParametersView:116 -                Rank 1 : false
2025-10-31 10:54:17,076 [INFO] ADCParametersView:116 -                Rank 1 : false
2025-10-31 10:54:17,076 [INFO] ADCParametersView:116 -                Rank 1 : false
2025-10-31 10:54:17,076 [INFO] ADCParametersView:116 -                Rank 1 : false
2025-10-31 10:54:17,077 [INFO] ADCParametersView:116 -                Rank 1 : false
2025-10-31 10:54:17,079 [INFO] ADCParametersView:116 -                Rank 1 : false
2025-10-31 10:54:17,088 [INFO] ADCParametersView:116 -                Rank 1 : false
2025-10-31 10:54:17,088 [INFO] ADCParametersView:116 -                Rank 1 : false
2025-10-31 10:54:17,088 [INFO] ADCParametersView:116 -                Rank 1 : false
2025-10-31 10:54:17,088 [INFO] ADCParametersView:116 -                Rank 1 : false
2025-10-31 10:54:17,088 [INFO] ADCParametersView:116 -                Rank 1 : false
2025-10-31 10:54:17,088 [INFO] ADCParametersView:116 -                Rank 1 : false
2025-10-31 10:54:17,088 [INFO] ADCParametersView:116 -                Rank 1 : false
2025-10-31 10:54:17,088 [INFO] ADCParametersView:116 -                Rank 1 : false
2025-10-31 10:54:17,088 [INFO] ADCParametersView:116 -                Rank 1 : false
2025-10-31 10:54:17,088 [INFO] ADCParametersView:116 -                Rank 1 : false
2025-10-31 10:54:17,091 [INFO] ADCParametersView:116 -                Rank 1 : false
2025-10-31 10:54:17,116 [INFO] ADCParametersView:116 -                Rank 1 : false
2025-10-31 10:54:17,116 [INFO] ADCParametersView:116 -                Rank 1 : false
2025-10-31 10:54:17,116 [INFO] ADCParametersView:116 -                Rank 1 : false
2025-10-31 10:54:17,116 [INFO] ADCParametersView:116 -                Rank 1 : false
2025-10-31 10:54:17,116 [INFO] ADCParametersView:116 -                Rank 1 : false
2025-10-31 10:54:17,116 [INFO] ADCParametersView:116 -                Rank 1 : false
2025-10-31 10:54:17,116 [INFO] ADCParametersView:116 -                Rank 1 : false
2025-10-31 10:54:17,116 [INFO] ADCParametersView:116 -                Rank 1 : false
2025-10-31 10:54:17,116 [INFO] ADCParametersView:116 -                Rank 1 : false
2025-10-31 10:54:17,116 [INFO] ADCParametersView:116 -                Rank 1 : false
2025-10-31 10:54:17,119 [INFO] ADCParametersView:116 -                Rank 1 : false
2025-10-31 10:54:17,127 [INFO] ADCParametersView:116 -                Rank 1 : false
2025-10-31 10:54:17,127 [INFO] ADCParametersView:116 -                Rank 1 : false
2025-10-31 10:54:17,128 [INFO] ADCParametersView:116 -                Rank 1 : false
2025-10-31 10:54:17,128 [INFO] ADCParametersView:116 -                Rank 1 : false
2025-10-31 10:54:17,128 [INFO] ADCParametersView:116 -                Rank 1 : false
2025-10-31 10:54:17,128 [INFO] ADCParametersView:116 -                Rank 1 : false
2025-10-31 10:54:17,128 [INFO] ADCParametersView:116 -                Rank 1 : false
2025-10-31 10:54:17,128 [INFO] ADCParametersView:116 -                Rank 1 : false
2025-10-31 10:54:17,128 [INFO] ADCParametersView:116 -                Rank 1 : false
2025-10-31 10:54:17,128 [INFO] ADCParametersView:116 -                Rank 1 : false
2025-10-31 10:54:17,130 [INFO] ADCParametersView:116 -                Rank 1 : false
2025-10-31 10:54:17,171 [INFO] ADCParametersView:116 -                Rank 1 : false
2025-10-31 10:54:17,172 [INFO] ADCParametersView:116 -                Rank 1 : false
2025-10-31 10:54:17,172 [INFO] ADCParametersView:116 -                Rank 1 : false
2025-10-31 10:54:17,172 [INFO] ADCParametersView:116 -                Rank 1 : false
2025-10-31 10:54:17,172 [INFO] ADCParametersView:116 -                Rank 1 : false
2025-10-31 10:54:17,172 [INFO] ADCParametersView:116 -                Rank 1 : false
2025-10-31 10:54:17,172 [INFO] ADCParametersView:116 -                Rank 1 : false
2025-10-31 10:54:17,172 [INFO] ADCParametersView:116 -                Rank 1 : false
2025-10-31 10:54:17,172 [INFO] ADCParametersView:116 -                Rank 1 : false
2025-10-31 10:54:17,172 [INFO] ADCParametersView:116 -                Rank 1 : false
2025-10-31 10:54:17,175 [INFO] ADCParametersView:116 -                Rank 1 : false
2025-10-31 10:54:17,182 [INFO] ADCParametersView:116 -                Rank 1 : false
2025-10-31 10:54:17,182 [INFO] ADCParametersView:116 -                Rank 1 : false
2025-10-31 10:54:17,182 [INFO] ADCParametersView:116 -                Rank 1 : false
2025-10-31 10:54:17,182 [INFO] ADCParametersView:116 -                Rank 1 : false
2025-10-31 10:54:17,183 [INFO] ADCParametersView:116 -                Rank 1 : false
2025-10-31 10:54:17,183 [INFO] ADCParametersView:116 -                Rank 1 : false
2025-10-31 10:54:17,183 [INFO] ADCParametersView:116 -                Rank 1 : false
2025-10-31 10:54:17,183 [INFO] ADCParametersView:116 -                Rank 1 : false
2025-10-31 10:54:17,183 [INFO] ADCParametersView:116 -                Rank 1 : false
2025-10-31 10:54:17,183 [INFO] ADCParametersView:116 -                Rank 1 : false
2025-10-31 10:54:17,185 [INFO] ADCParametersView:116 -                Rank 1 : false
2025-10-31 10:54:17,874 [INFO] ADCParametersView:116 -                Rank 1 : false
2025-10-31 10:54:17,874 [INFO] ADCParametersView:116 -                Rank 1 : false
2025-10-31 10:54:17,874 [INFO] ADCParametersView:116 -                Rank 1 : false
2025-10-31 10:54:17,874 [INFO] ADCParametersView:116 -                Rank 1 : false
2025-10-31 10:54:17,874 [INFO] ADCParametersView:116 -                Rank 1 : false
2025-10-31 10:54:17,874 [INFO] ADCParametersView:116 -                Rank 1 : false
2025-10-31 10:54:17,874 [INFO] ADCParametersView:116 -                Rank 1 : false
2025-10-31 10:54:17,874 [INFO] ADCParametersView:116 -                Rank 1 : false
2025-10-31 10:54:17,874 [INFO] ADCParametersView:116 -                Rank 1 : false
2025-10-31 10:54:17,874 [INFO] ADCParametersView:116 -                Rank 1 : false
2025-10-31 10:54:17,877 [INFO] ADCParametersView:116 -                Rank 1 : false
2025-10-31 10:54:17,885 [INFO] ADCParametersView:116 -                Rank 1 : false
2025-10-31 10:54:17,885 [INFO] ADCParametersView:116 -                Rank 1 : false
2025-10-31 10:54:17,885 [INFO] ADCParametersView:116 -                Rank 1 : false
2025-10-31 10:54:17,886 [INFO] ADCParametersView:116 -                Rank 1 : false
2025-10-31 10:54:17,886 [INFO] ADCParametersView:116 -                Rank 1 : false
2025-10-31 10:54:17,886 [INFO] ADCParametersView:116 -                Rank 1 : false
2025-10-31 10:54:17,886 [INFO] ADCParametersView:116 -                Rank 1 : false
2025-10-31 10:54:17,886 [INFO] ADCParametersView:116 -                Rank 1 : false
2025-10-31 10:54:17,886 [INFO] ADCParametersView:116 -                Rank 1 : false
2025-10-31 10:54:17,886 [INFO] ADCParametersView:116 -                Rank 1 : false
2025-10-31 10:54:17,888 [INFO] ADCParametersView:116 -                Rank 1 : false
2025-10-31 10:54:17,915 [INFO] ADCParametersView:116 -                Rank 1 : false
2025-10-31 10:54:17,915 [INFO] ADCParametersView:116 -                Rank 1 : false
2025-10-31 10:54:17,915 [INFO] ADCParametersView:116 -                Rank 1 : false
2025-10-31 10:54:17,915 [INFO] ADCParametersView:116 -                Rank 1 : false
2025-10-31 10:54:17,915 [INFO] ADCParametersView:116 -                Rank 1 : false
2025-10-31 10:54:17,915 [INFO] ADCParametersView:116 -                Rank 1 : false
2025-10-31 10:54:17,915 [INFO] ADCParametersView:116 -                Rank 1 : false
2025-10-31 10:54:17,915 [INFO] ADCParametersView:116 -                Rank 1 : false
2025-10-31 10:54:17,915 [INFO] ADCParametersView:116 -                Rank 1 : false
2025-10-31 10:54:17,915 [INFO] ADCParametersView:116 -                Rank 1 : false
2025-10-31 10:54:17,918 [INFO] ADCParametersView:116 -                Rank 1 : false
2025-10-31 10:54:17,926 [INFO] ADCParametersView:116 -                Rank 1 : false
2025-10-31 10:54:17,926 [INFO] ADCParametersView:116 -                Rank 1 : false
2025-10-31 10:54:17,926 [INFO] ADCParametersView:116 -                Rank 1 : false
2025-10-31 10:54:17,926 [INFO] ADCParametersView:116 -                Rank 1 : false
2025-10-31 10:54:17,926 [INFO] ADCParametersView:116 -                Rank 1 : false
2025-10-31 10:54:17,926 [INFO] ADCParametersView:116 -                Rank 1 : false
2025-10-31 10:54:17,926 [INFO] ADCParametersView:116 -                Rank 1 : false
2025-10-31 10:54:17,926 [INFO] ADCParametersView:116 -                Rank 1 : false
2025-10-31 10:54:17,926 [INFO] ADCParametersView:116 -                Rank 1 : false
2025-10-31 10:54:17,926 [INFO] ADCParametersView:116 -                Rank 1 : false
2025-10-31 10:54:17,929 [INFO] ADCParametersView:116 -                Rank 1 : false
2025-10-31 10:54:17,969 [INFO] ADCParametersView:116 -                Rank 1 : false
2025-10-31 10:54:17,969 [INFO] ADCParametersView:116 -                Rank 1 : false
2025-10-31 10:54:17,969 [INFO] ADCParametersView:116 -                Rank 1 : false
2025-10-31 10:54:17,969 [INFO] ADCParametersView:116 -                Rank 1 : false
2025-10-31 10:54:17,969 [INFO] ADCParametersView:116 -                Rank 1 : false
2025-10-31 10:54:17,969 [INFO] ADCParametersView:116 -                Rank 1 : false
2025-10-31 10:54:17,969 [INFO] ADCParametersView:116 -                Rank 1 : false
2025-10-31 10:54:17,969 [INFO] ADCParametersView:116 -                Rank 1 : false
2025-10-31 10:54:17,969 [INFO] ADCParametersView:116 -                Rank 1 : false
2025-10-31 10:54:17,969 [INFO] ADCParametersView:116 -                Rank 1 : false
2025-10-31 10:54:17,973 [INFO] ADCParametersView:116 -                Rank 1 : false
2025-10-31 10:54:17,983 [INFO] ADCParametersView:116 -                Rank 1 : false
2025-10-31 10:54:17,983 [INFO] ADCParametersView:116 -                Rank 1 : false
2025-10-31 10:54:17,983 [INFO] ADCParametersView:116 -                Rank 1 : false
2025-10-31 10:54:17,983 [INFO] ADCParametersView:116 -                Rank 1 : false
2025-10-31 10:54:17,983 [INFO] ADCParametersView:116 -                Rank 1 : false
2025-10-31 10:54:17,983 [INFO] ADCParametersView:116 -                Rank 1 : false
2025-10-31 10:54:17,983 [INFO] ADCParametersView:116 -                Rank 1 : false
2025-10-31 10:54:17,983 [INFO] ADCParametersView:116 -                Rank 1 : false
2025-10-31 10:54:17,983 [INFO] ADCParametersView:116 -                Rank 1 : false
2025-10-31 10:54:17,983 [INFO] ADCParametersView:116 -                Rank 1 : false
2025-10-31 10:54:17,986 [INFO] ADCParametersView:116 -                Rank 1 : false
2025-10-31 10:54:24,475 [INFO] ADCParametersView:116 -                Rank 1 : false
2025-10-31 10:54:24,477 [INFO] ADCParametersView:116 -                Rank 1 : false
2025-10-31 10:54:24,477 [INFO] ADCParametersView:116 -                Rank 1 : false
2025-10-31 10:54:24,477 [INFO] ADCParametersView:116 -                Rank 1 : false
2025-10-31 10:54:24,477 [INFO] ADCParametersView:116 -                Rank 1 : false
2025-10-31 10:54:24,477 [INFO] ADCParametersView:116 -                Rank 1 : false
2025-10-31 10:54:24,478 [INFO] ADCParametersView:116 -                Rank 1 : false
2025-10-31 10:54:24,478 [INFO] ADCParametersView:116 -                Rank 1 : false
2025-10-31 10:54:24,478 [INFO] ADCParametersView:116 -                Rank 1 : false
2025-10-31 10:54:24,478 [INFO] ADCParametersView:116 -                Rank 1 : false
2025-10-31 10:54:24,481 [INFO] ADCParametersView:116 -                Rank 1 : false
2025-10-31 10:54:24,494 [INFO] ADCParametersView:116 -                Rank 1 : false
2025-10-31 10:54:24,495 [INFO] ADCParametersView:116 -                Rank 1 : false
2025-10-31 10:54:24,495 [INFO] ADCParametersView:116 -                Rank 1 : false
2025-10-31 10:54:24,495 [INFO] ADCParametersView:116 -                Rank 1 : false
2025-10-31 10:54:24,495 [INFO] ADCParametersView:116 -                Rank 1 : false
2025-10-31 10:54:24,495 [INFO] ADCParametersView:116 -                Rank 1 : false
2025-10-31 10:54:24,495 [INFO] ADCParametersView:116 -                Rank 1 : false
2025-10-31 10:54:24,495 [INFO] ADCParametersView:116 -                Rank 1 : false
2025-10-31 10:54:24,495 [INFO] ADCParametersView:116 -                Rank 1 : false
2025-10-31 10:54:24,495 [INFO] ADCParametersView:116 -                Rank 1 : false
2025-10-31 10:54:24,498 [INFO] ADCParametersView:116 -                Rank 1 : false
2025-10-31 10:54:24,517 [INFO] ADCParametersView:116 -                Rank 1 : false
2025-10-31 10:54:24,518 [INFO] ADCParametersView:116 -                Rank 1 : false
2025-10-31 10:54:24,518 [INFO] ADCParametersView:116 -                Rank 1 : false
2025-10-31 10:54:24,518 [INFO] ADCParametersView:116 -                Rank 1 : false
2025-10-31 10:54:24,518 [INFO] ADCParametersView:116 -                Rank 1 : false
2025-10-31 10:54:24,518 [INFO] ADCParametersView:116 -                Rank 1 : false
2025-10-31 10:54:24,518 [INFO] ADCParametersView:116 -                Rank 1 : false
2025-10-31 10:54:24,518 [INFO] ADCParametersView:116 -                Rank 1 : false
2025-10-31 10:54:24,519 [INFO] ADCParametersView:116 -                Rank 1 : false
2025-10-31 10:54:24,519 [INFO] ADCParametersView:116 -                Rank 1 : false
2025-10-31 10:54:24,522 [INFO] ADCParametersView:116 -                Rank 1 : false
2025-10-31 10:54:33,265 [INFO] SpinnerEditorADC:65 - is string kkkk
2025-10-31 10:54:37,781 [INFO] ParamManager:905 - [Generic UI] PropertyChangeEvent: TAB_STATUS_CHANGED , "dont care", "never mind"
2025-10-31 10:54:37,792 [INFO] NvicIntPanel:101 - NVIC parent = com.st.microxplorer.plugins.ip.nvic.MultiNvicIntPanel[,0,0,0x0,invalid,layout=javax.swing.BoxLayout,alignmentX=0.0,alignmentY=0.0,border=,flags=9,maximumSize=,minimumSize=,preferredSize=]
2025-10-31 10:54:37,827 [INFO] ParamManager:905 - [Generic UI] PropertyChangeEvent: TAB_STATUS_CHANGED , "dont care", "never mind"
2025-10-31 10:54:37,838 [INFO] NvicIntPanel:101 - NVIC parent = com.st.microxplorer.plugins.ip.nvic.MultiNvicIntPanel[,0,0,0x0,invalid,layout=javax.swing.BoxLayout,alignmentX=0.0,alignmentY=0.0,border=,flags=9,maximumSize=,minimumSize=,preferredSize=]
2025-10-31 10:54:37,875 [INFO] ParamManager:905 - [Generic UI] PropertyChangeEvent: TAB_STATUS_CHANGED , "dont care", "never mind"
2025-10-31 10:54:37,888 [INFO] NvicIntPanel:101 - NVIC parent = com.st.microxplorer.plugins.ip.nvic.MultiNvicIntPanel[,0,0,0x0,invalid,layout=javax.swing.BoxLayout,alignmentX=0.0,alignmentY=0.0,border=,flags=9,maximumSize=,minimumSize=,preferredSize=]
2025-10-31 10:54:37,924 [INFO] ParamManager:905 - [Generic UI] PropertyChangeEvent: TAB_STATUS_CHANGED , "dont care", "never mind"
2025-10-31 10:54:37,934 [INFO] NvicIntPanel:101 - NVIC parent = com.st.microxplorer.plugins.ip.nvic.MultiNvicIntPanel[,0,0,0x0,invalid,layout=javax.swing.BoxLayout,alignmentX=0.0,alignmentY=0.0,border=,flags=9,maximumSize=,minimumSize=,preferredSize=]
2025-10-31 10:54:37,971 [INFO] ParamManager:905 - [Generic UI] PropertyChangeEvent: TAB_STATUS_CHANGED , "dont care", "never mind"
2025-10-31 10:54:37,982 [INFO] NvicIntPanel:101 - NVIC parent = com.st.microxplorer.plugins.ip.nvic.MultiNvicIntPanel[,0,0,0x0,invalid,layout=javax.swing.BoxLayout,alignmentX=0.0,alignmentY=0.0,border=,flags=9,maximumSize=,minimumSize=,preferredSize=]
2025-10-31 10:54:38,018 [INFO] ParamManager:905 - [Generic UI] PropertyChangeEvent: TAB_STATUS_CHANGED , "dont care", "never mind"
2025-10-31 10:54:38,029 [INFO] NvicIntPanel:101 - NVIC parent = com.st.microxplorer.plugins.ip.nvic.MultiNvicIntPanel[,0,0,0x0,invalid,layout=javax.swing.BoxLayout,alignmentX=0.0,alignmentY=0.0,border=,flags=9,maximumSize=,minimumSize=,preferredSize=]
2025-10-31 10:54:38,081 [INFO] NvicIntPanel:101 - NVIC parent = com.st.microxplorer.plugins.ip.nvic.MultiNvicIntPanel[,0,0,0x0,invalid,layout=javax.swing.BoxLayout,alignmentX=0.0,alignmentY=0.0,border=,flags=9,maximumSize=,minimumSize=,preferredSize=]
2025-10-31 10:54:38,097 [INFO] ADCParametersView:116 -                Rank 1 : false
2025-10-31 10:54:38,099 [INFO] ADCParametersView:116 -                Rank 1 : false
2025-10-31 10:54:38,099 [INFO] ADCParametersView:116 -                Rank 1 : false
2025-10-31 10:54:38,099 [INFO] ADCParametersView:116 -                Rank 1 : false
2025-10-31 10:54:38,099 [INFO] ADCParametersView:116 -                Rank 1 : false
2025-10-31 10:54:38,099 [INFO] ADCParametersView:116 -                Rank 1 : false
2025-10-31 10:54:38,099 [INFO] ADCParametersView:116 -                Rank 1 : false
2025-10-31 10:54:38,099 [INFO] ADCParametersView:116 -                Rank 1 : false
2025-10-31 10:54:38,099 [INFO] ADCParametersView:116 -                Rank 1 : false
2025-10-31 10:54:38,099 [INFO] ADCParametersView:116 -                Rank 1 : false
2025-10-31 10:54:38,103 [INFO] ADCParametersView:116 -                Rank 1 : false
2025-10-31 10:54:38,103 [INFO] ADCParametersView:116 -                Rank 1 : false
2025-10-31 10:54:38,103 [INFO] ADCParametersView:116 -        *      Rank 2 : false
2025-10-31 10:54:38,103 [INFO] ADCParametersView:116 -                Rank 1 : false
2025-10-31 10:54:38,103 [INFO] ADCParametersView:116 -        *      Rank 2 : false
2025-10-31 10:54:38,103 [INFO] ADCParametersView:116 -        *      Rank 3 : false
2025-10-31 10:54:38,103 [INFO] ADCParametersView:116 -                Rank 1 : false
2025-10-31 10:54:38,103 [INFO] ADCParametersView:116 -        *      Rank 2 : false
2025-10-31 10:54:38,103 [INFO] ADCParametersView:116 -        *      Rank 3 : false
2025-10-31 10:54:38,103 [INFO] ADCParametersView:116 -        *      Rank 4 : false
2025-10-31 10:54:41,275 [INFO] ADCParametersView:116 -                Rank 1 : true
2025-10-31 10:54:41,275 [INFO] ADCParametersView:116 -        *      Rank 2 : false
2025-10-31 10:54:41,275 [INFO] ADCParametersView:116 -        *      Rank 3 : false
2025-10-31 10:54:41,275 [INFO] ADCParametersView:116 -        *      Rank 4 : false
2025-10-31 10:54:45,495 [INFO] NvicIntPanel:101 - NVIC parent = com.st.microxplorer.plugins.ip.nvic.MultiNvicIntPanel[,0,0,0x0,invalid,layout=javax.swing.BoxLayout,alignmentX=0.0,alignmentY=0.0,border=,flags=9,maximumSize=,minimumSize=,preferredSize=]
2025-10-31 10:54:45,515 [INFO] ADCParametersView:116 -                Rank 1 : true
2025-10-31 10:54:45,515 [INFO] ADCParametersView:116 -        *      Rank 2 : false
2025-10-31 10:54:45,515 [INFO] ADCParametersView:116 -        *      Rank 3 : false
2025-10-31 10:54:45,515 [INFO] ADCParametersView:116 -        *      Rank 4 : false
2025-10-31 10:54:45,516 [INFO] ADCParametersView:116 -                Rank 1 : true
2025-10-31 10:54:45,516 [INFO] ADCParametersView:116 -        *      Rank 2 : false
2025-10-31 10:54:45,516 [INFO] ADCParametersView:116 -        *      Rank 3 : false
2025-10-31 10:54:45,516 [INFO] ADCParametersView:116 -        *      Rank 4 : false
2025-10-31 10:54:45,516 [INFO] ADCParametersView:116 -                Rank 1 : true
2025-10-31 10:54:45,516 [INFO] ADCParametersView:116 -        *      Rank 2 : false
2025-10-31 10:54:45,516 [INFO] ADCParametersView:116 -        *      Rank 3 : false
2025-10-31 10:54:45,516 [INFO] ADCParametersView:116 -        *      Rank 4 : false
2025-10-31 10:54:45,517 [INFO] ADCParametersView:116 -                Rank 1 : true
2025-10-31 10:54:45,517 [INFO] ADCParametersView:116 -        *      Rank 2 : false
2025-10-31 10:54:45,517 [INFO] ADCParametersView:116 -        *      Rank 3 : false
2025-10-31 10:54:45,517 [INFO] ADCParametersView:116 -        *      Rank 4 : false
2025-10-31 10:54:45,517 [INFO] ADCParametersView:116 -                Rank 1 : true
2025-10-31 10:54:45,517 [INFO] ADCParametersView:116 -        *      Rank 2 : false
2025-10-31 10:54:45,517 [INFO] ADCParametersView:116 -        *      Rank 3 : false
2025-10-31 10:54:45,517 [INFO] ADCParametersView:116 -        *      Rank 4 : false
2025-10-31 10:54:45,517 [INFO] ADCParametersView:116 -                Rank 1 : true
2025-10-31 10:54:45,517 [INFO] ADCParametersView:116 -        *      Rank 2 : false
2025-10-31 10:54:45,517 [INFO] ADCParametersView:116 -        *      Rank 3 : false
2025-10-31 10:54:45,517 [INFO] ADCParametersView:116 -        *      Rank 4 : false
2025-10-31 10:54:45,517 [INFO] ADCParametersView:116 -                Rank 1 : true
2025-10-31 10:54:45,517 [INFO] ADCParametersView:116 -        *      Rank 2 : false
2025-10-31 10:54:45,517 [INFO] ADCParametersView:116 -        *      Rank 3 : false
2025-10-31 10:54:45,517 [INFO] ADCParametersView:116 -        *      Rank 4 : false
2025-10-31 10:54:45,517 [INFO] ADCParametersView:116 -                Rank 1 : true
2025-10-31 10:54:45,517 [INFO] ADCParametersView:116 -        *      Rank 2 : false
2025-10-31 10:54:45,517 [INFO] ADCParametersView:116 -        *      Rank 3 : false
2025-10-31 10:54:45,517 [INFO] ADCParametersView:116 -        *      Rank 4 : false
2025-10-31 10:54:45,517 [INFO] ADCParametersView:116 -                Rank 1 : true
2025-10-31 10:54:45,517 [INFO] ADCParametersView:116 -        *      Rank 2 : false
2025-10-31 10:54:45,517 [INFO] ADCParametersView:116 -        *      Rank 3 : false
2025-10-31 10:54:45,517 [INFO] ADCParametersView:116 -        *      Rank 4 : false
2025-10-31 10:54:45,517 [INFO] ADCParametersView:116 -                Rank 1 : true
2025-10-31 10:54:45,517 [INFO] ADCParametersView:116 -        *      Rank 2 : false
2025-10-31 10:54:45,517 [INFO] ADCParametersView:116 -        *      Rank 3 : false
2025-10-31 10:54:45,517 [INFO] ADCParametersView:116 -        *      Rank 4 : false
2025-10-31 10:54:45,517 [INFO] ADCParametersView:116 -        *      Rank 2 : false
2025-10-31 10:54:45,517 [INFO] ADCParametersView:116 -        *      Rank 3 : false
2025-10-31 10:54:45,517 [INFO] ADCParametersView:116 -        *      Rank 4 : false
2025-10-31 10:54:45,517 [INFO] ADCParametersView:116 -        *      Rank 3 : false
2025-10-31 10:54:45,517 [INFO] ADCParametersView:116 -        *      Rank 4 : false
2025-10-31 10:54:45,517 [INFO] ADCParametersView:116 -        *      Rank 4 : false
2025-10-31 10:54:45,521 [INFO] ADCParametersView:116 -                Rank 1 : true
2025-10-31 10:54:45,521 [INFO] ADCParametersView:116 -                Rank 1 : true
2025-10-31 10:54:45,522 [INFO] ADCParametersView:116 -                Rank 2 : false
2025-10-31 10:54:45,522 [INFO] ADCParametersView:116 -                Rank 1 : true
2025-10-31 10:54:45,522 [INFO] ADCParametersView:116 -                Rank 2 : false
2025-10-31 10:54:45,522 [INFO] ADCParametersView:116 -                Rank 3 : false
2025-10-31 10:54:45,522 [INFO] ADCParametersView:116 -                Rank 1 : true
2025-10-31 10:54:45,522 [INFO] ADCParametersView:116 -                Rank 2 : false
2025-10-31 10:54:45,522 [INFO] ADCParametersView:116 -                Rank 3 : false
2025-10-31 10:54:45,522 [INFO] ADCParametersView:116 -                Rank 4 : false
2025-10-31 10:54:46,955 [INFO] ADCParametersView:116 -                Rank 1 : true
2025-10-31 10:54:46,955 [INFO] ADCParametersView:116 -                Rank 2 : true
2025-10-31 10:54:46,955 [INFO] ADCParametersView:116 -                Rank 3 : false
2025-10-31 10:54:46,955 [INFO] ADCParametersView:116 -                Rank 4 : false
2025-10-31 10:54:49,315 [INFO] NvicIntPanel:101 - NVIC parent = com.st.microxplorer.plugins.ip.nvic.MultiNvicIntPanel[,0,0,0x0,invalid,layout=javax.swing.BoxLayout,alignmentX=0.0,alignmentY=0.0,border=,flags=9,maximumSize=,minimumSize=,preferredSize=]
2025-10-31 10:54:49,334 [INFO] ADCParametersView:116 -                Rank 1 : true
2025-10-31 10:54:49,334 [INFO] ADCParametersView:116 -                Rank 2 : true
2025-10-31 10:54:49,334 [INFO] ADCParametersView:116 -                Rank 3 : false
2025-10-31 10:54:49,334 [INFO] ADCParametersView:116 -                Rank 4 : false
2025-10-31 10:54:49,335 [INFO] ADCParametersView:116 -                Rank 1 : true
2025-10-31 10:54:49,335 [INFO] ADCParametersView:116 -                Rank 2 : true
2025-10-31 10:54:49,335 [INFO] ADCParametersView:116 -                Rank 3 : false
2025-10-31 10:54:49,335 [INFO] ADCParametersView:116 -                Rank 4 : false
2025-10-31 10:54:49,335 [INFO] ADCParametersView:116 -                Rank 1 : true
2025-10-31 10:54:49,335 [INFO] ADCParametersView:116 -                Rank 2 : true
2025-10-31 10:54:49,335 [INFO] ADCParametersView:116 -                Rank 3 : false
2025-10-31 10:54:49,335 [INFO] ADCParametersView:116 -                Rank 4 : false
2025-10-31 10:54:49,335 [INFO] ADCParametersView:116 -                Rank 1 : true
2025-10-31 10:54:49,335 [INFO] ADCParametersView:116 -                Rank 2 : true
2025-10-31 10:54:49,335 [INFO] ADCParametersView:116 -                Rank 3 : false
2025-10-31 10:54:49,336 [INFO] ADCParametersView:116 -                Rank 4 : false
2025-10-31 10:54:49,336 [INFO] ADCParametersView:116 -                Rank 1 : true
2025-10-31 10:54:49,336 [INFO] ADCParametersView:116 -                Rank 2 : true
2025-10-31 10:54:49,336 [INFO] ADCParametersView:116 -                Rank 3 : false
2025-10-31 10:54:49,336 [INFO] ADCParametersView:116 -                Rank 4 : false
2025-10-31 10:54:49,336 [INFO] ADCParametersView:116 -                Rank 1 : true
2025-10-31 10:54:49,336 [INFO] ADCParametersView:116 -                Rank 2 : true
2025-10-31 10:54:49,336 [INFO] ADCParametersView:116 -                Rank 3 : false
2025-10-31 10:54:49,336 [INFO] ADCParametersView:116 -                Rank 4 : false
2025-10-31 10:54:49,336 [INFO] ADCParametersView:116 -                Rank 1 : true
2025-10-31 10:54:49,336 [INFO] ADCParametersView:116 -                Rank 2 : true
2025-10-31 10:54:49,336 [INFO] ADCParametersView:116 -                Rank 3 : false
2025-10-31 10:54:49,336 [INFO] ADCParametersView:116 -                Rank 4 : false
2025-10-31 10:54:49,336 [INFO] ADCParametersView:116 -                Rank 1 : true
2025-10-31 10:54:49,336 [INFO] ADCParametersView:116 -                Rank 2 : true
2025-10-31 10:54:49,336 [INFO] ADCParametersView:116 -                Rank 3 : false
2025-10-31 10:54:49,336 [INFO] ADCParametersView:116 -                Rank 4 : false
2025-10-31 10:54:49,336 [INFO] ADCParametersView:116 -                Rank 1 : true
2025-10-31 10:54:49,336 [INFO] ADCParametersView:116 -                Rank 2 : true
2025-10-31 10:54:49,336 [INFO] ADCParametersView:116 -                Rank 3 : false
2025-10-31 10:54:49,336 [INFO] ADCParametersView:116 -                Rank 4 : false
2025-10-31 10:54:49,336 [INFO] ADCParametersView:116 -                Rank 1 : true
2025-10-31 10:54:49,336 [INFO] ADCParametersView:116 -                Rank 2 : true
2025-10-31 10:54:49,336 [INFO] ADCParametersView:116 -                Rank 3 : false
2025-10-31 10:54:49,336 [INFO] ADCParametersView:116 -                Rank 4 : false
2025-10-31 10:54:49,336 [INFO] ADCParametersView:116 -                Rank 2 : true
2025-10-31 10:54:49,336 [INFO] ADCParametersView:116 -                Rank 3 : false
2025-10-31 10:54:49,336 [INFO] ADCParametersView:116 -                Rank 4 : false
2025-10-31 10:54:49,336 [INFO] ADCParametersView:116 -                Rank 3 : false
2025-10-31 10:54:49,336 [INFO] ADCParametersView:116 -                Rank 4 : false
2025-10-31 10:54:49,336 [INFO] ADCParametersView:116 -                Rank 4 : false
2025-10-31 10:54:49,340 [INFO] ADCParametersView:116 -                Rank 1 : true
2025-10-31 10:54:49,340 [INFO] ADCParametersView:116 -                Rank 1 : true
2025-10-31 10:54:49,340 [INFO] ADCParametersView:116 -                Rank 2 : true
2025-10-31 10:54:49,340 [INFO] ADCParametersView:116 -                Rank 1 : true
2025-10-31 10:54:49,340 [INFO] ADCParametersView:116 -                Rank 2 : true
2025-10-31 10:54:49,340 [INFO] ADCParametersView:116 -                Rank 3 : false
2025-10-31 10:54:49,340 [INFO] ADCParametersView:116 -                Rank 1 : true
2025-10-31 10:54:49,340 [INFO] ADCParametersView:116 -                Rank 2 : true
2025-10-31 10:54:49,341 [INFO] ADCParametersView:116 -                Rank 3 : false
2025-10-31 10:54:49,341 [INFO] ADCParametersView:116 -                Rank 4 : false
2025-10-31 10:54:51,931 [INFO] NvicIntPanel:101 - NVIC parent = com.st.microxplorer.plugins.ip.nvic.MultiNvicIntPanel[,0,0,0x0,invalid,layout=javax.swing.BoxLayout,alignmentX=0.0,alignmentY=0.0,border=,flags=9,maximumSize=,minimumSize=,preferredSize=]
2025-10-31 10:54:51,950 [INFO] ADCParametersView:116 -                Rank 1 : true
2025-10-31 10:54:51,950 [INFO] ADCParametersView:116 -                Rank 2 : true
2025-10-31 10:54:51,950 [INFO] ADCParametersView:116 -                Rank 3 : false
2025-10-31 10:54:51,950 [INFO] ADCParametersView:116 -                Rank 4 : false
2025-10-31 10:54:51,951 [INFO] ADCParametersView:116 -                Rank 1 : true
2025-10-31 10:54:51,951 [INFO] ADCParametersView:116 -                Rank 2 : true
2025-10-31 10:54:51,951 [INFO] ADCParametersView:116 -                Rank 3 : false
2025-10-31 10:54:51,952 [INFO] ADCParametersView:116 -                Rank 4 : false
2025-10-31 10:54:51,952 [INFO] ADCParametersView:116 -                Rank 1 : true
2025-10-31 10:54:51,952 [INFO] ADCParametersView:116 -                Rank 2 : true
2025-10-31 10:54:51,952 [INFO] ADCParametersView:116 -                Rank 3 : false
2025-10-31 10:54:51,952 [INFO] ADCParametersView:116 -                Rank 4 : false
2025-10-31 10:54:51,952 [INFO] ADCParametersView:116 -                Rank 1 : true
2025-10-31 10:54:51,952 [INFO] ADCParametersView:116 -                Rank 2 : true
2025-10-31 10:54:51,952 [INFO] ADCParametersView:116 -                Rank 3 : false
2025-10-31 10:54:51,952 [INFO] ADCParametersView:116 -                Rank 4 : false
2025-10-31 10:54:51,952 [INFO] ADCParametersView:116 -                Rank 1 : true
2025-10-31 10:54:51,952 [INFO] ADCParametersView:116 -                Rank 2 : true
2025-10-31 10:54:51,952 [INFO] ADCParametersView:116 -                Rank 3 : false
2025-10-31 10:54:51,952 [INFO] ADCParametersView:116 -                Rank 4 : false
2025-10-31 10:54:51,952 [INFO] ADCParametersView:116 -                Rank 1 : true
2025-10-31 10:54:51,952 [INFO] ADCParametersView:116 -                Rank 2 : true
2025-10-31 10:54:51,952 [INFO] ADCParametersView:116 -                Rank 3 : false
2025-10-31 10:54:51,952 [INFO] ADCParametersView:116 -                Rank 4 : false
2025-10-31 10:54:51,952 [INFO] ADCParametersView:116 -                Rank 1 : true
2025-10-31 10:54:51,952 [INFO] ADCParametersView:116 -                Rank 2 : true
2025-10-31 10:54:51,952 [INFO] ADCParametersView:116 -                Rank 3 : false
2025-10-31 10:54:51,952 [INFO] ADCParametersView:116 -                Rank 4 : false
2025-10-31 10:54:51,952 [INFO] ADCParametersView:116 -                Rank 1 : true
2025-10-31 10:54:51,952 [INFO] ADCParametersView:116 -                Rank 2 : true
2025-10-31 10:54:51,952 [INFO] ADCParametersView:116 -                Rank 3 : false
2025-10-31 10:54:51,952 [INFO] ADCParametersView:116 -                Rank 4 : false
2025-10-31 10:54:51,952 [INFO] ADCParametersView:116 -                Rank 1 : true
2025-10-31 10:54:51,952 [INFO] ADCParametersView:116 -                Rank 2 : true
2025-10-31 10:54:51,952 [INFO] ADCParametersView:116 -                Rank 3 : false
2025-10-31 10:54:51,952 [INFO] ADCParametersView:116 -                Rank 4 : false
2025-10-31 10:54:51,952 [INFO] ADCParametersView:116 -                Rank 1 : true
2025-10-31 10:54:51,952 [INFO] ADCParametersView:116 -                Rank 2 : true
2025-10-31 10:54:51,952 [INFO] ADCParametersView:116 -                Rank 3 : false
2025-10-31 10:54:51,952 [INFO] ADCParametersView:116 -                Rank 4 : false
2025-10-31 10:54:51,953 [INFO] ADCParametersView:116 -                Rank 2 : true
2025-10-31 10:54:51,953 [INFO] ADCParametersView:116 -                Rank 3 : false
2025-10-31 10:54:51,953 [INFO] ADCParametersView:116 -                Rank 4 : false
2025-10-31 10:54:51,953 [INFO] ADCParametersView:116 -                Rank 3 : false
2025-10-31 10:54:51,953 [INFO] ADCParametersView:116 -                Rank 4 : false
2025-10-31 10:54:51,953 [INFO] ADCParametersView:116 -                Rank 4 : false
2025-10-31 10:54:51,956 [INFO] ADCParametersView:116 -                Rank 1 : true
2025-10-31 10:54:51,957 [INFO] ADCParametersView:116 -                Rank 1 : true
2025-10-31 10:54:51,957 [INFO] ADCParametersView:116 -                Rank 2 : true
2025-10-31 10:54:51,957 [INFO] ADCParametersView:116 -                Rank 1 : true
2025-10-31 10:54:51,957 [INFO] ADCParametersView:116 -                Rank 2 : true
2025-10-31 10:54:51,957 [INFO] ADCParametersView:116 -                Rank 3 : false
2025-10-31 10:54:51,957 [INFO] ADCParametersView:116 -                Rank 1 : true
2025-10-31 10:54:51,957 [INFO] ADCParametersView:116 -                Rank 2 : true
2025-10-31 10:54:51,957 [INFO] ADCParametersView:116 -                Rank 3 : false
2025-10-31 10:54:51,957 [INFO] ADCParametersView:116 -                Rank 4 : false
2025-10-31 10:54:56,461 [INFO] ADCParametersView:116 -                Rank 1 : true
2025-10-31 10:54:56,461 [INFO] ADCParametersView:116 -                Rank 2 : true
2025-10-31 10:54:56,461 [INFO] ADCParametersView:116 -                Rank 3 : true
2025-10-31 10:54:56,461 [INFO] ADCParametersView:116 -                Rank 4 : false
2025-10-31 10:54:59,332 [INFO] NvicIntPanel:101 - NVIC parent = com.st.microxplorer.plugins.ip.nvic.MultiNvicIntPanel[,0,0,0x0,invalid,layout=javax.swing.BoxLayout,alignmentX=0.0,alignmentY=0.0,border=,flags=9,maximumSize=,minimumSize=,preferredSize=]
2025-10-31 10:54:59,349 [INFO] ADCParametersView:116 -                Rank 1 : true
2025-10-31 10:54:59,349 [INFO] ADCParametersView:116 -                Rank 2 : true
2025-10-31 10:54:59,349 [INFO] ADCParametersView:116 -                Rank 3 : true
2025-10-31 10:54:59,350 [INFO] ADCParametersView:116 -                Rank 4 : false
2025-10-31 10:54:59,351 [INFO] ADCParametersView:116 -                Rank 1 : true
2025-10-31 10:54:59,351 [INFO] ADCParametersView:116 -                Rank 2 : true
2025-10-31 10:54:59,351 [INFO] ADCParametersView:116 -                Rank 3 : true
2025-10-31 10:54:59,351 [INFO] ADCParametersView:116 -                Rank 4 : false
2025-10-31 10:54:59,351 [INFO] ADCParametersView:116 -                Rank 1 : true
2025-10-31 10:54:59,351 [INFO] ADCParametersView:116 -                Rank 2 : true
2025-10-31 10:54:59,351 [INFO] ADCParametersView:116 -                Rank 3 : true
2025-10-31 10:54:59,351 [INFO] ADCParametersView:116 -                Rank 4 : false
2025-10-31 10:54:59,351 [INFO] ADCParametersView:116 -                Rank 1 : true
2025-10-31 10:54:59,351 [INFO] ADCParametersView:116 -                Rank 2 : true
2025-10-31 10:54:59,351 [INFO] ADCParametersView:116 -                Rank 3 : true
2025-10-31 10:54:59,351 [INFO] ADCParametersView:116 -                Rank 4 : false
2025-10-31 10:54:59,351 [INFO] ADCParametersView:116 -                Rank 1 : true
2025-10-31 10:54:59,351 [INFO] ADCParametersView:116 -                Rank 2 : true
2025-10-31 10:54:59,351 [INFO] ADCParametersView:116 -                Rank 3 : true
2025-10-31 10:54:59,351 [INFO] ADCParametersView:116 -                Rank 4 : false
2025-10-31 10:54:59,351 [INFO] ADCParametersView:116 -                Rank 1 : true
2025-10-31 10:54:59,351 [INFO] ADCParametersView:116 -                Rank 2 : true
2025-10-31 10:54:59,351 [INFO] ADCParametersView:116 -                Rank 3 : true
2025-10-31 10:54:59,351 [INFO] ADCParametersView:116 -                Rank 4 : false
2025-10-31 10:54:59,351 [INFO] ADCParametersView:116 -                Rank 1 : true
2025-10-31 10:54:59,351 [INFO] ADCParametersView:116 -                Rank 2 : true
2025-10-31 10:54:59,351 [INFO] ADCParametersView:116 -                Rank 3 : true
2025-10-31 10:54:59,351 [INFO] ADCParametersView:116 -                Rank 4 : false
2025-10-31 10:54:59,351 [INFO] ADCParametersView:116 -                Rank 1 : true
2025-10-31 10:54:59,351 [INFO] ADCParametersView:116 -                Rank 2 : true
2025-10-31 10:54:59,351 [INFO] ADCParametersView:116 -                Rank 3 : true
2025-10-31 10:54:59,351 [INFO] ADCParametersView:116 -                Rank 4 : false
2025-10-31 10:54:59,351 [INFO] ADCParametersView:116 -                Rank 1 : true
2025-10-31 10:54:59,351 [INFO] ADCParametersView:116 -                Rank 2 : true
2025-10-31 10:54:59,351 [INFO] ADCParametersView:116 -                Rank 3 : true
2025-10-31 10:54:59,351 [INFO] ADCParametersView:116 -                Rank 4 : false
2025-10-31 10:54:59,351 [INFO] ADCParametersView:116 -                Rank 1 : true
2025-10-31 10:54:59,351 [INFO] ADCParametersView:116 -                Rank 2 : true
2025-10-31 10:54:59,352 [INFO] ADCParametersView:116 -                Rank 3 : true
2025-10-31 10:54:59,352 [INFO] ADCParametersView:116 -                Rank 4 : false
2025-10-31 10:54:59,352 [INFO] ADCParametersView:116 -                Rank 2 : true
2025-10-31 10:54:59,352 [INFO] ADCParametersView:116 -                Rank 3 : true
2025-10-31 10:54:59,352 [INFO] ADCParametersView:116 -                Rank 4 : false
2025-10-31 10:54:59,352 [INFO] ADCParametersView:116 -                Rank 3 : true
2025-10-31 10:54:59,352 [INFO] ADCParametersView:116 -                Rank 4 : false
2025-10-31 10:54:59,352 [INFO] ADCParametersView:116 -                Rank 4 : false
2025-10-31 10:54:59,355 [INFO] ADCParametersView:116 -                Rank 1 : true
2025-10-31 10:54:59,355 [INFO] ADCParametersView:116 -                Rank 1 : true
2025-10-31 10:54:59,356 [INFO] ADCParametersView:116 -                Rank 2 : true
2025-10-31 10:54:59,356 [INFO] ADCParametersView:116 -                Rank 1 : true
2025-10-31 10:54:59,356 [INFO] ADCParametersView:116 -                Rank 2 : true
2025-10-31 10:54:59,356 [INFO] ADCParametersView:116 -                Rank 3 : true
2025-10-31 10:54:59,356 [INFO] ADCParametersView:116 -                Rank 1 : true
2025-10-31 10:54:59,356 [INFO] ADCParametersView:116 -                Rank 2 : true
2025-10-31 10:54:59,356 [INFO] ADCParametersView:116 -                Rank 3 : true
2025-10-31 10:54:59,356 [INFO] ADCParametersView:116 -                Rank 4 : false
2025-10-31 10:55:01,252 [INFO] NvicIntPanel:101 - NVIC parent = com.st.microxplorer.plugins.ip.nvic.MultiNvicIntPanel[,0,0,0x0,invalid,layout=javax.swing.BoxLayout,alignmentX=0.0,alignmentY=0.0,border=,flags=9,maximumSize=,minimumSize=,preferredSize=]
2025-10-31 10:55:01,271 [INFO] ADCParametersView:116 -                Rank 1 : true
2025-10-31 10:55:01,271 [INFO] ADCParametersView:116 -                Rank 2 : true
2025-10-31 10:55:01,271 [INFO] ADCParametersView:116 -                Rank 3 : true
2025-10-31 10:55:01,271 [INFO] ADCParametersView:116 -                Rank 4 : false
2025-10-31 10:55:01,272 [INFO] ADCParametersView:116 -                Rank 1 : true
2025-10-31 10:55:01,272 [INFO] ADCParametersView:116 -                Rank 2 : true
2025-10-31 10:55:01,272 [INFO] ADCParametersView:116 -                Rank 3 : true
2025-10-31 10:55:01,272 [INFO] ADCParametersView:116 -                Rank 4 : false
2025-10-31 10:55:01,272 [INFO] ADCParametersView:116 -                Rank 1 : true
2025-10-31 10:55:01,272 [INFO] ADCParametersView:116 -                Rank 2 : true
2025-10-31 10:55:01,272 [INFO] ADCParametersView:116 -                Rank 3 : true
2025-10-31 10:55:01,272 [INFO] ADCParametersView:116 -                Rank 4 : false
2025-10-31 10:55:01,273 [INFO] ADCParametersView:116 -                Rank 1 : true
2025-10-31 10:55:01,273 [INFO] ADCParametersView:116 -                Rank 2 : true
2025-10-31 10:55:01,273 [INFO] ADCParametersView:116 -                Rank 3 : true
2025-10-31 10:55:01,273 [INFO] ADCParametersView:116 -                Rank 4 : false
2025-10-31 10:55:01,273 [INFO] ADCParametersView:116 -                Rank 1 : true
2025-10-31 10:55:01,273 [INFO] ADCParametersView:116 -                Rank 2 : true
2025-10-31 10:55:01,273 [INFO] ADCParametersView:116 -                Rank 3 : true
2025-10-31 10:55:01,273 [INFO] ADCParametersView:116 -                Rank 4 : false
2025-10-31 10:55:01,273 [INFO] ADCParametersView:116 -                Rank 1 : true
2025-10-31 10:55:01,273 [INFO] ADCParametersView:116 -                Rank 2 : true
2025-10-31 10:55:01,273 [INFO] ADCParametersView:116 -                Rank 3 : true
2025-10-31 10:55:01,273 [INFO] ADCParametersView:116 -                Rank 4 : false
2025-10-31 10:55:01,273 [INFO] ADCParametersView:116 -                Rank 1 : true
2025-10-31 10:55:01,273 [INFO] ADCParametersView:116 -                Rank 2 : true
2025-10-31 10:55:01,273 [INFO] ADCParametersView:116 -                Rank 3 : true
2025-10-31 10:55:01,273 [INFO] ADCParametersView:116 -                Rank 4 : false
2025-10-31 10:55:01,273 [INFO] ADCParametersView:116 -                Rank 1 : true
2025-10-31 10:55:01,273 [INFO] ADCParametersView:116 -                Rank 2 : true
2025-10-31 10:55:01,273 [INFO] ADCParametersView:116 -                Rank 3 : true
2025-10-31 10:55:01,273 [INFO] ADCParametersView:116 -                Rank 4 : false
2025-10-31 10:55:01,273 [INFO] ADCParametersView:116 -                Rank 1 : true
2025-10-31 10:55:01,273 [INFO] ADCParametersView:116 -                Rank 2 : true
2025-10-31 10:55:01,273 [INFO] ADCParametersView:116 -                Rank 3 : true
2025-10-31 10:55:01,273 [INFO] ADCParametersView:116 -                Rank 4 : false
2025-10-31 10:55:01,273 [INFO] ADCParametersView:116 -                Rank 1 : true
2025-10-31 10:55:01,273 [INFO] ADCParametersView:116 -                Rank 2 : true
2025-10-31 10:55:01,273 [INFO] ADCParametersView:116 -                Rank 3 : true
2025-10-31 10:55:01,273 [INFO] ADCParametersView:116 -                Rank 4 : false
2025-10-31 10:55:01,273 [INFO] ADCParametersView:116 -                Rank 2 : true
2025-10-31 10:55:01,273 [INFO] ADCParametersView:116 -                Rank 3 : true
2025-10-31 10:55:01,273 [INFO] ADCParametersView:116 -                Rank 4 : false
2025-10-31 10:55:01,273 [INFO] ADCParametersView:116 -                Rank 3 : true
2025-10-31 10:55:01,273 [INFO] ADCParametersView:116 -                Rank 4 : false
2025-10-31 10:55:01,273 [INFO] ADCParametersView:116 -                Rank 4 : false
2025-10-31 10:55:01,277 [INFO] ADCParametersView:116 -                Rank 1 : true
2025-10-31 10:55:01,277 [INFO] ADCParametersView:116 -                Rank 1 : true
2025-10-31 10:55:01,277 [INFO] ADCParametersView:116 -                Rank 2 : true
2025-10-31 10:55:01,277 [INFO] ADCParametersView:116 -                Rank 1 : true
2025-10-31 10:55:01,277 [INFO] ADCParametersView:116 -                Rank 2 : true
2025-10-31 10:55:01,277 [INFO] ADCParametersView:116 -                Rank 3 : true
2025-10-31 10:55:01,277 [INFO] ADCParametersView:116 -                Rank 1 : true
2025-10-31 10:55:01,277 [INFO] ADCParametersView:116 -                Rank 2 : true
2025-10-31 10:55:01,277 [INFO] ADCParametersView:116 -                Rank 3 : true
2025-10-31 10:55:01,277 [INFO] ADCParametersView:116 -                Rank 4 : false
2025-10-31 10:55:03,275 [INFO] ADCParametersView:116 -                Rank 1 : true
2025-10-31 10:55:03,275 [INFO] ADCParametersView:116 -                Rank 2 : true
2025-10-31 10:55:03,275 [INFO] ADCParametersView:116 -                Rank 3 : true
2025-10-31 10:55:03,275 [INFO] ADCParametersView:116 -                Rank 4 : true
2025-10-31 10:55:07,063 [INFO] NvicIntPanel:101 - NVIC parent = com.st.microxplorer.plugins.ip.nvic.MultiNvicIntPanel[,0,0,0x0,invalid,layout=javax.swing.BoxLayout,alignmentX=0.0,alignmentY=0.0,border=,flags=9,maximumSize=,minimumSize=,preferredSize=]
2025-10-31 10:55:07,086 [INFO] ADCParametersView:116 -                Rank 1 : true
2025-10-31 10:55:07,086 [INFO] ADCParametersView:116 -                Rank 2 : true
2025-10-31 10:55:07,086 [INFO] ADCParametersView:116 -                Rank 3 : true
2025-10-31 10:55:07,086 [INFO] ADCParametersView:116 -                Rank 4 : true
2025-10-31 10:55:07,087 [INFO] ADCParametersView:116 -                Rank 1 : true
2025-10-31 10:55:07,087 [INFO] ADCParametersView:116 -                Rank 2 : true
2025-10-31 10:55:07,087 [INFO] ADCParametersView:116 -                Rank 3 : true
2025-10-31 10:55:07,087 [INFO] ADCParametersView:116 -                Rank 4 : true
2025-10-31 10:55:07,087 [INFO] ADCParametersView:116 -                Rank 1 : true
2025-10-31 10:55:07,087 [INFO] ADCParametersView:116 -                Rank 2 : true
2025-10-31 10:55:07,087 [INFO] ADCParametersView:116 -                Rank 3 : true
2025-10-31 10:55:07,087 [INFO] ADCParametersView:116 -                Rank 4 : true
2025-10-31 10:55:07,087 [INFO] ADCParametersView:116 -                Rank 1 : true
2025-10-31 10:55:07,087 [INFO] ADCParametersView:116 -                Rank 2 : true
2025-10-31 10:55:07,087 [INFO] ADCParametersView:116 -                Rank 3 : true
2025-10-31 10:55:07,087 [INFO] ADCParametersView:116 -                Rank 4 : true
2025-10-31 10:55:07,087 [INFO] ADCParametersView:116 -                Rank 1 : true
2025-10-31 10:55:07,087 [INFO] ADCParametersView:116 -                Rank 2 : true
2025-10-31 10:55:07,087 [INFO] ADCParametersView:116 -                Rank 3 : true
2025-10-31 10:55:07,087 [INFO] ADCParametersView:116 -                Rank 4 : true
2025-10-31 10:55:07,087 [INFO] ADCParametersView:116 -                Rank 1 : true
2025-10-31 10:55:07,087 [INFO] ADCParametersView:116 -                Rank 2 : true
2025-10-31 10:55:07,087 [INFO] ADCParametersView:116 -                Rank 3 : true
2025-10-31 10:55:07,087 [INFO] ADCParametersView:116 -                Rank 4 : true
2025-10-31 10:55:07,088 [INFO] ADCParametersView:116 -                Rank 1 : true
2025-10-31 10:55:07,088 [INFO] ADCParametersView:116 -                Rank 2 : true
2025-10-31 10:55:07,088 [INFO] ADCParametersView:116 -                Rank 3 : true
2025-10-31 10:55:07,088 [INFO] ADCParametersView:116 -                Rank 4 : true
2025-10-31 10:55:07,088 [INFO] ADCParametersView:116 -                Rank 1 : true
2025-10-31 10:55:07,088 [INFO] ADCParametersView:116 -                Rank 2 : true
2025-10-31 10:55:07,088 [INFO] ADCParametersView:116 -                Rank 3 : true
2025-10-31 10:55:07,088 [INFO] ADCParametersView:116 -                Rank 4 : true
2025-10-31 10:55:07,088 [INFO] ADCParametersView:116 -                Rank 1 : true
2025-10-31 10:55:07,088 [INFO] ADCParametersView:116 -                Rank 2 : true
2025-10-31 10:55:07,088 [INFO] ADCParametersView:116 -                Rank 3 : true
2025-10-31 10:55:07,088 [INFO] ADCParametersView:116 -                Rank 4 : true
2025-10-31 10:55:07,088 [INFO] ADCParametersView:116 -                Rank 1 : true
2025-10-31 10:55:07,088 [INFO] ADCParametersView:116 -                Rank 2 : true
2025-10-31 10:55:07,088 [INFO] ADCParametersView:116 -                Rank 3 : true
2025-10-31 10:55:07,088 [INFO] ADCParametersView:116 -                Rank 4 : true
2025-10-31 10:55:07,088 [INFO] ADCParametersView:116 -                Rank 2 : true
2025-10-31 10:55:07,088 [INFO] ADCParametersView:116 -                Rank 3 : true
2025-10-31 10:55:07,088 [INFO] ADCParametersView:116 -                Rank 4 : true
2025-10-31 10:55:07,088 [INFO] ADCParametersView:116 -                Rank 3 : true
2025-10-31 10:55:07,088 [INFO] ADCParametersView:116 -                Rank 4 : true
2025-10-31 10:55:07,088 [INFO] ADCParametersView:116 -                Rank 4 : true
2025-10-31 10:55:07,091 [INFO] ADCParametersView:116 -                Rank 1 : true
2025-10-31 10:55:07,091 [INFO] ADCParametersView:116 -                Rank 1 : true
2025-10-31 10:55:07,091 [INFO] ADCParametersView:116 -                Rank 2 : true
2025-10-31 10:55:07,092 [INFO] ADCParametersView:116 -                Rank 1 : true
2025-10-31 10:55:07,092 [INFO] ADCParametersView:116 -                Rank 2 : true
2025-10-31 10:55:07,092 [INFO] ADCParametersView:116 -                Rank 3 : true
2025-10-31 10:55:07,092 [INFO] ADCParametersView:116 -                Rank 1 : true
2025-10-31 10:55:07,092 [INFO] ADCParametersView:116 -                Rank 2 : true
2025-10-31 10:55:07,092 [INFO] ADCParametersView:116 -                Rank 3 : true
2025-10-31 10:55:07,092 [INFO] ADCParametersView:116 -                Rank 4 : true
2025-10-31 10:55:09,047 [INFO] NvicIntPanel:101 - NVIC parent = com.st.microxplorer.plugins.ip.nvic.MultiNvicIntPanel[,0,0,0x0,invalid,layout=javax.swing.BoxLayout,alignmentX=0.0,alignmentY=0.0,border=,flags=9,maximumSize=,minimumSize=,preferredSize=]
2025-10-31 10:55:09,067 [INFO] ADCParametersView:116 -                Rank 1 : true
2025-10-31 10:55:09,067 [INFO] ADCParametersView:116 -                Rank 2 : true
2025-10-31 10:55:09,067 [INFO] ADCParametersView:116 -                Rank 3 : true
2025-10-31 10:55:09,067 [INFO] ADCParametersView:116 -                Rank 4 : true
2025-10-31 10:55:09,068 [INFO] ADCParametersView:116 -                Rank 1 : true
2025-10-31 10:55:09,068 [INFO] ADCParametersView:116 -                Rank 2 : true
2025-10-31 10:55:09,068 [INFO] ADCParametersView:116 -                Rank 3 : true
2025-10-31 10:55:09,068 [INFO] ADCParametersView:116 -                Rank 4 : true
2025-10-31 10:55:09,068 [INFO] ADCParametersView:116 -                Rank 1 : true
2025-10-31 10:55:09,068 [INFO] ADCParametersView:116 -                Rank 2 : true
2025-10-31 10:55:09,068 [INFO] ADCParametersView:116 -                Rank 3 : true
2025-10-31 10:55:09,068 [INFO] ADCParametersView:116 -                Rank 4 : true
2025-10-31 10:55:09,068 [INFO] ADCParametersView:116 -                Rank 1 : true
2025-10-31 10:55:09,068 [INFO] ADCParametersView:116 -                Rank 2 : true
2025-10-31 10:55:09,068 [INFO] ADCParametersView:116 -                Rank 3 : true
2025-10-31 10:55:09,068 [INFO] ADCParametersView:116 -                Rank 4 : true
2025-10-31 10:55:09,068 [INFO] ADCParametersView:116 -                Rank 1 : true
2025-10-31 10:55:09,068 [INFO] ADCParametersView:116 -                Rank 2 : true
2025-10-31 10:55:09,068 [INFO] ADCParametersView:116 -                Rank 3 : true
2025-10-31 10:55:09,068 [INFO] ADCParametersView:116 -                Rank 4 : true
2025-10-31 10:55:09,068 [INFO] ADCParametersView:116 -                Rank 1 : true
2025-10-31 10:55:09,068 [INFO] ADCParametersView:116 -                Rank 2 : true
2025-10-31 10:55:09,068 [INFO] ADCParametersView:116 -                Rank 3 : true
2025-10-31 10:55:09,068 [INFO] ADCParametersView:116 -                Rank 4 : true
2025-10-31 10:55:09,068 [INFO] ADCParametersView:116 -                Rank 1 : true
2025-10-31 10:55:09,068 [INFO] ADCParametersView:116 -                Rank 2 : true
2025-10-31 10:55:09,069 [INFO] ADCParametersView:116 -                Rank 3 : true
2025-10-31 10:55:09,069 [INFO] ADCParametersView:116 -                Rank 4 : true
2025-10-31 10:55:09,069 [INFO] ADCParametersView:116 -                Rank 1 : true
2025-10-31 10:55:09,069 [INFO] ADCParametersView:116 -                Rank 2 : true
2025-10-31 10:55:09,069 [INFO] ADCParametersView:116 -                Rank 3 : true
2025-10-31 10:55:09,069 [INFO] ADCParametersView:116 -                Rank 4 : true
2025-10-31 10:55:09,069 [INFO] ADCParametersView:116 -                Rank 1 : true
2025-10-31 10:55:09,069 [INFO] ADCParametersView:116 -                Rank 2 : true
2025-10-31 10:55:09,069 [INFO] ADCParametersView:116 -                Rank 3 : true
2025-10-31 10:55:09,069 [INFO] ADCParametersView:116 -                Rank 4 : true
2025-10-31 10:55:09,069 [INFO] ADCParametersView:116 -                Rank 1 : true
2025-10-31 10:55:09,069 [INFO] ADCParametersView:116 -                Rank 2 : true
2025-10-31 10:55:09,069 [INFO] ADCParametersView:116 -                Rank 3 : true
2025-10-31 10:55:09,069 [INFO] ADCParametersView:116 -                Rank 4 : true
2025-10-31 10:55:09,069 [INFO] ADCParametersView:116 -                Rank 2 : true
2025-10-31 10:55:09,069 [INFO] ADCParametersView:116 -                Rank 3 : true
2025-10-31 10:55:09,069 [INFO] ADCParametersView:116 -                Rank 4 : true
2025-10-31 10:55:09,069 [INFO] ADCParametersView:116 -                Rank 3 : true
2025-10-31 10:55:09,069 [INFO] ADCParametersView:116 -                Rank 4 : true
2025-10-31 10:55:09,069 [INFO] ADCParametersView:116 -                Rank 4 : true
2025-10-31 10:55:09,072 [INFO] ADCParametersView:116 -                Rank 1 : true
2025-10-31 10:55:09,072 [INFO] ADCParametersView:116 -                Rank 1 : true
2025-10-31 10:55:09,073 [INFO] ADCParametersView:116 -                Rank 2 : true
2025-10-31 10:55:09,073 [INFO] ADCParametersView:116 -                Rank 1 : true
2025-10-31 10:55:09,073 [INFO] ADCParametersView:116 -                Rank 2 : true
2025-10-31 10:55:09,073 [INFO] ADCParametersView:116 -                Rank 3 : true
2025-10-31 10:55:09,073 [INFO] ADCParametersView:116 -                Rank 1 : true
2025-10-31 10:55:09,073 [INFO] ADCParametersView:116 -                Rank 2 : true
2025-10-31 10:55:09,073 [INFO] ADCParametersView:116 -                Rank 3 : true
2025-10-31 10:55:09,073 [INFO] ADCParametersView:116 -                Rank 4 : true
2025-10-31 10:55:17,354 [INFO] NvicIntPanel:101 - NVIC parent = com.st.microxplorer.plugins.ip.nvic.MultiNvicIntPanel[,0,0,0x0,invalid,layout=javax.swing.BoxLayout,alignmentX=0.0,alignmentY=0.0,border=,flags=9,maximumSize=,minimumSize=,preferredSize=]
2025-10-31 10:55:17,373 [INFO] ADCParametersView:116 -                Rank 1 : true
2025-10-31 10:55:17,373 [INFO] ADCParametersView:116 -                Rank 2 : true
2025-10-31 10:55:17,373 [INFO] ADCParametersView:116 -                Rank 3 : true
2025-10-31 10:55:17,373 [INFO] ADCParametersView:116 -                Rank 4 : true
2025-10-31 10:55:17,374 [INFO] ADCParametersView:116 -                Rank 1 : true
2025-10-31 10:55:17,374 [INFO] ADCParametersView:116 -                Rank 2 : true
2025-10-31 10:55:17,374 [INFO] ADCParametersView:116 -                Rank 3 : true
2025-10-31 10:55:17,374 [INFO] ADCParametersView:116 -                Rank 4 : true
2025-10-31 10:55:17,374 [INFO] ADCParametersView:116 -                Rank 1 : true
2025-10-31 10:55:17,374 [INFO] ADCParametersView:116 -                Rank 2 : true
2025-10-31 10:55:17,374 [INFO] ADCParametersView:116 -                Rank 3 : true
2025-10-31 10:55:17,374 [INFO] ADCParametersView:116 -                Rank 4 : true
2025-10-31 10:55:17,374 [INFO] ADCParametersView:116 -                Rank 1 : true
2025-10-31 10:55:17,374 [INFO] ADCParametersView:116 -                Rank 2 : true
2025-10-31 10:55:17,374 [INFO] ADCParametersView:116 -                Rank 3 : true
2025-10-31 10:55:17,374 [INFO] ADCParametersView:116 -                Rank 4 : true
2025-10-31 10:55:17,374 [INFO] ADCParametersView:116 -                Rank 1 : true
2025-10-31 10:55:17,374 [INFO] ADCParametersView:116 -                Rank 2 : true
2025-10-31 10:55:17,374 [INFO] ADCParametersView:116 -                Rank 3 : true
2025-10-31 10:55:17,374 [INFO] ADCParametersView:116 -                Rank 4 : true
2025-10-31 10:55:17,374 [INFO] ADCParametersView:116 -                Rank 1 : true
2025-10-31 10:55:17,374 [INFO] ADCParametersView:116 -                Rank 2 : true
2025-10-31 10:55:17,374 [INFO] ADCParametersView:116 -                Rank 3 : true
2025-10-31 10:55:17,375 [INFO] ADCParametersView:116 -                Rank 4 : true
2025-10-31 10:55:17,375 [INFO] ADCParametersView:116 -                Rank 1 : true
2025-10-31 10:55:17,375 [INFO] ADCParametersView:116 -                Rank 2 : true
2025-10-31 10:55:17,375 [INFO] ADCParametersView:116 -                Rank 3 : true
2025-10-31 10:55:17,375 [INFO] ADCParametersView:116 -                Rank 4 : true
2025-10-31 10:55:17,375 [INFO] ADCParametersView:116 -                Rank 1 : true
2025-10-31 10:55:17,375 [INFO] ADCParametersView:116 -                Rank 2 : true
2025-10-31 10:55:17,375 [INFO] ADCParametersView:116 -                Rank 3 : true
2025-10-31 10:55:17,375 [INFO] ADCParametersView:116 -                Rank 4 : true
2025-10-31 10:55:17,375 [INFO] ADCParametersView:116 -                Rank 1 : true
2025-10-31 10:55:17,375 [INFO] ADCParametersView:116 -                Rank 2 : true
2025-10-31 10:55:17,375 [INFO] ADCParametersView:116 -                Rank 3 : true
2025-10-31 10:55:17,375 [INFO] ADCParametersView:116 -                Rank 4 : true
2025-10-31 10:55:17,375 [INFO] ADCParametersView:116 -                Rank 1 : true
2025-10-31 10:55:17,375 [INFO] ADCParametersView:116 -                Rank 2 : true
2025-10-31 10:55:17,375 [INFO] ADCParametersView:116 -                Rank 3 : true
2025-10-31 10:55:17,375 [INFO] ADCParametersView:116 -                Rank 4 : true
2025-10-31 10:55:17,375 [INFO] ADCParametersView:116 -                Rank 2 : true
2025-10-31 10:55:17,375 [INFO] ADCParametersView:116 -                Rank 3 : true
2025-10-31 10:55:17,375 [INFO] ADCParametersView:116 -                Rank 4 : true
2025-10-31 10:55:17,375 [INFO] ADCParametersView:116 -                Rank 3 : true
2025-10-31 10:55:17,375 [INFO] ADCParametersView:116 -                Rank 4 : true
2025-10-31 10:55:17,375 [INFO] ADCParametersView:116 -                Rank 4 : true
2025-10-31 10:55:17,379 [INFO] ADCParametersView:116 -                Rank 1 : true
2025-10-31 10:55:17,381 [INFO] ADCParametersView:116 -                Rank 1 : true
2025-10-31 10:55:17,381 [INFO] ADCParametersView:116 -                Rank 2 : true
2025-10-31 10:55:17,381 [INFO] ADCParametersView:116 -                Rank 1 : true
2025-10-31 10:55:17,381 [INFO] ADCParametersView:116 -                Rank 2 : true
2025-10-31 10:55:17,381 [INFO] ADCParametersView:116 -                Rank 3 : true
2025-10-31 10:55:17,381 [INFO] ADCParametersView:116 -                Rank 1 : true
2025-10-31 10:55:17,381 [INFO] ADCParametersView:116 -                Rank 2 : true
2025-10-31 10:55:17,381 [INFO] ADCParametersView:116 -                Rank 3 : true
2025-10-31 10:55:17,381 [INFO] ADCParametersView:116 -                Rank 4 : true
2025-10-31 10:55:30,175 [INFO] NvicIntPanel:101 - NVIC parent = com.st.microxplorer.plugins.ip.nvic.MultiNvicIntPanel[,0,0,0x0,invalid,layout=javax.swing.BoxLayout,alignmentX=0.0,alignmentY=0.0,border=,flags=9,maximumSize=,minimumSize=,preferredSize=]
2025-10-31 10:55:30,192 [INFO] ADCParametersView:116 -                Rank 1 : true
2025-10-31 10:55:30,192 [INFO] ADCParametersView:116 -                Rank 2 : true
2025-10-31 10:55:30,192 [INFO] ADCParametersView:116 -                Rank 3 : true
2025-10-31 10:55:30,192 [INFO] ADCParametersView:116 -                Rank 4 : true
2025-10-31 10:55:30,193 [INFO] ADCParametersView:116 -                Rank 1 : true
2025-10-31 10:55:30,193 [INFO] ADCParametersView:116 -                Rank 2 : true
2025-10-31 10:55:30,193 [INFO] ADCParametersView:116 -                Rank 3 : true
2025-10-31 10:55:30,193 [INFO] ADCParametersView:116 -                Rank 4 : true
2025-10-31 10:55:30,193 [INFO] ADCParametersView:116 -                Rank 1 : true
2025-10-31 10:55:30,193 [INFO] ADCParametersView:116 -                Rank 2 : true
2025-10-31 10:55:30,193 [INFO] ADCParametersView:116 -                Rank 3 : true
2025-10-31 10:55:30,193 [INFO] ADCParametersView:116 -                Rank 4 : true
2025-10-31 10:55:30,193 [INFO] ADCParametersView:116 -                Rank 1 : true
2025-10-31 10:55:30,193 [INFO] ADCParametersView:116 -                Rank 2 : true
2025-10-31 10:55:30,193 [INFO] ADCParametersView:116 -                Rank 3 : true
2025-10-31 10:55:30,193 [INFO] ADCParametersView:116 -                Rank 4 : true
2025-10-31 10:55:30,194 [INFO] ADCParametersView:116 -                Rank 1 : true
2025-10-31 10:55:30,194 [INFO] ADCParametersView:116 -                Rank 2 : true
2025-10-31 10:55:30,194 [INFO] ADCParametersView:116 -                Rank 3 : true
2025-10-31 10:55:30,194 [INFO] ADCParametersView:116 -                Rank 4 : true
2025-10-31 10:55:30,194 [INFO] ADCParametersView:116 -                Rank 1 : true
2025-10-31 10:55:30,194 [INFO] ADCParametersView:116 -                Rank 2 : true
2025-10-31 10:55:30,194 [INFO] ADCParametersView:116 -                Rank 3 : true
2025-10-31 10:55:30,194 [INFO] ADCParametersView:116 -                Rank 4 : true
2025-10-31 10:55:30,194 [INFO] ADCParametersView:116 -                Rank 1 : true
2025-10-31 10:55:30,194 [INFO] ADCParametersView:116 -                Rank 2 : true
2025-10-31 10:55:30,194 [INFO] ADCParametersView:116 -                Rank 3 : true
2025-10-31 10:55:30,194 [INFO] ADCParametersView:116 -                Rank 4 : true
2025-10-31 10:55:30,194 [INFO] ADCParametersView:116 -                Rank 1 : true
2025-10-31 10:55:30,194 [INFO] ADCParametersView:116 -                Rank 2 : true
2025-10-31 10:55:30,194 [INFO] ADCParametersView:116 -                Rank 3 : true
2025-10-31 10:55:30,194 [INFO] ADCParametersView:116 -                Rank 4 : true
2025-10-31 10:55:30,194 [INFO] ADCParametersView:116 -                Rank 1 : true
2025-10-31 10:55:30,194 [INFO] ADCParametersView:116 -                Rank 2 : true
2025-10-31 10:55:30,194 [INFO] ADCParametersView:116 -                Rank 3 : true
2025-10-31 10:55:30,194 [INFO] ADCParametersView:116 -                Rank 4 : true
2025-10-31 10:55:30,194 [INFO] ADCParametersView:116 -                Rank 1 : true
2025-10-31 10:55:30,194 [INFO] ADCParametersView:116 -                Rank 2 : true
2025-10-31 10:55:30,194 [INFO] ADCParametersView:116 -                Rank 3 : true
2025-10-31 10:55:30,194 [INFO] ADCParametersView:116 -                Rank 4 : true
2025-10-31 10:55:30,194 [INFO] ADCParametersView:116 -                Rank 1 : true
2025-10-31 10:55:30,194 [INFO] ADCParametersView:116 -                Rank 2 : true
2025-10-31 10:55:30,194 [INFO] ADCParametersView:116 -                Rank 3 : true
2025-10-31 10:55:30,194 [INFO] ADCParametersView:116 -                Rank 4 : true
2025-10-31 10:55:30,194 [INFO] ADCParametersView:116 -                Rank 1 : true
2025-10-31 10:55:30,194 [INFO] ADCParametersView:116 -                Rank 2 : true
2025-10-31 10:55:30,194 [INFO] ADCParametersView:116 -                Rank 3 : true
2025-10-31 10:55:30,194 [INFO] ADCParametersView:116 -                Rank 4 : true
2025-10-31 10:55:30,195 [INFO] ADCParametersView:116 -                Rank 1 : true
2025-10-31 10:55:30,195 [INFO] ADCParametersView:116 -                Rank 2 : true
2025-10-31 10:55:30,195 [INFO] ADCParametersView:116 -                Rank 3 : true
2025-10-31 10:55:30,195 [INFO] ADCParametersView:116 -                Rank 4 : true
2025-10-31 10:55:30,195 [INFO] ADCParametersView:116 -                Rank 1 : true
2025-10-31 10:55:30,195 [INFO] ADCParametersView:116 -                Rank 2 : true
2025-10-31 10:55:30,195 [INFO] ADCParametersView:116 -                Rank 3 : true
2025-10-31 10:55:30,195 [INFO] ADCParametersView:116 -                Rank 4 : true
2025-10-31 10:55:30,195 [INFO] ADCParametersView:116 -                Rank 1 : true
2025-10-31 10:55:30,195 [INFO] ADCParametersView:116 -                Rank 2 : true
2025-10-31 10:55:30,195 [INFO] ADCParametersView:116 -                Rank 3 : true
2025-10-31 10:55:30,195 [INFO] ADCParametersView:116 -                Rank 4 : true
2025-10-31 10:55:30,195 [INFO] ADCParametersView:116 -                Rank 2 : true
2025-10-31 10:55:30,195 [INFO] ADCParametersView:116 -                Rank 3 : true
2025-10-31 10:55:30,195 [INFO] ADCParametersView:116 -                Rank 4 : true
2025-10-31 10:55:30,195 [INFO] ADCParametersView:116 -                Rank 3 : true
2025-10-31 10:55:30,195 [INFO] ADCParametersView:116 -                Rank 4 : true
2025-10-31 10:55:30,195 [INFO] ADCParametersView:116 -                Rank 4 : true
2025-10-31 10:55:30,200 [INFO] ADCParametersView:116 -                Rank 1 : true
2025-10-31 10:55:30,200 [INFO] ADCParametersView:116 -                Rank 1 : true
2025-10-31 10:55:30,200 [INFO] ADCParametersView:116 -                Rank 2 : true
2025-10-31 10:55:30,200 [INFO] ADCParametersView:116 -                Rank 1 : true
2025-10-31 10:55:30,200 [INFO] ADCParametersView:116 -                Rank 2 : true
2025-10-31 10:55:30,201 [INFO] ADCParametersView:116 -                Rank 3 : true
2025-10-31 10:55:30,201 [INFO] ADCParametersView:116 -                Rank 1 : true
2025-10-31 10:55:30,201 [INFO] ADCParametersView:116 -                Rank 2 : true
2025-10-31 10:55:30,201 [INFO] ADCParametersView:116 -                Rank 3 : true
2025-10-31 10:55:30,201 [INFO] ADCParametersView:116 -                Rank 4 : true
2025-10-31 10:55:59,278 [INFO] NvicIntPanel:101 - NVIC parent = com.st.microxplorer.plugins.ip.nvic.MultiNvicIntPanel[,0,0,0x0,invalid,layout=javax.swing.BoxLayout,alignmentX=0.0,alignmentY=0.0,border=,flags=9,maximumSize=,minimumSize=,preferredSize=]
2025-10-31 10:56:01,384 [INFO] NvicIntPanel:101 - NVIC parent = com.st.microxplorer.plugins.ip.nvic.MultiNvicIntPanel[,0,0,0x0,invalid,layout=javax.swing.BoxLayout,alignmentX=0.0,alignmentY=0.0,border=,flags=9,maximumSize=,minimumSize=,preferredSize=]
2025-10-31 10:58:00,557 [INFO] Pin:2347 - value.trim() 3V3_EN_MICRO
2025-10-31 10:58:00,557 [INFO] Pin:2348 - Pin value PC0
2025-10-31 10:59:08,179 [ERROR] LogOutputStream:75 - [STDERR_REDIRECT] Exception in thread "AWT-EventQueue-0" java.lang.ClassCastException: class sun.awt.windows.WEmbeddedFrame cannot be cast to class javax.swing.JFrame (sun.awt.windows.WEmbeddedFrame and javax.swing.JFrame are in module java.desktop of loader 'bootstrap')
2025-10-31 10:59:08,180 [ERROR] LogOutputStream:75 - [STDERR_REDIRECT] 	at com.st.microxplorer.plugins.clock.ClockConfigurationView.activatePlugin(ClockConfigurationView.java:424)
2025-10-31 10:59:08,181 [ERROR] LogOutputStream:75 - [STDERR_REDIRECT] 	at com.st.microxplorer.maingui.MainPanel$1.stateChanged(MainPanel.java:385)
2025-10-31 10:59:08,182 [ERROR] LogOutputStream:75 - [STDERR_REDIRECT] 	at java.desktop/javax.swing.JTabbedPane.fireStateChanged(JTabbedPane.java:446)
2025-10-31 10:59:08,183 [ERROR] LogOutputStream:75 - [STDERR_REDIRECT] 	at java.desktop/javax.swing.JTabbedPane$ModelListener.stateChanged(JTabbedPane.java:297)
2025-10-31 10:59:08,184 [ERROR] LogOutputStream:75 - [STDERR_REDIRECT] 	at java.desktop/javax.swing.DefaultSingleSelectionModel.fireStateChanged(DefaultSingleSelectionModel.java:148)
2025-10-31 10:59:08,185 [ERROR] LogOutputStream:75 - [STDERR_REDIRECT] 	at java.desktop/javax.swing.DefaultSingleSelectionModel.setSelectedIndex(DefaultSingleSelectionModel.java:79)
2025-10-31 10:59:08,186 [ERROR] LogOutputStream:75 - [STDERR_REDIRECT] 	at java.desktop/javax.swing.JTabbedPane.setSelectedIndexImpl(JTabbedPane.java:650)
2025-10-31 10:59:08,187 [ERROR] LogOutputStream:75 - [STDERR_REDIRECT] 	at java.desktop/javax.swing.JTabbedPane.setSelectedIndex(JTabbedPane.java:625)
2025-10-31 10:59:08,188 [ERROR] LogOutputStream:75 - [STDERR_REDIRECT] 	at java.desktop/javax.swing.plaf.basic.BasicTabbedPaneUI$Handler.mousePressed(BasicTabbedPaneUI.java:4140)
2025-10-31 10:59:08,189 [ERROR] LogOutputStream:75 - [STDERR_REDIRECT] 	at java.desktop/java.awt.Component.processMouseEvent(Component.java:6618)
2025-10-31 10:59:08,189 [ERROR] LogOutputStream:75 - [STDERR_REDIRECT] 	at java.desktop/javax.swing.JComponent.processMouseEvent(JComponent.java:3398)
2025-10-31 10:59:08,190 [ERROR] LogOutputStream:75 - [STDERR_REDIRECT] 	at java.desktop/java.awt.Component.processEvent(Component.java:6386)
2025-10-31 10:59:08,191 [ERROR] LogOutputStream:75 - [STDERR_REDIRECT] 	at java.desktop/java.awt.Container.processEvent(Container.java:2266)
2025-10-31 10:59:08,191 [ERROR] LogOutputStream:75 - [STDERR_REDIRECT] 	at java.desktop/java.awt.Component.dispatchEventImpl(Component.java:4996)
2025-10-31 10:59:08,192 [ERROR] LogOutputStream:75 - [STDERR_REDIRECT] 	at java.desktop/java.awt.Container.dispatchEventImpl(Container.java:2324)
2025-10-31 10:59:08,193 [ERROR] LogOutputStream:75 - [STDERR_REDIRECT] 	at java.desktop/java.awt.Component.dispatchEvent(Component.java:4828)
2025-10-31 10:59:08,193 [ERROR] LogOutputStream:75 - [STDERR_REDIRECT] 	at java.desktop/java.awt.LightweightDispatcher.retargetMouseEvent(Container.java:4948)
2025-10-31 10:59:08,194 [ERROR] LogOutputStream:75 - [STDERR_REDIRECT] 	at java.desktop/java.awt.LightweightDispatcher.processMouseEvent(Container.java:4572)
2025-10-31 10:59:08,195 [ERROR] LogOutputStream:75 - [STDERR_REDIRECT] 	at java.desktop/java.awt.LightweightDispatcher.dispatchEvent(Container.java:4516)
2025-10-31 10:59:08,196 [ERROR] LogOutputStream:75 - [STDERR_REDIRECT] 	at java.desktop/java.awt.Container.dispatchEventImpl(Container.java:2310)
2025-10-31 10:59:08,196 [ERROR] LogOutputStream:75 - [STDERR_REDIRECT] 	at java.desktop/java.awt.Component.dispatchEvent(Component.java:4828)
2025-10-31 10:59:08,197 [ERROR] LogOutputStream:75 - [STDERR_REDIRECT] 	at java.desktop/java.awt.EventQueue.dispatchEventImpl(EventQueue.java:775)
2025-10-31 10:59:08,198 [ERROR] LogOutputStream:75 - [STDERR_REDIRECT] 	at java.desktop/java.awt.EventQueue$4.run(EventQueue.java:720)
2025-10-31 10:59:08,198 [ERROR] LogOutputStream:75 - [STDERR_REDIRECT] 	at java.desktop/java.awt.EventQueue$4.run(EventQueue.java:714)
2025-10-31 10:59:08,199 [ERROR] LogOutputStream:75 - [STDERR_REDIRECT] 	at java.base/java.security.AccessController.doPrivileged(AccessController.java:400)
2025-10-31 10:59:08,200 [ERROR] LogOutputStream:75 - [STDERR_REDIRECT] 	at java.base/java.security.ProtectionDomain$JavaSecurityAccessImpl.doIntersectionPrivilege(ProtectionDomain.java:87)
2025-10-31 10:59:08,201 [ERROR] LogOutputStream:75 - [STDERR_REDIRECT] 	at java.base/java.security.ProtectionDomain$JavaSecurityAccessImpl.doIntersectionPrivilege(ProtectionDomain.java:98)
2025-10-31 10:59:08,202 [ERROR] LogOutputStream:75 - [STDERR_REDIRECT] 	at java.desktop/java.awt.EventQueue$5.run(EventQueue.java:747)
2025-10-31 10:59:08,202 [ERROR] LogOutputStream:75 - [STDERR_REDIRECT] 	at java.desktop/java.awt.EventQueue$5.run(EventQueue.java:745)
2025-10-31 10:59:08,203 [ERROR] LogOutputStream:75 - [STDERR_REDIRECT] 	at java.base/java.security.AccessController.doPrivileged(AccessController.java:400)
2025-10-31 10:59:08,204 [ERROR] LogOutputStream:75 - [STDERR_REDIRECT] 	at java.base/java.security.ProtectionDomain$JavaSecurityAccessImpl.doIntersectionPrivilege(ProtectionDomain.java:87)
2025-10-31 10:59:08,205 [ERROR] LogOutputStream:75 - [STDERR_REDIRECT] 	at java.desktop/java.awt.EventQueue.dispatchEvent(EventQueue.java:744)
2025-10-31 10:59:08,205 [ERROR] LogOutputStream:75 - [STDERR_REDIRECT] 	at java.desktop/java.awt.EventDispatchThread.pumpOneEventForFilters(EventDispatchThread.java:203)
2025-10-31 10:59:08,206 [ERROR] LogOutputStream:75 - [STDERR_REDIRECT] 	at java.desktop/java.awt.EventDispatchThread.pumpEventsForFilter(EventDispatchThread.java:124)
2025-10-31 10:59:08,207 [ERROR] LogOutputStream:75 - [STDERR_REDIRECT] 	at java.desktop/java.awt.EventDispatchThread.pumpEventsForHierarchy(EventDispatchThread.java:113)
2025-10-31 10:59:08,208 [ERROR] LogOutputStream:75 - [STDERR_REDIRECT] 	at java.desktop/java.awt.EventDispatchThread.pumpEvents(EventDispatchThread.java:109)
2025-10-31 10:59:08,209 [ERROR] LogOutputStream:75 - [STDERR_REDIRECT] 	at java.desktop/java.awt.EventDispatchThread.pumpEvents(EventDispatchThread.java:101)
2025-10-31 10:59:08,209 [ERROR] LogOutputStream:75 - [STDERR_REDIRECT] 	at java.desktop/java.awt.EventDispatchThread.run(EventDispatchThread.java:90)
2025-10-31 10:59:29,650 [INFO] UtilMem:75 - End SaveConfig() Used Memory: 467427136 Bytes (793772032)
2025-10-31 10:59:32,411 [INFO] UtilMem:75 - End SaveConfig() Used Memory: 489487872 Bytes (793772032)
2025-10-31 10:59:35,409 [INFO] ServerAccessManage:452 - Complete download http(s) 200
2025-10-31 10:59:35,410 [INFO] ServerAccessManage:509 - Download File stm32cube_fw_f1_v180.zip
2025-10-31 11:01:25,678 [WARN] FileExtend:469 - File entry not found
2025-10-31 11:01:25,679 [INFO] FileExtend:248 - Unzip File : stm32cube_fw_f1_v180.zip
2025-10-31 11:01:25,679 [INFO] FileExtend:263 - Standard Zip Deflate
2025-10-31 11:01:31,942 [INFO] ServerAccessManage:452 - Complete download http(s) 200
2025-10-31 11:01:31,942 [INFO] ServerAccessManage:509 - Download File stm32cube_fw_f1_v186.zip
2025-10-31 11:02:31,239 [INFO] FileExtend:248 - Unzip File : stm32cube_fw_f1_v186.zip
2025-10-31 11:02:31,239 [INFO] FileExtend:263 - Standard Zip Deflate
2025-10-31 11:02:34,106 [INFO] LoadServerPackagesThread:196 - End of LoadServerPackages Thread
2025-10-31 11:02:34,272 [INFO] ThirdPartyModel:298 - Start build external matchings
2025-10-31 11:02:34,277 [INFO] UtilMem:75 - End SaveConfig() Used Memory: 926237368 Bytes (1073741824)
2025-10-31 11:02:34,738 [INFO] BlockDiagram:2775 - set Specific Code input for plugin: NVIC
2025-10-31 11:02:34,738 [INFO] BlockDiagram:2775 - set Specific Code input for plugin: IWDG
2025-10-31 11:02:34,738 [INFO] BlockDiagram:2775 - set Specific Code input for plugin: DMA
2025-10-31 11:02:34,738 [INFO] BlockDiagram:2775 - set Specific Code input for plugin: SYS
2025-10-31 11:02:34,738 [INFO] BlockDiagram:2775 - set Specific Code input for plugin: GPIO
2025-10-31 11:02:34,738 [INFO] BlockDiagram:2775 - set Specific Code input for plugin: ADC
2025-10-31 11:02:34,738 [INFO] BlockDiagram:2775 - set Specific Code input for plugin: RCC
2025-10-31 11:02:34,740 [INFO] CodeGenerator:892 - code generatio: config db path: C:\ST\STM32CubeIDE_1.19.0\STM32CubeIDE\plugins\com.st.stm32cube.common.mx_6.15.0.202507011659\\db\
2025-10-31 11:02:34,799 [INFO] ThirdPartyModel:316 - End build external matchings
2025-10-31 11:02:34,810 [INFO] CheckServerUpdateThread:120 - End of CheckServer Thread
2025-10-31 11:02:34,928 [INFO] CodeEngine:265 - oldGeneratedFile, C:\Users\USER\STM32CubeIDE\workspace_1.19.0\Hip-Pro_Hardware_V1.2\HardwareV1.2\MXTmpFiles\license.tmp_save
2025-10-31 11:02:35,197 [INFO] CodeEngine:289 - Generated code: C:\Users\USER\STM32CubeIDE\workspace_1.19.0\Hip-Pro_Hardware_V1.2\HardwareV1.2\MXTmpFiles\license.tmp
2025-10-31 11:02:35,349 [INFO] CodeEngine:265 - oldGeneratedFile, C:\Users\USER\STM32CubeIDE\workspace_1.19.0\Hip-Pro_Hardware_V1.2\HardwareV1.2\MXTmpFiles\gpio.tmp_save
2025-10-31 11:02:35,492 [INFO] CodeEngine:289 - Generated code: C:\Users\USER\STM32CubeIDE\workspace_1.19.0\Hip-Pro_Hardware_V1.2\HardwareV1.2\MXTmpFiles\gpio.tmp
2025-10-31 11:02:35,634 [INFO] CodeEngine:265 - oldGeneratedFile, C:\Users\USER\STM32CubeIDE\workspace_1.19.0\Hip-Pro_Hardware_V1.2\HardwareV1.2\MXTmpFiles\dma.tmp_save
2025-10-31 11:02:35,713 [INFO] CodeEngine:289 - Generated code: C:\Users\USER\STM32CubeIDE\workspace_1.19.0\Hip-Pro_Hardware_V1.2\HardwareV1.2\MXTmpFiles\dma.tmp
2025-10-31 11:02:35,720 [INFO] CodeEngine:265 - oldGeneratedFile, C:\Users\USER\STM32CubeIDE\workspace_1.19.0\Hip-Pro_Hardware_V1.2\HardwareV1.2\MXTmpFiles\dma_GV.tmp_save
2025-10-31 11:02:35,784 [INFO] CodeEngine:289 - Generated code: C:\Users\USER\STM32CubeIDE\workspace_1.19.0\Hip-Pro_Hardware_V1.2\HardwareV1.2\MXTmpFiles\dma_GV.tmp
2025-10-31 11:02:35,795 [INFO] CodeEngine:265 - oldGeneratedFile, C:\Users\USER\STM32CubeIDE\workspace_1.19.0\Hip-Pro_Hardware_V1.2\HardwareV1.2\Core\Src\stm32f1xx_it.c_save
2025-10-31 11:02:35,885 [INFO] CodeEngine:289 - Generated code: C:\Users\USER\STM32CubeIDE\workspace_1.19.0\Hip-Pro_Hardware_V1.2\HardwareV1.2\Core\Src\stm32f1xx_it.c
2025-10-31 11:02:35,890 [INFO] CodeEngine:265 - oldGeneratedFile, C:\Users\USER\STM32CubeIDE\workspace_1.19.0\Hip-Pro_Hardware_V1.2\HardwareV1.2\Core\Inc\stm32f1xx_it.h_save
2025-10-31 11:02:35,945 [INFO] CodeEngine:289 - Generated code: C:\Users\USER\STM32CubeIDE\workspace_1.19.0\Hip-Pro_Hardware_V1.2\HardwareV1.2\Core\Inc\stm32f1xx_it.h
2025-10-31 11:02:35,956 [INFO] CodeEngine:265 - oldGeneratedFile, C:\Users\USER\STM32CubeIDE\workspace_1.19.0\Hip-Pro_Hardware_V1.2\HardwareV1.2\Core\Src\stm32f1xx_hal_msp.c_save
2025-10-31 11:02:36,048 [INFO] CodeEngine:289 - Generated code: C:\Users\USER\STM32CubeIDE\workspace_1.19.0\Hip-Pro_Hardware_V1.2\HardwareV1.2\Core\Src\stm32f1xx_hal_msp.c
2025-10-31 11:02:36,052 [INFO] CodeEngine:265 - oldGeneratedFile, C:\Users\USER\STM32CubeIDE\workspace_1.19.0\Hip-Pro_Hardware_V1.2\HardwareV1.2\MXTmpFiles\system.tmp_save
2025-10-31 11:02:36,101 [INFO] CodeEngine:289 - Generated code: C:\Users\USER\STM32CubeIDE\workspace_1.19.0\Hip-Pro_Hardware_V1.2\HardwareV1.2\MXTmpFiles\system.tmp
2025-10-31 11:02:36,105 [INFO] CodeEngine:265 - oldGeneratedFile, C:\Users\USER\STM32CubeIDE\workspace_1.19.0\Hip-Pro_Hardware_V1.2\HardwareV1.2\Core\Src\stm32f1xx_hal_timebase_tim.c_save
2025-10-31 11:02:36,157 [INFO] CodeEngine:289 - Generated code: C:\Users\USER\STM32CubeIDE\workspace_1.19.0\Hip-Pro_Hardware_V1.2\HardwareV1.2\Core\Src\stm32f1xx_hal_timebase_tim.c
2025-10-31 11:02:36,167 [INFO] CodeEngine:321 - oldGeneratedFile, C:\Users\USER\STM32CubeIDE\workspace_1.19.0\Hip-Pro_Hardware_V1.2\HardwareV1.2\Core\Inc\stm32f1xx_hal_conf.h_save
2025-10-31 11:02:36,221 [INFO] CodeEngine:345 - Generated code: C:\Users\USER\STM32CubeIDE\workspace_1.19.0\Hip-Pro_Hardware_V1.2\HardwareV1.2\Core\Inc\stm32f1xx_hal_conf.h
2025-10-31 11:02:36,250 [INFO] ApiDbMcu:532 - Load IP Config File for ADC1
2025-10-31 11:02:36,252 [INFO] ApiDbMcu:532 - Load IP Config File for IWDG
2025-10-31 11:02:36,254 [INFO] ApiDbMcu:532 - Load IP Config File for RCC
2025-10-31 11:02:36,263 [INFO] CodeEngine:265 - oldGeneratedFile, C:\Users\USER\STM32CubeIDE\workspace_1.19.0\Hip-Pro_Hardware_V1.2\HardwareV1.2\Core\Inc\main.h_save
2025-10-31 11:02:36,334 [INFO] CodeEngine:289 - Generated code: C:\Users\USER\STM32CubeIDE\workspace_1.19.0\Hip-Pro_Hardware_V1.2\HardwareV1.2\Core\Inc\main.h
2025-10-31 11:02:36,340 [INFO] CodeEngine:265 - oldGeneratedFile, C:\Users\USER\STM32CubeIDE\workspace_1.19.0\Hip-Pro_Hardware_V1.2\HardwareV1.2\Core\Src\main.c_save
2025-10-31 11:02:36,444 [INFO] CodeEngine:289 - Generated code: C:\Users\USER\STM32CubeIDE\workspace_1.19.0\Hip-Pro_Hardware_V1.2\HardwareV1.2\Core\Src\main.c
2025-10-31 11:02:36,703 [INFO] ProjectBuilder:3606 - Time for Copy HAL[1] : 83mS.
2025-10-31 11:02:36,708 [INFO] ProjectBuilder:5216 - Project Generator version: 4.7.0-B52
2025-10-31 11:02:36,782 [INFO] ConfigFileManager:1595 - The Die is : DIE414
2025-10-31 11:02:36,788 [INFO] ApiDbMcu:532 - Load IP Config File for FATFS
2025-10-31 11:02:36,792 [INFO] ApiDbMcu:532 - Load IP Config File for FREERTOS
2025-10-31 11:02:36,796 [INFO] ApiDbMcu:532 - Load IP Config File for USB_DEVICE
2025-10-31 11:02:37,157 [INFO] LogOutputStream:77 - [STDOUT_REDIRECT] 
2025-10-31 11:02:39,503 [INFO] ProjectBuilder:5496 - Time for Generating toolchain IDE Files: 2795mS.
2025-10-31 11:02:39,504 [INFO] ProjectBuilder:3463 - Time for Copy CMSIS : 1mS.
2025-10-31 11:02:39,506 [INFO] ProjectBuilder:3463 - Time for Copy CMSIS : 0mS.
2025-10-31 11:03:34,988 [INFO] RtosManager:1018 - Current active RTOS is FREERTOS [Cortex-M3NS]
2025-10-31 11:03:35,387 [ERROR] RtosPanel:558 - Can not restore the selected Tab for FREERTOS(A reason can be that the tab is no more available.)
2025-10-31 11:03:35,439 [ERROR] RtosPanel:558 - Can not restore the selected Tab for FREERTOS(A reason can be that the tab is no more available.)
2025-10-31 11:03:47,066 [ERROR] RtosPanel:558 - Can not restore the selected Tab for FREERTOS(A reason can be that the tab is no more available.)
2025-10-31 11:03:52,339 [INFO] TasksAndQueuesTab:757 - Dynamic
2025-10-31 11:03:52,339 [WARN] TasksAndQueuesTab:763 - 128 128
2025-10-31 11:03:52,339 [WARN] TasksAndQueuesTab:775 - max value is: 768.0
2025-10-31 11:04:07,852 [INFO] McuFinderGlobals:63 - Set McuFinder mode to 2 (CubeIDE integrated)
2025-10-31 11:04:07,852 [INFO] UserAuth:171 - activating auth plugin
2025-10-31 11:04:07,855 [INFO] UserAuth:487 - Internet connection configuration mode: 1
2025-10-31 11:04:24,109 [INFO] McuFinderGlobals:63 - Set McuFinder mode to 2 (CubeIDE integrated)
2025-10-31 11:04:24,109 [INFO] UserAuth:171 - activating auth plugin
2025-10-31 11:04:24,112 [INFO] UserAuth:487 - Internet connection configuration mode: 1
2025-10-31 11:06:15,146 [INFO] WebApp:652 - userauth.ini deleted or not created
2025-10-31 11:06:58,832 [ERROR] RtosPanel:558 - Can not restore the selected Tab for FREERTOS(A reason can be that the tab is no more available.)
2025-10-31 11:06:59,097 [ERROR] RtosPanel:558 - Can not restore the selected Tab for FREERTOS(A reason can be that the tab is no more available.)
2025-10-31 11:07:04,469 [INFO] UtilMem:75 - End SaveConfig() Used Memory: 262662808 Bytes (846200832)
2025-10-31 11:07:06,612 [INFO] UtilMem:75 - End SaveConfig() Used Memory: 301302528 Bytes (846200832)
2025-10-31 11:07:12,558 [INFO] UtilMem:75 - End SaveConfig() Used Memory: 403698312 Bytes (846200832)
2025-10-31 11:07:12,886 [INFO] BlockDiagram:2775 - set Specific Code input for plugin: NVIC
2025-10-31 11:07:12,886 [INFO] BlockDiagram:2775 - set Specific Code input for plugin: FREERTOS
2025-10-31 11:07:12,886 [INFO] BlockDiagram:2775 - set Specific Code input for plugin: IWDG
2025-10-31 11:07:12,886 [INFO] BlockDiagram:2775 - set Specific Code input for plugin: DMA
2025-10-31 11:07:12,886 [INFO] BlockDiagram:2775 - set Specific Code input for plugin: SYS
2025-10-31 11:07:12,887 [INFO] BlockDiagram:2775 - set Specific Code input for plugin: GPIO
2025-10-31 11:07:12,887 [INFO] BlockDiagram:2775 - set Specific Code input for plugin: ADC
2025-10-31 11:07:12,887 [INFO] BlockDiagram:2775 - set Specific Code input for plugin: RCC
2025-10-31 11:07:12,888 [INFO] CodeGenerator:892 - code generatio: config db path: C:\ST\STM32CubeIDE_1.19.0\STM32CubeIDE\plugins\com.st.stm32cube.common.mx_6.15.0.202507011659\\db\
2025-10-31 11:07:12,893 [INFO] Argument:325 - Argument : hdmavalue: null
2025-10-31 11:07:12,893 [INFO] Argument:327 - 	 sub Args: 
2025-10-31 11:07:12,893 [INFO] Argument:325 - Argument : Instancevalue: DMA1_Channel1
2025-10-31 11:07:12,893 [INFO] Argument:335 - Argument : Instancevalue: DMA1_Channel1
2025-10-31 11:07:12,894 [INFO] Argument:325 - Argument : Initvalue: null
2025-10-31 11:07:12,894 [INFO] Argument:327 - 	 sub Args: 
2025-10-31 11:07:12,894 [INFO] Argument:325 - Argument : Directionvalue: DMA_PERIPH_TO_MEMORY
2025-10-31 11:07:12,894 [INFO] Argument:335 - Argument : Directionvalue: DMA_PERIPH_TO_MEMORY
2025-10-31 11:07:12,894 [INFO] Argument:325 - Argument : PeriphIncvalue: DMA_PINC_DISABLE
2025-10-31 11:07:12,894 [INFO] Argument:335 - Argument : PeriphIncvalue: DMA_PINC_DISABLE
2025-10-31 11:07:12,894 [INFO] Argument:325 - Argument : MemIncvalue: DMA_MINC_ENABLE
2025-10-31 11:07:12,894 [INFO] Argument:335 - Argument : MemIncvalue: DMA_MINC_ENABLE
2025-10-31 11:07:12,894 [INFO] Argument:325 - Argument : PeriphDataAlignmentvalue: DMA_PDATAALIGN_HALFWORD
2025-10-31 11:07:12,895 [INFO] Argument:335 - Argument : PeriphDataAlignmentvalue: DMA_PDATAALIGN_HALFWORD
2025-10-31 11:07:12,895 [INFO] Argument:325 - Argument : MemDataAlignmentvalue: DMA_MDATAALIGN_HALFWORD
2025-10-31 11:07:12,895 [INFO] Argument:335 - Argument : MemDataAlignmentvalue: DMA_MDATAALIGN_HALFWORD
2025-10-31 11:07:12,895 [INFO] Argument:325 - Argument : Modevalue: DMA_CIRCULAR
2025-10-31 11:07:12,895 [INFO] Argument:335 - Argument : Modevalue: DMA_CIRCULAR
2025-10-31 11:07:12,895 [INFO] Argument:325 - Argument : Priorityvalue: DMA_PRIORITY_LOW
2025-10-31 11:07:12,895 [INFO] Argument:335 - Argument : Priorityvalue: DMA_PRIORITY_LOW
2025-10-31 11:07:12,895 [INFO] Argument:325 - Argument : Lockvalue: null
2025-10-31 11:07:12,895 [INFO] Argument:335 - Argument : Lockvalue: null
2025-10-31 11:07:12,895 [INFO] Argument:325 - Argument : Statevalue: null
2025-10-31 11:07:12,895 [INFO] Argument:335 - Argument : Statevalue: null
2025-10-31 11:07:12,895 [INFO] Argument:325 - Argument : Parentvalue: null
2025-10-31 11:07:12,895 [INFO] Argument:335 - Argument : Parentvalue: null
2025-10-31 11:07:12,895 [INFO] Argument:325 - Argument : XferCpltCallbackvalue: null
2025-10-31 11:07:12,895 [INFO] Argument:335 - Argument : XferCpltCallbackvalue: null
2025-10-31 11:07:12,895 [INFO] Argument:325 - Argument : XferHalfCpltCallbackvalue: null
2025-10-31 11:07:12,895 [INFO] Argument:335 - Argument : XferHalfCpltCallbackvalue: null
2025-10-31 11:07:12,896 [INFO] Argument:325 - Argument : XferErrorCallbackvalue: null
2025-10-31 11:07:12,896 [INFO] Argument:335 - Argument : XferErrorCallbackvalue: null
2025-10-31 11:07:12,896 [INFO] Argument:325 - Argument : ErrorCodevalue: null
2025-10-31 11:07:12,896 [INFO] Argument:335 - Argument : ErrorCodevalue: null
2025-10-31 11:07:13,003 [INFO] CodeEngine:265 - oldGeneratedFile, C:\Users\USER\STM32CubeIDE\workspace_1.19.0\Hip-Pro_Hardware_V1.2\HardwareV1.2\MXTmpFiles\license.tmp_save
2025-10-31 11:07:13,128 [INFO] CodeEngine:289 - Generated code: C:\Users\USER\STM32CubeIDE\workspace_1.19.0\Hip-Pro_Hardware_V1.2\HardwareV1.2\MXTmpFiles\license.tmp
2025-10-31 11:07:13,164 [INFO] CodeEngine:265 - oldGeneratedFile, C:\Users\USER\STM32CubeIDE\workspace_1.19.0\Hip-Pro_Hardware_V1.2\HardwareV1.2\MXTmpFiles\gpio.tmp_save
2025-10-31 11:07:13,248 [INFO] CodeEngine:289 - Generated code: C:\Users\USER\STM32CubeIDE\workspace_1.19.0\Hip-Pro_Hardware_V1.2\HardwareV1.2\MXTmpFiles\gpio.tmp
2025-10-31 11:07:13,391 [INFO] Middleware:1452 - No code input for Bsp Dependency
2025-10-31 11:07:13,401 [INFO] CodeEngine:265 - oldGeneratedFile, C:\Users\USER\STM32CubeIDE\workspace_1.19.0\Hip-Pro_Hardware_V1.2\HardwareV1.2\MXTmpFiles\rtos_inc.tmp_save
2025-10-31 11:07:13,466 [INFO] CodeEngine:289 - Generated code: C:\Users\USER\STM32CubeIDE\workspace_1.19.0\Hip-Pro_Hardware_V1.2\HardwareV1.2\MXTmpFiles\rtos_inc.tmp
2025-10-31 11:07:13,474 [INFO] CodeEngine:265 - oldGeneratedFile, C:\Users\USER\STM32CubeIDE\workspace_1.19.0\Hip-Pro_Hardware_V1.2\HardwareV1.2\MXTmpFiles\rtos_vars.tmp_save
2025-10-31 11:07:13,538 [INFO] CodeEngine:289 - Generated code: C:\Users\USER\STM32CubeIDE\workspace_1.19.0\Hip-Pro_Hardware_V1.2\HardwareV1.2\MXTmpFiles\rtos_vars.tmp
2025-10-31 11:07:13,543 [INFO] CodeEngine:265 - oldGeneratedFile, C:\Users\USER\STM32CubeIDE\workspace_1.19.0\Hip-Pro_Hardware_V1.2\HardwareV1.2\MXTmpFiles\rtos_pfp.tmp_save
2025-10-31 11:07:13,603 [INFO] CodeEngine:289 - Generated code: C:\Users\USER\STM32CubeIDE\workspace_1.19.0\Hip-Pro_Hardware_V1.2\HardwareV1.2\MXTmpFiles\rtos_pfp.tmp
2025-10-31 11:07:13,610 [INFO] CodeEngine:265 - oldGeneratedFile, C:\Users\USER\STM32CubeIDE\workspace_1.19.0\Hip-Pro_Hardware_V1.2\HardwareV1.2\MXTmpFiles\rtos_obj_creat.tmp_save
2025-10-31 11:07:13,672 [INFO] CodeEngine:289 - Generated code: C:\Users\USER\STM32CubeIDE\workspace_1.19.0\Hip-Pro_Hardware_V1.2\HardwareV1.2\MXTmpFiles\rtos_obj_creat.tmp
2025-10-31 11:07:13,678 [INFO] CodeEngine:265 - oldGeneratedFile, C:\Users\USER\STM32CubeIDE\workspace_1.19.0\Hip-Pro_Hardware_V1.2\HardwareV1.2\MXTmpFiles\rtos_kernelStart.tmp_save
2025-10-31 11:07:13,735 [INFO] CodeEngine:289 - Generated code: C:\Users\USER\STM32CubeIDE\workspace_1.19.0\Hip-Pro_Hardware_V1.2\HardwareV1.2\MXTmpFiles\rtos_kernelStart.tmp
2025-10-31 11:07:13,741 [INFO] CodeEngine:265 - oldGeneratedFile, C:\Users\USER\STM32CubeIDE\workspace_1.19.0\Hip-Pro_Hardware_V1.2\HardwareV1.2\MXTmpFiles\rtos_default_thread.tmp_save
2025-10-31 11:07:13,803 [INFO] CodeEngine:289 - Generated code: C:\Users\USER\STM32CubeIDE\workspace_1.19.0\Hip-Pro_Hardware_V1.2\HardwareV1.2\MXTmpFiles\rtos_default_thread.tmp
2025-10-31 11:07:13,810 [INFO] CodeEngine:265 - oldGeneratedFile, C:\Users\USER\STM32CubeIDE\workspace_1.19.0\Hip-Pro_Hardware_V1.2\HardwareV1.2\MXTmpFiles\rtos_threads.tmp_save
2025-10-31 11:07:13,867 [INFO] CodeEngine:289 - Generated code: C:\Users\USER\STM32CubeIDE\workspace_1.19.0\Hip-Pro_Hardware_V1.2\HardwareV1.2\MXTmpFiles\rtos_threads.tmp
2025-10-31 11:07:13,883 [INFO] Middleware:1452 - No code input for Bsp Dependency
2025-10-31 11:07:13,891 [INFO] CodeEngine:265 - oldGeneratedFile, C:\Users\USER\STM32CubeIDE\workspace_1.19.0\Hip-Pro_Hardware_V1.2\HardwareV1.2\MXTmpFiles\rtos_inc.tmp_save
2025-10-31 11:07:13,948 [INFO] CodeEngine:289 - Generated code: C:\Users\USER\STM32CubeIDE\workspace_1.19.0\Hip-Pro_Hardware_V1.2\HardwareV1.2\MXTmpFiles\rtos_inc.tmp
2025-10-31 11:07:13,954 [INFO] CodeEngine:265 - oldGeneratedFile, C:\Users\USER\STM32CubeIDE\workspace_1.19.0\Hip-Pro_Hardware_V1.2\HardwareV1.2\MXTmpFiles\rtos_vars.tmp_save
2025-10-31 11:07:14,013 [INFO] CodeEngine:289 - Generated code: C:\Users\USER\STM32CubeIDE\workspace_1.19.0\Hip-Pro_Hardware_V1.2\HardwareV1.2\MXTmpFiles\rtos_vars.tmp
2025-10-31 11:07:14,020 [INFO] CodeEngine:265 - oldGeneratedFile, C:\Users\USER\STM32CubeIDE\workspace_1.19.0\Hip-Pro_Hardware_V1.2\HardwareV1.2\MXTmpFiles\rtos_pfp.tmp_save
2025-10-31 11:07:14,075 [INFO] CodeEngine:289 - Generated code: C:\Users\USER\STM32CubeIDE\workspace_1.19.0\Hip-Pro_Hardware_V1.2\HardwareV1.2\MXTmpFiles\rtos_pfp.tmp
2025-10-31 11:07:14,081 [INFO] CodeEngine:265 - oldGeneratedFile, C:\Users\USER\STM32CubeIDE\workspace_1.19.0\Hip-Pro_Hardware_V1.2\HardwareV1.2\MXTmpFiles\rtos_obj_creat.tmp_save
2025-10-31 11:07:14,136 [INFO] CodeEngine:289 - Generated code: C:\Users\USER\STM32CubeIDE\workspace_1.19.0\Hip-Pro_Hardware_V1.2\HardwareV1.2\MXTmpFiles\rtos_obj_creat.tmp
2025-10-31 11:07:14,141 [INFO] CodeEngine:265 - oldGeneratedFile, C:\Users\USER\STM32CubeIDE\workspace_1.19.0\Hip-Pro_Hardware_V1.2\HardwareV1.2\MXTmpFiles\rtos_kernelStart.tmp_save
2025-10-31 11:07:14,191 [INFO] CodeEngine:289 - Generated code: C:\Users\USER\STM32CubeIDE\workspace_1.19.0\Hip-Pro_Hardware_V1.2\HardwareV1.2\MXTmpFiles\rtos_kernelStart.tmp
2025-10-31 11:07:14,196 [INFO] CodeEngine:265 - oldGeneratedFile, C:\Users\USER\STM32CubeIDE\workspace_1.19.0\Hip-Pro_Hardware_V1.2\HardwareV1.2\MXTmpFiles\rtos_default_thread.tmp_save
2025-10-31 11:07:14,246 [INFO] CodeEngine:289 - Generated code: C:\Users\USER\STM32CubeIDE\workspace_1.19.0\Hip-Pro_Hardware_V1.2\HardwareV1.2\MXTmpFiles\rtos_default_thread.tmp
2025-10-31 11:07:14,251 [INFO] CodeEngine:265 - oldGeneratedFile, C:\Users\USER\STM32CubeIDE\workspace_1.19.0\Hip-Pro_Hardware_V1.2\HardwareV1.2\MXTmpFiles\rtos_threads.tmp_save
2025-10-31 11:07:14,299 [INFO] CodeEngine:289 - Generated code: C:\Users\USER\STM32CubeIDE\workspace_1.19.0\Hip-Pro_Hardware_V1.2\HardwareV1.2\MXTmpFiles\rtos_threads.tmp
2025-10-31 11:07:14,304 [INFO] CodeEngine:265 - oldGeneratedFile, C:\Users\USER\STM32CubeIDE\workspace_1.19.0\Hip-Pro_Hardware_V1.2\HardwareV1.2\Core\Inc\FreeRTOSConfig.h_save
2025-10-31 11:07:14,368 [INFO] CodeEngine:289 - Generated code: C:\Users\USER\STM32CubeIDE\workspace_1.19.0\Hip-Pro_Hardware_V1.2\HardwareV1.2\Core\Inc\FreeRTOSConfig.h
2025-10-31 11:07:14,372 [INFO] CodeEngine:265 - oldGeneratedFile, C:\Users\USER\STM32CubeIDE\workspace_1.19.0\Hip-Pro_Hardware_V1.2\HardwareV1.2\Core\Src\freertos.c_save
2025-10-31 11:07:14,432 [INFO] CodeEngine:289 - Generated code: C:\Users\USER\STM32CubeIDE\workspace_1.19.0\Hip-Pro_Hardware_V1.2\HardwareV1.2\Core\Src\freertos.c
2025-10-31 11:07:14,448 [INFO] CodeEngine:265 - oldGeneratedFile, C:\Users\USER\STM32CubeIDE\workspace_1.19.0\Hip-Pro_Hardware_V1.2\HardwareV1.2\MXTmpFiles\dma.tmp_save
2025-10-31 11:07:14,499 [INFO] CodeEngine:289 - Generated code: C:\Users\USER\STM32CubeIDE\workspace_1.19.0\Hip-Pro_Hardware_V1.2\HardwareV1.2\MXTmpFiles\dma.tmp
2025-10-31 11:07:14,503 [INFO] CodeEngine:265 - oldGeneratedFile, C:\Users\USER\STM32CubeIDE\workspace_1.19.0\Hip-Pro_Hardware_V1.2\HardwareV1.2\MXTmpFiles\dma_GV.tmp_save
2025-10-31 11:07:14,569 [INFO] CodeEngine:289 - Generated code: C:\Users\USER\STM32CubeIDE\workspace_1.19.0\Hip-Pro_Hardware_V1.2\HardwareV1.2\MXTmpFiles\dma_GV.tmp
2025-10-31 11:07:14,580 [INFO] CodeEngine:265 - oldGeneratedFile, C:\Users\USER\STM32CubeIDE\workspace_1.19.0\Hip-Pro_Hardware_V1.2\HardwareV1.2\Core\Src\stm32f1xx_it.c_save
2025-10-31 11:07:14,650 [INFO] CodeEngine:289 - Generated code: C:\Users\USER\STM32CubeIDE\workspace_1.19.0\Hip-Pro_Hardware_V1.2\HardwareV1.2\Core\Src\stm32f1xx_it.c
2025-10-31 11:07:14,656 [INFO] CodeEngine:265 - oldGeneratedFile, C:\Users\USER\STM32CubeIDE\workspace_1.19.0\Hip-Pro_Hardware_V1.2\HardwareV1.2\Core\Inc\stm32f1xx_it.h_save
2025-10-31 11:07:14,707 [INFO] CodeEngine:289 - Generated code: C:\Users\USER\STM32CubeIDE\workspace_1.19.0\Hip-Pro_Hardware_V1.2\HardwareV1.2\Core\Inc\stm32f1xx_it.h
2025-10-31 11:07:14,718 [INFO] CodeEngine:265 - oldGeneratedFile, C:\Users\USER\STM32CubeIDE\workspace_1.19.0\Hip-Pro_Hardware_V1.2\HardwareV1.2\Core\Src\stm32f1xx_hal_msp.c_save
2025-10-31 11:07:14,796 [INFO] CodeEngine:289 - Generated code: C:\Users\USER\STM32CubeIDE\workspace_1.19.0\Hip-Pro_Hardware_V1.2\HardwareV1.2\Core\Src\stm32f1xx_hal_msp.c
2025-10-31 11:07:14,800 [INFO] CodeEngine:265 - oldGeneratedFile, C:\Users\USER\STM32CubeIDE\workspace_1.19.0\Hip-Pro_Hardware_V1.2\HardwareV1.2\MXTmpFiles\system.tmp_save
2025-10-31 11:07:14,849 [INFO] CodeEngine:289 - Generated code: C:\Users\USER\STM32CubeIDE\workspace_1.19.0\Hip-Pro_Hardware_V1.2\HardwareV1.2\MXTmpFiles\system.tmp
2025-10-31 11:07:14,854 [INFO] CodeEngine:265 - oldGeneratedFile, C:\Users\USER\STM32CubeIDE\workspace_1.19.0\Hip-Pro_Hardware_V1.2\HardwareV1.2\Core\Src\stm32f1xx_hal_timebase_tim.c_save
2025-10-31 11:07:14,907 [INFO] CodeEngine:289 - Generated code: C:\Users\USER\STM32CubeIDE\workspace_1.19.0\Hip-Pro_Hardware_V1.2\HardwareV1.2\Core\Src\stm32f1xx_hal_timebase_tim.c
2025-10-31 11:07:14,916 [INFO] CodeEngine:321 - oldGeneratedFile, C:\Users\USER\STM32CubeIDE\workspace_1.19.0\Hip-Pro_Hardware_V1.2\HardwareV1.2\Core\Inc\stm32f1xx_hal_conf.h_save
2025-10-31 11:07:14,974 [INFO] CodeEngine:345 - Generated code: C:\Users\USER\STM32CubeIDE\workspace_1.19.0\Hip-Pro_Hardware_V1.2\HardwareV1.2\Core\Inc\stm32f1xx_hal_conf.h
2025-10-31 11:07:14,997 [INFO] CodeEngine:265 - oldGeneratedFile, C:\Users\USER\STM32CubeIDE\workspace_1.19.0\Hip-Pro_Hardware_V1.2\HardwareV1.2\Core\Inc\main.h_save
2025-10-31 11:07:15,053 [INFO] CodeEngine:289 - Generated code: C:\Users\USER\STM32CubeIDE\workspace_1.19.0\Hip-Pro_Hardware_V1.2\HardwareV1.2\Core\Inc\main.h
2025-10-31 11:07:15,058 [INFO] CodeEngine:265 - oldGeneratedFile, C:\Users\USER\STM32CubeIDE\workspace_1.19.0\Hip-Pro_Hardware_V1.2\HardwareV1.2\Core\Src\main.c_save
2025-10-31 11:07:15,152 [INFO] CodeEngine:289 - Generated code: C:\Users\USER\STM32CubeIDE\workspace_1.19.0\Hip-Pro_Hardware_V1.2\HardwareV1.2\Core\Src\main.c
2025-10-31 11:07:15,474 [INFO] ProjectBuilder:3606 - Time for Copy HAL[1] : 155mS.
2025-10-31 11:07:15,479 [INFO] ProjectBuilder:5216 - Project Generator version: 4.7.0-B52
2025-10-31 11:07:15,554 [INFO] ConfigFileManager:1595 - The Die is : DIE414
2025-10-31 11:07:16,606 [INFO] ProjectBuilder:5496 - Time for Generating toolchain IDE Files: 1127mS.
2025-10-31 11:07:16,607 [INFO] ProjectBuilder:3463 - Time for Copy CMSIS : 1mS.
2025-10-31 11:07:16,611 [INFO] ProjectBuilder:3463 - Time for Copy CMSIS : 0mS.
2025-10-31 11:24:51,969 [INFO] UtilMem:75 - End SaveConfig() Used Memory: 615656160 Bytes (846200832)
2025-10-31 11:24:53,273 [INFO] UtilMem:75 - End SaveConfig() Used Memory: 636627680 Bytes (846200832)
2025-10-31 11:24:53,623 [INFO] UtilMem:75 - End SaveConfig() Used Memory: 668611296 Bytes (846200832)
2025-10-31 11:24:53,757 [INFO] BlockDiagram:2775 - set Specific Code input for plugin: NVIC
2025-10-31 11:24:53,757 [INFO] BlockDiagram:2775 - set Specific Code input for plugin: FREERTOS
2025-10-31 11:24:53,757 [INFO] BlockDiagram:2775 - set Specific Code input for plugin: IWDG
2025-10-31 11:24:53,757 [INFO] BlockDiagram:2775 - set Specific Code input for plugin: DMA
2025-10-31 11:24:53,757 [INFO] BlockDiagram:2775 - set Specific Code input for plugin: SYS
2025-10-31 11:24:53,757 [INFO] BlockDiagram:2775 - set Specific Code input for plugin: GPIO
2025-10-31 11:24:53,757 [INFO] BlockDiagram:2775 - set Specific Code input for plugin: ADC
2025-10-31 11:24:53,757 [INFO] BlockDiagram:2775 - set Specific Code input for plugin: RCC
2025-10-31 11:24:53,758 [INFO] CodeGenerator:892 - code generatio: config db path: C:\ST\STM32CubeIDE_1.19.0\STM32CubeIDE\plugins\com.st.stm32cube.common.mx_6.15.0.202507011659\\db\
2025-10-31 11:24:53,761 [INFO] Argument:325 - Argument : hdmavalue: null
2025-10-31 11:24:53,761 [INFO] Argument:327 - 	 sub Args: 
2025-10-31 11:24:53,761 [INFO] Argument:325 - Argument : Instancevalue: DMA1_Channel1
2025-10-31 11:24:53,761 [INFO] Argument:335 - Argument : Instancevalue: DMA1_Channel1
2025-10-31 11:24:53,761 [INFO] Argument:325 - Argument : Initvalue: null
2025-10-31 11:24:53,761 [INFO] Argument:327 - 	 sub Args: 
2025-10-31 11:24:53,761 [INFO] Argument:325 - Argument : Directionvalue: DMA_PERIPH_TO_MEMORY
2025-10-31 11:24:53,761 [INFO] Argument:335 - Argument : Directionvalue: DMA_PERIPH_TO_MEMORY
2025-10-31 11:24:53,761 [INFO] Argument:325 - Argument : PeriphIncvalue: DMA_PINC_DISABLE
2025-10-31 11:24:53,761 [INFO] Argument:335 - Argument : PeriphIncvalue: DMA_PINC_DISABLE
2025-10-31 11:24:53,761 [INFO] Argument:325 - Argument : MemIncvalue: DMA_MINC_ENABLE
2025-10-31 11:24:53,761 [INFO] Argument:335 - Argument : MemIncvalue: DMA_MINC_ENABLE
2025-10-31 11:24:53,761 [INFO] Argument:325 - Argument : PeriphDataAlignmentvalue: DMA_PDATAALIGN_HALFWORD
2025-10-31 11:24:53,761 [INFO] Argument:335 - Argument : PeriphDataAlignmentvalue: DMA_PDATAALIGN_HALFWORD
2025-10-31 11:24:53,761 [INFO] Argument:325 - Argument : MemDataAlignmentvalue: DMA_MDATAALIGN_HALFWORD
2025-10-31 11:24:53,761 [INFO] Argument:335 - Argument : MemDataAlignmentvalue: DMA_MDATAALIGN_HALFWORD
2025-10-31 11:24:53,761 [INFO] Argument:325 - Argument : Modevalue: DMA_CIRCULAR
2025-10-31 11:24:53,761 [INFO] Argument:335 - Argument : Modevalue: DMA_CIRCULAR
2025-10-31 11:24:53,761 [INFO] Argument:325 - Argument : Priorityvalue: DMA_PRIORITY_LOW
2025-10-31 11:24:53,761 [INFO] Argument:335 - Argument : Priorityvalue: DMA_PRIORITY_LOW
2025-10-31 11:24:53,761 [INFO] Argument:325 - Argument : Lockvalue: null
2025-10-31 11:24:53,761 [INFO] Argument:335 - Argument : Lockvalue: null
2025-10-31 11:24:53,761 [INFO] Argument:325 - Argument : Statevalue: null
2025-10-31 11:24:53,761 [INFO] Argument:335 - Argument : Statevalue: null
2025-10-31 11:24:53,761 [INFO] Argument:325 - Argument : Parentvalue: null
2025-10-31 11:24:53,761 [INFO] Argument:335 - Argument : Parentvalue: null
2025-10-31 11:24:53,761 [INFO] Argument:325 - Argument : XferCpltCallbackvalue: null
2025-10-31 11:24:53,761 [INFO] Argument:335 - Argument : XferCpltCallbackvalue: null
2025-10-31 11:24:53,761 [INFO] Argument:325 - Argument : XferHalfCpltCallbackvalue: null
2025-10-31 11:24:53,761 [INFO] Argument:335 - Argument : XferHalfCpltCallbackvalue: null
2025-10-31 11:24:53,761 [INFO] Argument:325 - Argument : XferErrorCallbackvalue: null
2025-10-31 11:24:53,761 [INFO] Argument:335 - Argument : XferErrorCallbackvalue: null
2025-10-31 11:24:53,761 [INFO] Argument:325 - Argument : ErrorCodevalue: null
2025-10-31 11:24:53,762 [INFO] Argument:335 - Argument : ErrorCodevalue: null
2025-10-31 11:24:53,830 [INFO] CodeEngine:265 - oldGeneratedFile, C:\Users\USER\STM32CubeIDE\workspace_1.19.0\Hip-Pro_Hardware_V1.2\HardwareV1.2\MXTmpFiles\license.tmp_save
2025-10-31 11:24:53,935 [INFO] CodeEngine:289 - Generated code: C:\Users\USER\STM32CubeIDE\workspace_1.19.0\Hip-Pro_Hardware_V1.2\HardwareV1.2\MXTmpFiles\license.tmp
2025-10-31 11:24:53,956 [INFO] CodeEngine:265 - oldGeneratedFile, C:\Users\USER\STM32CubeIDE\workspace_1.19.0\Hip-Pro_Hardware_V1.2\HardwareV1.2\MXTmpFiles\gpio.tmp_save
2025-10-31 11:24:54,025 [INFO] CodeEngine:289 - Generated code: C:\Users\USER\STM32CubeIDE\workspace_1.19.0\Hip-Pro_Hardware_V1.2\HardwareV1.2\MXTmpFiles\gpio.tmp
2025-10-31 11:24:54,098 [INFO] Middleware:1452 - No code input for Bsp Dependency
2025-10-31 11:24:54,104 [INFO] CodeEngine:265 - oldGeneratedFile, C:\Users\USER\STM32CubeIDE\workspace_1.19.0\Hip-Pro_Hardware_V1.2\HardwareV1.2\MXTmpFiles\rtos_inc.tmp_save
2025-10-31 11:24:54,152 [INFO] CodeEngine:289 - Generated code: C:\Users\USER\STM32CubeIDE\workspace_1.19.0\Hip-Pro_Hardware_V1.2\HardwareV1.2\MXTmpFiles\rtos_inc.tmp
2025-10-31 11:24:54,155 [INFO] CodeEngine:265 - oldGeneratedFile, C:\Users\USER\STM32CubeIDE\workspace_1.19.0\Hip-Pro_Hardware_V1.2\HardwareV1.2\MXTmpFiles\rtos_vars.tmp_save
2025-10-31 11:24:54,205 [INFO] CodeEngine:289 - Generated code: C:\Users\USER\STM32CubeIDE\workspace_1.19.0\Hip-Pro_Hardware_V1.2\HardwareV1.2\MXTmpFiles\rtos_vars.tmp
2025-10-31 11:24:54,208 [INFO] CodeEngine:265 - oldGeneratedFile, C:\Users\USER\STM32CubeIDE\workspace_1.19.0\Hip-Pro_Hardware_V1.2\HardwareV1.2\MXTmpFiles\rtos_pfp.tmp_save
2025-10-31 11:24:54,256 [INFO] CodeEngine:289 - Generated code: C:\Users\USER\STM32CubeIDE\workspace_1.19.0\Hip-Pro_Hardware_V1.2\HardwareV1.2\MXTmpFiles\rtos_pfp.tmp
2025-10-31 11:24:54,260 [INFO] CodeEngine:265 - oldGeneratedFile, C:\Users\USER\STM32CubeIDE\workspace_1.19.0\Hip-Pro_Hardware_V1.2\HardwareV1.2\MXTmpFiles\rtos_obj_creat.tmp_save
2025-10-31 11:24:54,308 [INFO] CodeEngine:289 - Generated code: C:\Users\USER\STM32CubeIDE\workspace_1.19.0\Hip-Pro_Hardware_V1.2\HardwareV1.2\MXTmpFiles\rtos_obj_creat.tmp
2025-10-31 11:24:54,312 [INFO] CodeEngine:265 - oldGeneratedFile, C:\Users\USER\STM32CubeIDE\workspace_1.19.0\Hip-Pro_Hardware_V1.2\HardwareV1.2\MXTmpFiles\rtos_kernelStart.tmp_save
2025-10-31 11:24:54,358 [INFO] CodeEngine:289 - Generated code: C:\Users\USER\STM32CubeIDE\workspace_1.19.0\Hip-Pro_Hardware_V1.2\HardwareV1.2\MXTmpFiles\rtos_kernelStart.tmp
2025-10-31 11:24:54,362 [INFO] CodeEngine:265 - oldGeneratedFile, C:\Users\USER\STM32CubeIDE\workspace_1.19.0\Hip-Pro_Hardware_V1.2\HardwareV1.2\MXTmpFiles\rtos_default_thread.tmp_save
2025-10-31 11:24:54,409 [INFO] CodeEngine:289 - Generated code: C:\Users\USER\STM32CubeIDE\workspace_1.19.0\Hip-Pro_Hardware_V1.2\HardwareV1.2\MXTmpFiles\rtos_default_thread.tmp
2025-10-31 11:24:54,412 [INFO] CodeEngine:265 - oldGeneratedFile, C:\Users\USER\STM32CubeIDE\workspace_1.19.0\Hip-Pro_Hardware_V1.2\HardwareV1.2\MXTmpFiles\rtos_threads.tmp_save
2025-10-31 11:24:54,459 [INFO] CodeEngine:289 - Generated code: C:\Users\USER\STM32CubeIDE\workspace_1.19.0\Hip-Pro_Hardware_V1.2\HardwareV1.2\MXTmpFiles\rtos_threads.tmp
2025-10-31 11:24:54,469 [INFO] Middleware:1452 - No code input for Bsp Dependency
2025-10-31 11:24:54,476 [INFO] CodeEngine:265 - oldGeneratedFile, C:\Users\USER\STM32CubeIDE\workspace_1.19.0\Hip-Pro_Hardware_V1.2\HardwareV1.2\MXTmpFiles\rtos_inc.tmp_save
2025-10-31 11:24:54,524 [INFO] CodeEngine:289 - Generated code: C:\Users\USER\STM32CubeIDE\workspace_1.19.0\Hip-Pro_Hardware_V1.2\HardwareV1.2\MXTmpFiles\rtos_inc.tmp
2025-10-31 11:24:54,529 [INFO] CodeEngine:265 - oldGeneratedFile, C:\Users\USER\STM32CubeIDE\workspace_1.19.0\Hip-Pro_Hardware_V1.2\HardwareV1.2\MXTmpFiles\rtos_vars.tmp_save
2025-10-31 11:24:54,578 [INFO] CodeEngine:289 - Generated code: C:\Users\USER\STM32CubeIDE\workspace_1.19.0\Hip-Pro_Hardware_V1.2\HardwareV1.2\MXTmpFiles\rtos_vars.tmp
2025-10-31 11:24:54,583 [INFO] CodeEngine:265 - oldGeneratedFile, C:\Users\USER\STM32CubeIDE\workspace_1.19.0\Hip-Pro_Hardware_V1.2\HardwareV1.2\MXTmpFiles\rtos_pfp.tmp_save
2025-10-31 11:24:54,631 [INFO] CodeEngine:289 - Generated code: C:\Users\USER\STM32CubeIDE\workspace_1.19.0\Hip-Pro_Hardware_V1.2\HardwareV1.2\MXTmpFiles\rtos_pfp.tmp
2025-10-31 11:24:54,636 [INFO] CodeEngine:265 - oldGeneratedFile, C:\Users\USER\STM32CubeIDE\workspace_1.19.0\Hip-Pro_Hardware_V1.2\HardwareV1.2\MXTmpFiles\rtos_obj_creat.tmp_save
2025-10-31 11:24:54,686 [INFO] CodeEngine:289 - Generated code: C:\Users\USER\STM32CubeIDE\workspace_1.19.0\Hip-Pro_Hardware_V1.2\HardwareV1.2\MXTmpFiles\rtos_obj_creat.tmp
2025-10-31 11:24:54,691 [INFO] CodeEngine:265 - oldGeneratedFile, C:\Users\USER\STM32CubeIDE\workspace_1.19.0\Hip-Pro_Hardware_V1.2\HardwareV1.2\MXTmpFiles\rtos_kernelStart.tmp_save
2025-10-31 11:24:54,738 [INFO] CodeEngine:289 - Generated code: C:\Users\USER\STM32CubeIDE\workspace_1.19.0\Hip-Pro_Hardware_V1.2\HardwareV1.2\MXTmpFiles\rtos_kernelStart.tmp
2025-10-31 11:24:54,743 [INFO] CodeEngine:265 - oldGeneratedFile, C:\Users\USER\STM32CubeIDE\workspace_1.19.0\Hip-Pro_Hardware_V1.2\HardwareV1.2\MXTmpFiles\rtos_default_thread.tmp_save
2025-10-31 11:24:54,792 [INFO] CodeEngine:289 - Generated code: C:\Users\USER\STM32CubeIDE\workspace_1.19.0\Hip-Pro_Hardware_V1.2\HardwareV1.2\MXTmpFiles\rtos_default_thread.tmp
2025-10-31 11:24:54,797 [INFO] CodeEngine:265 - oldGeneratedFile, C:\Users\USER\STM32CubeIDE\workspace_1.19.0\Hip-Pro_Hardware_V1.2\HardwareV1.2\MXTmpFiles\rtos_threads.tmp_save
2025-10-31 11:24:54,845 [INFO] CodeEngine:289 - Generated code: C:\Users\USER\STM32CubeIDE\workspace_1.19.0\Hip-Pro_Hardware_V1.2\HardwareV1.2\MXTmpFiles\rtos_threads.tmp
2025-10-31 11:24:54,850 [INFO] CodeEngine:265 - oldGeneratedFile, C:\Users\USER\STM32CubeIDE\workspace_1.19.0\Hip-Pro_Hardware_V1.2\HardwareV1.2\Core\Inc\FreeRTOSConfig.h_save
2025-10-31 11:24:54,909 [INFO] CodeEngine:289 - Generated code: C:\Users\USER\STM32CubeIDE\workspace_1.19.0\Hip-Pro_Hardware_V1.2\HardwareV1.2\Core\Inc\FreeRTOSConfig.h
2025-10-31 11:24:54,914 [INFO] CodeEngine:265 - oldGeneratedFile, C:\Users\USER\STM32CubeIDE\workspace_1.19.0\Hip-Pro_Hardware_V1.2\HardwareV1.2\Core\Src\freertos.c_save
2025-10-31 11:24:54,966 [INFO] CodeEngine:289 - Generated code: C:\Users\USER\STM32CubeIDE\workspace_1.19.0\Hip-Pro_Hardware_V1.2\HardwareV1.2\Core\Src\freertos.c
2025-10-31 11:24:54,977 [INFO] CodeEngine:265 - oldGeneratedFile, C:\Users\USER\STM32CubeIDE\workspace_1.19.0\Hip-Pro_Hardware_V1.2\HardwareV1.2\MXTmpFiles\dma.tmp_save
2025-10-31 11:24:55,026 [INFO] CodeEngine:289 - Generated code: C:\Users\USER\STM32CubeIDE\workspace_1.19.0\Hip-Pro_Hardware_V1.2\HardwareV1.2\MXTmpFiles\dma.tmp
2025-10-31 11:24:55,030 [INFO] CodeEngine:265 - oldGeneratedFile, C:\Users\USER\STM32CubeIDE\workspace_1.19.0\Hip-Pro_Hardware_V1.2\HardwareV1.2\MXTmpFiles\dma_GV.tmp_save
2025-10-31 11:24:55,075 [INFO] CodeEngine:289 - Generated code: C:\Users\USER\STM32CubeIDE\workspace_1.19.0\Hip-Pro_Hardware_V1.2\HardwareV1.2\MXTmpFiles\dma_GV.tmp
2025-10-31 11:24:55,084 [INFO] CodeEngine:265 - oldGeneratedFile, C:\Users\USER\STM32CubeIDE\workspace_1.19.0\Hip-Pro_Hardware_V1.2\HardwareV1.2\Core\Src\stm32f1xx_it.c_save
2025-10-31 11:24:55,201 [INFO] CodeEngine:289 - Generated code: C:\Users\USER\STM32CubeIDE\workspace_1.19.0\Hip-Pro_Hardware_V1.2\HardwareV1.2\Core\Src\stm32f1xx_it.c
2025-10-31 11:24:55,206 [INFO] CodeEngine:265 - oldGeneratedFile, C:\Users\USER\STM32CubeIDE\workspace_1.19.0\Hip-Pro_Hardware_V1.2\HardwareV1.2\Core\Inc\stm32f1xx_it.h_save
2025-10-31 11:24:55,257 [INFO] CodeEngine:289 - Generated code: C:\Users\USER\STM32CubeIDE\workspace_1.19.0\Hip-Pro_Hardware_V1.2\HardwareV1.2\Core\Inc\stm32f1xx_it.h
2025-10-31 11:24:55,267 [INFO] CodeEngine:265 - oldGeneratedFile, C:\Users\USER\STM32CubeIDE\workspace_1.19.0\Hip-Pro_Hardware_V1.2\HardwareV1.2\Core\Src\stm32f1xx_hal_msp.c_save
2025-10-31 11:24:55,347 [INFO] CodeEngine:289 - Generated code: C:\Users\USER\STM32CubeIDE\workspace_1.19.0\Hip-Pro_Hardware_V1.2\HardwareV1.2\Core\Src\stm32f1xx_hal_msp.c
2025-10-31 11:24:55,351 [INFO] CodeEngine:265 - oldGeneratedFile, C:\Users\USER\STM32CubeIDE\workspace_1.19.0\Hip-Pro_Hardware_V1.2\HardwareV1.2\MXTmpFiles\system.tmp_save
2025-10-31 11:24:55,397 [INFO] CodeEngine:289 - Generated code: C:\Users\USER\STM32CubeIDE\workspace_1.19.0\Hip-Pro_Hardware_V1.2\HardwareV1.2\MXTmpFiles\system.tmp
2025-10-31 11:24:55,402 [INFO] CodeEngine:265 - oldGeneratedFile, C:\Users\USER\STM32CubeIDE\workspace_1.19.0\Hip-Pro_Hardware_V1.2\HardwareV1.2\Core\Src\stm32f1xx_hal_timebase_tim.c_save
2025-10-31 11:24:55,455 [INFO] CodeEngine:289 - Generated code: C:\Users\USER\STM32CubeIDE\workspace_1.19.0\Hip-Pro_Hardware_V1.2\HardwareV1.2\Core\Src\stm32f1xx_hal_timebase_tim.c
2025-10-31 11:24:55,463 [INFO] CodeEngine:321 - oldGeneratedFile, C:\Users\USER\STM32CubeIDE\workspace_1.19.0\Hip-Pro_Hardware_V1.2\HardwareV1.2\Core\Inc\stm32f1xx_hal_conf.h_save
2025-10-31 11:24:55,518 [INFO] CodeEngine:345 - Generated code: C:\Users\USER\STM32CubeIDE\workspace_1.19.0\Hip-Pro_Hardware_V1.2\HardwareV1.2\Core\Inc\stm32f1xx_hal_conf.h
2025-10-31 11:24:55,535 [INFO] CodeEngine:265 - oldGeneratedFile, C:\Users\USER\STM32CubeIDE\workspace_1.19.0\Hip-Pro_Hardware_V1.2\HardwareV1.2\Core\Inc\main.h_save
2025-10-31 11:24:55,603 [INFO] CodeEngine:289 - Generated code: C:\Users\USER\STM32CubeIDE\workspace_1.19.0\Hip-Pro_Hardware_V1.2\HardwareV1.2\Core\Inc\main.h
2025-10-31 11:24:55,608 [INFO] CodeEngine:265 - oldGeneratedFile, C:\Users\USER\STM32CubeIDE\workspace_1.19.0\Hip-Pro_Hardware_V1.2\HardwareV1.2\Core\Src\main.c_save
2025-10-31 11:24:55,717 [INFO] CodeEngine:289 - Generated code: C:\Users\USER\STM32CubeIDE\workspace_1.19.0\Hip-Pro_Hardware_V1.2\HardwareV1.2\Core\Src\main.c
2025-10-31 11:24:56,077 [INFO] ProjectBuilder:3606 - Time for Copy HAL[1] : 148mS.
2025-10-31 11:24:56,081 [INFO] ProjectBuilder:5216 - Project Generator version: 4.7.0-B52
2025-10-31 11:24:56,152 [INFO] ConfigFileManager:1595 - The Die is : DIE414
2025-10-31 11:24:56,921 [INFO] ProjectBuilder:5496 - Time for Generating toolchain IDE Files: 841mS.
2025-10-31 11:24:56,922 [INFO] ProjectBuilder:3463 - Time for Copy CMSIS : 0mS.
2025-10-31 11:24:56,927 [INFO] ProjectBuilder:3463 - Time for Copy CMSIS : 0mS.
2025-10-31 11:42:17,643 [INFO] MainUpdater:2872 - connection check result : 10
2025-10-31 11:42:17,644 [INFO] McuFinderGlobals:76 - Set McuFinderConnectedMode to true
2025-10-31 11:42:18,363 [INFO] ServerAccessManage:452 - Complete download http(s) 200
2025-10-31 11:42:18,364 [INFO] ServerAccessManage:509 - Download File mcusAds.json._tmp_
2025-10-31 11:42:18,472 [INFO] LoadUrlFilesThread:156 - End of LoadUrlFiles Thread
2025-10-31 11:42:18,883 [INFO] ServerAccessManage:452 - Complete download http(s) 200
2025-10-31 11:42:18,883 [INFO] ServerAccessManage:509 - Download File cube-finder-db.zip
2025-10-31 11:42:45,589 [INFO] FileExtend:248 - Unzip File : cube-finder-db.zip
2025-10-31 11:42:45,589 [INFO] FileExtend:263 - Standard Zip Deflate
2025-10-31 11:42:46,151 [INFO] LoadUrlFilesThread:156 - End of LoadUrlFiles Thread
2025-10-31 11:42:47,524 [INFO] ServerAccessManage:452 - Complete download http(s) 200
2025-10-31 11:42:47,525 [INFO] ServerAccessManage:509 - Download File crdb.zip
2025-10-31 11:42:50,513 [INFO] FileExtend:248 - Unzip File : crdb.zip
2025-10-31 11:42:50,513 [INFO] FileExtend:263 - Standard Zip Deflate
2025-10-31 11:42:50,632 [INFO] LoadUrlFilesThread:156 - End of LoadUrlFiles Thread
2025-10-31 11:42:51,064 [INFO] ServerAccessManage:452 - Complete download http(s) 200
2025-10-31 11:42:51,064 [INFO] ServerAccessManage:509 - Download File tutoVideoDB.zip
2025-10-31 11:42:51,359 [INFO] FileExtend:248 - Unzip File : tutoVideoDB.zip
2025-10-31 11:42:51,359 [INFO] FileExtend:263 - Standard Zip Deflate
2025-10-31 11:42:51,467 [INFO] LoadUrlFilesThread:156 - End of LoadUrlFiles Thread
2025-10-31 11:42:51,469 [WARN] DbFile:41 - Overriding database path with different value: C:\Users\USER\.stmcufinder\plugins\mcufinder/ => C:\Users\USER\.stmcufinder\plugins\mcufinder
2025-10-31 11:42:51,526 [INFO] ServerAccessManage:452 - Complete download http(s) 200
2025-10-31 11:42:51,527 [INFO] ServerAccessManage:509 - Download File api_config.json
2025-10-31 11:42:51,634 [INFO] LoadUrlFilesThread:156 - End of LoadUrlFiles Thread
2025-10-31 11:42:51,634 [INFO] DbMcusAds:53 - JSON generation date=Thu Oct 02 15:06:05 IST 2025 (1759397765645)
2025-10-31 11:42:51,637 [INFO] ApiDb:448 - Save user favorites file C:\Users\USER/.stm32cubeide/favorites.mcus.txt: 0 item(s)
2025-10-31 11:42:51,637 [INFO] ApiDb:452 - User favorites MCUs=[]
2025-10-31 11:42:51,640 [INFO] ApiDb:581 - Connected to CubeFinder SQLite database (C:\Users\USER\.stmcufinder\plugins\mcufinder\mcu\cube-finder-db.db)
2025-10-31 11:42:51,694 [INFO] ApiDb:668 - CubeFinder database Data Model version=2.1
2025-10-31 11:42:51,694 [INFO] ApiDb:669 - CubeFinder database Configuration version=3.0.39
2025-10-31 11:42:51,694 [INFO] ApiDb:670 - CubeFinder database generation date=2025-10-27 (1761571959)
2025-10-31 11:42:51,694 [INFO] ApiDb:671 - CubeFinder database FW Pack versions=[FP-ATR-ASTRA1_V2.0.0, FP-SNS-FLIGHT1_V5.1.0, FP-SNS-MOTENV1_V5.0.0, FP-SNS-MOTENVWB1_V1.4.0, FP-SNS-SMARTAG2_V1.2.0, FP-SNS-STBOX1_V2.1.0, STM32Cube_FW_C0_V1.4.0, STM32Cube_FW_F4_V1.28.3, STM32Cube_FW_F7_V1.17.4, STM32Cube_FW_G0_V1.6.2, STM32Cube_FW_G4_V1.6.1, STM32Cube_FW_H5_V1.5.0, STM32Cube_FW_H7RS_V1.2.0, STM32Cube_FW_H7_V1.12.1, STM32Cube_FW_L0_V1.12.2, STM32Cube_FW_L4_V1.18.1, STM32Cube_FW_L5_V1.5.1, STM32Cube_FW_N6_V1.2.0, STM32Cube_FW_U0_V1.3.0, STM32Cube_FW_U3_V1.2.1, STM32Cube_FW_U5_V1.8.0, STM32Cube_FW_WB0_V1.3.0, STM32Cube_FW_WBA_V1.7.0, STM32Cube_FW_WB_V1.23.0, STM32Cube_FW_WL3_V1.2.0, STM32Cube_FW_WL_V1.3.1, X-CUBE-ALGOBUILD_V1.4.0, X-CUBE-ALS_V1.0.2, X-CUBE-AZRTOS-F4_V1.1.0, X-CUBE-AZRTOS-F7_V1.1.0, X-CUBE-AZRTOS-G0_V1.1.0, X-CUBE-AZRTOS-G4_V2.0.0, X-CUBE-AZRTOS-H7RS_V1.1.0, X-CUBE-AZRTOS-H7_V3.4.0, X-CUBE-AZRTOS-L4_V2.0.0, X-CUBE-AZRTOS-L5_V2.0.0, X-CUBE-AZRTOS-WB_V2.0.0, X-CUBE-AZRTOS-WL_V2.0.0, X-CUBE-BLE1_V7.1.0, X-CUBE-BLE2_V3.3.0, X-CUBE-BLEMGR_V4.1.0, X-CUBE-EEPRMA1_V5.2.0, X-CUBE-FREERTOS_V1.3.1, X-CUBE-GNSS1_V6.0.0, X-CUBE-MEMS1_V11.3.0, X-CUBE-NFC4_V3.0.0, X-CUBE-NFC7_V2.0.0, X-CUBE-SFXS2LP1_V4.0.0, X-CUBE-ST67W61_V1.1.0, X-CUBE-SUBG2_V5.0.0, X-CUBE-TOF1_V3.4.3]
2025-10-31 11:42:53,407 [INFO] ApiDb:240 - Found 880 in-development CPN: [B-G473E-ZEST1S, B-WB1M-WPAN1, B-WBA5M-WPAN, B-WL5M-SUBG1, NUCLEO-C031C6, NUCLEO-C051C8, NUCLEO-C071RB, NUCLEO-C092RC, NUCLEO-H503RB, NUCLEO-H533RE, NUCLEO-H563ZI, NUCLEO-H7S3L8, NUCLEO-N657X0-Q, NUCLEO-U031R8, NUCLEO-U083RC, NUCLEO-U385RG-Q, NUCLEO-U545RE-Q, NUCLEO-U5A5ZJ-Q, NUCLEO-WB05KZ, NUCLEO-WB07CC, NUCLEO-WB09KE, NUCLEO-WBA52CG, NUCLEO-WBA55CG, NUCLEO-WL33CC1, NUCLEO-WL33CC2, STEVAL-PROTEUS1, STEVAL-SMARTAG2, STEVAL-STWINBX1, STM320518-EVAL, STM32C0116-DK, STM32C011D6Y3TR, STM32C011D6Y6TR, STM32C011F4P3, STM32C011F4P6, STM32C011F4U3, STM32C011F4U6TR, STM32C011F6P3, STM32C011F6P6, STM32C011F6U3, STM32C011F6U6TR, STM32C011J4M3, STM32C011J4M6, STM32C011J6M3, STM32C011J6M6, STM32C0316-DK, STM32C031C4T3, STM32C031C4T6, STM32C031C4U3, STM32C031C4U6, STM32C031C6T3, STM32C031C6T6, STM32C031C6U3, STM32C031C6U6, STM32C031F4P3, STM32C031F4P6, STM32C031F6P3, STM32C031F6P6, STM32C031G4U3, STM32C031G4U6, STM32C031G6U3, STM32C031G6U6, STM32C031K4T3, STM32C031K4T6, STM32C031K4U3, STM32C031K4U6, STM32C031K6T3, STM32C031K6T6, STM32C031K6U3, STM32C031K6U6, STM32C051C6T6, STM32C051C6U6, STM32C051C8T6, STM32C051C8U6, STM32C051D8Y6TR, STM32C051F6P6, STM32C051F8P6, STM32C051G6U6, STM32C051G8U6, STM32C051K6T6, STM32C051K6U6, STM32C051K8T6, STM32C071C8T6, STM32C071C8T6N, STM32C071C8U6, STM32C071C8U6N, STM32C071CBT6, STM32C071CBT6N, STM32C071CBU6, STM32C071CBU6N, STM32C071F8P6, STM32C071F8P6N, STM32C071FBP6, STM32C071FBP6N, STM32C071FBY6TR, STM32C071G8U6, STM32C071G8U6N, STM32C071GBU6, STM32C071GBU6N, STM32C071K8T6, STM32C071K8T6N, STM32C071K8U6, STM32C071K8U6N, STM32C071KBT6, STM32C071KBT6N, STM32C071KBU6, STM32C071KBU6N, STM32C071R8T6, STM32C071R8T6N, STM32C071RBI6N, STM32C071RBT6, STM32C071RBT6N, STM32C091CBT6, STM32C091CBU6, STM32C091CCT6, STM32C091CCU6, STM32C091ECY6TR, STM32C091FBP6, STM32C091FCP6, STM32C091GBU6, STM32C091GCU6, STM32C091KBT6, STM32C091KBU6, STM32C091KCT6, STM32C091KCU6, STM32C091RBT6, STM32C091RCI6, STM32C091RCT6, STM32C092CBT6, STM32C092CBU6, STM32C092CCT6, STM32C092CCU6, STM32C092ECY6TR, STM32C092FBP6, STM32C092FCP6, STM32C092GBU6, STM32C092GCU6, STM32C092KBT6, STM32C092KBU6, STM32C092KCT6, STM32C092KCU6, STM32C092RBT6, STM32C092RCI6, STM32C092RCT6, STM32G071K8TXN, STM32G071K8UXN, STM32G081GBU6N, STM32G081KBT6N, STM32G081KBUXN, STM32G0B1CCT6N, STM32G0B1KCT6, STM32G0B1NEY6TR, STM32G0B1RCT6N, STM32G0C1CCT6, STM32G0C1CCT6N, STM32G0C1CCU6N, STM32G0C1CET6N, STM32G0C1CEU6N, STM32G0C1KCT6, STM32G0C1NEY6TR, STM32G0C1RCI6N, STM32G0C1RCT6N, STM32G0C1REI6N, STM32G0C1RET6N, STM32G0C1VCI6, STM32G0C1VEI6, STM32G411C6T3, STM32G411C6T6, STM32G411C6U3, STM32G411C6U6, STM32G411C8T3, STM32G411C8T6, STM32G411C8U3, STM32G411C8U6, STM32G411CBT3, STM32G411CBT6, STM32G411CBU3, STM32G411CBU6, STM32G411K6T3, STM32G411K6T6, STM32G411K6U3, STM32G411K6U6, STM32G411K8T3, STM32G411K8T6, STM32G411K8U3, STM32G411K8U6, STM32G411KBT3, STM32G411KBT6, STM32G411KBU3, STM32G411KBU6, STM32G411M6T3, STM32G411M6T6, STM32G411M8T3, STM32G411M8T6, STM32G411MBT3, STM32G411MBT6, STM32G411R6T3, STM32G411R6T6, STM32G411R8T3, STM32G411R8T6, STM32G411RBT3, STM32G411RBT6, STM32G414CBT3, STM32G414CBT6, STM32G414CBU3, STM32G414CBU6, STM32G414CCT3, STM32G414CCT6, STM32G414CCU3, STM32G414CCU6, STM32G414MBT3, STM32G414MBT6, STM32G414MCT3, STM32G414MCT6, STM32G414RBT3, STM32G414RBT6, STM32G414RCT3, STM32G414RCT6, STM32G414VBT3, STM32G414VBT6, STM32G414VCT3, STM32G414VCT6, STM32G431CBT3Z, STM32G431RBT3Z, STM32G471CCT6, STM32G471CCU6, STM32G471CET3, STM32G471CET6, STM32G471CEU3, STM32G471CEU6, STM32G471MCT6, STM32G471MET3, STM32G471MET6, STM32G471MEY6TR, STM32G471QCT6, STM32G471QET3, STM32G471RCT6, STM32G471RET3, STM32G471RET6, STM32G471VCH6, STM32G471VCI6, STM32G471VCT6, STM32G471VEH3, STM32G471VEH6, STM32G471VEI3, STM32G471VEI6, STM32G471VET3, STM32G471VET6, STM32G473QET3Z, STM32G473RET3Z, STM32G474CCT6, STM32G491RET3Z, STM32H503CBT6, STM32H503CBU6, STM32H503EBY6TR, STM32H503KBU6, STM32H503RBT6, STM32H523CCT6, STM32H523CCU6, STM32H523CET6, STM32H523CEU6, STM32H523HEY6TR, STM32H523RCT6, STM32H523RET6, STM32H523VCI6, STM32H523VCT6, STM32H523VEI6, STM32H523VET6, STM32H523ZCJ6, STM32H523ZCT6, STM32H523ZEJ6, STM32H523ZET6, STM32H533CET6, STM32H533CEU6, STM32H533HEY6TR, STM32H533RET6, STM32H533VEI6, STM32H533VET6, STM32H533ZEJ6, STM32H533ZET6, STM32H562AGI6, STM32H562AII6, STM32H562IGK6, STM32H562IGT6, STM32H562IIK6, STM32H562IIT6, STM32H562RGT6, STM32H562RGV6, STM32H562RIT6, STM32H562RIV6, STM32H562VGT6, STM32H562VIT6, STM32H562ZGT6, STM32H562ZIT6, STM32H563AGI6, STM32H563AII3Q, STM32H563AII6, STM32H563IGK6, STM32H563IGT6, STM32H563IIK3Q, STM32H563IIK6, STM32H563IIT3Q, STM32H563IIT6, STM32H563MIY3QTR, STM32H563RGT6, STM32H563RGV6, STM32H563RIT6, STM32H563RIV6, STM32H563VGT6, STM32H563VIT3Q, STM32H563VIT6, STM32H563ZGT6, STM32H563ZIT3Q, STM32H563ZIT6, STM32H573AII3Q, STM32H573AII6, STM32H573I-DK, STM32H573IIK3Q, STM32H573IIK6, STM32H573IIT3Q, STM32H573IIT6, STM32H573MIY3QTR, STM32H573RIT6, STM32H573RIV6, STM32H573VIT3Q, STM32H573VIT6, STM32H573ZIT3Q, STM32H573ZIT6, STM32H7R3A8I6, STM32H7R3I8K6, STM32H7R3I8T6, STM32H7R3L8H6, STM32H7R3L8H6H, STM32H7R3R8V6, STM32H7R3V8H6, STM32H7R3V8T6, STM32H7R3V8Y6TR, STM32H7R3Z8J6, STM32H7R3Z8T6, STM32H7R7A8I6, STM32H7R7I8K6, STM32H7R7I8T6, STM32H7R7L8H6, STM32H7R7L8H6H, STM32H7R7Z8J6, STM32H7S3A8I6, STM32H7S3I8K6, STM32H7S3I8T6, STM32H7S3L8H6, STM32H7S3L8H6H, STM32H7S3R8V6, STM32H7S3V8H6, STM32H7S3V8T6, STM32H7S3V8Y6TR, STM32H7S3Z8J6, STM32H7S3Z8T6, STM32H7S78-DK, STM32H7S7A8I6, STM32H7S7I8K6, STM32H7S7I8T6, STM32H7S7L8H6, STM32H7S7L8H6H, STM32H7S7Z8J6, STM32L4R5QGI6STR, STM32MP131AAE3, STM32MP131AAF3, STM32MP131AAG3, STM32MP131CAE3, STM32MP131CAF3, STM32MP131CAG3, STM32MP131DAE7, STM32MP131DAF7, STM32MP131DAG7, STM32MP131FAE7, STM32MP131FAF7, STM32MP131FAG7, STM32MP133AAE3, STM32MP133AAF3, STM32MP133AAG3, STM32MP133CAE3, STM32MP133CAF3, STM32MP133CAG3, STM32MP133DAE7, STM32MP133DAF7, STM32MP133DAG7, STM32MP133FAE7, STM32MP133FAF7, STM32MP133FAG7, STM32MP135AAE3, STM32MP135AAF3, STM32MP135AAG3, STM32MP135CAE3, STM32MP135CAF3, STM32MP135CAG3, STM32MP135DAE7, STM32MP135DAF7, STM32MP135DAG7, STM32MP135F-DK, STM32MP135FAE7, STM32MP135FAF7, STM32MP135FAF7T, STM32MP135FAF7U, STM32MP135FAG7, STM32MP211AAL3, STM32MP211AAM3, STM32MP211AAN3, STM32MP211AAO3, STM32MP211CAL3, STM32MP211CAM3, STM32MP211CAN3, STM32MP211CAO3, STM32MP211DAL3, STM32MP211DAM3, STM32MP211DAN3, STM32MP211DAO3, STM32MP211FAL3, STM32MP211FAM3, STM32MP211FAN3, STM32MP211FAO3, STM32MP213AAL3, STM32MP213AAM3, STM32MP213AAN3, STM32MP213AAO3, STM32MP213CAL3, STM32MP213CAM3, STM32MP213CAN3, STM32MP213CAO3, STM32MP213DAL3, STM32MP213DAM3, STM32MP213DAN3, STM32MP213DAO3, STM32MP213FAL3, STM32MP213FAM3, STM32MP213FAN3, STM32MP213FAO3, STM32MP215AAL3, STM32MP215AAM3, STM32MP215AAN3, STM32MP215AAO3, STM32MP215CAL3, STM32MP215CAM3, STM32MP215CAN3, STM32MP215CAO3, STM32MP215DAL3, STM32MP215DAM3, STM32MP215DAN3, STM32MP215DAO3, STM32MP215F-DK, STM32MP215FAL3, STM32MP215FAM3, STM32MP215FAN3, STM32MP215FAO3, STM32MP231AAJ3, STM32MP231AAK3, STM32MP231AAL3, STM32MP231CAJ3, STM32MP231CAK3, STM32MP231CAL3, STM32MP231DAJ3, STM32MP231DAK3, STM32MP231DAL3, STM32MP231FAJ3, STM32MP231FAK3, STM32MP231FAL3, STM32MP233AAJ3, STM32MP233AAK3, STM32MP233AAL3, STM32MP233CAJ3, STM32MP233CAK3, STM32MP233CAL3, STM32MP233DAJ3, STM32MP233DAK3, STM32MP233DAL3, STM32MP233FAJ3, STM32MP233FAK3, STM32MP233FAL3, STM32MP235AAJ3, STM32MP235AAK3, STM32MP235AAL3, STM32MP235CAJ3, STM32MP235CAK3, STM32MP235CAL3, STM32MP235DAJ3, STM32MP235DAK3, STM32MP235DAL3, STM32MP235FAJ3, STM32MP235FAK3, STM32MP235FAL3, STM32MP251AAI3, STM32MP251AAK3, STM32MP251AAL3, STM32MP251CAI3, STM32MP251CAK3, STM32MP251CAL3, STM32MP251DAI3, STM32MP251DAK3, STM32MP251DAL3, STM32MP251FAI3, STM32MP251FAK3, STM32MP251FAL3, STM32MP253AAI3, STM32MP253AAK3, STM32MP253AAL3, STM32MP253CAI3, STM32MP253CAK3, STM32MP253CAL3, STM32MP253DAI3, STM32MP253DAK3, STM32MP253DAL3, STM32MP253FAI3, STM32MP253FAK3, STM32MP253FAL3, STM32MP255AAI3, STM32MP255AAK3, STM32MP255AAL3, STM32MP255CAI3, STM32MP255CAK3, STM32MP255CAL3, STM32MP255DAI3, STM32MP255DAK3, STM32MP255DAL3, STM32MP255FAI3, STM32MP255FAK3, STM32MP255FAL3, STM32MP257AAI3, STM32MP257AAK3, STM32MP257AAL3, STM32MP257CAI3, STM32MP257CAK3, STM32MP257CAL3, STM32MP257DAI3, STM32MP257DAK3, STM32MP257DAL3, STM32MP257F-DK, STM32MP257F-EV1, STM32MP257FAI3, STM32MP257FAK3, STM32MP257FAL3, STM32N645A0H3Q, STM32N645B0H3Q, STM32N645I0H3Q, STM32N645L0H3Q, STM32N645X0H3Q, STM32N645Z0H3Q, STM32N647A0H3Q, STM32N647B0H3Q, STM32N647I0H3Q, STM32N647L0H3Q, STM32N647X0H3Q, STM32N647Z0H3Q, STM32N655A0H3Q, STM32N655B0H3Q, STM32N655I0H3Q, STM32N655L0H3Q, STM32N655X0H3Q, STM32N655Z0H3Q, STM32N6570-DK, STM32N657A0H3Q, STM32N657B0H3Q, STM32N657I0H3Q, STM32N657L0H3Q, STM32N657X0H3Q, STM32N657Z0H3Q, STM32U031C6T6, STM32U031C6U6, STM32U031C8T6, STM32U031C8U6, STM32U031F4P6, STM32U031F6P6, STM32U031F8P6, STM32U031G6Y6TR, STM32U031G8Y6TR, STM32U031K4U6, STM32U031K6U6, STM32U031K8U6, STM32U031R6I6, STM32U031R6T6, STM32U031R8I6, STM32U031R8T6, STM32U073C8T6, STM32U073C8U6, STM32U073CBT6, STM32U073CBU6, STM32U073CCT6, STM32U073CCU6, STM32U073H8Y6TR, STM32U073HBY6TR, STM32U073HCY6TR, STM32U073K8U6, STM32U073KBU6, STM32U073KCU6, STM32U073M8I6, STM32U073M8T6, STM32U073MBI6, STM32U073MBT6, STM32U073MCI6, STM32U073MCT6, STM32U073R8I6, STM32U073R8T6, STM32U073RBI6, STM32U073RBT6, STM32U073RCI6, STM32U073RCT6, STM32U083C-DK, STM32U083CCT6, STM32U083CCU6, STM32U083HCY6TR, STM32U083KCU6, STM32U083MCI6, STM32U083MCT6, STM32U083RCI6, STM32U083RCT6, STM32U375CET6, STM32U375CET6Q, STM32U375CEU6, STM32U375CEU6Q, STM32U375CEY6QTR, STM32U375CGT6, STM32U375CGT6Q, STM32U375CGU6, STM32U375CGU6Q, STM32U375CGY6QTR, STM32U375KEU6, STM32U375KGU6, STM32U375REI6, STM32U375REI6Q, STM32U375RET6, STM32U375RET6Q, STM32U375REY6GTR, STM32U375REY6QTR, STM32U375RGI6, STM32U375RGI6Q, STM32U375RGT6, STM32U375RGT6Q, STM32U375RGY6GTR, STM32U375RGY6QTR, STM32U375VEI6, STM32U375VEI6Q, STM32U375VET6, STM32U375VET6Q, STM32U375VGI6, STM32U375VGI6Q, STM32U375VGT6, STM32U375VGT6Q, STM32U385CGT6, STM32U385CGT6Q, STM32U385CGU6, STM32U385CGU6Q, STM32U385CGY6QTR, STM32U385KGU6, STM32U385RGI6, STM32U385RGI6Q, STM32U385RGT6, STM32U385RGT6Q, STM32U385RGY6GTR, STM32U385RGY6QTR, STM32U385VGI6, STM32U385VGI6Q, STM32U385VGT6, STM32U385VGT6Q, STM32U535CBT6, STM32U535CBT6Q, STM32U535CBU6, STM32U535CBU6Q, STM32U535CCT6, STM32U535CCT6Q, STM32U535CCU6, STM32U535CCU6Q, STM32U535CET6, STM32U535CET6Q, STM32U535CEU6, STM32U535CEU6Q, STM32U535JEY6QTR, STM32U535NCY6QTR, STM32U535NEY6QTR, STM32U535RBI6, STM32U535RBI6Q, STM32U535RBT6, STM32U535RBT6Q, STM32U535RCI6, STM32U535RCI6Q, STM32U535RCT6, STM32U535RCT6Q, STM32U535REI6, STM32U535REI6Q, STM32U535RET6, STM32U535RET6Q, STM32U535VCI6, STM32U535VCI6Q, STM32U535VCT6, STM32U535VCT6Q, STM32U535VEI6, STM32U535VEI6Q, STM32U535VET6, STM32U535VET6Q, STM32U545CET6, STM32U545CET6Q, STM32U545CEU6, STM32U545CEU6Q, STM32U545JEY6QTR, STM32U545NEY6QTR, STM32U545REI6, STM32U545REI6Q, STM32U545RET6, STM32U545RET6Q, STM32U545VEI6, STM32U545VEI6Q, STM32U545VET6, STM32U545VET6Q, STM32U595AIH6, STM32U595AIH6Q, STM32U595AJH6, STM32U595AJH6Q, STM32U595QII6, STM32U595QII6Q, STM32U595QJI6, STM32U595QJI6Q, STM32U595RIT6, STM32U595RIT6Q, STM32U595RJT6, STM32U595RJT6Q, STM32U595VIT6, STM32U595VIT6Q, STM32U595VJT6, STM32U595VJT6Q, STM32U595ZIT6, STM32U595ZIT6Q, STM32U595ZIY6QTR, STM32U595ZJT6, STM32U595ZJT6Q, STM32U595ZJY6QTR, STM32U599BJY6QTR, STM32U599NIH6Q, STM32U599NJH6Q, STM32U599VIT6Q, STM32U599VJT6, STM32U599VJT6Q, STM32U599ZIT6Q, STM32U599ZIY6QTR, STM32U599ZJT6Q, STM32U599ZJY6QTR, STM32U5A5AJH6, STM32U5A5AJH6Q, STM32U5A5QII3Q , STM32U5A5QJI6, STM32U5A5QJI6Q, STM32U5A5RJT6, STM32U5A5RJT6Q, STM32U5A5VJT6, STM32U5A5VJT6Q, STM32U5A5ZJT6, STM32U5A5ZJT6Q, STM32U5A5ZJY6QTR, STM32U5A9BJY6QTR, STM32U5A9J-DK, STM32U5A9NJH6Q, STM32U5A9VJT6Q, STM32U5A9ZJT6Q, STM32U5A9ZJY6QTR, STM32U5F7VIT6, STM32U5F7VIT6Q, STM32U5F7VJT6, STM32U5F7VJT6Q, STM32U5F9BJY6QTR, STM32U5F9NJH6Q, STM32U5F9VIT6Q, STM32U5F9VJT6Q, STM32U5F9ZIJ6QTR, STM32U5F9ZIT6Q, STM32U5F9ZJJ6QTR, STM32U5F9ZJT6Q, STM32U5G7VJT6, STM32U5G7VJT6Q, STM32U5G9BJY6QTR, STM32U5G9J-DK1, STM32U5G9J-DK2, STM32U5G9NJH6Q, STM32U5G9VJT6Q, STM32U5G9ZJJ6QTR, STM32U5G9ZJT6Q, STM32WB05KZV6TR, STM32WB05KZV7TR, STM32WB05TZF6TR, STM32WB05TZF7TR, STM32WB06CCF6TR, STM32WB06CCF7TR, STM32WB06CCV6TR, STM32WB06CCV7TR, STM32WB06KCV6TR, STM32WB06KCV7TR, STM32WB07CCF6TR, STM32WB07CCF7TR, STM32WB07CCV6TR, STM32WB07CCV7TR, STM32WB07KCV6TR, STM32WB07KCV7TR, STM32WB09KEV6TR, STM32WB09KEV7TR, STM32WB09TEF6TR, STM32WB09TEF7TR, STM32WB1MMCH6, STM32WBA50KGU6, STM32WBA50KGU6TR, STM32WBA52CEU6, STM32WBA52CEU6TR, STM32WBA52CEU7, STM32WBA52CEU7TR, STM32WBA52CGU6, STM32WBA52CGU6TR, STM32WBA52CGU6U, STM32WBA52CGU7, STM32WBA52CGU7TR, STM32WBA52KEU6, STM32WBA52KEU6TR, STM32WBA52KGU6, STM32WBA52KGU6TR, STM32WBA54CEU6, STM32WBA54CEU6TR, STM32WBA54CEU7, STM32WBA54CEU7TR, STM32WBA54CGU6, STM32WBA54CGU6TR, STM32WBA54CGU7, STM32WBA54CGU7TR, STM32WBA54KEU6, STM32WBA54KEU6TR, STM32WBA54KEU7, STM32WBA54KEU7TR, STM32WBA54KGU6, STM32WBA54KGU6TR, STM32WBA54KGU7, STM32WBA54KGU7TR, STM32WBA55CEU6, STM32WBA55CEU6TR, STM32WBA55CEU7, STM32WBA55CEU7TR, STM32WBA55CGU6, STM32WBA55CGU6TR, STM32WBA55CGU6U, STM32WBA55CGU7, STM32WBA55CGU7TR, STM32WBA55G-DK1, STM32WBA55HEF6, STM32WBA55HEF7, STM32WBA55HGF6, STM32WBA55HGF7, STM32WBA55UEI6, STM32WBA55UEI6TR, STM32WBA55UEI7, STM32WBA55UEI7TR, STM32WBA55UGI6, STM32WBA55UGI6TR, STM32WBA55UGI7, STM32WBA55UGI7TR, STM32WBA5MMGH6TR, STM32WBA62MGF6, STM32WBA62MIF6, STM32WBA65MGF7, STM32WBA65MIF6, STM32WBA65MIF7, STM32WL30K8V6, STM32WL30KBV6, STM32WL31C8V6, STM32WL31CBV6, STM32WL31K8V6, STM32WL31KBV6, STM32WL33C8V6, STM32WL33C8V6X, STM32WL33CBV6, STM32WL33CBV6X, STM32WL33CCV6, STM32WL33CCV6A, STM32WL33CCV6X, STM32WL33K8V7, STM32WL33K8V7X, STM32WL33KBV7 , STM32WL33KBV7X, STM32WL33KCV7, STM32WL33KCV7X, STM32WL5MOCH6, STM32WL5MOCH6TR]
2025-10-31 11:42:53,410 [INFO] DbMcus:218 - Found 4801 MCUs, 4801 are supported
2025-10-31 11:42:53,411 [INFO] ApiDb:423 - Load user favorites file C:\Users\USER/.stm32cubeide/favorites.mcus.txt: 0 item(s)
2025-10-31 11:42:53,411 [INFO] ApiDb:427 - User favorites MCUs=[]
2025-10-31 11:42:53,411 [INFO] DbMcus:224 - Set 0 / 0 favorites MCUs
2025-10-31 11:42:53,691 [INFO] ApiDb:448 - Save user favorites file C:\Users\USER/.stm32cubeide/favorites.boards.txt: 0 item(s)
2025-10-31 11:42:53,691 [INFO] ApiDb:452 - User favorites Boards=[]
2025-10-31 11:42:53,693 [INFO] ApiDb:581 - Connected to CubeFinder SQLite database (C:\Users\USER\.stmcufinder\plugins\mcufinder\mcu\cube-finder-db.db)
2025-10-31 11:42:53,746 [INFO] ApiDb:668 - CubeFinder database Data Model version=2.1
2025-10-31 11:42:53,746 [INFO] ApiDb:669 - CubeFinder database Configuration version=3.0.39
2025-10-31 11:42:53,746 [INFO] ApiDb:670 - CubeFinder database generation date=2025-10-27 (1761571959)
2025-10-31 11:42:53,746 [INFO] ApiDb:671 - CubeFinder database FW Pack versions=[FP-ATR-ASTRA1_V2.0.0, FP-SNS-FLIGHT1_V5.1.0, FP-SNS-MOTENV1_V5.0.0, FP-SNS-MOTENVWB1_V1.4.0, FP-SNS-SMARTAG2_V1.2.0, FP-SNS-STBOX1_V2.1.0, STM32Cube_FW_C0_V1.4.0, STM32Cube_FW_F4_V1.28.3, STM32Cube_FW_F7_V1.17.4, STM32Cube_FW_G0_V1.6.2, STM32Cube_FW_G4_V1.6.1, STM32Cube_FW_H5_V1.5.0, STM32Cube_FW_H7RS_V1.2.0, STM32Cube_FW_H7_V1.12.1, STM32Cube_FW_L0_V1.12.2, STM32Cube_FW_L4_V1.18.1, STM32Cube_FW_L5_V1.5.1, STM32Cube_FW_N6_V1.2.0, STM32Cube_FW_U0_V1.3.0, STM32Cube_FW_U3_V1.2.1, STM32Cube_FW_U5_V1.8.0, STM32Cube_FW_WB0_V1.3.0, STM32Cube_FW_WBA_V1.7.0, STM32Cube_FW_WB_V1.23.0, STM32Cube_FW_WL3_V1.2.0, STM32Cube_FW_WL_V1.3.1, X-CUBE-ALGOBUILD_V1.4.0, X-CUBE-ALS_V1.0.2, X-CUBE-AZRTOS-F4_V1.1.0, X-CUBE-AZRTOS-F7_V1.1.0, X-CUBE-AZRTOS-G0_V1.1.0, X-CUBE-AZRTOS-G4_V2.0.0, X-CUBE-AZRTOS-H7RS_V1.1.0, X-CUBE-AZRTOS-H7_V3.4.0, X-CUBE-AZRTOS-L4_V2.0.0, X-CUBE-AZRTOS-L5_V2.0.0, X-CUBE-AZRTOS-WB_V2.0.0, X-CUBE-AZRTOS-WL_V2.0.0, X-CUBE-BLE1_V7.1.0, X-CUBE-BLE2_V3.3.0, X-CUBE-BLEMGR_V4.1.0, X-CUBE-EEPRMA1_V5.2.0, X-CUBE-FREERTOS_V1.3.1, X-CUBE-GNSS1_V6.0.0, X-CUBE-MEMS1_V11.3.0, X-CUBE-NFC4_V3.0.0, X-CUBE-NFC7_V2.0.0, X-CUBE-SFXS2LP1_V4.0.0, X-CUBE-ST67W61_V1.1.0, X-CUBE-SUBG2_V5.0.0, X-CUBE-TOF1_V3.4.3]
2025-10-31 11:42:53,784 [INFO] DbBoardsSqlite:226 - include board P-NUCLEO-WB55-NUCLEO as a kit item of type 'Nucleo-64'
2025-10-31 11:42:53,784 [INFO] DbBoardsSqlite:226 - include board P-NUCLEO-WB55-USBDONGLE as a kit item of type 'Nucleo USB Dongle'
2025-10-31 11:42:53,784 [INFO] DbBoardsSqlite:226 - include board STEVAL-IDP005V1 as a kit item of type 'Evaluation Board'
2025-10-31 11:42:53,784 [INFO] DbBoardsSqlite:226 - include board STEVAL-IDP005V2 as a kit item of type 'Evaluation Board'
2025-10-31 11:42:53,834 [INFO] ApiDb:240 - Found 880 in-development CPN: [B-G473E-ZEST1S, B-WB1M-WPAN1, B-WBA5M-WPAN, B-WL5M-SUBG1, NUCLEO-C031C6, NUCLEO-C051C8, NUCLEO-C071RB, NUCLEO-C092RC, NUCLEO-H503RB, NUCLEO-H533RE, NUCLEO-H563ZI, NUCLEO-H7S3L8, NUCLEO-N657X0-Q, NUCLEO-U031R8, NUCLEO-U083RC, NUCLEO-U385RG-Q, NUCLEO-U545RE-Q, NUCLEO-U5A5ZJ-Q, NUCLEO-WB05KZ, NUCLEO-WB07CC, NUCLEO-WB09KE, NUCLEO-WBA52CG, NUCLEO-WBA55CG, NUCLEO-WL33CC1, NUCLEO-WL33CC2, STEVAL-PROTEUS1, STEVAL-SMARTAG2, STEVAL-STWINBX1, STM320518-EVAL, STM32C0116-DK, STM32C011D6Y3TR, STM32C011D6Y6TR, STM32C011F4P3, STM32C011F4P6, STM32C011F4U3, STM32C011F4U6TR, STM32C011F6P3, STM32C011F6P6, STM32C011F6U3, STM32C011F6U6TR, STM32C011J4M3, STM32C011J4M6, STM32C011J6M3, STM32C011J6M6, STM32C0316-DK, STM32C031C4T3, STM32C031C4T6, STM32C031C4U3, STM32C031C4U6, STM32C031C6T3, STM32C031C6T6, STM32C031C6U3, STM32C031C6U6, STM32C031F4P3, STM32C031F4P6, STM32C031F6P3, STM32C031F6P6, STM32C031G4U3, STM32C031G4U6, STM32C031G6U3, STM32C031G6U6, STM32C031K4T3, STM32C031K4T6, STM32C031K4U3, STM32C031K4U6, STM32C031K6T3, STM32C031K6T6, STM32C031K6U3, STM32C031K6U6, STM32C051C6T6, STM32C051C6U6, STM32C051C8T6, STM32C051C8U6, STM32C051D8Y6TR, STM32C051F6P6, STM32C051F8P6, STM32C051G6U6, STM32C051G8U6, STM32C051K6T6, STM32C051K6U6, STM32C051K8T6, STM32C071C8T6, STM32C071C8T6N, STM32C071C8U6, STM32C071C8U6N, STM32C071CBT6, STM32C071CBT6N, STM32C071CBU6, STM32C071CBU6N, STM32C071F8P6, STM32C071F8P6N, STM32C071FBP6, STM32C071FBP6N, STM32C071FBY6TR, STM32C071G8U6, STM32C071G8U6N, STM32C071GBU6, STM32C071GBU6N, STM32C071K8T6, STM32C071K8T6N, STM32C071K8U6, STM32C071K8U6N, STM32C071KBT6, STM32C071KBT6N, STM32C071KBU6, STM32C071KBU6N, STM32C071R8T6, STM32C071R8T6N, STM32C071RBI6N, STM32C071RBT6, STM32C071RBT6N, STM32C091CBT6, STM32C091CBU6, STM32C091CCT6, STM32C091CCU6, STM32C091ECY6TR, STM32C091FBP6, STM32C091FCP6, STM32C091GBU6, STM32C091GCU6, STM32C091KBT6, STM32C091KBU6, STM32C091KCT6, STM32C091KCU6, STM32C091RBT6, STM32C091RCI6, STM32C091RCT6, STM32C092CBT6, STM32C092CBU6, STM32C092CCT6, STM32C092CCU6, STM32C092ECY6TR, STM32C092FBP6, STM32C092FCP6, STM32C092GBU6, STM32C092GCU6, STM32C092KBT6, STM32C092KBU6, STM32C092KCT6, STM32C092KCU6, STM32C092RBT6, STM32C092RCI6, STM32C092RCT6, STM32G071K8TXN, STM32G071K8UXN, STM32G081GBU6N, STM32G081KBT6N, STM32G081KBUXN, STM32G0B1CCT6N, STM32G0B1KCT6, STM32G0B1NEY6TR, STM32G0B1RCT6N, STM32G0C1CCT6, STM32G0C1CCT6N, STM32G0C1CCU6N, STM32G0C1CET6N, STM32G0C1CEU6N, STM32G0C1KCT6, STM32G0C1NEY6TR, STM32G0C1RCI6N, STM32G0C1RCT6N, STM32G0C1REI6N, STM32G0C1RET6N, STM32G0C1VCI6, STM32G0C1VEI6, STM32G411C6T3, STM32G411C6T6, STM32G411C6U3, STM32G411C6U6, STM32G411C8T3, STM32G411C8T6, STM32G411C8U3, STM32G411C8U6, STM32G411CBT3, STM32G411CBT6, STM32G411CBU3, STM32G411CBU6, STM32G411K6T3, STM32G411K6T6, STM32G411K6U3, STM32G411K6U6, STM32G411K8T3, STM32G411K8T6, STM32G411K8U3, STM32G411K8U6, STM32G411KBT3, STM32G411KBT6, STM32G411KBU3, STM32G411KBU6, STM32G411M6T3, STM32G411M6T6, STM32G411M8T3, STM32G411M8T6, STM32G411MBT3, STM32G411MBT6, STM32G411R6T3, STM32G411R6T6, STM32G411R8T3, STM32G411R8T6, STM32G411RBT3, STM32G411RBT6, STM32G414CBT3, STM32G414CBT6, STM32G414CBU3, STM32G414CBU6, STM32G414CCT3, STM32G414CCT6, STM32G414CCU3, STM32G414CCU6, STM32G414MBT3, STM32G414MBT6, STM32G414MCT3, STM32G414MCT6, STM32G414RBT3, STM32G414RBT6, STM32G414RCT3, STM32G414RCT6, STM32G414VBT3, STM32G414VBT6, STM32G414VCT3, STM32G414VCT6, STM32G431CBT3Z, STM32G431RBT3Z, STM32G471CCT6, STM32G471CCU6, STM32G471CET3, STM32G471CET6, STM32G471CEU3, STM32G471CEU6, STM32G471MCT6, STM32G471MET3, STM32G471MET6, STM32G471MEY6TR, STM32G471QCT6, STM32G471QET3, STM32G471RCT6, STM32G471RET3, STM32G471RET6, STM32G471VCH6, STM32G471VCI6, STM32G471VCT6, STM32G471VEH3, STM32G471VEH6, STM32G471VEI3, STM32G471VEI6, STM32G471VET3, STM32G471VET6, STM32G473QET3Z, STM32G473RET3Z, STM32G474CCT6, STM32G491RET3Z, STM32H503CBT6, STM32H503CBU6, STM32H503EBY6TR, STM32H503KBU6, STM32H503RBT6, STM32H523CCT6, STM32H523CCU6, STM32H523CET6, STM32H523CEU6, STM32H523HEY6TR, STM32H523RCT6, STM32H523RET6, STM32H523VCI6, STM32H523VCT6, STM32H523VEI6, STM32H523VET6, STM32H523ZCJ6, STM32H523ZCT6, STM32H523ZEJ6, STM32H523ZET6, STM32H533CET6, STM32H533CEU6, STM32H533HEY6TR, STM32H533RET6, STM32H533VEI6, STM32H533VET6, STM32H533ZEJ6, STM32H533ZET6, STM32H562AGI6, STM32H562AII6, STM32H562IGK6, STM32H562IGT6, STM32H562IIK6, STM32H562IIT6, STM32H562RGT6, STM32H562RGV6, STM32H562RIT6, STM32H562RIV6, STM32H562VGT6, STM32H562VIT6, STM32H562ZGT6, STM32H562ZIT6, STM32H563AGI6, STM32H563AII3Q, STM32H563AII6, STM32H563IGK6, STM32H563IGT6, STM32H563IIK3Q, STM32H563IIK6, STM32H563IIT3Q, STM32H563IIT6, STM32H563MIY3QTR, STM32H563RGT6, STM32H563RGV6, STM32H563RIT6, STM32H563RIV6, STM32H563VGT6, STM32H563VIT3Q, STM32H563VIT6, STM32H563ZGT6, STM32H563ZIT3Q, STM32H563ZIT6, STM32H573AII3Q, STM32H573AII6, STM32H573I-DK, STM32H573IIK3Q, STM32H573IIK6, STM32H573IIT3Q, STM32H573IIT6, STM32H573MIY3QTR, STM32H573RIT6, STM32H573RIV6, STM32H573VIT3Q, STM32H573VIT6, STM32H573ZIT3Q, STM32H573ZIT6, STM32H7R3A8I6, STM32H7R3I8K6, STM32H7R3I8T6, STM32H7R3L8H6, STM32H7R3L8H6H, STM32H7R3R8V6, STM32H7R3V8H6, STM32H7R3V8T6, STM32H7R3V8Y6TR, STM32H7R3Z8J6, STM32H7R3Z8T6, STM32H7R7A8I6, STM32H7R7I8K6, STM32H7R7I8T6, STM32H7R7L8H6, STM32H7R7L8H6H, STM32H7R7Z8J6, STM32H7S3A8I6, STM32H7S3I8K6, STM32H7S3I8T6, STM32H7S3L8H6, STM32H7S3L8H6H, STM32H7S3R8V6, STM32H7S3V8H6, STM32H7S3V8T6, STM32H7S3V8Y6TR, STM32H7S3Z8J6, STM32H7S3Z8T6, STM32H7S78-DK, STM32H7S7A8I6, STM32H7S7I8K6, STM32H7S7I8T6, STM32H7S7L8H6, STM32H7S7L8H6H, STM32H7S7Z8J6, STM32L4R5QGI6STR, STM32MP131AAE3, STM32MP131AAF3, STM32MP131AAG3, STM32MP131CAE3, STM32MP131CAF3, STM32MP131CAG3, STM32MP131DAE7, STM32MP131DAF7, STM32MP131DAG7, STM32MP131FAE7, STM32MP131FAF7, STM32MP131FAG7, STM32MP133AAE3, STM32MP133AAF3, STM32MP133AAG3, STM32MP133CAE3, STM32MP133CAF3, STM32MP133CAG3, STM32MP133DAE7, STM32MP133DAF7, STM32MP133DAG7, STM32MP133FAE7, STM32MP133FAF7, STM32MP133FAG7, STM32MP135AAE3, STM32MP135AAF3, STM32MP135AAG3, STM32MP135CAE3, STM32MP135CAF3, STM32MP135CAG3, STM32MP135DAE7, STM32MP135DAF7, STM32MP135DAG7, STM32MP135F-DK, STM32MP135FAE7, STM32MP135FAF7, STM32MP135FAF7T, STM32MP135FAF7U, STM32MP135FAG7, STM32MP211AAL3, STM32MP211AAM3, STM32MP211AAN3, STM32MP211AAO3, STM32MP211CAL3, STM32MP211CAM3, STM32MP211CAN3, STM32MP211CAO3, STM32MP211DAL3, STM32MP211DAM3, STM32MP211DAN3, STM32MP211DAO3, STM32MP211FAL3, STM32MP211FAM3, STM32MP211FAN3, STM32MP211FAO3, STM32MP213AAL3, STM32MP213AAM3, STM32MP213AAN3, STM32MP213AAO3, STM32MP213CAL3, STM32MP213CAM3, STM32MP213CAN3, STM32MP213CAO3, STM32MP213DAL3, STM32MP213DAM3, STM32MP213DAN3, STM32MP213DAO3, STM32MP213FAL3, STM32MP213FAM3, STM32MP213FAN3, STM32MP213FAO3, STM32MP215AAL3, STM32MP215AAM3, STM32MP215AAN3, STM32MP215AAO3, STM32MP215CAL3, STM32MP215CAM3, STM32MP215CAN3, STM32MP215CAO3, STM32MP215DAL3, STM32MP215DAM3, STM32MP215DAN3, STM32MP215DAO3, STM32MP215F-DK, STM32MP215FAL3, STM32MP215FAM3, STM32MP215FAN3, STM32MP215FAO3, STM32MP231AAJ3, STM32MP231AAK3, STM32MP231AAL3, STM32MP231CAJ3, STM32MP231CAK3, STM32MP231CAL3, STM32MP231DAJ3, STM32MP231DAK3, STM32MP231DAL3, STM32MP231FAJ3, STM32MP231FAK3, STM32MP231FAL3, STM32MP233AAJ3, STM32MP233AAK3, STM32MP233AAL3, STM32MP233CAJ3, STM32MP233CAK3, STM32MP233CAL3, STM32MP233DAJ3, STM32MP233DAK3, STM32MP233DAL3, STM32MP233FAJ3, STM32MP233FAK3, STM32MP233FAL3, STM32MP235AAJ3, STM32MP235AAK3, STM32MP235AAL3, STM32MP235CAJ3, STM32MP235CAK3, STM32MP235CAL3, STM32MP235DAJ3, STM32MP235DAK3, STM32MP235DAL3, STM32MP235FAJ3, STM32MP235FAK3, STM32MP235FAL3, STM32MP251AAI3, STM32MP251AAK3, STM32MP251AAL3, STM32MP251CAI3, STM32MP251CAK3, STM32MP251CAL3, STM32MP251DAI3, STM32MP251DAK3, STM32MP251DAL3, STM32MP251FAI3, STM32MP251FAK3, STM32MP251FAL3, STM32MP253AAI3, STM32MP253AAK3, STM32MP253AAL3, STM32MP253CAI3, STM32MP253CAK3, STM32MP253CAL3, STM32MP253DAI3, STM32MP253DAK3, STM32MP253DAL3, STM32MP253FAI3, STM32MP253FAK3, STM32MP253FAL3, STM32MP255AAI3, STM32MP255AAK3, STM32MP255AAL3, STM32MP255CAI3, STM32MP255CAK3, STM32MP255CAL3, STM32MP255DAI3, STM32MP255DAK3, STM32MP255DAL3, STM32MP255FAI3, STM32MP255FAK3, STM32MP255FAL3, STM32MP257AAI3, STM32MP257AAK3, STM32MP257AAL3, STM32MP257CAI3, STM32MP257CAK3, STM32MP257CAL3, STM32MP257DAI3, STM32MP257DAK3, STM32MP257DAL3, STM32MP257F-DK, STM32MP257F-EV1, STM32MP257FAI3, STM32MP257FAK3, STM32MP257FAL3, STM32N645A0H3Q, STM32N645B0H3Q, STM32N645I0H3Q, STM32N645L0H3Q, STM32N645X0H3Q, STM32N645Z0H3Q, STM32N647A0H3Q, STM32N647B0H3Q, STM32N647I0H3Q, STM32N647L0H3Q, STM32N647X0H3Q, STM32N647Z0H3Q, STM32N655A0H3Q, STM32N655B0H3Q, STM32N655I0H3Q, STM32N655L0H3Q, STM32N655X0H3Q, STM32N655Z0H3Q, STM32N6570-DK, STM32N657A0H3Q, STM32N657B0H3Q, STM32N657I0H3Q, STM32N657L0H3Q, STM32N657X0H3Q, STM32N657Z0H3Q, STM32U031C6T6, STM32U031C6U6, STM32U031C8T6, STM32U031C8U6, STM32U031F4P6, STM32U031F6P6, STM32U031F8P6, STM32U031G6Y6TR, STM32U031G8Y6TR, STM32U031K4U6, STM32U031K6U6, STM32U031K8U6, STM32U031R6I6, STM32U031R6T6, STM32U031R8I6, STM32U031R8T6, STM32U073C8T6, STM32U073C8U6, STM32U073CBT6, STM32U073CBU6, STM32U073CCT6, STM32U073CCU6, STM32U073H8Y6TR, STM32U073HBY6TR, STM32U073HCY6TR, STM32U073K8U6, STM32U073KBU6, STM32U073KCU6, STM32U073M8I6, STM32U073M8T6, STM32U073MBI6, STM32U073MBT6, STM32U073MCI6, STM32U073MCT6, STM32U073R8I6, STM32U073R8T6, STM32U073RBI6, STM32U073RBT6, STM32U073RCI6, STM32U073RCT6, STM32U083C-DK, STM32U083CCT6, STM32U083CCU6, STM32U083HCY6TR, STM32U083KCU6, STM32U083MCI6, STM32U083MCT6, STM32U083RCI6, STM32U083RCT6, STM32U375CET6, STM32U375CET6Q, STM32U375CEU6, STM32U375CEU6Q, STM32U375CEY6QTR, STM32U375CGT6, STM32U375CGT6Q, STM32U375CGU6, STM32U375CGU6Q, STM32U375CGY6QTR, STM32U375KEU6, STM32U375KGU6, STM32U375REI6, STM32U375REI6Q, STM32U375RET6, STM32U375RET6Q, STM32U375REY6GTR, STM32U375REY6QTR, STM32U375RGI6, STM32U375RGI6Q, STM32U375RGT6, STM32U375RGT6Q, STM32U375RGY6GTR, STM32U375RGY6QTR, STM32U375VEI6, STM32U375VEI6Q, STM32U375VET6, STM32U375VET6Q, STM32U375VGI6, STM32U375VGI6Q, STM32U375VGT6, STM32U375VGT6Q, STM32U385CGT6, STM32U385CGT6Q, STM32U385CGU6, STM32U385CGU6Q, STM32U385CGY6QTR, STM32U385KGU6, STM32U385RGI6, STM32U385RGI6Q, STM32U385RGT6, STM32U385RGT6Q, STM32U385RGY6GTR, STM32U385RGY6QTR, STM32U385VGI6, STM32U385VGI6Q, STM32U385VGT6, STM32U385VGT6Q, STM32U535CBT6, STM32U535CBT6Q, STM32U535CBU6, STM32U535CBU6Q, STM32U535CCT6, STM32U535CCT6Q, STM32U535CCU6, STM32U535CCU6Q, STM32U535CET6, STM32U535CET6Q, STM32U535CEU6, STM32U535CEU6Q, STM32U535JEY6QTR, STM32U535NCY6QTR, STM32U535NEY6QTR, STM32U535RBI6, STM32U535RBI6Q, STM32U535RBT6, STM32U535RBT6Q, STM32U535RCI6, STM32U535RCI6Q, STM32U535RCT6, STM32U535RCT6Q, STM32U535REI6, STM32U535REI6Q, STM32U535RET6, STM32U535RET6Q, STM32U535VCI6, STM32U535VCI6Q, STM32U535VCT6, STM32U535VCT6Q, STM32U535VEI6, STM32U535VEI6Q, STM32U535VET6, STM32U535VET6Q, STM32U545CET6, STM32U545CET6Q, STM32U545CEU6, STM32U545CEU6Q, STM32U545JEY6QTR, STM32U545NEY6QTR, STM32U545REI6, STM32U545REI6Q, STM32U545RET6, STM32U545RET6Q, STM32U545VEI6, STM32U545VEI6Q, STM32U545VET6, STM32U545VET6Q, STM32U595AIH6, STM32U595AIH6Q, STM32U595AJH6, STM32U595AJH6Q, STM32U595QII6, STM32U595QII6Q, STM32U595QJI6, STM32U595QJI6Q, STM32U595RIT6, STM32U595RIT6Q, STM32U595RJT6, STM32U595RJT6Q, STM32U595VIT6, STM32U595VIT6Q, STM32U595VJT6, STM32U595VJT6Q, STM32U595ZIT6, STM32U595ZIT6Q, STM32U595ZIY6QTR, STM32U595ZJT6, STM32U595ZJT6Q, STM32U595ZJY6QTR, STM32U599BJY6QTR, STM32U599NIH6Q, STM32U599NJH6Q, STM32U599VIT6Q, STM32U599VJT6, STM32U599VJT6Q, STM32U599ZIT6Q, STM32U599ZIY6QTR, STM32U599ZJT6Q, STM32U599ZJY6QTR, STM32U5A5AJH6, STM32U5A5AJH6Q, STM32U5A5QII3Q , STM32U5A5QJI6, STM32U5A5QJI6Q, STM32U5A5RJT6, STM32U5A5RJT6Q, STM32U5A5VJT6, STM32U5A5VJT6Q, STM32U5A5ZJT6, STM32U5A5ZJT6Q, STM32U5A5ZJY6QTR, STM32U5A9BJY6QTR, STM32U5A9J-DK, STM32U5A9NJH6Q, STM32U5A9VJT6Q, STM32U5A9ZJT6Q, STM32U5A9ZJY6QTR, STM32U5F7VIT6, STM32U5F7VIT6Q, STM32U5F7VJT6, STM32U5F7VJT6Q, STM32U5F9BJY6QTR, STM32U5F9NJH6Q, STM32U5F9VIT6Q, STM32U5F9VJT6Q, STM32U5F9ZIJ6QTR, STM32U5F9ZIT6Q, STM32U5F9ZJJ6QTR, STM32U5F9ZJT6Q, STM32U5G7VJT6, STM32U5G7VJT6Q, STM32U5G9BJY6QTR, STM32U5G9J-DK1, STM32U5G9J-DK2, STM32U5G9NJH6Q, STM32U5G9VJT6Q, STM32U5G9ZJJ6QTR, STM32U5G9ZJT6Q, STM32WB05KZV6TR, STM32WB05KZV7TR, STM32WB05TZF6TR, STM32WB05TZF7TR, STM32WB06CCF6TR, STM32WB06CCF7TR, STM32WB06CCV6TR, STM32WB06CCV7TR, STM32WB06KCV6TR, STM32WB06KCV7TR, STM32WB07CCF6TR, STM32WB07CCF7TR, STM32WB07CCV6TR, STM32WB07CCV7TR, STM32WB07KCV6TR, STM32WB07KCV7TR, STM32WB09KEV6TR, STM32WB09KEV7TR, STM32WB09TEF6TR, STM32WB09TEF7TR, STM32WB1MMCH6, STM32WBA50KGU6, STM32WBA50KGU6TR, STM32WBA52CEU6, STM32WBA52CEU6TR, STM32WBA52CEU7, STM32WBA52CEU7TR, STM32WBA52CGU6, STM32WBA52CGU6TR, STM32WBA52CGU6U, STM32WBA52CGU7, STM32WBA52CGU7TR, STM32WBA52KEU6, STM32WBA52KEU6TR, STM32WBA52KGU6, STM32WBA52KGU6TR, STM32WBA54CEU6, STM32WBA54CEU6TR, STM32WBA54CEU7, STM32WBA54CEU7TR, STM32WBA54CGU6, STM32WBA54CGU6TR, STM32WBA54CGU7, STM32WBA54CGU7TR, STM32WBA54KEU6, STM32WBA54KEU6TR, STM32WBA54KEU7, STM32WBA54KEU7TR, STM32WBA54KGU6, STM32WBA54KGU6TR, STM32WBA54KGU7, STM32WBA54KGU7TR, STM32WBA55CEU6, STM32WBA55CEU6TR, STM32WBA55CEU7, STM32WBA55CEU7TR, STM32WBA55CGU6, STM32WBA55CGU6TR, STM32WBA55CGU6U, STM32WBA55CGU7, STM32WBA55CGU7TR, STM32WBA55G-DK1, STM32WBA55HEF6, STM32WBA55HEF7, STM32WBA55HGF6, STM32WBA55HGF7, STM32WBA55UEI6, STM32WBA55UEI6TR, STM32WBA55UEI7, STM32WBA55UEI7TR, STM32WBA55UGI6, STM32WBA55UGI6TR, STM32WBA55UGI7, STM32WBA55UGI7TR, STM32WBA5MMGH6TR, STM32WBA62MGF6, STM32WBA62MIF6, STM32WBA65MGF7, STM32WBA65MIF6, STM32WBA65MIF7, STM32WL30K8V6, STM32WL30KBV6, STM32WL31C8V6, STM32WL31CBV6, STM32WL31K8V6, STM32WL31KBV6, STM32WL33C8V6, STM32WL33C8V6X, STM32WL33CBV6, STM32WL33CBV6X, STM32WL33CCV6, STM32WL33CCV6A, STM32WL33CCV6X, STM32WL33K8V7, STM32WL33K8V7X, STM32WL33KBV7 , STM32WL33KBV7X, STM32WL33KCV7, STM32WL33KCV7X, STM32WL5MOCH6, STM32WL5MOCH6TR]
2025-10-31 11:42:54,074 [INFO] BoardInfo:889 - No configuration file found for board P-NUCLEO-WB55
2025-10-31 11:42:54,075 [INFO] DbBoards:161 - Kit is not supported: P-NUCLEO-WB55
2025-10-31 11:42:54,083 [INFO] BoardInfo:889 - No configuration file found for board STEVAL-BFA001V1B
2025-10-31 11:42:54,085 [INFO] DbBoards:161 - Kit is not supported: STEVAL-BFA001V1B
2025-10-31 11:42:54,086 [INFO] BoardInfo:889 - No configuration file found for board STEVAL-BFA001V2B
2025-10-31 11:42:54,087 [INFO] DbBoards:161 - Kit is not supported: STEVAL-BFA001V2B
2025-10-31 11:42:54,335 [INFO] DbBoards:168 - Found 212 boards, 209 are supported
2025-10-31 11:42:54,335 [INFO] DbBoards:169 - Found 212 boards, 43 of them is supported for  Bsp
2025-10-31 11:42:54,337 [INFO] ApiDb:423 - Load user favorites file C:\Users\USER/.stm32cubeide/favorites.boards.txt: 0 item(s)
2025-10-31 11:42:54,337 [INFO] ApiDb:427 - User favorites Boards=[]
2025-10-31 11:42:54,337 [INFO] DbBoards:198 - Set 0 / 0 favorites Boards
2025-10-31 11:42:54,744 [INFO] ServerAccessManage:452 - Complete download http(s) 200
2025-10-31 11:42:54,744 [INFO] ServerAccessManage:509 - Download File 
2025-10-31 11:42:54,806 [INFO] LoadUrlFilesThread:185 - End of LoadServerUrlFiles without Thread
2025-10-31 11:42:54,806 [INFO] TargetSelectorAdapter:259 - Refresh data is successful
2025-10-31 11:42:54,808 [INFO] ApiDb:668 - CubeFinder database Data Model version=2.1
2025-10-31 11:42:54,808 [INFO] ApiDb:669 - CubeFinder database Configuration version=3.0.39
2025-10-31 11:42:54,808 [INFO] ApiDb:670 - CubeFinder database generation date=2025-10-27 (1761571959)
2025-10-31 11:42:54,808 [INFO] ApiDb:671 - CubeFinder database FW Pack versions=[FP-ATR-ASTRA1_V2.0.0, FP-SNS-FLIGHT1_V5.1.0, FP-SNS-MOTENV1_V5.0.0, FP-SNS-MOTENVWB1_V1.4.0, FP-SNS-SMARTAG2_V1.2.0, FP-SNS-STBOX1_V2.1.0, STM32Cube_FW_C0_V1.4.0, STM32Cube_FW_F4_V1.28.3, STM32Cube_FW_F7_V1.17.4, STM32Cube_FW_G0_V1.6.2, STM32Cube_FW_G4_V1.6.1, STM32Cube_FW_H5_V1.5.0, STM32Cube_FW_H7RS_V1.2.0, STM32Cube_FW_H7_V1.12.1, STM32Cube_FW_L0_V1.12.2, STM32Cube_FW_L4_V1.18.1, STM32Cube_FW_L5_V1.5.1, STM32Cube_FW_N6_V1.2.0, STM32Cube_FW_U0_V1.3.0, STM32Cube_FW_U3_V1.2.1, STM32Cube_FW_U5_V1.8.0, STM32Cube_FW_WB0_V1.3.0, STM32Cube_FW_WBA_V1.7.0, STM32Cube_FW_WB_V1.23.0, STM32Cube_FW_WL3_V1.2.0, STM32Cube_FW_WL_V1.3.1, X-CUBE-ALGOBUILD_V1.4.0, X-CUBE-ALS_V1.0.2, X-CUBE-AZRTOS-F4_V1.1.0, X-CUBE-AZRTOS-F7_V1.1.0, X-CUBE-AZRTOS-G0_V1.1.0, X-CUBE-AZRTOS-G4_V2.0.0, X-CUBE-AZRTOS-H7RS_V1.1.0, X-CUBE-AZRTOS-H7_V3.4.0, X-CUBE-AZRTOS-L4_V2.0.0, X-CUBE-AZRTOS-L5_V2.0.0, X-CUBE-AZRTOS-WB_V2.0.0, X-CUBE-AZRTOS-WL_V2.0.0, X-CUBE-BLE1_V7.1.0, X-CUBE-BLE2_V3.3.0, X-CUBE-BLEMGR_V4.1.0, X-CUBE-EEPRMA1_V5.2.0, X-CUBE-FREERTOS_V1.3.1, X-CUBE-GNSS1_V6.0.0, X-CUBE-MEMS1_V11.3.0, X-CUBE-NFC4_V3.0.0, X-CUBE-NFC7_V2.0.0, X-CUBE-SFXS2LP1_V4.0.0, X-CUBE-ST67W61_V1.1.0, X-CUBE-SUBG2_V5.0.0, X-CUBE-TOF1_V3.4.3]
2025-10-31 11:42:55,316 [ERROR] DbExamplesSqlite:437 - Missing JSON key: board_cpn
2025-10-31 11:42:55,316 [ERROR] DbExamplesSqlite:437 - Missing JSON key: board_cpn
2025-10-31 11:42:55,316 [ERROR] DbExamplesSqlite:437 - Missing JSON key: board_cpn
2025-10-31 11:42:55,316 [ERROR] DbExamplesSqlite:437 - Missing JSON key: board_cpn
2025-10-31 11:42:55,569 [ERROR] DbExamplesSqlite:437 - Missing JSON key: board_cpn
2025-10-31 11:42:55,569 [ERROR] DbExamplesSqlite:437 - Missing JSON key: board_cpn
2025-10-31 11:42:55,572 [INFO] DbExamplesSqlite:395 - Ignored 33 examples not supported by CubeIDE
2025-10-31 11:42:55,572 [INFO] DbExamplesSqlite:396 - Found 10875 examples active
2025-10-31 11:42:55,572 [INFO] DbExamplesSqlite:397 - Found 0 examples obsolete
2025-10-31 11:42:55,572 [INFO] DbExamplesSqlite:398 - Found 0 examples under development
2025-10-31 11:42:55,572 [INFO] DbExamplesSqlite:399 - Found 65 examples not building
2025-10-31 11:42:55,574 [INFO] DbExamples:125 - Found 10907 examples
2025-10-31 11:42:55,589 [INFO] DbExamples:222 - Found 134 boards with related examples
2025-10-31 11:42:55,590 [INFO] DbExamples:235 - Found 111 MCUs with related examples
2025-10-31 11:42:55,612 [INFO] ApiDb:414 - User favorites file not found: C:\Users\USER/.stm32cubeide/favorites.examples.txt
2025-10-31 11:42:55,613 [INFO] DbExamples:250 - Set 0 / 0 favorites Examples
2025-10-31 11:42:55,663 [INFO] McuFinderGlobals:76 - Set McuFinderConnectedMode to true
2025-10-31 11:42:55,663 [INFO] MultiScanPanel:200 - Auto-refresh data requested => check proxy status ongoing
2025-10-31 11:42:55,664 [INFO] FinderPluginLoader:96 - Searching for filters in installed packs
2025-10-31 11:42:57,292 [INFO] LoadUrlFilesThread:185 - End of LoadServerUrlFiles without Thread
2025-10-31 11:42:57,341 [INFO] DetailPanel:341 - Set advertising image to C:/Users/USER/STM32Cube/Repository/\en.mcu-finder-stm32n6dk.jpg
2025-10-31 11:43:42,366 [INFO] MainUpdater:2872 - connection check result : 10
2025-10-31 11:43:42,366 [INFO] MainUpdater:2872 - connection check result : 10
2025-10-31 11:43:42,388 [INFO] MicroXplorer:468 - Change Database Path : 
2025-10-31 11:43:42,388 [INFO] MicroXplorer:498 - Change Database Version : DB.6.0.150
2025-10-31 11:43:42,425 [ERROR] ProjectManagerView:395 - 
java.lang.NullPointerException: Cannot invoke "javax.swing.JTextField.getText()" because the return value of "java.util.List.get(int)" is null
	at com.st.microxplorer.plugins.projectmanager.gui.ProjectChoiceTab$9.caretUpdate(ProjectChoiceTab.java:2706) ~[filemanager.jar:?]
	at javax.swing.text.JTextComponent.fireCaretUpdate(JTextComponent.java:408) ~[?:?]
	at javax.swing.text.JTextComponent$MutableCaretEvent.fire(JTextComponent.java:4484) ~[?:?]
	at javax.swing.text.JTextComponent$MutableCaretEvent.stateChanged(JTextComponent.java:4506) ~[?:?]
	at javax.swing.text.DefaultCaret.fireStateChanged(DefaultCaret.java:857) ~[?:?]
	at javax.swing.text.DefaultCaret.changeCaretPosition(DefaultCaret.java:1343) ~[?:?]
	at javax.swing.text.DefaultCaret.handleSetDot(DefaultCaret.java:1242) ~[?:?]
	at javax.swing.text.DefaultCaret.setDot(DefaultCaret.java:1223) ~[?:?]
	at javax.swing.text.DefaultCaret$Handler.insertUpdate(DefaultCaret.java:1819) ~[?:?]
	at javax.swing.text.AbstractDocument.fireInsertUpdate(AbstractDocument.java:227) ~[?:?]
	at javax.swing.text.AbstractDocument.handleInsertString(AbstractDocument.java:781) ~[?:?]
	at javax.swing.text.AbstractDocument.insertString(AbstractDocument.java:740) ~[?:?]
	at javax.swing.text.PlainDocument.insertString(PlainDocument.java:131) ~[?:?]
	at javax.swing.text.AbstractDocument.replace(AbstractDocument.java:699) ~[?:?]
	at javax.swing.text.JTextComponent.setText(JTextComponent.java:1725) ~[?:?]
	at com.st.microxplorer.plugins.projectmanager.gui.ProjectChoiceTab.createHeapStackFields(ProjectChoiceTab.java:993) ~[filemanager.jar:?]
	at com.st.microxplorer.plugins.projectmanager.gui.ProjectChoiceTab.buildLinkSettingsPanel(ProjectChoiceTab.java:3813) ~[filemanager.jar:?]
	at com.st.microxplorer.plugins.projectmanager.gui.ProjectChoiceTab.defineWindowsFields(ProjectChoiceTab.java:1987) ~[filemanager.jar:?]
	at com.st.microxplorer.plugins.projectmanager.gui.ProjectChoiceTab.updateSettings(ProjectChoiceTab.java:558) ~[filemanager.jar:?]
	at com.st.microxplorer.plugins.projectmanager.gui.ProjectSettingsPanel.UpdateDialog(ProjectSettingsPanel.java:247) ~[filemanager.jar:?]
	at com.st.microxplorer.plugins.projectmanager.ProjectManagerView.propertyChange(ProjectManagerView.java:392) ~[filemanager.jar:?]
	at java.beans.PropertyChangeSupport.fire(PropertyChangeSupport.java:343) ~[?:?]
	at java.beans.PropertyChangeSupport.firePropertyChange(PropertyChangeSupport.java:335) ~[?:?]
	at java.beans.PropertyChangeSupport.firePropertyChange(PropertyChangeSupport.java:268) ~[?:?]
	at com.st.microxplorer.util.MXPropertyChangeSupport.firePropertyChange(MXPropertyChangeSupport.java:54) ~[STM32CubeMX.jar:?]
	at com.st.microxplorer.mxsystem.MxSystem.closeConfig(MxSystem.java:899) ~[STM32CubeMX.jar:?]
	at com.st.microxplorer.maingui.MainPanel.closeConfig(MainPanel.java:792) ~[STM32CubeMX.jar:?]
	at com.st.microxplorer.plugins.filemanager.engine.OpenFileManager.loadConfigurationFile(OpenFileManager.java:288) ~[filemanager.jar:?]
	at com.st.microxplorer.plugins.filemanager.engine.MainFileManager.userLoadConfig(MainFileManager.java:364) ~[filemanager.jar:?]
	at com.st.microxplorer.plugins.filemanager.engine.MainFileManager.userLoadConfig(MainFileManager.java:342) ~[filemanager.jar:?]
	at com.st.microxplorer.plugins.filemanager.FileManagerView.getSpecificTask(FileManagerView.java:264) ~[filemanager.jar:?]
	at com.st.stm32cube.common.mx.editor.CubeMxEditor.getMxTabbedPaneInstance(CubeMxEditor.java:1198) ~[com.st.stm32cube.common.mx_6.15.0.202507011659/:?]
	at com.st.stm32cube.common.mx.editor.CubeMxEditor$12$1.createSwingComponent(CubeMxEditor.java:1068) ~[com.st.stm32cube.common.mx_6.15.0.202507011659/:?]
	at com.st.stm32cube.common.mx.oss.core.awtswtbridge.EmbeddedSwingComposite.doComponentCreation(EmbeddedSwingComposite.java:492) ~[com.st.stm32cube.common.mx.oss_6.15.0.202507011659/:?]
	at com.st.stm32cube.common.mx.oss.core.awtswtbridge.EmbeddedSwingComposite$4.run(EmbeddedSwingComposite.java:291) ~[com.st.stm32cube.common.mx.oss_6.15.0.202507011659/:?]
	at com.st.stm32cube.common.mx.oss.core.awtswtbridge.AwtEnvironment$2.run(AwtEnvironment.java:166) ~[com.st.stm32cube.common.mx.oss_6.15.0.202507011659/:?]
	at java.awt.event.InvocationEvent.dispatch(InvocationEvent.java:318) ~[?:?]
	at java.awt.EventQueue.dispatchEventImpl(EventQueue.java:773) ~[?:?]
	at java.awt.EventQueue$4.run(EventQueue.java:720) ~[?:?]
	at java.awt.EventQueue$4.run(EventQueue.java:714) ~[?:?]
	at java.security.AccessController.doPrivileged(AccessController.java:400) ~[?:?]
	at java.security.ProtectionDomain$JavaSecurityAccessImpl.doIntersectionPrivilege(ProtectionDomain.java:87) ~[?:?]
	at java.awt.EventQueue.dispatchEvent(EventQueue.java:742) ~[?:?]
	at java.awt.EventDispatchThread.pumpOneEventForFilters(EventDispatchThread.java:203) ~[?:?]
	at java.awt.EventDispatchThread.pumpEventsForFilter(EventDispatchThread.java:124) ~[?:?]
	at java.awt.EventDispatchThread.pumpEventsForHierarchy(EventDispatchThread.java:113) ~[?:?]
	at java.awt.EventDispatchThread.pumpEvents(EventDispatchThread.java:109) ~[?:?]
	at java.awt.EventDispatchThread.pumpEvents(EventDispatchThread.java:101) ~[?:?]
	at java.awt.EventDispatchThread.run(EventDispatchThread.java:90) ~[?:?]
2025-10-31 11:43:42,437 [WARN] ThirdParty:871 - waiting for thirdparty lock release [close project]
2025-10-31 11:43:42,437 [INFO] ThirdParty:873 - entering critical section [close project]
2025-10-31 11:43:42,437 [INFO] ThirdParty:883 - exiting critical section [close project]
2025-10-31 11:43:42,439 [INFO] PinOutPanel:1589 - setPackage(No Configuration,No Configuration)
2025-10-31 11:43:42,448 [INFO] UtilMem:75 - Begin LoadConfig() Used Memory: 680290688 Bytes (952107008)
2025-10-31 11:43:42,449 [INFO] MicroXplorer:468 - Change Database Path : 
2025-10-31 11:43:42,449 [INFO] MicroXplorer:498 - Change Database Version : DB.6.0.150
2025-10-31 11:43:42,449 [INFO] OpenFileManager:355 - Change cursor
2025-10-31 11:43:42,471 [INFO] RulesReader:64 - Compatibility file has been processed (317 Rules)
2025-10-31 11:43:42,477 [INFO] Mcu:2029 - Initializing MCU STM32F103RCTx STM32F103RCTx STM32F103RCT6TR
2025-10-31 11:43:43,359 [INFO] Context:786 - Trying to add GPIOservice into a context  which must be forbidden
2025-10-31 11:43:43,615 [INFO] ImportTextPane:234 - (OptionalMessage_ERROR) Unable to find key (Mcu.ThirdPartyNb) in loaded IOC file
2025-10-31 11:43:43,615 [INFO] ImportTextPane:234 - (OptionalMessage_ERROR) Unable to find key (Mcu.PinsNb) in loaded IOC file
2025-10-31 11:43:43,615 [INFO] ImportTextPane:234 - (OptionalMessage_ERROR) Pin0 (VP_RIF_VS_RIF1) cannot be retrieved for this MCU
2025-10-31 11:43:43,616 [INFO] ImportTextPane:234 - (OptionalMessage_ERROR) Unable to find key (Mcu.IPNb) in loaded IOC file
2025-10-31 11:43:43,666 [INFO] RtosManager:558 - Registered RTOS mode: class=CMSIS, group=RTOS, mode=CMSIS_V1, owner=FREERTOS
2025-10-31 11:43:43,666 [INFO] RtosManager:558 - Registered RTOS mode: class=CMSIS, group=RTOS2, mode=CMSIS_V2, owner=FREERTOS
2025-10-31 11:43:43,666 [INFO] RtosManager:558 - Registered RTOS mode: class=RTOS, group=Core, mode=CMSIS_V1, owner=FREERTOS
2025-10-31 11:43:43,666 [INFO] RtosManager:558 - Registered RTOS mode: class=RTOS, group=Core, mode=CMSIS_V2, owner=FREERTOS
2025-10-31 11:43:43,666 [WARN] ModelIntegratedComponent:184 - Missing modes for component STMicroelectronics:FreeRTOS:0.0.1:STMicroelectronics:RTOS:FreeRTOS:Core:::10.2.0:
2025-10-31 11:43:43,677 [WARN] ModelIntegratedComponent:63 - No mode defined for component null
2025-10-31 11:43:43,677 [WARN] ModelIntegratedComponent:63 - No mode defined for component null
2025-10-31 11:43:43,677 [WARN] ModelIntegratedComponent:63 - No mode defined for component null
2025-10-31 11:43:43,677 [WARN] ModelIntegratedComponent:63 - No mode defined for component null
2025-10-31 11:43:43,677 [WARN] ModelIntegratedComponent:63 - No mode defined for component null
2025-10-31 11:43:43,677 [WARN] ModelIntegratedComponent:63 - No mode defined for component null
2025-10-31 11:43:43,677 [WARN] ModelIntegratedComponent:63 - No mode defined for component null
2025-10-31 11:43:43,677 [WARN] ModelIntegratedComponent:63 - No mode defined for component null
2025-10-31 11:43:43,677 [WARN] ModelIntegratedComponent:63 - No mode defined for component null
2025-10-31 11:43:43,677 [WARN] ModelIntegratedComponent:63 - No mode defined for component null
2025-10-31 11:43:43,677 [WARN] ModelIntegratedComponent:63 - No mode defined for component null
2025-10-31 11:43:43,677 [WARN] ModelIntegratedComponent:63 - No mode defined for component null
2025-10-31 11:43:43,677 [WARN] ModelIntegratedComponent:63 - No mode defined for component null
2025-10-31 11:43:43,677 [WARN] ModelIntegratedComponent:63 - No mode defined for component null
2025-10-31 11:43:43,677 [WARN] ModelIntegratedComponent:63 - No mode defined for component null
2025-10-31 11:43:43,677 [WARN] ModelIntegratedComponent:63 - No mode defined for component null
2025-10-31 11:43:43,677 [WARN] ModelIntegratedComponent:63 - No mode defined for component null
2025-10-31 11:43:43,677 [WARN] ModelIntegratedComponent:63 - No mode defined for component null
2025-10-31 11:43:43,677 [WARN] ModelIntegratedComponent:63 - No mode defined for component null
2025-10-31 11:43:43,677 [WARN] ModelIntegratedComponent:63 - No mode defined for component null
2025-10-31 11:43:43,677 [WARN] ModelIntegratedComponent:63 - No mode defined for component null
2025-10-31 11:43:43,677 [WARN] ModelIntegratedComponent:63 - No mode defined for component null
2025-10-31 11:43:43,677 [WARN] ModelIntegratedComponent:63 - No mode defined for component null
2025-10-31 11:43:43,677 [WARN] ModelIntegratedComponent:63 - No mode defined for component null
2025-10-31 11:43:43,677 [WARN] ModelIntegratedComponent:63 - No mode defined for component null
2025-10-31 11:43:43,677 [WARN] ModelIntegratedComponent:63 - No mode defined for component null
2025-10-31 11:43:43,677 [WARN] ModelIntegratedComponent:63 - No mode defined for component null
2025-10-31 11:43:43,677 [WARN] ModelIntegratedComponent:63 - No mode defined for component null
2025-10-31 11:43:43,677 [WARN] ModelIntegratedComponent:63 - No mode defined for component null
2025-10-31 11:43:43,677 [WARN] ModelIntegratedComponent:63 - No mode defined for component null
2025-10-31 11:43:43,678 [WARN] ModelIntegratedComponent:63 - No mode defined for component null
2025-10-31 11:43:43,678 [WARN] ModelIntegratedComponent:63 - No mode defined for component null
2025-10-31 11:43:43,678 [WARN] ModelIntegratedComponent:63 - No mode defined for component null
2025-10-31 11:43:43,678 [WARN] ModelIntegratedComponent:63 - No mode defined for component null
2025-10-31 11:43:43,678 [WARN] ModelIntegratedComponent:63 - No mode defined for component null
2025-10-31 11:43:43,678 [WARN] ModelPack:524 - Component already loaded: STMicroelectronics:HAL Drivers:0.0.0:STMicroelectronics:Device:STMicro_Driver:XSPI:HAL::0.0.1:HAL_XSPI
2025-10-31 11:43:43,772 [INFO] ThirdPartyModel:298 - Start build external matchings
2025-10-31 11:43:44,172 [INFO] ThirdPartyModel:316 - End build external matchings
2025-10-31 11:43:44,372 [INFO] UtilMem:75 - End LoadConfig() Used Memory: 546127280 Bytes (952107008)
2025-10-31 11:43:44,466 [WARN] ThirdParty:833 - waiting for thirdparty lock release [change project]
2025-10-31 11:43:44,466 [INFO] ThirdParty:835 - entering critical section [change project]
2025-10-31 11:43:44,466 [INFO] ThirdParty:1030 - CMSIS Pack Vendor :STMicroelectronics X-CUBE-PM33A1 1.0.0
2025-10-31 11:43:44,466 [INFO] ThirdParty:1030 - CMSIS Pack Vendor :STMicroelectronics USBPD 4.1
2025-10-31 11:43:44,466 [INFO] ThirdParty:1030 - CMSIS Pack Vendor :STMicroelectronics X-CUBE-NFC9 1.0.0
2025-10-31 11:43:44,466 [INFO] ThirdParty:1030 - CMSIS Pack Vendor :STMicroelectronics USB_HOST 2.0.0
2025-10-31 11:43:44,466 [INFO] ThirdParty:1030 - CMSIS Pack Vendor :STMicroelectronics FP-SNS-MOTENVWB1 1.4.0
2025-10-31 11:43:44,466 [INFO] ThirdParty:1030 - CMSIS Pack Vendor :STMicroelectronics X-CUBE-AZRTOS-F4 1.1.0
2025-10-31 11:43:44,466 [INFO] ThirdParty:1030 - CMSIS Pack Vendor :STMicroelectronics LIBJPEG 8.0.0
2025-10-31 11:43:44,466 [INFO] ThirdParty:1030 - CMSIS Pack Vendor :STMicroelectronics FP-ATR-ASTRA1 2.0.2
2025-10-31 11:43:44,466 [INFO] ThirdParty:1030 - CMSIS Pack Vendor :wolfSSL I-CUBE-wolfSSL 5.8.2
2025-10-31 11:43:44,466 [INFO] ThirdParty:1030 - CMSIS Pack Vendor :STMicroelectronics X-CUBE-BLE1 7.1.0
2025-10-31 11:43:44,466 [INFO] ThirdParty:1030 - CMSIS Pack Vendor :STMicroelectronics X-CUBE-SMBUS 2.1.0
2025-10-31 11:43:44,466 [INFO] ThirdParty:1030 - CMSIS Pack Vendor :wolfSSL I-CUBE-wolfMQTT 1.19.2
2025-10-31 11:43:44,466 [INFO] ThirdParty:1030 - CMSIS Pack Vendor :STMicroelectronics USB_DEVICE 3.0.0
2025-10-31 11:43:44,466 [INFO] ThirdParty:1030 - CMSIS Pack Vendor :STMicroelectronics X-CUBE-ISPU 2.1.0
2025-10-31 11:43:44,466 [INFO] ThirdParty:1030 - CMSIS Pack Vendor :STMicroelectronics X-CUBE-EEPRMA1 5.2.0
2025-10-31 11:43:44,466 [INFO] ThirdParty:1030 - CMSIS Pack Vendor :STMicroelectronics X-CUBE-IPS 3.2.0
2025-10-31 11:43:44,466 [INFO] ThirdParty:1030 - CMSIS Pack Vendor :STMicroelectronics X-CUBE-BLEMGR 4.1.0
2025-10-31 11:43:44,467 [INFO] ThirdParty:1030 - CMSIS Pack Vendor :STMicroelectronics X-CUBE-AZRTOS-WB 2.0.0
2025-10-31 11:43:44,467 [INFO] ThirdParty:1030 - CMSIS Pack Vendor :STMicroelectronics X-CUBE-NFC12 1.0.0
2025-10-31 11:43:44,467 [INFO] ThirdParty:1030 - CMSIS Pack Vendor :STMicroelectronics X-CUBE-AZRTOS-F7 1.1.0
2025-10-31 11:43:44,467 [INFO] ThirdParty:1030 - CMSIS Pack Vendor :STMicroelectronics X-CUBE-AZRTOS-L5 2.0.0
2025-10-31 11:43:44,467 [INFO] ThirdParty:1030 - CMSIS Pack Vendor :STMicroelectronics USB_DEVICE 2.0.0
2025-10-31 11:43:44,467 [INFO] ThirdParty:1030 - CMSIS Pack Vendor :STMicroelectronics X-CUBE-NFC6 3.1.0
2025-10-31 11:43:44,467 [INFO] ThirdParty:1030 - CMSIS Pack Vendor :STMicroelectronics X-CUBE-ST67W61 1.1.0
2025-10-31 11:43:44,467 [INFO] ThirdParty:1030 - CMSIS Pack Vendor :Cesanta I-CUBE-Mongoose 7.19.0
2025-10-31 11:43:44,467 [INFO] ThirdParty:1030 - CMSIS Pack Vendor :quantropi X-CUBE-qispace-sdk-base 2.1.0
2025-10-31 11:43:44,467 [INFO] ThirdParty:1030 - CMSIS Pack Vendor :STMicroelectronics FP-SNS-MOTENV1 5.1.0
2025-10-31 11:43:44,467 [INFO] ThirdParty:1030 - CMSIS Pack Vendor :STMicroelectronics FreeRTOS 0.0.1
2025-10-31 11:43:44,467 [INFO] ThirdParty:1030 - CMSIS Pack Vendor :STMicroelectronics X-CUBE-AZRTOS-G0 1.1.0
2025-10-31 11:43:44,467 [INFO] ThirdParty:1030 - CMSIS Pack Vendor :STMicroelectronics X-CUBE-SAFEA1 1.2.2
2025-10-31 11:43:44,467 [INFO] ThirdParty:1030 - CMSIS Pack Vendor :STMicroelectronics X-CUBE-NFC4 3.0.0
2025-10-31 11:43:44,467 [INFO] ThirdParty:1030 - CMSIS Pack Vendor :STMicroelectronics X-CUBE-SUBG2 5.0.0
2025-10-31 11:43:44,467 [INFO] ThirdParty:1030 - CMSIS Pack Vendor :STMicroelectronics X-CUBE-AZRTOS-H7RS 1.1.0
2025-10-31 11:43:44,467 [INFO] ThirdParty:1030 - CMSIS Pack Vendor :STMicroelectronics STM32_WPAN 1.0.0
2025-10-31 11:43:44,467 [INFO] ThirdParty:1030 - CMSIS Pack Vendor :EmbeddedOffice I-CUBE-FS-RTOS 1.0.1
2025-10-31 11:43:44,467 [INFO] ThirdParty:1030 - CMSIS Pack Vendor :STMicroelectronics lwIP 2.0.3
2025-10-31 11:43:44,467 [INFO] ThirdParty:1030 - CMSIS Pack Vendor :WES I-CUBE-Cesium 1.4.0
2025-10-31 11:43:44,467 [INFO] ThirdParty:1030 - CMSIS Pack Vendor :STMicroelectronics USB_HOST 1.0.0
2025-10-31 11:43:44,467 [INFO] ThirdParty:1030 - CMSIS Pack Vendor :Infineon AIROC-Wi-Fi-Bluetooth-STM32 1.7.1
2025-10-31 11:43:44,467 [INFO] ThirdParty:1030 - CMSIS Pack Vendor :STMicroelectronics X-CUBE-AZRTOS-G4 2.0.0
2025-10-31 11:43:44,467 [INFO] ThirdParty:1030 - CMSIS Pack Vendor :STMicroelectronics X-CUBE-WB05N 2.0.0
2025-10-31 11:43:44,467 [INFO] ThirdParty:1030 - CMSIS Pack Vendor :STMicroelectronics PDM2PCM 3.1.0
2025-10-31 11:43:44,467 [INFO] ThirdParty:1030 - CMSIS Pack Vendor :STMicroelectronics PDM2PCM 3.3.0
2025-10-31 11:43:44,467 [INFO] ThirdParty:1030 - CMSIS Pack Vendor :wolfSSL I-CUBE-wolfTPM 3.8.0
2025-10-31 11:43:44,467 [INFO] ThirdParty:1030 - CMSIS Pack Vendor :STMicroelectronics X-CUBE-AZRTOS-H7 3.4.0
2025-10-31 11:43:44,467 [INFO] ThirdParty:1030 - CMSIS Pack Vendor :STMicroelectronics X-CUBE-DISPLAY 3.0.0
2025-10-31 11:43:44,467 [INFO] ThirdParty:1030 - CMSIS Pack Vendor :wolfSSL I-CUBE-wolfSSH 1.4.20
2025-10-31 11:43:44,467 [INFO] ThirdParty:1030 - CMSIS Pack Vendor :STMicroelectronics X-CUBE-NFC7 2.0.0
2025-10-31 11:43:44,467 [INFO] ThirdParty:1030 - CMSIS Pack Vendor :STMicroelectronics X-CUBE-TCPP 4.2.0
2025-10-31 11:43:44,467 [INFO] ThirdParty:1030 - CMSIS Pack Vendor :RealThread X-CUBE-RT-Thread_Nano 4.1.1
2025-10-31 11:43:44,467 [INFO] ThirdParty:1030 - CMSIS Pack Vendor :STMicroelectronics FP-ATR-SIGFOX1 3.2.0
2025-10-31 11:43:44,467 [INFO] ThirdParty:1030 - CMSIS Pack Vendor :STMicroelectronics X-CUBE-NFC10 1.0.0
2025-10-31 11:43:44,467 [INFO] ThirdParty:1030 - CMSIS Pack Vendor :STMicroelectronics X-CUBE-FREERTOS 1.3.1
2025-10-31 11:43:44,467 [INFO] ThirdParty:1030 - CMSIS Pack Vendor :STMicroelectronics HAL Drivers 0.0.0
2025-10-31 11:43:44,467 [INFO] ThirdParty:1030 - CMSIS Pack Vendor :STMicroelectronics MBEDTLS 2.16.2
2025-10-31 11:43:44,467 [INFO] ThirdParty:1030 - CMSIS Pack Vendor :STMicroelectronics X-CUBE-ST60 1.1.0
2025-10-31 11:43:44,467 [INFO] ThirdParty:1030 - CMSIS Pack Vendor :STMicroelectronics X-CUBE-ALS 1.0.2
2025-10-31 11:43:44,467 [INFO] ThirdParty:1030 - CMSIS Pack Vendor :emotas I-CUBE-CANOPEN 1.3.0
2025-10-31 11:43:44,467 [INFO] ThirdParty:1030 - CMSIS Pack Vendor :STMicroelectronics MBEDTLS 2.14.1
2025-10-31 11:43:44,467 [INFO] ThirdParty:1030 - CMSIS Pack Vendor :STMicroelectronics X-CUBE-GNSS1 7.1.0
2025-10-31 11:43:44,467 [INFO] ThirdParty:1030 - CMSIS Pack Vendor :ITTIA_DB I-CUBE-ITTIADB 8.9.0
2025-10-31 11:43:44,467 [INFO] ThirdParty:1030 - CMSIS Pack Vendor :STMicroelectronics X-CUBE-TOUCHGFX 4.26.0
2025-10-31 11:43:44,467 [INFO] ThirdParty:1030 - CMSIS Pack Vendor :STMicroelectronics X-CUBE-STSE01 1.0.0
2025-10-31 11:43:44,467 [INFO] ThirdParty:1030 - CMSIS Pack Vendor :STMicroelectronics FP-SNS-STBOX1 2.1.0
2025-10-31 11:43:44,467 [INFO] ThirdParty:1030 - CMSIS Pack Vendor :STMicroelectronics X-CUBE-AI 10.2.0
2025-10-31 11:43:44,467 [INFO] ThirdParty:1030 - CMSIS Pack Vendor :STMicroelectronics FP-SNS-STAIOTCFT 1.0.0
2025-10-31 11:43:44,467 [INFO] ThirdParty:1030 - CMSIS Pack Vendor :STMicroelectronics ThreadX 1.0.0
2025-10-31 11:43:44,467 [INFO] ThirdParty:1030 - CMSIS Pack Vendor :STMicroelectronics FP-SNS-SMARTAG2 1.2.0
2025-10-31 11:43:44,467 [INFO] ThirdParty:1030 - CMSIS Pack Vendor :STMicroelectronics FP-SNS-FLIGHT1 5.1.0
2025-10-31 11:43:44,467 [INFO] ThirdParty:1030 - CMSIS Pack Vendor :STMicroelectronics X-CUBE-AZRTOS-WL 2.0.0
2025-10-31 11:43:44,467 [INFO] ThirdParty:1030 - CMSIS Pack Vendor :SEGGER I-CUBE-embOS 1.3.1
2025-10-31 11:43:44,467 [INFO] ThirdParty:1030 - CMSIS Pack Vendor :STMicroelectronics X-CUBE-ALGOBUILD 1.4.0
2025-10-31 11:43:44,467 [INFO] ThirdParty:1030 - CMSIS Pack Vendor :STMicroelectronics X-CUBE-DPower 1.3.0
2025-10-31 11:43:44,467 [INFO] ThirdParty:1030 - CMSIS Pack Vendor :STMicroelectronics X-CUBE-MEMS1 11.3.0
2025-10-31 11:43:44,467 [INFO] ThirdParty:1030 - CMSIS Pack Vendor :STMicroelectronics USB_DEVICE 1.0.0
2025-10-31 11:43:44,468 [INFO] ThirdParty:1030 - CMSIS Pack Vendor :STMicroelectronics X-CUBE-AZRTOS-L4 2.0.0
2025-10-31 11:43:44,468 [INFO] ThirdParty:1030 - CMSIS Pack Vendor :STMicroelectronics ThreadX 0.0.2
2025-10-31 11:43:44,468 [INFO] ThirdParty:1030 - CMSIS Pack Vendor :STMicroelectronics lwIP 2.1.2
2025-10-31 11:43:44,468 [INFO] ThirdParty:1030 - CMSIS Pack Vendor :STMicroelectronics X-CUBE-SFXS2LP1 4.0.0
2025-10-31 11:43:44,468 [INFO] ThirdParty:1030 - CMSIS Pack Vendor :STMicroelectronics X-CUBE-BLE2 3.3.0
2025-10-31 11:43:44,468 [INFO] ThirdParty:1030 - CMSIS Pack Vendor :STMicroelectronics X-CUBE-TOF1 3.4.3
2025-10-31 11:43:44,468 [INFO] ThirdParty:1030 - CMSIS Pack Vendor :STMicroelectronics PDM2PCM 3.2.0
2025-10-31 11:43:44,468 [INFO] ThirdParty:841 - exiting critical section [change project]
2025-10-31 11:43:44,581 [INFO] PinOutPanel:1589 - setPackage(No Configuration,No Configuration)
2025-10-31 11:43:44,581 [INFO] PinOutPanel:1589 - setPackage(STM32F103RCTx,LQFP64)
2025-10-31 11:43:44,865 [INFO] UtilMem:75 - Before build in PCC Used Memory: 675575976 Bytes (952107008)
2025-10-31 11:43:45,066 [INFO] UtilMem:75 - After build in PCC Used Memory: 719093928 Bytes (952107008)
2025-10-31 11:43:45,084 [INFO] IPUIPlugin:80 - create IPUIPlugin
2025-10-31 11:43:45,084 [INFO] IPUIPlugin:80 - create IPUIPlugin
2025-10-31 11:43:45,084 [INFO] IPUIPlugin:80 - create IPUIPlugin
2025-10-31 11:43:45,084 [INFO] IPUIPlugin:80 - create IPUIPlugin
2025-10-31 11:43:45,085 [INFO] IPUIPlugin:80 - create IPUIPlugin
2025-10-31 11:43:45,085 [INFO] IPUIPlugin:80 - create IPUIPlugin
2025-10-31 11:43:45,085 [INFO] IPUIPlugin:80 - create IPUIPlugin
2025-10-31 11:43:45,085 [INFO] IPUIPlugin:80 - create IPUIPlugin
2025-10-31 11:43:45,085 [INFO] IPUIPlugin:80 - create IPUIPlugin
2025-10-31 11:43:45,085 [INFO] IPUIPlugin:80 - create IPUIPlugin
2025-10-31 11:43:45,085 [INFO] IPUIPlugin:80 - create IPUIPlugin
2025-10-31 11:43:45,085 [INFO] IPUIPlugin:80 - create IPUIPlugin
2025-10-31 11:43:45,085 [INFO] IPUIPlugin:80 - create IPUIPlugin
2025-10-31 11:43:45,085 [INFO] IPUIPlugin:80 - create IPUIPlugin
2025-10-31 11:43:45,086 [INFO] IPUIPlugin:80 - create IPUIPlugin
2025-10-31 11:43:45,086 [INFO] IPUIPlugin:80 - create IPUIPlugin
2025-10-31 11:43:45,086 [INFO] IPUIPlugin:80 - create IPUIPlugin
2025-10-31 11:43:45,086 [INFO] IPUIPlugin:80 - create IPUIPlugin
2025-10-31 11:43:45,086 [INFO] IPUIPlugin:80 - create IPUIPlugin
2025-10-31 11:43:45,086 [INFO] IPUIPlugin:80 - create IPUIPlugin
2025-10-31 11:43:45,086 [INFO] IPUIPlugin:80 - create IPUIPlugin
2025-10-31 11:43:45,086 [INFO] IPUIPlugin:80 - create IPUIPlugin
2025-10-31 11:43:45,087 [INFO] IPUIPlugin:80 - create IPUIPlugin
2025-10-31 11:43:45,087 [INFO] IPUIPlugin:80 - create IPUIPlugin
2025-10-31 11:43:45,087 [INFO] IPUIPlugin:80 - create IPUIPlugin
2025-10-31 11:43:45,087 [INFO] IPUIPlugin:80 - create IPUIPlugin
2025-10-31 11:43:45,087 [INFO] IPUIPlugin:80 - create IPUIPlugin
2025-10-31 11:43:45,087 [INFO] IPUIPlugin:80 - create IPUIPlugin
2025-10-31 11:43:45,087 [INFO] IPUIPlugin:80 - create IPUIPlugin
2025-10-31 11:43:45,088 [INFO] IPUIPlugin:80 - create IPUIPlugin
2025-10-31 11:43:45,088 [INFO] IPUIPlugin:80 - create IPUIPlugin
2025-10-31 11:43:45,088 [INFO] IPUIPlugin:80 - create IPUIPlugin
2025-10-31 11:43:45,088 [INFO] IPUIPlugin:80 - create IPUIPlugin
2025-10-31 11:43:45,088 [INFO] IPUIPlugin:80 - create IPUIPlugin
2025-10-31 11:43:45,088 [INFO] IPUIPlugin:80 - create IPUIPlugin
2025-10-31 11:43:45,088 [INFO] IPUIPlugin:80 - create IPUIPlugin
2025-10-31 11:43:45,089 [INFO] IPUIPlugin:80 - create IPUIPlugin
2025-10-31 11:43:45,089 [INFO] IPUIPlugin:80 - create IPUIPlugin
2025-10-31 11:43:45,089 [INFO] IPUIPlugin:80 - create IPUIPlugin
2025-10-31 11:43:45,115 [INFO] CADModel:165 - CPN selected for project levelSTM32F103RCT6TR
2025-10-31 11:43:45,115 [INFO] CADModel:114 - Register for checkConnection events
2025-10-31 11:43:45,161 [INFO] OpenFileManager:386 - Restore cursor
2025-10-31 11:43:45,444 [INFO] UtilMem:75 - End SaveConfig() Used Memory: 794967392 Bytes (952107008)
2025-10-31 11:43:45,472 [INFO] UtilMem:75 - End SaveConfig() Used Memory: 812793312 Bytes (952107008)
2025-10-31 11:43:45,642 [INFO] BlockDiagram:2775 - set Specific Code input for plugin: NVIC
2025-10-31 11:43:45,643 [INFO] BlockDiagram:2775 - set Specific Code input for plugin: RCC
2025-10-31 11:43:45,644 [INFO] CodeGenerator:892 - code generatio: config db path: C:\ST\STM32CubeIDE_1.19.0\STM32CubeIDE\plugins\com.st.stm32cube.common.mx_6.15.0.202507011659\\db\
2025-10-31 11:43:45,705 [INFO] CodeEngine:265 - oldGeneratedFile, C:\Users\USER\STM32CubeIDE\workspace_1.19.0\Hip-Pro_Hardware_V1.2\Testing_PC\MXTmpFiles\license.tmp_save
2025-10-31 11:43:45,955 [INFO] CodeEngine:289 - Generated code: C:\Users\USER\STM32CubeIDE\workspace_1.19.0\Hip-Pro_Hardware_V1.2\Testing_PC\MXTmpFiles\license.tmp
2025-10-31 11:43:45,968 [INFO] CodeEngine:265 - oldGeneratedFile, C:\Users\USER\STM32CubeIDE\workspace_1.19.0\Hip-Pro_Hardware_V1.2\Testing_PC\Core\Src\stm32f1xx_it.c_save
2025-10-31 11:43:46,224 [INFO] CodeEngine:289 - Generated code: C:\Users\USER\STM32CubeIDE\workspace_1.19.0\Hip-Pro_Hardware_V1.2\Testing_PC\Core\Src\stm32f1xx_it.c
2025-10-31 11:43:46,229 [INFO] CodeEngine:265 - oldGeneratedFile, C:\Users\USER\STM32CubeIDE\workspace_1.19.0\Hip-Pro_Hardware_V1.2\Testing_PC\Core\Inc\stm32f1xx_it.h_save
2025-10-31 11:43:46,297 [INFO] CodeEngine:289 - Generated code: C:\Users\USER\STM32CubeIDE\workspace_1.19.0\Hip-Pro_Hardware_V1.2\Testing_PC\Core\Inc\stm32f1xx_it.h
2025-10-31 11:43:46,327 [INFO] CodeEngine:265 - oldGeneratedFile, C:\Users\USER\STM32CubeIDE\workspace_1.19.0\Hip-Pro_Hardware_V1.2\Testing_PC\Core\Src\stm32f1xx_hal_msp.c_save
2025-10-31 11:43:46,419 [INFO] CodeEngine:289 - Generated code: C:\Users\USER\STM32CubeIDE\workspace_1.19.0\Hip-Pro_Hardware_V1.2\Testing_PC\Core\Src\stm32f1xx_hal_msp.c
2025-10-31 11:43:46,424 [INFO] CodeEngine:265 - oldGeneratedFile, C:\Users\USER\STM32CubeIDE\workspace_1.19.0\Hip-Pro_Hardware_V1.2\Testing_PC\MXTmpFiles\system.tmp_save
2025-10-31 11:43:46,478 [INFO] CodeEngine:289 - Generated code: C:\Users\USER\STM32CubeIDE\workspace_1.19.0\Hip-Pro_Hardware_V1.2\Testing_PC\MXTmpFiles\system.tmp
2025-10-31 11:43:46,487 [INFO] CodeEngine:321 - oldGeneratedFile, C:\Users\USER\STM32CubeIDE\workspace_1.19.0\Hip-Pro_Hardware_V1.2\Testing_PC\Core\Inc\stm32f1xx_hal_conf.h_save
2025-10-31 11:43:46,544 [INFO] CodeEngine:345 - Generated code: C:\Users\USER\STM32CubeIDE\workspace_1.19.0\Hip-Pro_Hardware_V1.2\Testing_PC\Core\Inc\stm32f1xx_hal_conf.h
2025-10-31 11:43:46,561 [INFO] ApiDbMcu:532 - Load IP Config File for RCC
2025-10-31 11:43:46,568 [INFO] CodeEngine:265 - oldGeneratedFile, C:\Users\USER\STM32CubeIDE\workspace_1.19.0\Hip-Pro_Hardware_V1.2\Testing_PC\Core\Inc\main.h_save
2025-10-31 11:43:46,636 [INFO] CodeEngine:289 - Generated code: C:\Users\USER\STM32CubeIDE\workspace_1.19.0\Hip-Pro_Hardware_V1.2\Testing_PC\Core\Inc\main.h
2025-10-31 11:43:46,639 [INFO] CodeEngine:265 - oldGeneratedFile, C:\Users\USER\STM32CubeIDE\workspace_1.19.0\Hip-Pro_Hardware_V1.2\Testing_PC\Core\Src\main.c_save
2025-10-31 11:43:46,718 [INFO] CodeEngine:289 - Generated code: C:\Users\USER\STM32CubeIDE\workspace_1.19.0\Hip-Pro_Hardware_V1.2\Testing_PC\Core\Src\main.c
2025-10-31 11:43:47,055 [INFO] ProjectBuilder:3606 - Time for Copy HAL[1] : 79mS.
2025-10-31 11:43:47,058 [INFO] ProjectBuilder:5216 - Project Generator version: 4.7.0-B52
2025-10-31 11:43:47,126 [INFO] ConfigFileManager:1595 - The Die is : DIE414
2025-10-31 11:43:47,128 [INFO] ApiDbMcu:532 - Load IP Config File for FATFS
2025-10-31 11:43:47,131 [INFO] ApiDbMcu:532 - Load IP Config File for FREERTOS
2025-10-31 11:43:47,135 [INFO] ApiDbMcu:532 - Load IP Config File for USB_DEVICE
2025-10-31 11:43:48,144 [INFO] ProjectBuilder:5496 - Time for Generating toolchain IDE Files: 1086mS.
2025-10-31 11:43:48,145 [INFO] ProjectBuilder:3463 - Time for Copy CMSIS : 0mS.
2025-10-31 11:43:48,147 [INFO] ProjectBuilder:3463 - Time for Copy CMSIS : 0mS.
2025-10-31 11:43:48,738 [INFO] McuFinderGlobals:76 - Set McuFinderConnectedMode to true
2025-10-31 11:43:48,740 [INFO] ApiDb:448 - Save user favorites file C:\Users\USER/.stm32cubeide/favorites.mcus.txt: 0 item(s)
2025-10-31 11:43:48,741 [INFO] ApiDb:452 - User favorites MCUs=[]
2025-10-31 11:44:13,166 [INFO] ParamManager:905 - [Generic UI] PropertyChangeEvent: TAB_STATUS_CHANGED , "dont care", "never mind"
2025-10-31 11:44:13,173 [INFO] ParamManager:905 - [Generic UI] PropertyChangeEvent: TAB_STATUS_CHANGED , "dont care", "never mind"
2025-10-31 11:44:13,176 [INFO] ADCParametersView:116 -                Rank 1 : false
2025-10-31 11:44:13,192 [INFO] ADCParametersView:116 -                Rank 1 : false
2025-10-31 11:44:13,193 [INFO] ADCParametersView:116 -                Rank 1 : false
2025-10-31 11:44:13,193 [INFO] ADCParametersView:116 -                Rank 1 : false
2025-10-31 11:44:13,193 [INFO] ADCParametersView:116 -                Rank 1 : false
2025-10-31 11:44:13,193 [INFO] ADCParametersView:116 -                Rank 1 : false
2025-10-31 11:44:13,193 [INFO] ADCParametersView:116 -                Rank 1 : false
2025-10-31 11:44:13,193 [INFO] ADCParametersView:116 -                Rank 1 : false
2025-10-31 11:44:13,193 [INFO] ADCParametersView:116 -                Rank 1 : false
2025-10-31 11:44:13,193 [INFO] ADCParametersView:116 -                Rank 1 : false
2025-10-31 11:44:13,193 [INFO] ADCParametersView:116 -                Rank 1 : false
2025-10-31 11:44:13,198 [INFO] ADCParametersView:116 -                Rank 1 : false
2025-10-31 11:44:13,211 [INFO] NvicIntPanel:101 - NVIC parent = com.st.microxplorer.plugins.ip.nvic.MultiNvicIntPanel[,0,0,0x0,invalid,layout=javax.swing.BoxLayout,alignmentX=0.0,alignmentY=0.0,border=,flags=9,maximumSize=,minimumSize=,preferredSize=]
2025-10-31 11:44:13,248 [INFO] NvicIntPanel:101 - NVIC parent = com.st.microxplorer.plugins.ip.nvic.MultiNvicIntPanel[,0,0,0x0,invalid,layout=javax.swing.BoxLayout,alignmentX=0.0,alignmentY=0.0,border=,flags=9,maximumSize=,minimumSize=,preferredSize=]
2025-10-31 11:44:13,297 [INFO] NvicIntPanel:101 - NVIC parent = com.st.microxplorer.plugins.ip.nvic.MultiNvicIntPanel[,0,0,0x0,invalid,layout=javax.swing.BoxLayout,alignmentX=0.0,alignmentY=0.0,border=,flags=9,maximumSize=,minimumSize=,preferredSize=]
2025-10-31 11:44:13,326 [INFO] ADCParametersView:116 -                Rank 1 : false
2025-10-31 11:44:13,326 [INFO] ADCParametersView:116 -                Rank 1 : false
2025-10-31 11:44:13,326 [INFO] ADCParametersView:116 -                Rank 1 : false
2025-10-31 11:44:13,326 [INFO] ADCParametersView:116 -                Rank 1 : false
2025-10-31 11:44:13,327 [INFO] ADCParametersView:116 -                Rank 1 : false
2025-10-31 11:44:13,327 [INFO] ADCParametersView:116 -                Rank 1 : false
2025-10-31 11:44:13,327 [INFO] ADCParametersView:116 -                Rank 1 : false
2025-10-31 11:44:13,327 [INFO] ADCParametersView:116 -                Rank 1 : false
2025-10-31 11:44:13,327 [INFO] ADCParametersView:116 -                Rank 1 : false
2025-10-31 11:44:13,327 [INFO] ADCParametersView:116 -                Rank 1 : false
2025-10-31 11:44:13,331 [INFO] ADCParametersView:116 -                Rank 1 : false
2025-10-31 11:44:13,341 [INFO] ADCParametersView:116 -                Rank 1 : false
2025-10-31 11:44:13,341 [INFO] ADCParametersView:116 -                Rank 1 : false
2025-10-31 11:44:13,341 [INFO] ADCParametersView:116 -                Rank 1 : false
2025-10-31 11:44:13,341 [INFO] ADCParametersView:116 -                Rank 1 : false
2025-10-31 11:44:13,341 [INFO] ADCParametersView:116 -                Rank 1 : false
2025-10-31 11:44:13,341 [INFO] ADCParametersView:116 -                Rank 1 : false
2025-10-31 11:44:13,341 [INFO] ADCParametersView:116 -                Rank 1 : false
2025-10-31 11:44:13,342 [INFO] ADCParametersView:116 -                Rank 1 : false
2025-10-31 11:44:13,342 [INFO] ADCParametersView:116 -                Rank 1 : false
2025-10-31 11:44:13,342 [INFO] ADCParametersView:116 -                Rank 1 : false
2025-10-31 11:44:13,345 [INFO] ADCParametersView:116 -                Rank 1 : false
2025-10-31 11:44:13,351 [INFO] NvicIntPanel:101 - NVIC parent = com.st.microxplorer.plugins.ip.nvic.MultiNvicIntPanel[,0,0,0x0,invalid,layout=javax.swing.BoxLayout,alignmentX=0.0,alignmentY=0.0,border=,flags=9,maximumSize=,minimumSize=,preferredSize=]
2025-10-31 11:44:13,882 [INFO] ADCParametersView:116 -                Rank 1 : false
2025-10-31 11:44:13,882 [INFO] ADCParametersView:116 -                Rank 1 : false
2025-10-31 11:44:13,882 [INFO] ADCParametersView:116 -                Rank 1 : false
2025-10-31 11:44:13,883 [INFO] ADCParametersView:116 -                Rank 1 : false
2025-10-31 11:44:13,883 [INFO] ADCParametersView:116 -                Rank 1 : false
2025-10-31 11:44:13,883 [INFO] ADCParametersView:116 -                Rank 1 : false
2025-10-31 11:44:13,883 [INFO] ADCParametersView:116 -                Rank 1 : false
2025-10-31 11:44:13,883 [INFO] ADCParametersView:116 -                Rank 1 : false
2025-10-31 11:44:13,883 [INFO] ADCParametersView:116 -                Rank 1 : false
2025-10-31 11:44:13,883 [INFO] ADCParametersView:116 -                Rank 1 : false
2025-10-31 11:44:13,885 [INFO] ADCParametersView:116 -                Rank 1 : false
2025-10-31 11:44:13,893 [INFO] ADCParametersView:116 -                Rank 1 : false
2025-10-31 11:44:13,893 [INFO] ADCParametersView:116 -                Rank 1 : false
2025-10-31 11:44:13,893 [INFO] ADCParametersView:116 -                Rank 1 : false
2025-10-31 11:44:13,893 [INFO] ADCParametersView:116 -                Rank 1 : false
2025-10-31 11:44:13,893 [INFO] ADCParametersView:116 -                Rank 1 : false
2025-10-31 11:44:13,893 [INFO] ADCParametersView:116 -                Rank 1 : false
2025-10-31 11:44:13,893 [INFO] ADCParametersView:116 -                Rank 1 : false
2025-10-31 11:44:13,893 [INFO] ADCParametersView:116 -                Rank 1 : false
2025-10-31 11:44:13,894 [INFO] ADCParametersView:116 -                Rank 1 : false
2025-10-31 11:44:13,894 [INFO] ADCParametersView:116 -                Rank 1 : false
2025-10-31 11:44:13,897 [INFO] ADCParametersView:116 -                Rank 1 : false
2025-10-31 11:44:13,909 [INFO] NvicIntPanel:101 - NVIC parent = com.st.microxplorer.plugins.ip.nvic.MultiNvicIntPanel[,0,0,0x0,invalid,layout=javax.swing.BoxLayout,alignmentX=0.0,alignmentY=0.0,border=,flags=9,maximumSize=,minimumSize=,preferredSize=]
2025-10-31 11:44:13,922 [INFO] ADCParametersView:116 -                Rank 1 : false
2025-10-31 11:44:13,922 [INFO] ADCParametersView:116 -                Rank 1 : false
2025-10-31 11:44:13,923 [INFO] ADCParametersView:116 -                Rank 1 : false
2025-10-31 11:44:13,923 [INFO] ADCParametersView:116 -                Rank 1 : false
2025-10-31 11:44:13,923 [INFO] ADCParametersView:116 -                Rank 1 : false
2025-10-31 11:44:13,923 [INFO] ADCParametersView:116 -                Rank 1 : false
2025-10-31 11:44:13,923 [INFO] ADCParametersView:116 -                Rank 1 : false
2025-10-31 11:44:13,923 [INFO] ADCParametersView:116 -                Rank 1 : false
2025-10-31 11:44:13,923 [INFO] ADCParametersView:116 -                Rank 1 : false
2025-10-31 11:44:13,923 [INFO] ADCParametersView:116 -                Rank 1 : false
2025-10-31 11:44:13,926 [INFO] ADCParametersView:116 -                Rank 1 : false
2025-10-31 11:44:13,933 [INFO] ADCParametersView:116 -                Rank 1 : false
2025-10-31 11:44:13,933 [INFO] ADCParametersView:116 -                Rank 1 : false
2025-10-31 11:44:13,933 [INFO] ADCParametersView:116 -                Rank 1 : false
2025-10-31 11:44:13,933 [INFO] ADCParametersView:116 -                Rank 1 : false
2025-10-31 11:44:13,933 [INFO] ADCParametersView:116 -                Rank 1 : false
2025-10-31 11:44:13,934 [INFO] ADCParametersView:116 -                Rank 1 : false
2025-10-31 11:44:13,934 [INFO] ADCParametersView:116 -                Rank 1 : false
2025-10-31 11:44:13,934 [INFO] ADCParametersView:116 -                Rank 1 : false
2025-10-31 11:44:13,934 [INFO] ADCParametersView:116 -                Rank 1 : false
2025-10-31 11:44:13,934 [INFO] ADCParametersView:116 -                Rank 1 : false
2025-10-31 11:44:13,936 [INFO] ADCParametersView:116 -                Rank 1 : false
2025-10-31 11:44:13,941 [INFO] NvicIntPanel:101 - NVIC parent = com.st.microxplorer.plugins.ip.nvic.MultiNvicIntPanel[,0,0,0x0,invalid,layout=javax.swing.BoxLayout,alignmentX=0.0,alignmentY=0.0,border=,flags=9,maximumSize=,minimumSize=,preferredSize=]
2025-10-31 11:44:13,975 [INFO] ADCParametersView:116 -                Rank 1 : false
2025-10-31 11:44:13,975 [INFO] ADCParametersView:116 -                Rank 1 : false
2025-10-31 11:44:13,975 [INFO] ADCParametersView:116 -                Rank 1 : false
2025-10-31 11:44:13,975 [INFO] ADCParametersView:116 -                Rank 1 : false
2025-10-31 11:44:13,975 [INFO] ADCParametersView:116 -                Rank 1 : false
2025-10-31 11:44:13,975 [INFO] ADCParametersView:116 -                Rank 1 : false
2025-10-31 11:44:13,975 [INFO] ADCParametersView:116 -                Rank 1 : false
2025-10-31 11:44:13,975 [INFO] ADCParametersView:116 -                Rank 1 : false
2025-10-31 11:44:13,975 [INFO] ADCParametersView:116 -                Rank 1 : false
2025-10-31 11:44:13,975 [INFO] ADCParametersView:116 -                Rank 1 : false
2025-10-31 11:44:13,977 [INFO] ADCParametersView:116 -                Rank 1 : false
2025-10-31 11:44:13,985 [INFO] ADCParametersView:116 -                Rank 1 : false
2025-10-31 11:44:13,985 [INFO] ADCParametersView:116 -                Rank 1 : false
2025-10-31 11:44:13,985 [INFO] ADCParametersView:116 -                Rank 1 : false
2025-10-31 11:44:13,985 [INFO] ADCParametersView:116 -                Rank 1 : false
2025-10-31 11:44:13,985 [INFO] ADCParametersView:116 -                Rank 1 : false
2025-10-31 11:44:13,985 [INFO] ADCParametersView:116 -                Rank 1 : false
2025-10-31 11:44:13,985 [INFO] ADCParametersView:116 -                Rank 1 : false
2025-10-31 11:44:13,985 [INFO] ADCParametersView:116 -                Rank 1 : false
2025-10-31 11:44:13,985 [INFO] ADCParametersView:116 -                Rank 1 : false
2025-10-31 11:44:13,986 [INFO] ADCParametersView:116 -                Rank 1 : false
2025-10-31 11:44:13,988 [INFO] ADCParametersView:116 -                Rank 1 : false
2025-10-31 11:44:13,993 [INFO] NvicIntPanel:101 - NVIC parent = com.st.microxplorer.plugins.ip.nvic.MultiNvicIntPanel[,0,0,0x0,invalid,layout=javax.swing.BoxLayout,alignmentX=0.0,alignmentY=0.0,border=,flags=9,maximumSize=,minimumSize=,preferredSize=]
2025-10-31 11:44:14,504 [INFO] ADCParametersView:116 -                Rank 1 : false
2025-10-31 11:44:14,504 [INFO] ADCParametersView:116 -                Rank 1 : false
2025-10-31 11:44:14,504 [INFO] ADCParametersView:116 -                Rank 1 : false
2025-10-31 11:44:14,504 [INFO] ADCParametersView:116 -                Rank 1 : false
2025-10-31 11:44:14,504 [INFO] ADCParametersView:116 -                Rank 1 : false
2025-10-31 11:44:14,504 [INFO] ADCParametersView:116 -                Rank 1 : false
2025-10-31 11:44:14,505 [INFO] ADCParametersView:116 -                Rank 1 : false
2025-10-31 11:44:14,505 [INFO] ADCParametersView:116 -                Rank 1 : false
2025-10-31 11:44:14,505 [INFO] ADCParametersView:116 -                Rank 1 : false
2025-10-31 11:44:14,505 [INFO] ADCParametersView:116 -                Rank 1 : false
2025-10-31 11:44:14,507 [INFO] ADCParametersView:116 -                Rank 1 : false
2025-10-31 11:44:14,516 [INFO] ADCParametersView:116 -                Rank 1 : false
2025-10-31 11:44:14,516 [INFO] ADCParametersView:116 -                Rank 1 : false
2025-10-31 11:44:14,516 [INFO] ADCParametersView:116 -                Rank 1 : false
2025-10-31 11:44:14,516 [INFO] ADCParametersView:116 -                Rank 1 : false
2025-10-31 11:44:14,516 [INFO] ADCParametersView:116 -                Rank 1 : false
2025-10-31 11:44:14,516 [INFO] ADCParametersView:116 -                Rank 1 : false
2025-10-31 11:44:14,516 [INFO] ADCParametersView:116 -                Rank 1 : false
2025-10-31 11:44:14,516 [INFO] ADCParametersView:116 -                Rank 1 : false
2025-10-31 11:44:14,516 [INFO] ADCParametersView:116 -                Rank 1 : false
2025-10-31 11:44:14,517 [INFO] ADCParametersView:116 -                Rank 1 : false
2025-10-31 11:44:14,520 [INFO] ADCParametersView:116 -                Rank 1 : false
2025-10-31 11:44:14,537 [INFO] NvicIntPanel:101 - NVIC parent = com.st.microxplorer.plugins.ip.nvic.MultiNvicIntPanel[,0,0,0x0,invalid,layout=javax.swing.BoxLayout,alignmentX=0.0,alignmentY=0.0,border=,flags=9,maximumSize=,minimumSize=,preferredSize=]
2025-10-31 11:44:14,549 [INFO] ADCParametersView:116 -                Rank 1 : false
2025-10-31 11:44:14,549 [INFO] ADCParametersView:116 -                Rank 1 : false
2025-10-31 11:44:14,549 [INFO] ADCParametersView:116 -                Rank 1 : false
2025-10-31 11:44:14,549 [INFO] ADCParametersView:116 -                Rank 1 : false
2025-10-31 11:44:14,549 [INFO] ADCParametersView:116 -                Rank 1 : false
2025-10-31 11:44:14,549 [INFO] ADCParametersView:116 -                Rank 1 : false
2025-10-31 11:44:14,549 [INFO] ADCParametersView:116 -                Rank 1 : false
2025-10-31 11:44:14,549 [INFO] ADCParametersView:116 -                Rank 1 : false
2025-10-31 11:44:14,549 [INFO] ADCParametersView:116 -                Rank 1 : false
2025-10-31 11:44:14,549 [INFO] ADCParametersView:116 -                Rank 1 : false
2025-10-31 11:44:14,551 [INFO] ADCParametersView:116 -                Rank 1 : false
2025-10-31 11:44:14,559 [INFO] ADCParametersView:116 -                Rank 1 : false
2025-10-31 11:44:14,559 [INFO] ADCParametersView:116 -                Rank 1 : false
2025-10-31 11:44:14,559 [INFO] ADCParametersView:116 -                Rank 1 : false
2025-10-31 11:44:14,559 [INFO] ADCParametersView:116 -                Rank 1 : false
2025-10-31 11:44:14,559 [INFO] ADCParametersView:116 -                Rank 1 : false
2025-10-31 11:44:14,559 [INFO] ADCParametersView:116 -                Rank 1 : false
2025-10-31 11:44:14,559 [INFO] ADCParametersView:116 -                Rank 1 : false
2025-10-31 11:44:14,559 [INFO] ADCParametersView:116 -                Rank 1 : false
2025-10-31 11:44:14,559 [INFO] ADCParametersView:116 -                Rank 1 : false
2025-10-31 11:44:14,559 [INFO] ADCParametersView:116 -                Rank 1 : false
2025-10-31 11:44:14,561 [INFO] ADCParametersView:116 -                Rank 1 : false
2025-10-31 11:44:14,568 [INFO] NvicIntPanel:101 - NVIC parent = com.st.microxplorer.plugins.ip.nvic.MultiNvicIntPanel[,0,0,0x0,invalid,layout=javax.swing.BoxLayout,alignmentX=0.0,alignmentY=0.0,border=,flags=9,maximumSize=,minimumSize=,preferredSize=]
2025-10-31 11:44:14,603 [INFO] ADCParametersView:116 -                Rank 1 : false
2025-10-31 11:44:14,603 [INFO] ADCParametersView:116 -                Rank 1 : false
2025-10-31 11:44:14,603 [INFO] ADCParametersView:116 -                Rank 1 : false
2025-10-31 11:44:14,604 [INFO] ADCParametersView:116 -                Rank 1 : false
2025-10-31 11:44:14,604 [INFO] ADCParametersView:116 -                Rank 1 : false
2025-10-31 11:44:14,604 [INFO] ADCParametersView:116 -                Rank 1 : false
2025-10-31 11:44:14,604 [INFO] ADCParametersView:116 -                Rank 1 : false
2025-10-31 11:44:14,604 [INFO] ADCParametersView:116 -                Rank 1 : false
2025-10-31 11:44:14,604 [INFO] ADCParametersView:116 -                Rank 1 : false
2025-10-31 11:44:14,604 [INFO] ADCParametersView:116 -                Rank 1 : false
2025-10-31 11:44:14,606 [INFO] ADCParametersView:116 -                Rank 1 : false
2025-10-31 11:44:14,612 [INFO] ADCParametersView:116 -                Rank 1 : false
2025-10-31 11:44:14,612 [INFO] ADCParametersView:116 -                Rank 1 : false
2025-10-31 11:44:14,612 [INFO] ADCParametersView:116 -                Rank 1 : false
2025-10-31 11:44:14,612 [INFO] ADCParametersView:116 -                Rank 1 : false
2025-10-31 11:44:14,613 [INFO] ADCParametersView:116 -                Rank 1 : false
2025-10-31 11:44:14,613 [INFO] ADCParametersView:116 -                Rank 1 : false
2025-10-31 11:44:14,613 [INFO] ADCParametersView:116 -                Rank 1 : false
2025-10-31 11:44:14,613 [INFO] ADCParametersView:116 -                Rank 1 : false
2025-10-31 11:44:14,613 [INFO] ADCParametersView:116 -                Rank 1 : false
2025-10-31 11:44:14,613 [INFO] ADCParametersView:116 -                Rank 1 : false
2025-10-31 11:44:14,615 [INFO] ADCParametersView:116 -                Rank 1 : false
2025-10-31 11:44:14,619 [INFO] NvicIntPanel:101 - NVIC parent = com.st.microxplorer.plugins.ip.nvic.MultiNvicIntPanel[,0,0,0x0,invalid,layout=javax.swing.BoxLayout,alignmentX=0.0,alignmentY=0.0,border=,flags=9,maximumSize=,minimumSize=,preferredSize=]
2025-10-31 11:44:15,180 [INFO] ADCParametersView:116 -                Rank 1 : false
2025-10-31 11:44:15,180 [INFO] ADCParametersView:116 -                Rank 1 : false
2025-10-31 11:44:15,180 [INFO] ADCParametersView:116 -                Rank 1 : false
2025-10-31 11:44:15,180 [INFO] ADCParametersView:116 -                Rank 1 : false
2025-10-31 11:44:15,180 [INFO] ADCParametersView:116 -                Rank 1 : false
2025-10-31 11:44:15,180 [INFO] ADCParametersView:116 -                Rank 1 : false
2025-10-31 11:44:15,180 [INFO] ADCParametersView:116 -                Rank 1 : false
2025-10-31 11:44:15,180 [INFO] ADCParametersView:116 -                Rank 1 : false
2025-10-31 11:44:15,180 [INFO] ADCParametersView:116 -                Rank 1 : false
2025-10-31 11:44:15,180 [INFO] ADCParametersView:116 -                Rank 1 : false
2025-10-31 11:44:15,182 [INFO] ADCParametersView:116 -                Rank 1 : false
2025-10-31 11:44:15,189 [INFO] ADCParametersView:116 -                Rank 1 : false
2025-10-31 11:44:15,190 [INFO] ADCParametersView:116 -                Rank 1 : false
2025-10-31 11:44:15,190 [INFO] ADCParametersView:116 -                Rank 1 : false
2025-10-31 11:44:15,190 [INFO] ADCParametersView:116 -                Rank 1 : false
2025-10-31 11:44:15,190 [INFO] ADCParametersView:116 -                Rank 1 : false
2025-10-31 11:44:15,190 [INFO] ADCParametersView:116 -                Rank 1 : false
2025-10-31 11:44:15,190 [INFO] ADCParametersView:116 -                Rank 1 : false
2025-10-31 11:44:15,190 [INFO] ADCParametersView:116 -                Rank 1 : false
2025-10-31 11:44:15,190 [INFO] ADCParametersView:116 -                Rank 1 : false
2025-10-31 11:44:15,190 [INFO] ADCParametersView:116 -                Rank 1 : false
2025-10-31 11:44:15,192 [INFO] ADCParametersView:116 -                Rank 1 : false
2025-10-31 11:44:15,204 [INFO] NvicIntPanel:101 - NVIC parent = com.st.microxplorer.plugins.ip.nvic.MultiNvicIntPanel[,0,0,0x0,invalid,layout=javax.swing.BoxLayout,alignmentX=0.0,alignmentY=0.0,border=,flags=9,maximumSize=,minimumSize=,preferredSize=]
2025-10-31 11:44:15,217 [INFO] ADCParametersView:116 -                Rank 1 : false
2025-10-31 11:44:15,217 [INFO] ADCParametersView:116 -                Rank 1 : false
2025-10-31 11:44:15,217 [INFO] ADCParametersView:116 -                Rank 1 : false
2025-10-31 11:44:15,217 [INFO] ADCParametersView:116 -                Rank 1 : false
2025-10-31 11:44:15,217 [INFO] ADCParametersView:116 -                Rank 1 : false
2025-10-31 11:44:15,217 [INFO] ADCParametersView:116 -                Rank 1 : false
2025-10-31 11:44:15,217 [INFO] ADCParametersView:116 -                Rank 1 : false
2025-10-31 11:44:15,217 [INFO] ADCParametersView:116 -                Rank 1 : false
2025-10-31 11:44:15,217 [INFO] ADCParametersView:116 -                Rank 1 : false
2025-10-31 11:44:15,217 [INFO] ADCParametersView:116 -                Rank 1 : false
2025-10-31 11:44:15,220 [INFO] ADCParametersView:116 -                Rank 1 : false
2025-10-31 11:44:15,228 [INFO] ADCParametersView:116 -                Rank 1 : false
2025-10-31 11:44:15,228 [INFO] ADCParametersView:116 -                Rank 1 : false
2025-10-31 11:44:15,228 [INFO] ADCParametersView:116 -                Rank 1 : false
2025-10-31 11:44:15,228 [INFO] ADCParametersView:116 -                Rank 1 : false
2025-10-31 11:44:15,228 [INFO] ADCParametersView:116 -                Rank 1 : false
2025-10-31 11:44:15,228 [INFO] ADCParametersView:116 -                Rank 1 : false
2025-10-31 11:44:15,228 [INFO] ADCParametersView:116 -                Rank 1 : false
2025-10-31 11:44:15,228 [INFO] ADCParametersView:116 -                Rank 1 : false
2025-10-31 11:44:15,228 [INFO] ADCParametersView:116 -                Rank 1 : false
2025-10-31 11:44:15,228 [INFO] ADCParametersView:116 -                Rank 1 : false
2025-10-31 11:44:15,230 [INFO] ADCParametersView:116 -                Rank 1 : false
2025-10-31 11:44:15,236 [INFO] NvicIntPanel:101 - NVIC parent = com.st.microxplorer.plugins.ip.nvic.MultiNvicIntPanel[,0,0,0x0,invalid,layout=javax.swing.BoxLayout,alignmentX=0.0,alignmentY=0.0,border=,flags=9,maximumSize=,minimumSize=,preferredSize=]
2025-10-31 11:44:15,271 [INFO] ADCParametersView:116 -                Rank 1 : false
2025-10-31 11:44:15,271 [INFO] ADCParametersView:116 -                Rank 1 : false
2025-10-31 11:44:15,271 [INFO] ADCParametersView:116 -                Rank 1 : false
2025-10-31 11:44:15,271 [INFO] ADCParametersView:116 -                Rank 1 : false
2025-10-31 11:44:15,271 [INFO] ADCParametersView:116 -                Rank 1 : false
2025-10-31 11:44:15,271 [INFO] ADCParametersView:116 -                Rank 1 : false
2025-10-31 11:44:15,271 [INFO] ADCParametersView:116 -                Rank 1 : false
2025-10-31 11:44:15,271 [INFO] ADCParametersView:116 -                Rank 1 : false
2025-10-31 11:44:15,271 [INFO] ADCParametersView:116 -                Rank 1 : false
2025-10-31 11:44:15,271 [INFO] ADCParametersView:116 -                Rank 1 : false
2025-10-31 11:44:15,274 [INFO] ADCParametersView:116 -                Rank 1 : false
2025-10-31 11:44:15,281 [INFO] ADCParametersView:116 -                Rank 1 : false
2025-10-31 11:44:15,281 [INFO] ADCParametersView:116 -                Rank 1 : false
2025-10-31 11:44:15,282 [INFO] ADCParametersView:116 -                Rank 1 : false
2025-10-31 11:44:15,282 [INFO] ADCParametersView:116 -                Rank 1 : false
2025-10-31 11:44:15,282 [INFO] ADCParametersView:116 -                Rank 1 : false
2025-10-31 11:44:15,282 [INFO] ADCParametersView:116 -                Rank 1 : false
2025-10-31 11:44:15,282 [INFO] ADCParametersView:116 -                Rank 1 : false
2025-10-31 11:44:15,282 [INFO] ADCParametersView:116 -                Rank 1 : false
2025-10-31 11:44:15,282 [INFO] ADCParametersView:116 -                Rank 1 : false
2025-10-31 11:44:15,282 [INFO] ADCParametersView:116 -                Rank 1 : false
2025-10-31 11:44:15,284 [INFO] ADCParametersView:116 -                Rank 1 : false
2025-10-31 11:44:15,289 [INFO] NvicIntPanel:101 - NVIC parent = com.st.microxplorer.plugins.ip.nvic.MultiNvicIntPanel[,0,0,0x0,invalid,layout=javax.swing.BoxLayout,alignmentX=0.0,alignmentY=0.0,border=,flags=9,maximumSize=,minimumSize=,preferredSize=]
2025-10-31 11:44:19,271 [INFO] ADCParametersView:116 -                Rank 1 : false
2025-10-31 11:44:19,271 [INFO] ADCParametersView:116 -                Rank 1 : false
2025-10-31 11:44:19,271 [INFO] ADCParametersView:116 -                Rank 1 : false
2025-10-31 11:44:19,271 [INFO] ADCParametersView:116 -                Rank 1 : false
2025-10-31 11:44:19,271 [INFO] ADCParametersView:116 -                Rank 1 : false
2025-10-31 11:44:19,271 [INFO] ADCParametersView:116 -                Rank 1 : false
2025-10-31 11:44:19,271 [INFO] ADCParametersView:116 -                Rank 1 : false
2025-10-31 11:44:19,271 [INFO] ADCParametersView:116 -                Rank 1 : false
2025-10-31 11:44:19,271 [INFO] ADCParametersView:116 -                Rank 1 : false
2025-10-31 11:44:19,271 [INFO] ADCParametersView:116 -                Rank 1 : false
2025-10-31 11:44:19,273 [INFO] ADCParametersView:116 -                Rank 1 : false
2025-10-31 11:44:28,701 [INFO] ADCParametersView:116 -                Rank 1 : false
2025-10-31 11:44:28,703 [INFO] ADCParametersView:116 -                Rank 1 : false
2025-10-31 11:44:28,703 [INFO] ADCParametersView:116 -                Rank 1 : false
2025-10-31 11:44:28,703 [INFO] ADCParametersView:116 -                Rank 1 : false
2025-10-31 11:44:28,703 [INFO] ADCParametersView:116 -                Rank 1 : false
2025-10-31 11:44:28,703 [INFO] ADCParametersView:116 -                Rank 1 : false
2025-10-31 11:44:28,703 [INFO] ADCParametersView:116 -                Rank 1 : false
2025-10-31 11:44:28,703 [INFO] ADCParametersView:116 -                Rank 1 : false
2025-10-31 11:44:28,703 [INFO] ADCParametersView:116 -                Rank 1 : false
2025-10-31 11:44:28,703 [INFO] ADCParametersView:116 -                Rank 1 : false
2025-10-31 11:44:28,705 [INFO] ADCParametersView:116 -                Rank 1 : false
2025-10-31 11:44:28,714 [INFO] ADCParametersView:116 -                Rank 1 : false
2025-10-31 11:44:28,714 [INFO] ADCParametersView:116 -                Rank 1 : false
2025-10-31 11:44:28,714 [INFO] ADCParametersView:116 -                Rank 1 : false
2025-10-31 11:44:28,714 [INFO] ADCParametersView:116 -                Rank 1 : false
2025-10-31 11:44:28,714 [INFO] ADCParametersView:116 -                Rank 1 : false
2025-10-31 11:44:28,715 [INFO] ADCParametersView:116 -                Rank 1 : false
2025-10-31 11:44:28,715 [INFO] ADCParametersView:116 -                Rank 1 : false
2025-10-31 11:44:28,715 [INFO] ADCParametersView:116 -                Rank 1 : false
2025-10-31 11:44:28,715 [INFO] ADCParametersView:116 -                Rank 1 : false
2025-10-31 11:44:28,715 [INFO] ADCParametersView:116 -                Rank 1 : false
2025-10-31 11:44:28,717 [INFO] ADCParametersView:116 -                Rank 1 : false
2025-10-31 11:44:28,732 [INFO] ADCParametersView:116 -                Rank 1 : false
2025-10-31 11:44:28,733 [INFO] ADCParametersView:116 -                Rank 1 : false
2025-10-31 11:44:28,733 [INFO] ADCParametersView:116 -                Rank 1 : false
2025-10-31 11:44:28,733 [INFO] ADCParametersView:116 -                Rank 1 : false
2025-10-31 11:44:28,733 [INFO] ADCParametersView:116 -                Rank 1 : false
2025-10-31 11:44:28,733 [INFO] ADCParametersView:116 -                Rank 1 : false
2025-10-31 11:44:28,733 [INFO] ADCParametersView:116 -                Rank 1 : false
2025-10-31 11:44:28,733 [INFO] ADCParametersView:116 -                Rank 1 : false
2025-10-31 11:44:28,733 [INFO] ADCParametersView:116 -                Rank 1 : false
2025-10-31 11:44:28,733 [INFO] ADCParametersView:116 -                Rank 1 : false
2025-10-31 11:44:28,735 [INFO] ADCParametersView:116 -                Rank 1 : false
2025-10-31 11:44:37,132 [INFO] SpinnerEditorADC:65 - is string kkkk
2025-10-31 11:44:42,448 [INFO] ParamManager:905 - [Generic UI] PropertyChangeEvent: TAB_STATUS_CHANGED , "dont care", "never mind"
2025-10-31 11:44:42,457 [INFO] NvicIntPanel:101 - NVIC parent = com.st.microxplorer.plugins.ip.nvic.MultiNvicIntPanel[,0,0,0x0,invalid,layout=javax.swing.BoxLayout,alignmentX=0.0,alignmentY=0.0,border=,flags=9,maximumSize=,minimumSize=,preferredSize=]
2025-10-31 11:44:42,489 [INFO] ParamManager:905 - [Generic UI] PropertyChangeEvent: TAB_STATUS_CHANGED , "dont care", "never mind"
2025-10-31 11:44:42,499 [INFO] NvicIntPanel:101 - NVIC parent = com.st.microxplorer.plugins.ip.nvic.MultiNvicIntPanel[,0,0,0x0,invalid,layout=javax.swing.BoxLayout,alignmentX=0.0,alignmentY=0.0,border=,flags=9,maximumSize=,minimumSize=,preferredSize=]
2025-10-31 11:44:42,538 [INFO] ParamManager:905 - [Generic UI] PropertyChangeEvent: TAB_STATUS_CHANGED , "dont care", "never mind"
2025-10-31 11:44:42,548 [INFO] NvicIntPanel:101 - NVIC parent = com.st.microxplorer.plugins.ip.nvic.MultiNvicIntPanel[,0,0,0x0,invalid,layout=javax.swing.BoxLayout,alignmentX=0.0,alignmentY=0.0,border=,flags=9,maximumSize=,minimumSize=,preferredSize=]
2025-10-31 11:44:42,579 [INFO] ParamManager:905 - [Generic UI] PropertyChangeEvent: TAB_STATUS_CHANGED , "dont care", "never mind"
2025-10-31 11:44:42,588 [INFO] NvicIntPanel:101 - NVIC parent = com.st.microxplorer.plugins.ip.nvic.MultiNvicIntPanel[,0,0,0x0,invalid,layout=javax.swing.BoxLayout,alignmentX=0.0,alignmentY=0.0,border=,flags=9,maximumSize=,minimumSize=,preferredSize=]
2025-10-31 11:44:42,622 [INFO] ParamManager:905 - [Generic UI] PropertyChangeEvent: TAB_STATUS_CHANGED , "dont care", "never mind"
2025-10-31 11:44:42,631 [INFO] NvicIntPanel:101 - NVIC parent = com.st.microxplorer.plugins.ip.nvic.MultiNvicIntPanel[,0,0,0x0,invalid,layout=javax.swing.BoxLayout,alignmentX=0.0,alignmentY=0.0,border=,flags=9,maximumSize=,minimumSize=,preferredSize=]
2025-10-31 11:44:42,662 [INFO] ParamManager:905 - [Generic UI] PropertyChangeEvent: TAB_STATUS_CHANGED , "dont care", "never mind"
2025-10-31 11:44:42,672 [INFO] NvicIntPanel:101 - NVIC parent = com.st.microxplorer.plugins.ip.nvic.MultiNvicIntPanel[,0,0,0x0,invalid,layout=javax.swing.BoxLayout,alignmentX=0.0,alignmentY=0.0,border=,flags=9,maximumSize=,minimumSize=,preferredSize=]
2025-10-31 11:44:42,714 [INFO] NvicIntPanel:101 - NVIC parent = com.st.microxplorer.plugins.ip.nvic.MultiNvicIntPanel[,0,0,0x0,invalid,layout=javax.swing.BoxLayout,alignmentX=0.0,alignmentY=0.0,border=,flags=9,maximumSize=,minimumSize=,preferredSize=]
2025-10-31 11:44:42,730 [INFO] ADCParametersView:116 -                Rank 1 : false
2025-10-31 11:44:42,732 [INFO] ADCParametersView:116 -                Rank 1 : false
2025-10-31 11:44:42,732 [INFO] ADCParametersView:116 -                Rank 1 : false
2025-10-31 11:44:42,732 [INFO] ADCParametersView:116 -                Rank 1 : false
2025-10-31 11:44:42,732 [INFO] ADCParametersView:116 -                Rank 1 : false
2025-10-31 11:44:42,732 [INFO] ADCParametersView:116 -                Rank 1 : false
2025-10-31 11:44:42,732 [INFO] ADCParametersView:116 -                Rank 1 : false
2025-10-31 11:44:42,732 [INFO] ADCParametersView:116 -                Rank 1 : false
2025-10-31 11:44:42,732 [INFO] ADCParametersView:116 -                Rank 1 : false
2025-10-31 11:44:42,732 [INFO] ADCParametersView:116 -                Rank 1 : false
2025-10-31 11:44:42,735 [INFO] ADCParametersView:116 -                Rank 1 : false
2025-10-31 11:44:42,736 [INFO] ADCParametersView:116 -                Rank 1 : false
2025-10-31 11:44:42,736 [INFO] ADCParametersView:116 -        *      Rank 2 : false
2025-10-31 11:44:42,736 [INFO] ADCParametersView:116 -                Rank 1 : false
2025-10-31 11:44:42,736 [INFO] ADCParametersView:116 -        *      Rank 2 : false
2025-10-31 11:44:42,736 [INFO] ADCParametersView:116 -        *      Rank 3 : false
2025-10-31 11:44:42,736 [INFO] ADCParametersView:116 -                Rank 1 : false
2025-10-31 11:44:42,736 [INFO] ADCParametersView:116 -        *      Rank 2 : false
2025-10-31 11:44:42,736 [INFO] ADCParametersView:116 -        *      Rank 3 : false
2025-10-31 11:44:42,736 [INFO] ADCParametersView:116 -        *      Rank 4 : false
2025-10-31 11:44:44,746 [INFO] ADCParametersView:116 -                Rank 1 : true
2025-10-31 11:44:44,746 [INFO] ADCParametersView:116 -        *      Rank 2 : false
2025-10-31 11:44:44,746 [INFO] ADCParametersView:116 -        *      Rank 3 : false
2025-10-31 11:44:44,746 [INFO] ADCParametersView:116 -        *      Rank 4 : false
2025-10-31 11:44:49,325 [INFO] NvicIntPanel:101 - NVIC parent = com.st.microxplorer.plugins.ip.nvic.MultiNvicIntPanel[,0,0,0x0,invalid,layout=javax.swing.BoxLayout,alignmentX=0.0,alignmentY=0.0,border=,flags=9,maximumSize=,minimumSize=,preferredSize=]
2025-10-31 11:44:49,344 [INFO] ADCParametersView:116 -                Rank 1 : true
2025-10-31 11:44:49,345 [INFO] ADCParametersView:116 -        *      Rank 2 : false
2025-10-31 11:44:49,345 [INFO] ADCParametersView:116 -        *      Rank 3 : false
2025-10-31 11:44:49,345 [INFO] ADCParametersView:116 -        *      Rank 4 : false
2025-10-31 11:44:49,346 [INFO] ADCParametersView:116 -                Rank 1 : true
2025-10-31 11:44:49,346 [INFO] ADCParametersView:116 -        *      Rank 2 : false
2025-10-31 11:44:49,346 [INFO] ADCParametersView:116 -        *      Rank 3 : false
2025-10-31 11:44:49,346 [INFO] ADCParametersView:116 -        *      Rank 4 : false
2025-10-31 11:44:49,346 [INFO] ADCParametersView:116 -                Rank 1 : true
2025-10-31 11:44:49,346 [INFO] ADCParametersView:116 -        *      Rank 2 : false
2025-10-31 11:44:49,346 [INFO] ADCParametersView:116 -        *      Rank 3 : false
2025-10-31 11:44:49,346 [INFO] ADCParametersView:116 -        *      Rank 4 : false
2025-10-31 11:44:49,346 [INFO] ADCParametersView:116 -                Rank 1 : true
2025-10-31 11:44:49,346 [INFO] ADCParametersView:116 -        *      Rank 2 : false
2025-10-31 11:44:49,346 [INFO] ADCParametersView:116 -        *      Rank 3 : false
2025-10-31 11:44:49,346 [INFO] ADCParametersView:116 -        *      Rank 4 : false
2025-10-31 11:44:49,346 [INFO] ADCParametersView:116 -                Rank 1 : true
2025-10-31 11:44:49,346 [INFO] ADCParametersView:116 -        *      Rank 2 : false
2025-10-31 11:44:49,346 [INFO] ADCParametersView:116 -        *      Rank 3 : false
2025-10-31 11:44:49,346 [INFO] ADCParametersView:116 -        *      Rank 4 : false
2025-10-31 11:44:49,346 [INFO] ADCParametersView:116 -                Rank 1 : true
2025-10-31 11:44:49,346 [INFO] ADCParametersView:116 -        *      Rank 2 : false
2025-10-31 11:44:49,346 [INFO] ADCParametersView:116 -        *      Rank 3 : false
2025-10-31 11:44:49,346 [INFO] ADCParametersView:116 -        *      Rank 4 : false
2025-10-31 11:44:49,346 [INFO] ADCParametersView:116 -                Rank 1 : true
2025-10-31 11:44:49,346 [INFO] ADCParametersView:116 -        *      Rank 2 : false
2025-10-31 11:44:49,346 [INFO] ADCParametersView:116 -        *      Rank 3 : false
2025-10-31 11:44:49,346 [INFO] ADCParametersView:116 -        *      Rank 4 : false
2025-10-31 11:44:49,346 [INFO] ADCParametersView:116 -                Rank 1 : true
2025-10-31 11:44:49,346 [INFO] ADCParametersView:116 -        *      Rank 2 : false
2025-10-31 11:44:49,346 [INFO] ADCParametersView:116 -        *      Rank 3 : false
2025-10-31 11:44:49,346 [INFO] ADCParametersView:116 -        *      Rank 4 : false
2025-10-31 11:44:49,346 [INFO] ADCParametersView:116 -                Rank 1 : true
2025-10-31 11:44:49,346 [INFO] ADCParametersView:116 -        *      Rank 2 : false
2025-10-31 11:44:49,346 [INFO] ADCParametersView:116 -        *      Rank 3 : false
2025-10-31 11:44:49,346 [INFO] ADCParametersView:116 -        *      Rank 4 : false
2025-10-31 11:44:49,346 [INFO] ADCParametersView:116 -                Rank 1 : true
2025-10-31 11:44:49,346 [INFO] ADCParametersView:116 -        *      Rank 2 : false
2025-10-31 11:44:49,346 [INFO] ADCParametersView:116 -        *      Rank 3 : false
2025-10-31 11:44:49,346 [INFO] ADCParametersView:116 -        *      Rank 4 : false
2025-10-31 11:44:49,346 [INFO] ADCParametersView:116 -        *      Rank 2 : false
2025-10-31 11:44:49,346 [INFO] ADCParametersView:116 -        *      Rank 3 : false
2025-10-31 11:44:49,346 [INFO] ADCParametersView:116 -        *      Rank 4 : false
2025-10-31 11:44:49,346 [INFO] ADCParametersView:116 -        *      Rank 3 : false
2025-10-31 11:44:49,346 [INFO] ADCParametersView:116 -        *      Rank 4 : false
2025-10-31 11:44:49,347 [INFO] ADCParametersView:116 -        *      Rank 4 : false
2025-10-31 11:44:49,350 [INFO] ADCParametersView:116 -                Rank 1 : true
2025-10-31 11:44:49,350 [INFO] ADCParametersView:116 -                Rank 1 : true
2025-10-31 11:44:49,350 [INFO] ADCParametersView:116 -                Rank 2 : false
2025-10-31 11:44:49,350 [INFO] ADCParametersView:116 -                Rank 1 : true
2025-10-31 11:44:49,350 [INFO] ADCParametersView:116 -                Rank 2 : false
2025-10-31 11:44:49,350 [INFO] ADCParametersView:116 -                Rank 3 : false
2025-10-31 11:44:49,350 [INFO] ADCParametersView:116 -                Rank 1 : true
2025-10-31 11:44:49,350 [INFO] ADCParametersView:116 -                Rank 2 : false
2025-10-31 11:44:49,350 [INFO] ADCParametersView:116 -                Rank 3 : false
2025-10-31 11:44:49,350 [INFO] ADCParametersView:116 -                Rank 4 : false
2025-10-31 11:44:55,161 [INFO] ADCParametersView:116 -                Rank 1 : true
2025-10-31 11:44:55,161 [INFO] ADCParametersView:116 -                Rank 2 : true
2025-10-31 11:44:55,161 [INFO] ADCParametersView:116 -                Rank 3 : false
2025-10-31 11:44:55,161 [INFO] ADCParametersView:116 -                Rank 4 : false
2025-10-31 11:44:56,998 [INFO] NvicIntPanel:101 - NVIC parent = com.st.microxplorer.plugins.ip.nvic.MultiNvicIntPanel[,0,0,0x0,invalid,layout=javax.swing.BoxLayout,alignmentX=0.0,alignmentY=0.0,border=,flags=9,maximumSize=,minimumSize=,preferredSize=]
2025-10-31 11:44:57,017 [INFO] ADCParametersView:116 -                Rank 1 : true
2025-10-31 11:44:57,017 [INFO] ADCParametersView:116 -                Rank 2 : true
2025-10-31 11:44:57,017 [INFO] ADCParametersView:116 -                Rank 3 : false
2025-10-31 11:44:57,017 [INFO] ADCParametersView:116 -                Rank 4 : false
2025-10-31 11:44:57,018 [INFO] ADCParametersView:116 -                Rank 1 : true
2025-10-31 11:44:57,018 [INFO] ADCParametersView:116 -                Rank 2 : true
2025-10-31 11:44:57,018 [INFO] ADCParametersView:116 -                Rank 3 : false
2025-10-31 11:44:57,018 [INFO] ADCParametersView:116 -                Rank 4 : false
2025-10-31 11:44:57,018 [INFO] ADCParametersView:116 -                Rank 1 : true
2025-10-31 11:44:57,018 [INFO] ADCParametersView:116 -                Rank 2 : true
2025-10-31 11:44:57,018 [INFO] ADCParametersView:116 -                Rank 3 : false
2025-10-31 11:44:57,018 [INFO] ADCParametersView:116 -                Rank 4 : false
2025-10-31 11:44:57,018 [INFO] ADCParametersView:116 -                Rank 1 : true
2025-10-31 11:44:57,018 [INFO] ADCParametersView:116 -                Rank 2 : true
2025-10-31 11:44:57,018 [INFO] ADCParametersView:116 -                Rank 3 : false
2025-10-31 11:44:57,018 [INFO] ADCParametersView:116 -                Rank 4 : false
2025-10-31 11:44:57,018 [INFO] ADCParametersView:116 -                Rank 1 : true
2025-10-31 11:44:57,018 [INFO] ADCParametersView:116 -                Rank 2 : true
2025-10-31 11:44:57,018 [INFO] ADCParametersView:116 -                Rank 3 : false
2025-10-31 11:44:57,018 [INFO] ADCParametersView:116 -                Rank 4 : false
2025-10-31 11:44:57,018 [INFO] ADCParametersView:116 -                Rank 1 : true
2025-10-31 11:44:57,018 [INFO] ADCParametersView:116 -                Rank 2 : true
2025-10-31 11:44:57,018 [INFO] ADCParametersView:116 -                Rank 3 : false
2025-10-31 11:44:57,018 [INFO] ADCParametersView:116 -                Rank 4 : false
2025-10-31 11:44:57,018 [INFO] ADCParametersView:116 -                Rank 1 : true
2025-10-31 11:44:57,018 [INFO] ADCParametersView:116 -                Rank 2 : true
2025-10-31 11:44:57,018 [INFO] ADCParametersView:116 -                Rank 3 : false
2025-10-31 11:44:57,018 [INFO] ADCParametersView:116 -                Rank 4 : false
2025-10-31 11:44:57,018 [INFO] ADCParametersView:116 -                Rank 1 : true
2025-10-31 11:44:57,019 [INFO] ADCParametersView:116 -                Rank 2 : true
2025-10-31 11:44:57,019 [INFO] ADCParametersView:116 -                Rank 3 : false
2025-10-31 11:44:57,019 [INFO] ADCParametersView:116 -                Rank 4 : false
2025-10-31 11:44:57,019 [INFO] ADCParametersView:116 -                Rank 1 : true
2025-10-31 11:44:57,019 [INFO] ADCParametersView:116 -                Rank 2 : true
2025-10-31 11:44:57,019 [INFO] ADCParametersView:116 -                Rank 3 : false
2025-10-31 11:44:57,019 [INFO] ADCParametersView:116 -                Rank 4 : false
2025-10-31 11:44:57,019 [INFO] ADCParametersView:116 -                Rank 1 : true
2025-10-31 11:44:57,019 [INFO] ADCParametersView:116 -                Rank 2 : true
2025-10-31 11:44:57,019 [INFO] ADCParametersView:116 -                Rank 3 : false
2025-10-31 11:44:57,019 [INFO] ADCParametersView:116 -                Rank 4 : false
2025-10-31 11:44:57,019 [INFO] ADCParametersView:116 -                Rank 2 : true
2025-10-31 11:44:57,019 [INFO] ADCParametersView:116 -                Rank 3 : false
2025-10-31 11:44:57,019 [INFO] ADCParametersView:116 -                Rank 4 : false
2025-10-31 11:44:57,019 [INFO] ADCParametersView:116 -                Rank 3 : false
2025-10-31 11:44:57,019 [INFO] ADCParametersView:116 -                Rank 4 : false
2025-10-31 11:44:57,019 [INFO] ADCParametersView:116 -                Rank 4 : false
2025-10-31 11:44:57,022 [INFO] ADCParametersView:116 -                Rank 1 : true
2025-10-31 11:44:57,022 [INFO] ADCParametersView:116 -                Rank 1 : true
2025-10-31 11:44:57,022 [INFO] ADCParametersView:116 -                Rank 2 : true
2025-10-31 11:44:57,022 [INFO] ADCParametersView:116 -                Rank 1 : true
2025-10-31 11:44:57,022 [INFO] ADCParametersView:116 -                Rank 2 : true
2025-10-31 11:44:57,022 [INFO] ADCParametersView:116 -                Rank 3 : false
2025-10-31 11:44:57,022 [INFO] ADCParametersView:116 -                Rank 1 : true
2025-10-31 11:44:57,022 [INFO] ADCParametersView:116 -                Rank 2 : true
2025-10-31 11:44:57,022 [INFO] ADCParametersView:116 -                Rank 3 : false
2025-10-31 11:44:57,022 [INFO] ADCParametersView:116 -                Rank 4 : false
2025-10-31 11:44:58,624 [INFO] NvicIntPanel:101 - NVIC parent = com.st.microxplorer.plugins.ip.nvic.MultiNvicIntPanel[,0,0,0x0,invalid,layout=javax.swing.BoxLayout,alignmentX=0.0,alignmentY=0.0,border=,flags=9,maximumSize=,minimumSize=,preferredSize=]
2025-10-31 11:44:58,642 [INFO] ADCParametersView:116 -                Rank 1 : true
2025-10-31 11:44:58,642 [INFO] ADCParametersView:116 -                Rank 2 : true
2025-10-31 11:44:58,642 [INFO] ADCParametersView:116 -                Rank 3 : false
2025-10-31 11:44:58,642 [INFO] ADCParametersView:116 -                Rank 4 : false
2025-10-31 11:44:58,643 [INFO] ADCParametersView:116 -                Rank 1 : true
2025-10-31 11:44:58,643 [INFO] ADCParametersView:116 -                Rank 2 : true
2025-10-31 11:44:58,643 [INFO] ADCParametersView:116 -                Rank 3 : false
2025-10-31 11:44:58,643 [INFO] ADCParametersView:116 -                Rank 4 : false
2025-10-31 11:44:58,643 [INFO] ADCParametersView:116 -                Rank 1 : true
2025-10-31 11:44:58,643 [INFO] ADCParametersView:116 -                Rank 2 : true
2025-10-31 11:44:58,643 [INFO] ADCParametersView:116 -                Rank 3 : false
2025-10-31 11:44:58,643 [INFO] ADCParametersView:116 -                Rank 4 : false
2025-10-31 11:44:58,643 [INFO] ADCParametersView:116 -                Rank 1 : true
2025-10-31 11:44:58,643 [INFO] ADCParametersView:116 -                Rank 2 : true
2025-10-31 11:44:58,643 [INFO] ADCParametersView:116 -                Rank 3 : false
2025-10-31 11:44:58,643 [INFO] ADCParametersView:116 -                Rank 4 : false
2025-10-31 11:44:58,643 [INFO] ADCParametersView:116 -                Rank 1 : true
2025-10-31 11:44:58,643 [INFO] ADCParametersView:116 -                Rank 2 : true
2025-10-31 11:44:58,643 [INFO] ADCParametersView:116 -                Rank 3 : false
2025-10-31 11:44:58,643 [INFO] ADCParametersView:116 -                Rank 4 : false
2025-10-31 11:44:58,643 [INFO] ADCParametersView:116 -                Rank 1 : true
2025-10-31 11:44:58,643 [INFO] ADCParametersView:116 -                Rank 2 : true
2025-10-31 11:44:58,643 [INFO] ADCParametersView:116 -                Rank 3 : false
2025-10-31 11:44:58,643 [INFO] ADCParametersView:116 -                Rank 4 : false
2025-10-31 11:44:58,643 [INFO] ADCParametersView:116 -                Rank 1 : true
2025-10-31 11:44:58,643 [INFO] ADCParametersView:116 -                Rank 2 : true
2025-10-31 11:44:58,643 [INFO] ADCParametersView:116 -                Rank 3 : false
2025-10-31 11:44:58,643 [INFO] ADCParametersView:116 -                Rank 4 : false
2025-10-31 11:44:58,643 [INFO] ADCParametersView:116 -                Rank 1 : true
2025-10-31 11:44:58,643 [INFO] ADCParametersView:116 -                Rank 2 : true
2025-10-31 11:44:58,643 [INFO] ADCParametersView:116 -                Rank 3 : false
2025-10-31 11:44:58,643 [INFO] ADCParametersView:116 -                Rank 4 : false
2025-10-31 11:44:58,643 [INFO] ADCParametersView:116 -                Rank 1 : true
2025-10-31 11:44:58,643 [INFO] ADCParametersView:116 -                Rank 2 : true
2025-10-31 11:44:58,643 [INFO] ADCParametersView:116 -                Rank 3 : false
2025-10-31 11:44:58,643 [INFO] ADCParametersView:116 -                Rank 4 : false
2025-10-31 11:44:58,643 [INFO] ADCParametersView:116 -                Rank 1 : true
2025-10-31 11:44:58,643 [INFO] ADCParametersView:116 -                Rank 2 : true
2025-10-31 11:44:58,643 [INFO] ADCParametersView:116 -                Rank 3 : false
2025-10-31 11:44:58,643 [INFO] ADCParametersView:116 -                Rank 4 : false
2025-10-31 11:44:58,643 [INFO] ADCParametersView:116 -                Rank 2 : true
2025-10-31 11:44:58,643 [INFO] ADCParametersView:116 -                Rank 3 : false
2025-10-31 11:44:58,644 [INFO] ADCParametersView:116 -                Rank 4 : false
2025-10-31 11:44:58,644 [INFO] ADCParametersView:116 -                Rank 3 : false
2025-10-31 11:44:58,644 [INFO] ADCParametersView:116 -                Rank 4 : false
2025-10-31 11:44:58,644 [INFO] ADCParametersView:116 -                Rank 4 : false
2025-10-31 11:44:58,646 [INFO] ADCParametersView:116 -                Rank 1 : true
2025-10-31 11:44:58,646 [INFO] ADCParametersView:116 -                Rank 1 : true
2025-10-31 11:44:58,646 [INFO] ADCParametersView:116 -                Rank 2 : true
2025-10-31 11:44:58,647 [INFO] ADCParametersView:116 -                Rank 1 : true
2025-10-31 11:44:58,647 [INFO] ADCParametersView:116 -                Rank 2 : true
2025-10-31 11:44:58,647 [INFO] ADCParametersView:116 -                Rank 3 : false
2025-10-31 11:44:58,647 [INFO] ADCParametersView:116 -                Rank 1 : true
2025-10-31 11:44:58,647 [INFO] ADCParametersView:116 -                Rank 2 : true
2025-10-31 11:44:58,647 [INFO] ADCParametersView:116 -                Rank 3 : false
2025-10-31 11:44:58,647 [INFO] ADCParametersView:116 -                Rank 4 : false
2025-10-31 11:45:00,626 [INFO] ADCParametersView:116 -                Rank 1 : true
2025-10-31 11:45:00,627 [INFO] ADCParametersView:116 -                Rank 2 : true
2025-10-31 11:45:00,627 [INFO] ADCParametersView:116 -                Rank 3 : true
2025-10-31 11:45:00,627 [INFO] ADCParametersView:116 -                Rank 4 : false
2025-10-31 11:45:02,820 [INFO] NvicIntPanel:101 - NVIC parent = com.st.microxplorer.plugins.ip.nvic.MultiNvicIntPanel[,0,0,0x0,invalid,layout=javax.swing.BoxLayout,alignmentX=0.0,alignmentY=0.0,border=,flags=9,maximumSize=,minimumSize=,preferredSize=]
2025-10-31 11:45:02,840 [INFO] ADCParametersView:116 -                Rank 1 : true
2025-10-31 11:45:02,840 [INFO] ADCParametersView:116 -                Rank 2 : true
2025-10-31 11:45:02,840 [INFO] ADCParametersView:116 -                Rank 3 : true
2025-10-31 11:45:02,840 [INFO] ADCParametersView:116 -                Rank 4 : false
2025-10-31 11:45:02,841 [INFO] ADCParametersView:116 -                Rank 1 : true
2025-10-31 11:45:02,841 [INFO] ADCParametersView:116 -                Rank 2 : true
2025-10-31 11:45:02,841 [INFO] ADCParametersView:116 -                Rank 3 : true
2025-10-31 11:45:02,841 [INFO] ADCParametersView:116 -                Rank 4 : false
2025-10-31 11:45:02,841 [INFO] ADCParametersView:116 -                Rank 1 : true
2025-10-31 11:45:02,841 [INFO] ADCParametersView:116 -                Rank 2 : true
2025-10-31 11:45:02,841 [INFO] ADCParametersView:116 -                Rank 3 : true
2025-10-31 11:45:02,841 [INFO] ADCParametersView:116 -                Rank 4 : false
2025-10-31 11:45:02,841 [INFO] ADCParametersView:116 -                Rank 1 : true
2025-10-31 11:45:02,841 [INFO] ADCParametersView:116 -                Rank 2 : true
2025-10-31 11:45:02,841 [INFO] ADCParametersView:116 -                Rank 3 : true
2025-10-31 11:45:02,841 [INFO] ADCParametersView:116 -                Rank 4 : false
2025-10-31 11:45:02,841 [INFO] ADCParametersView:116 -                Rank 1 : true
2025-10-31 11:45:02,841 [INFO] ADCParametersView:116 -                Rank 2 : true
2025-10-31 11:45:02,841 [INFO] ADCParametersView:116 -                Rank 3 : true
2025-10-31 11:45:02,841 [INFO] ADCParametersView:116 -                Rank 4 : false
2025-10-31 11:45:02,841 [INFO] ADCParametersView:116 -                Rank 1 : true
2025-10-31 11:45:02,841 [INFO] ADCParametersView:116 -                Rank 2 : true
2025-10-31 11:45:02,841 [INFO] ADCParametersView:116 -                Rank 3 : true
2025-10-31 11:45:02,841 [INFO] ADCParametersView:116 -                Rank 4 : false
2025-10-31 11:45:02,841 [INFO] ADCParametersView:116 -                Rank 1 : true
2025-10-31 11:45:02,841 [INFO] ADCParametersView:116 -                Rank 2 : true
2025-10-31 11:45:02,841 [INFO] ADCParametersView:116 -                Rank 3 : true
2025-10-31 11:45:02,841 [INFO] ADCParametersView:116 -                Rank 4 : false
2025-10-31 11:45:02,841 [INFO] ADCParametersView:116 -                Rank 1 : true
2025-10-31 11:45:02,841 [INFO] ADCParametersView:116 -                Rank 2 : true
2025-10-31 11:45:02,841 [INFO] ADCParametersView:116 -                Rank 3 : true
2025-10-31 11:45:02,841 [INFO] ADCParametersView:116 -                Rank 4 : false
2025-10-31 11:45:02,841 [INFO] ADCParametersView:116 -                Rank 1 : true
2025-10-31 11:45:02,841 [INFO] ADCParametersView:116 -                Rank 2 : true
2025-10-31 11:45:02,841 [INFO] ADCParametersView:116 -                Rank 3 : true
2025-10-31 11:45:02,841 [INFO] ADCParametersView:116 -                Rank 4 : false
2025-10-31 11:45:02,841 [INFO] ADCParametersView:116 -                Rank 1 : true
2025-10-31 11:45:02,841 [INFO] ADCParametersView:116 -                Rank 2 : true
2025-10-31 11:45:02,841 [INFO] ADCParametersView:116 -                Rank 3 : true
2025-10-31 11:45:02,841 [INFO] ADCParametersView:116 -                Rank 4 : false
2025-10-31 11:45:02,841 [INFO] ADCParametersView:116 -                Rank 2 : true
2025-10-31 11:45:02,841 [INFO] ADCParametersView:116 -                Rank 3 : true
2025-10-31 11:45:02,841 [INFO] ADCParametersView:116 -                Rank 4 : false
2025-10-31 11:45:02,841 [INFO] ADCParametersView:116 -                Rank 3 : true
2025-10-31 11:45:02,842 [INFO] ADCParametersView:116 -                Rank 4 : false
2025-10-31 11:45:02,842 [INFO] ADCParametersView:116 -                Rank 4 : false
2025-10-31 11:45:02,844 [INFO] ADCParametersView:116 -                Rank 1 : true
2025-10-31 11:45:02,845 [INFO] ADCParametersView:116 -                Rank 1 : true
2025-10-31 11:45:02,845 [INFO] ADCParametersView:116 -                Rank 2 : true
2025-10-31 11:45:02,845 [INFO] ADCParametersView:116 -                Rank 1 : true
2025-10-31 11:45:02,845 [INFO] ADCParametersView:116 -                Rank 2 : true
2025-10-31 11:45:02,845 [INFO] ADCParametersView:116 -                Rank 3 : true
2025-10-31 11:45:02,845 [INFO] ADCParametersView:116 -                Rank 1 : true
2025-10-31 11:45:02,845 [INFO] ADCParametersView:116 -                Rank 2 : true
2025-10-31 11:45:02,845 [INFO] ADCParametersView:116 -                Rank 3 : true
2025-10-31 11:45:02,845 [INFO] ADCParametersView:116 -                Rank 4 : false
2025-10-31 11:45:05,165 [INFO] NvicIntPanel:101 - NVIC parent = com.st.microxplorer.plugins.ip.nvic.MultiNvicIntPanel[,0,0,0x0,invalid,layout=javax.swing.BoxLayout,alignmentX=0.0,alignmentY=0.0,border=,flags=9,maximumSize=,minimumSize=,preferredSize=]
2025-10-31 11:45:05,183 [INFO] ADCParametersView:116 -                Rank 1 : true
2025-10-31 11:45:05,183 [INFO] ADCParametersView:116 -                Rank 2 : true
2025-10-31 11:45:05,183 [INFO] ADCParametersView:116 -                Rank 3 : true
2025-10-31 11:45:05,183 [INFO] ADCParametersView:116 -                Rank 4 : false
2025-10-31 11:45:05,183 [INFO] ADCParametersView:116 -                Rank 1 : true
2025-10-31 11:45:05,183 [INFO] ADCParametersView:116 -                Rank 2 : true
2025-10-31 11:45:05,183 [INFO] ADCParametersView:116 -                Rank 3 : true
2025-10-31 11:45:05,183 [INFO] ADCParametersView:116 -                Rank 4 : false
2025-10-31 11:45:05,183 [INFO] ADCParametersView:116 -                Rank 1 : true
2025-10-31 11:45:05,184 [INFO] ADCParametersView:116 -                Rank 2 : true
2025-10-31 11:45:05,184 [INFO] ADCParametersView:116 -                Rank 3 : true
2025-10-31 11:45:05,184 [INFO] ADCParametersView:116 -                Rank 4 : false
2025-10-31 11:45:05,184 [INFO] ADCParametersView:116 -                Rank 1 : true
2025-10-31 11:45:05,184 [INFO] ADCParametersView:116 -                Rank 2 : true
2025-10-31 11:45:05,184 [INFO] ADCParametersView:116 -                Rank 3 : true
2025-10-31 11:45:05,184 [INFO] ADCParametersView:116 -                Rank 4 : false
2025-10-31 11:45:05,184 [INFO] ADCParametersView:116 -                Rank 1 : true
2025-10-31 11:45:05,184 [INFO] ADCParametersView:116 -                Rank 2 : true
2025-10-31 11:45:05,184 [INFO] ADCParametersView:116 -                Rank 3 : true
2025-10-31 11:45:05,184 [INFO] ADCParametersView:116 -                Rank 4 : false
2025-10-31 11:45:05,184 [INFO] ADCParametersView:116 -                Rank 1 : true
2025-10-31 11:45:05,184 [INFO] ADCParametersView:116 -                Rank 2 : true
2025-10-31 11:45:05,184 [INFO] ADCParametersView:116 -                Rank 3 : true
2025-10-31 11:45:05,184 [INFO] ADCParametersView:116 -                Rank 4 : false
2025-10-31 11:45:05,184 [INFO] ADCParametersView:116 -                Rank 1 : true
2025-10-31 11:45:05,184 [INFO] ADCParametersView:116 -                Rank 2 : true
2025-10-31 11:45:05,184 [INFO] ADCParametersView:116 -                Rank 3 : true
2025-10-31 11:45:05,184 [INFO] ADCParametersView:116 -                Rank 4 : false
2025-10-31 11:45:05,184 [INFO] ADCParametersView:116 -                Rank 1 : true
2025-10-31 11:45:05,184 [INFO] ADCParametersView:116 -                Rank 2 : true
2025-10-31 11:45:05,184 [INFO] ADCParametersView:116 -                Rank 3 : true
2025-10-31 11:45:05,184 [INFO] ADCParametersView:116 -                Rank 4 : false
2025-10-31 11:45:05,184 [INFO] ADCParametersView:116 -                Rank 1 : true
2025-10-31 11:45:05,184 [INFO] ADCParametersView:116 -                Rank 2 : true
2025-10-31 11:45:05,184 [INFO] ADCParametersView:116 -                Rank 3 : true
2025-10-31 11:45:05,184 [INFO] ADCParametersView:116 -                Rank 4 : false
2025-10-31 11:45:05,184 [INFO] ADCParametersView:116 -                Rank 1 : true
2025-10-31 11:45:05,184 [INFO] ADCParametersView:116 -                Rank 2 : true
2025-10-31 11:45:05,184 [INFO] ADCParametersView:116 -                Rank 3 : true
2025-10-31 11:45:05,184 [INFO] ADCParametersView:116 -                Rank 4 : false
2025-10-31 11:45:05,184 [INFO] ADCParametersView:116 -                Rank 2 : true
2025-10-31 11:45:05,184 [INFO] ADCParametersView:116 -                Rank 3 : true
2025-10-31 11:45:05,184 [INFO] ADCParametersView:116 -                Rank 4 : false
2025-10-31 11:45:05,184 [INFO] ADCParametersView:116 -                Rank 3 : true
2025-10-31 11:45:05,184 [INFO] ADCParametersView:116 -                Rank 4 : false
2025-10-31 11:45:05,184 [INFO] ADCParametersView:116 -                Rank 4 : false
2025-10-31 11:45:05,187 [INFO] ADCParametersView:116 -                Rank 1 : true
2025-10-31 11:45:05,187 [INFO] ADCParametersView:116 -                Rank 1 : true
2025-10-31 11:45:05,187 [INFO] ADCParametersView:116 -                Rank 2 : true
2025-10-31 11:45:05,187 [INFO] ADCParametersView:116 -                Rank 1 : true
2025-10-31 11:45:05,187 [INFO] ADCParametersView:116 -                Rank 2 : true
2025-10-31 11:45:05,187 [INFO] ADCParametersView:116 -                Rank 3 : true
2025-10-31 11:45:05,187 [INFO] ADCParametersView:116 -                Rank 1 : true
2025-10-31 11:45:05,187 [INFO] ADCParametersView:116 -                Rank 2 : true
2025-10-31 11:45:05,187 [INFO] ADCParametersView:116 -                Rank 3 : true
2025-10-31 11:45:05,187 [INFO] ADCParametersView:116 -                Rank 4 : false
2025-10-31 11:45:06,720 [INFO] ADCParametersView:116 -                Rank 1 : true
2025-10-31 11:45:06,720 [INFO] ADCParametersView:116 -                Rank 2 : true
2025-10-31 11:45:06,720 [INFO] ADCParametersView:116 -                Rank 3 : true
2025-10-31 11:45:06,720 [INFO] ADCParametersView:116 -                Rank 4 : true
2025-10-31 11:45:08,514 [INFO] NvicIntPanel:101 - NVIC parent = com.st.microxplorer.plugins.ip.nvic.MultiNvicIntPanel[,0,0,0x0,invalid,layout=javax.swing.BoxLayout,alignmentX=0.0,alignmentY=0.0,border=,flags=9,maximumSize=,minimumSize=,preferredSize=]
2025-10-31 11:45:08,531 [INFO] ADCParametersView:116 -                Rank 1 : true
2025-10-31 11:45:08,532 [INFO] ADCParametersView:116 -                Rank 2 : true
2025-10-31 11:45:08,532 [INFO] ADCParametersView:116 -                Rank 3 : true
2025-10-31 11:45:08,532 [INFO] ADCParametersView:116 -                Rank 4 : true
2025-10-31 11:45:08,533 [INFO] ADCParametersView:116 -                Rank 1 : true
2025-10-31 11:45:08,533 [INFO] ADCParametersView:116 -                Rank 2 : true
2025-10-31 11:45:08,533 [INFO] ADCParametersView:116 -                Rank 3 : true
2025-10-31 11:45:08,533 [INFO] ADCParametersView:116 -                Rank 4 : true
2025-10-31 11:45:08,533 [INFO] ADCParametersView:116 -                Rank 1 : true
2025-10-31 11:45:08,533 [INFO] ADCParametersView:116 -                Rank 2 : true
2025-10-31 11:45:08,533 [INFO] ADCParametersView:116 -                Rank 3 : true
2025-10-31 11:45:08,533 [INFO] ADCParametersView:116 -                Rank 4 : true
2025-10-31 11:45:08,533 [INFO] ADCParametersView:116 -                Rank 1 : true
2025-10-31 11:45:08,533 [INFO] ADCParametersView:116 -                Rank 2 : true
2025-10-31 11:45:08,533 [INFO] ADCParametersView:116 -                Rank 3 : true
2025-10-31 11:45:08,533 [INFO] ADCParametersView:116 -                Rank 4 : true
2025-10-31 11:45:08,533 [INFO] ADCParametersView:116 -                Rank 1 : true
2025-10-31 11:45:08,533 [INFO] ADCParametersView:116 -                Rank 2 : true
2025-10-31 11:45:08,533 [INFO] ADCParametersView:116 -                Rank 3 : true
2025-10-31 11:45:08,533 [INFO] ADCParametersView:116 -                Rank 4 : true
2025-10-31 11:45:08,533 [INFO] ADCParametersView:116 -                Rank 1 : true
2025-10-31 11:45:08,533 [INFO] ADCParametersView:116 -                Rank 2 : true
2025-10-31 11:45:08,533 [INFO] ADCParametersView:116 -                Rank 3 : true
2025-10-31 11:45:08,533 [INFO] ADCParametersView:116 -                Rank 4 : true
2025-10-31 11:45:08,533 [INFO] ADCParametersView:116 -                Rank 1 : true
2025-10-31 11:45:08,533 [INFO] ADCParametersView:116 -                Rank 2 : true
2025-10-31 11:45:08,533 [INFO] ADCParametersView:116 -                Rank 3 : true
2025-10-31 11:45:08,533 [INFO] ADCParametersView:116 -                Rank 4 : true
2025-10-31 11:45:08,533 [INFO] ADCParametersView:116 -                Rank 1 : true
2025-10-31 11:45:08,533 [INFO] ADCParametersView:116 -                Rank 2 : true
2025-10-31 11:45:08,533 [INFO] ADCParametersView:116 -                Rank 3 : true
2025-10-31 11:45:08,533 [INFO] ADCParametersView:116 -                Rank 4 : true
2025-10-31 11:45:08,533 [INFO] ADCParametersView:116 -                Rank 1 : true
2025-10-31 11:45:08,533 [INFO] ADCParametersView:116 -                Rank 2 : true
2025-10-31 11:45:08,533 [INFO] ADCParametersView:116 -                Rank 3 : true
2025-10-31 11:45:08,533 [INFO] ADCParametersView:116 -                Rank 4 : true
2025-10-31 11:45:08,533 [INFO] ADCParametersView:116 -                Rank 1 : true
2025-10-31 11:45:08,534 [INFO] ADCParametersView:116 -                Rank 2 : true
2025-10-31 11:45:08,534 [INFO] ADCParametersView:116 -                Rank 3 : true
2025-10-31 11:45:08,534 [INFO] ADCParametersView:116 -                Rank 4 : true
2025-10-31 11:45:08,534 [INFO] ADCParametersView:116 -                Rank 2 : true
2025-10-31 11:45:08,534 [INFO] ADCParametersView:116 -                Rank 3 : true
2025-10-31 11:45:08,534 [INFO] ADCParametersView:116 -                Rank 4 : true
2025-10-31 11:45:08,534 [INFO] ADCParametersView:116 -                Rank 3 : true
2025-10-31 11:45:08,534 [INFO] ADCParametersView:116 -                Rank 4 : true
2025-10-31 11:45:08,534 [INFO] ADCParametersView:116 -                Rank 4 : true
2025-10-31 11:45:08,537 [INFO] ADCParametersView:116 -                Rank 1 : true
2025-10-31 11:45:08,537 [INFO] ADCParametersView:116 -                Rank 1 : true
2025-10-31 11:45:08,537 [INFO] ADCParametersView:116 -                Rank 2 : true
2025-10-31 11:45:08,537 [INFO] ADCParametersView:116 -                Rank 1 : true
2025-10-31 11:45:08,537 [INFO] ADCParametersView:116 -                Rank 2 : true
2025-10-31 11:45:08,537 [INFO] ADCParametersView:116 -                Rank 3 : true
2025-10-31 11:45:08,537 [INFO] ADCParametersView:116 -                Rank 1 : true
2025-10-31 11:45:08,537 [INFO] ADCParametersView:116 -                Rank 2 : true
2025-10-31 11:45:08,537 [INFO] ADCParametersView:116 -                Rank 3 : true
2025-10-31 11:45:08,537 [INFO] ADCParametersView:116 -                Rank 4 : true
2025-10-31 11:45:10,430 [INFO] NvicIntPanel:101 - NVIC parent = com.st.microxplorer.plugins.ip.nvic.MultiNvicIntPanel[,0,0,0x0,invalid,layout=javax.swing.BoxLayout,alignmentX=0.0,alignmentY=0.0,border=,flags=9,maximumSize=,minimumSize=,preferredSize=]
2025-10-31 11:45:10,447 [INFO] ADCParametersView:116 -                Rank 1 : true
2025-10-31 11:45:10,447 [INFO] ADCParametersView:116 -                Rank 2 : true
2025-10-31 11:45:10,447 [INFO] ADCParametersView:116 -                Rank 3 : true
2025-10-31 11:45:10,447 [INFO] ADCParametersView:116 -                Rank 4 : true
2025-10-31 11:45:10,448 [INFO] ADCParametersView:116 -                Rank 1 : true
2025-10-31 11:45:10,448 [INFO] ADCParametersView:116 -                Rank 2 : true
2025-10-31 11:45:10,448 [INFO] ADCParametersView:116 -                Rank 3 : true
2025-10-31 11:45:10,448 [INFO] ADCParametersView:116 -                Rank 4 : true
2025-10-31 11:45:10,448 [INFO] ADCParametersView:116 -                Rank 1 : true
2025-10-31 11:45:10,448 [INFO] ADCParametersView:116 -                Rank 2 : true
2025-10-31 11:45:10,448 [INFO] ADCParametersView:116 -                Rank 3 : true
2025-10-31 11:45:10,448 [INFO] ADCParametersView:116 -                Rank 4 : true
2025-10-31 11:45:10,448 [INFO] ADCParametersView:116 -                Rank 1 : true
2025-10-31 11:45:10,448 [INFO] ADCParametersView:116 -                Rank 2 : true
2025-10-31 11:45:10,448 [INFO] ADCParametersView:116 -                Rank 3 : true
2025-10-31 11:45:10,448 [INFO] ADCParametersView:116 -                Rank 4 : true
2025-10-31 11:45:10,448 [INFO] ADCParametersView:116 -                Rank 1 : true
2025-10-31 11:45:10,448 [INFO] ADCParametersView:116 -                Rank 2 : true
2025-10-31 11:45:10,448 [INFO] ADCParametersView:116 -                Rank 3 : true
2025-10-31 11:45:10,448 [INFO] ADCParametersView:116 -                Rank 4 : true
2025-10-31 11:45:10,448 [INFO] ADCParametersView:116 -                Rank 1 : true
2025-10-31 11:45:10,448 [INFO] ADCParametersView:116 -                Rank 2 : true
2025-10-31 11:45:10,448 [INFO] ADCParametersView:116 -                Rank 3 : true
2025-10-31 11:45:10,448 [INFO] ADCParametersView:116 -                Rank 4 : true
2025-10-31 11:45:10,448 [INFO] ADCParametersView:116 -                Rank 1 : true
2025-10-31 11:45:10,448 [INFO] ADCParametersView:116 -                Rank 2 : true
2025-10-31 11:45:10,448 [INFO] ADCParametersView:116 -                Rank 3 : true
2025-10-31 11:45:10,448 [INFO] ADCParametersView:116 -                Rank 4 : true
2025-10-31 11:45:10,448 [INFO] ADCParametersView:116 -                Rank 1 : true
2025-10-31 11:45:10,448 [INFO] ADCParametersView:116 -                Rank 2 : true
2025-10-31 11:45:10,448 [INFO] ADCParametersView:116 -                Rank 3 : true
2025-10-31 11:45:10,448 [INFO] ADCParametersView:116 -                Rank 4 : true
2025-10-31 11:45:10,448 [INFO] ADCParametersView:116 -                Rank 1 : true
2025-10-31 11:45:10,448 [INFO] ADCParametersView:116 -                Rank 2 : true
2025-10-31 11:45:10,448 [INFO] ADCParametersView:116 -                Rank 3 : true
2025-10-31 11:45:10,448 [INFO] ADCParametersView:116 -                Rank 4 : true
2025-10-31 11:45:10,448 [INFO] ADCParametersView:116 -                Rank 1 : true
2025-10-31 11:45:10,448 [INFO] ADCParametersView:116 -                Rank 2 : true
2025-10-31 11:45:10,448 [INFO] ADCParametersView:116 -                Rank 3 : true
2025-10-31 11:45:10,448 [INFO] ADCParametersView:116 -                Rank 4 : true
2025-10-31 11:45:10,448 [INFO] ADCParametersView:116 -                Rank 2 : true
2025-10-31 11:45:10,448 [INFO] ADCParametersView:116 -                Rank 3 : true
2025-10-31 11:45:10,448 [INFO] ADCParametersView:116 -                Rank 4 : true
2025-10-31 11:45:10,448 [INFO] ADCParametersView:116 -                Rank 3 : true
2025-10-31 11:45:10,448 [INFO] ADCParametersView:116 -                Rank 4 : true
2025-10-31 11:45:10,448 [INFO] ADCParametersView:116 -                Rank 4 : true
2025-10-31 11:45:10,451 [INFO] ADCParametersView:116 -                Rank 1 : true
2025-10-31 11:45:10,452 [INFO] ADCParametersView:116 -                Rank 1 : true
2025-10-31 11:45:10,452 [INFO] ADCParametersView:116 -                Rank 2 : true
2025-10-31 11:45:10,452 [INFO] ADCParametersView:116 -                Rank 1 : true
2025-10-31 11:45:10,452 [INFO] ADCParametersView:116 -                Rank 2 : true
2025-10-31 11:45:10,452 [INFO] ADCParametersView:116 -                Rank 3 : true
2025-10-31 11:45:10,452 [INFO] ADCParametersView:116 -                Rank 1 : true
2025-10-31 11:45:10,452 [INFO] ADCParametersView:116 -                Rank 2 : true
2025-10-31 11:45:10,452 [INFO] ADCParametersView:116 -                Rank 3 : true
2025-10-31 11:45:10,452 [INFO] ADCParametersView:116 -                Rank 4 : true
2025-10-31 11:45:13,007 [INFO] NvicIntPanel:101 - NVIC parent = com.st.microxplorer.plugins.ip.nvic.MultiNvicIntPanel[,0,0,0x0,invalid,layout=javax.swing.BoxLayout,alignmentX=0.0,alignmentY=0.0,border=,flags=9,maximumSize=,minimumSize=,preferredSize=]
2025-10-31 11:45:13,025 [INFO] ADCParametersView:116 -                Rank 1 : true
2025-10-31 11:45:13,025 [INFO] ADCParametersView:116 -                Rank 2 : true
2025-10-31 11:45:13,025 [INFO] ADCParametersView:116 -                Rank 3 : true
2025-10-31 11:45:13,025 [INFO] ADCParametersView:116 -                Rank 4 : true
2025-10-31 11:45:13,026 [INFO] ADCParametersView:116 -                Rank 1 : true
2025-10-31 11:45:13,026 [INFO] ADCParametersView:116 -                Rank 2 : true
2025-10-31 11:45:13,026 [INFO] ADCParametersView:116 -                Rank 3 : true
2025-10-31 11:45:13,026 [INFO] ADCParametersView:116 -                Rank 4 : true
2025-10-31 11:45:13,026 [INFO] ADCParametersView:116 -                Rank 1 : true
2025-10-31 11:45:13,026 [INFO] ADCParametersView:116 -                Rank 2 : true
2025-10-31 11:45:13,026 [INFO] ADCParametersView:116 -                Rank 3 : true
2025-10-31 11:45:13,026 [INFO] ADCParametersView:116 -                Rank 4 : true
2025-10-31 11:45:13,026 [INFO] ADCParametersView:116 -                Rank 1 : true
2025-10-31 11:45:13,026 [INFO] ADCParametersView:116 -                Rank 2 : true
2025-10-31 11:45:13,026 [INFO] ADCParametersView:116 -                Rank 3 : true
2025-10-31 11:45:13,026 [INFO] ADCParametersView:116 -                Rank 4 : true
2025-10-31 11:45:13,026 [INFO] ADCParametersView:116 -                Rank 1 : true
2025-10-31 11:45:13,027 [INFO] ADCParametersView:116 -                Rank 2 : true
2025-10-31 11:45:13,027 [INFO] ADCParametersView:116 -                Rank 3 : true
2025-10-31 11:45:13,027 [INFO] ADCParametersView:116 -                Rank 4 : true
2025-10-31 11:45:13,027 [INFO] ADCParametersView:116 -                Rank 1 : true
2025-10-31 11:45:13,027 [INFO] ADCParametersView:116 -                Rank 2 : true
2025-10-31 11:45:13,027 [INFO] ADCParametersView:116 -                Rank 3 : true
2025-10-31 11:45:13,027 [INFO] ADCParametersView:116 -                Rank 4 : true
2025-10-31 11:45:13,027 [INFO] ADCParametersView:116 -                Rank 1 : true
2025-10-31 11:45:13,027 [INFO] ADCParametersView:116 -                Rank 2 : true
2025-10-31 11:45:13,027 [INFO] ADCParametersView:116 -                Rank 3 : true
2025-10-31 11:45:13,027 [INFO] ADCParametersView:116 -                Rank 4 : true
2025-10-31 11:45:13,027 [INFO] ADCParametersView:116 -                Rank 1 : true
2025-10-31 11:45:13,027 [INFO] ADCParametersView:116 -                Rank 2 : true
2025-10-31 11:45:13,027 [INFO] ADCParametersView:116 -                Rank 3 : true
2025-10-31 11:45:13,027 [INFO] ADCParametersView:116 -                Rank 4 : true
2025-10-31 11:45:13,027 [INFO] ADCParametersView:116 -                Rank 1 : true
2025-10-31 11:45:13,027 [INFO] ADCParametersView:116 -                Rank 2 : true
2025-10-31 11:45:13,027 [INFO] ADCParametersView:116 -                Rank 3 : true
2025-10-31 11:45:13,027 [INFO] ADCParametersView:116 -                Rank 4 : true
2025-10-31 11:45:13,027 [INFO] ADCParametersView:116 -                Rank 1 : true
2025-10-31 11:45:13,027 [INFO] ADCParametersView:116 -                Rank 2 : true
2025-10-31 11:45:13,027 [INFO] ADCParametersView:116 -                Rank 3 : true
2025-10-31 11:45:13,027 [INFO] ADCParametersView:116 -                Rank 4 : true
2025-10-31 11:45:13,027 [INFO] ADCParametersView:116 -                Rank 2 : true
2025-10-31 11:45:13,027 [INFO] ADCParametersView:116 -                Rank 3 : true
2025-10-31 11:45:13,027 [INFO] ADCParametersView:116 -                Rank 4 : true
2025-10-31 11:45:13,027 [INFO] ADCParametersView:116 -                Rank 3 : true
2025-10-31 11:45:13,027 [INFO] ADCParametersView:116 -                Rank 4 : true
2025-10-31 11:45:13,027 [INFO] ADCParametersView:116 -                Rank 4 : true
2025-10-31 11:45:13,032 [INFO] ADCParametersView:116 -                Rank 1 : true
2025-10-31 11:45:13,032 [INFO] ADCParametersView:116 -                Rank 1 : true
2025-10-31 11:45:13,032 [INFO] ADCParametersView:116 -                Rank 2 : true
2025-10-31 11:45:13,032 [INFO] ADCParametersView:116 -                Rank 1 : true
2025-10-31 11:45:13,032 [INFO] ADCParametersView:116 -                Rank 2 : true
2025-10-31 11:45:13,032 [INFO] ADCParametersView:116 -                Rank 3 : true
2025-10-31 11:45:13,032 [INFO] ADCParametersView:116 -                Rank 1 : true
2025-10-31 11:45:13,032 [INFO] ADCParametersView:116 -                Rank 2 : true
2025-10-31 11:45:13,032 [INFO] ADCParametersView:116 -                Rank 3 : true
2025-10-31 11:45:13,032 [INFO] ADCParametersView:116 -                Rank 4 : true
2025-10-31 11:45:19,279 [INFO] NvicIntPanel:101 - NVIC parent = com.st.microxplorer.plugins.ip.nvic.MultiNvicIntPanel[,0,0,0x0,invalid,layout=javax.swing.BoxLayout,alignmentX=0.0,alignmentY=0.0,border=,flags=9,maximumSize=,minimumSize=,preferredSize=]
2025-10-31 11:45:19,296 [INFO] ADCParametersView:116 -                Rank 1 : true
2025-10-31 11:45:19,296 [INFO] ADCParametersView:116 -                Rank 2 : true
2025-10-31 11:45:19,296 [INFO] ADCParametersView:116 -                Rank 3 : true
2025-10-31 11:45:19,296 [INFO] ADCParametersView:116 -                Rank 4 : true
2025-10-31 11:45:19,297 [INFO] ADCParametersView:116 -                Rank 1 : true
2025-10-31 11:45:19,297 [INFO] ADCParametersView:116 -                Rank 2 : true
2025-10-31 11:45:19,297 [INFO] ADCParametersView:116 -                Rank 3 : true
2025-10-31 11:45:19,297 [INFO] ADCParametersView:116 -                Rank 4 : true
2025-10-31 11:45:19,297 [INFO] ADCParametersView:116 -                Rank 1 : true
2025-10-31 11:45:19,297 [INFO] ADCParametersView:116 -                Rank 2 : true
2025-10-31 11:45:19,297 [INFO] ADCParametersView:116 -                Rank 3 : true
2025-10-31 11:45:19,297 [INFO] ADCParametersView:116 -                Rank 4 : true
2025-10-31 11:45:19,297 [INFO] ADCParametersView:116 -                Rank 1 : true
2025-10-31 11:45:19,297 [INFO] ADCParametersView:116 -                Rank 2 : true
2025-10-31 11:45:19,297 [INFO] ADCParametersView:116 -                Rank 3 : true
2025-10-31 11:45:19,297 [INFO] ADCParametersView:116 -                Rank 4 : true
2025-10-31 11:45:19,297 [INFO] ADCParametersView:116 -                Rank 1 : true
2025-10-31 11:45:19,297 [INFO] ADCParametersView:116 -                Rank 2 : true
2025-10-31 11:45:19,297 [INFO] ADCParametersView:116 -                Rank 3 : true
2025-10-31 11:45:19,297 [INFO] ADCParametersView:116 -                Rank 4 : true
2025-10-31 11:45:19,297 [INFO] ADCParametersView:116 -                Rank 1 : true
2025-10-31 11:45:19,297 [INFO] ADCParametersView:116 -                Rank 2 : true
2025-10-31 11:45:19,297 [INFO] ADCParametersView:116 -                Rank 3 : true
2025-10-31 11:45:19,297 [INFO] ADCParametersView:116 -                Rank 4 : true
2025-10-31 11:45:19,297 [INFO] ADCParametersView:116 -                Rank 1 : true
2025-10-31 11:45:19,297 [INFO] ADCParametersView:116 -                Rank 2 : true
2025-10-31 11:45:19,297 [INFO] ADCParametersView:116 -                Rank 3 : true
2025-10-31 11:45:19,297 [INFO] ADCParametersView:116 -                Rank 4 : true
2025-10-31 11:45:19,297 [INFO] ADCParametersView:116 -                Rank 1 : true
2025-10-31 11:45:19,297 [INFO] ADCParametersView:116 -                Rank 2 : true
2025-10-31 11:45:19,297 [INFO] ADCParametersView:116 -                Rank 3 : true
2025-10-31 11:45:19,297 [INFO] ADCParametersView:116 -                Rank 4 : true
2025-10-31 11:45:19,297 [INFO] ADCParametersView:116 -                Rank 1 : true
2025-10-31 11:45:19,297 [INFO] ADCParametersView:116 -                Rank 2 : true
2025-10-31 11:45:19,297 [INFO] ADCParametersView:116 -                Rank 3 : true
2025-10-31 11:45:19,298 [INFO] ADCParametersView:116 -                Rank 4 : true
2025-10-31 11:45:19,298 [INFO] ADCParametersView:116 -                Rank 1 : true
2025-10-31 11:45:19,298 [INFO] ADCParametersView:116 -                Rank 2 : true
2025-10-31 11:45:19,298 [INFO] ADCParametersView:116 -                Rank 3 : true
2025-10-31 11:45:19,298 [INFO] ADCParametersView:116 -                Rank 4 : true
2025-10-31 11:45:19,298 [INFO] ADCParametersView:116 -                Rank 1 : true
2025-10-31 11:45:19,298 [INFO] ADCParametersView:116 -                Rank 2 : true
2025-10-31 11:45:19,298 [INFO] ADCParametersView:116 -                Rank 3 : true
2025-10-31 11:45:19,298 [INFO] ADCParametersView:116 -                Rank 4 : true
2025-10-31 11:45:19,298 [INFO] ADCParametersView:116 -                Rank 1 : true
2025-10-31 11:45:19,298 [INFO] ADCParametersView:116 -                Rank 2 : true
2025-10-31 11:45:19,298 [INFO] ADCParametersView:116 -                Rank 3 : true
2025-10-31 11:45:19,298 [INFO] ADCParametersView:116 -                Rank 4 : true
2025-10-31 11:45:19,298 [INFO] ADCParametersView:116 -                Rank 1 : true
2025-10-31 11:45:19,298 [INFO] ADCParametersView:116 -                Rank 2 : true
2025-10-31 11:45:19,298 [INFO] ADCParametersView:116 -                Rank 3 : true
2025-10-31 11:45:19,298 [INFO] ADCParametersView:116 -                Rank 4 : true
2025-10-31 11:45:19,298 [INFO] ADCParametersView:116 -                Rank 1 : true
2025-10-31 11:45:19,298 [INFO] ADCParametersView:116 -                Rank 2 : true
2025-10-31 11:45:19,298 [INFO] ADCParametersView:116 -                Rank 3 : true
2025-10-31 11:45:19,298 [INFO] ADCParametersView:116 -                Rank 4 : true
2025-10-31 11:45:19,298 [INFO] ADCParametersView:116 -                Rank 1 : true
2025-10-31 11:45:19,298 [INFO] ADCParametersView:116 -                Rank 2 : true
2025-10-31 11:45:19,298 [INFO] ADCParametersView:116 -                Rank 3 : true
2025-10-31 11:45:19,298 [INFO] ADCParametersView:116 -                Rank 4 : true
2025-10-31 11:45:19,298 [INFO] ADCParametersView:116 -                Rank 2 : true
2025-10-31 11:45:19,298 [INFO] ADCParametersView:116 -                Rank 3 : true
2025-10-31 11:45:19,298 [INFO] ADCParametersView:116 -                Rank 4 : true
2025-10-31 11:45:19,298 [INFO] ADCParametersView:116 -                Rank 3 : true
2025-10-31 11:45:19,298 [INFO] ADCParametersView:116 -                Rank 4 : true
2025-10-31 11:45:19,298 [INFO] ADCParametersView:116 -                Rank 4 : true
2025-10-31 11:45:19,302 [INFO] ADCParametersView:116 -                Rank 1 : true
2025-10-31 11:45:19,302 [INFO] ADCParametersView:116 -                Rank 1 : true
2025-10-31 11:45:19,302 [INFO] ADCParametersView:116 -                Rank 2 : true
2025-10-31 11:45:19,302 [INFO] ADCParametersView:116 -                Rank 1 : true
2025-10-31 11:45:19,302 [INFO] ADCParametersView:116 -                Rank 2 : true
2025-10-31 11:45:19,302 [INFO] ADCParametersView:116 -                Rank 3 : true
2025-10-31 11:45:19,302 [INFO] ADCParametersView:116 -                Rank 1 : true
2025-10-31 11:45:19,302 [INFO] ADCParametersView:116 -                Rank 2 : true
2025-10-31 11:45:19,302 [INFO] ADCParametersView:116 -                Rank 3 : true
2025-10-31 11:45:19,302 [INFO] ADCParametersView:116 -                Rank 4 : true
2025-10-31 11:45:25,248 [INFO] UtilMem:75 - End SaveConfig() Used Memory: 398036056 Bytes (822083584)
2025-10-31 11:45:27,080 [INFO] UtilMem:75 - End SaveConfig() Used Memory: 434678784 Bytes (822083584)
2025-10-31 11:45:27,921 [INFO] UtilMem:75 - End SaveConfig() Used Memory: 478182952 Bytes (822083584)
2025-10-31 11:45:28,407 [INFO] BlockDiagram:2775 - set Specific Code input for plugin: NVIC
2025-10-31 11:45:28,407 [INFO] BlockDiagram:2775 - set Specific Code input for plugin: IWDG
2025-10-31 11:45:28,407 [INFO] BlockDiagram:2775 - set Specific Code input for plugin: SYS
2025-10-31 11:45:28,407 [INFO] BlockDiagram:2775 - set Specific Code input for plugin: GPIO
2025-10-31 11:45:28,407 [INFO] BlockDiagram:2775 - set Specific Code input for plugin: ADC
2025-10-31 11:45:28,407 [INFO] BlockDiagram:2775 - set Specific Code input for plugin: RCC
2025-10-31 11:45:28,408 [INFO] CodeGenerator:892 - code generatio: config db path: C:\ST\STM32CubeIDE_1.19.0\STM32CubeIDE\plugins\com.st.stm32cube.common.mx_6.15.0.202507011659\\db\
2025-10-31 11:45:28,490 [INFO] CodeEngine:265 - oldGeneratedFile, C:\Users\USER\STM32CubeIDE\workspace_1.19.0\Hip-Pro_Hardware_V1.2\Testing_PC\MXTmpFiles\license.tmp_save
2025-10-31 11:45:28,647 [INFO] CodeEngine:289 - Generated code: C:\Users\USER\STM32CubeIDE\workspace_1.19.0\Hip-Pro_Hardware_V1.2\Testing_PC\MXTmpFiles\license.tmp
2025-10-31 11:45:28,693 [INFO] CodeEngine:265 - oldGeneratedFile, C:\Users\USER\STM32CubeIDE\workspace_1.19.0\Hip-Pro_Hardware_V1.2\Testing_PC\MXTmpFiles\gpio.tmp_save
2025-10-31 11:45:28,795 [INFO] CodeEngine:289 - Generated code: C:\Users\USER\STM32CubeIDE\workspace_1.19.0\Hip-Pro_Hardware_V1.2\Testing_PC\MXTmpFiles\gpio.tmp
2025-10-31 11:45:28,868 [INFO] CodeEngine:265 - oldGeneratedFile, C:\Users\USER\STM32CubeIDE\workspace_1.19.0\Hip-Pro_Hardware_V1.2\Testing_PC\Core\Src\stm32f1xx_it.c_save
2025-10-31 11:45:28,954 [INFO] CodeEngine:289 - Generated code: C:\Users\USER\STM32CubeIDE\workspace_1.19.0\Hip-Pro_Hardware_V1.2\Testing_PC\Core\Src\stm32f1xx_it.c
2025-10-31 11:45:28,961 [INFO] CodeEngine:265 - oldGeneratedFile, C:\Users\USER\STM32CubeIDE\workspace_1.19.0\Hip-Pro_Hardware_V1.2\Testing_PC\Core\Inc\stm32f1xx_it.h_save
2025-10-31 11:45:29,027 [INFO] CodeEngine:289 - Generated code: C:\Users\USER\STM32CubeIDE\workspace_1.19.0\Hip-Pro_Hardware_V1.2\Testing_PC\Core\Inc\stm32f1xx_it.h
2025-10-31 11:45:29,040 [INFO] CodeEngine:265 - oldGeneratedFile, C:\Users\USER\STM32CubeIDE\workspace_1.19.0\Hip-Pro_Hardware_V1.2\Testing_PC\Core\Src\stm32f1xx_hal_msp.c_save
2025-10-31 11:45:29,148 [INFO] CodeEngine:289 - Generated code: C:\Users\USER\STM32CubeIDE\workspace_1.19.0\Hip-Pro_Hardware_V1.2\Testing_PC\Core\Src\stm32f1xx_hal_msp.c
2025-10-31 11:45:29,153 [INFO] CodeEngine:265 - oldGeneratedFile, C:\Users\USER\STM32CubeIDE\workspace_1.19.0\Hip-Pro_Hardware_V1.2\Testing_PC\MXTmpFiles\system.tmp_save
2025-10-31 11:45:29,210 [INFO] CodeEngine:289 - Generated code: C:\Users\USER\STM32CubeIDE\workspace_1.19.0\Hip-Pro_Hardware_V1.2\Testing_PC\MXTmpFiles\system.tmp
2025-10-31 11:45:29,224 [INFO] CodeEngine:321 - oldGeneratedFile, C:\Users\USER\STM32CubeIDE\workspace_1.19.0\Hip-Pro_Hardware_V1.2\Testing_PC\Core\Inc\stm32f1xx_hal_conf.h_save
2025-10-31 11:45:29,290 [INFO] CodeEngine:345 - Generated code: C:\Users\USER\STM32CubeIDE\workspace_1.19.0\Hip-Pro_Hardware_V1.2\Testing_PC\Core\Inc\stm32f1xx_hal_conf.h
2025-10-31 11:45:29,313 [INFO] ApiDbMcu:532 - Load IP Config File for ADC1
2025-10-31 11:45:29,316 [INFO] ApiDbMcu:532 - Load IP Config File for IWDG
2025-10-31 11:45:29,328 [INFO] CodeEngine:265 - oldGeneratedFile, C:\Users\USER\STM32CubeIDE\workspace_1.19.0\Hip-Pro_Hardware_V1.2\Testing_PC\Core\Inc\main.h_save
2025-10-31 11:45:29,396 [INFO] CodeEngine:289 - Generated code: C:\Users\USER\STM32CubeIDE\workspace_1.19.0\Hip-Pro_Hardware_V1.2\Testing_PC\Core\Inc\main.h
2025-10-31 11:45:29,403 [INFO] CodeEngine:265 - oldGeneratedFile, C:\Users\USER\STM32CubeIDE\workspace_1.19.0\Hip-Pro_Hardware_V1.2\Testing_PC\Core\Src\main.c_save
2025-10-31 11:45:29,511 [INFO] CodeEngine:289 - Generated code: C:\Users\USER\STM32CubeIDE\workspace_1.19.0\Hip-Pro_Hardware_V1.2\Testing_PC\Core\Src\main.c
2025-10-31 11:45:29,834 [INFO] ProjectBuilder:3606 - Time for Copy HAL[1] : 107mS.
2025-10-31 11:45:29,837 [INFO] ProjectBuilder:5216 - Project Generator version: 4.7.0-B52
2025-10-31 11:45:29,910 [INFO] ConfigFileManager:1595 - The Die is : DIE414
2025-10-31 11:45:30,942 [INFO] ProjectBuilder:5496 - Time for Generating toolchain IDE Files: 1105mS.
2025-10-31 11:45:30,944 [INFO] ProjectBuilder:3463 - Time for Copy CMSIS : 0mS.
2025-10-31 11:45:30,947 [INFO] ProjectBuilder:3463 - Time for Copy CMSIS : 1mS.
2025-10-31 12:02:00,696 [ERROR] LogOutputStream:75 - [STDERR_REDIRECT] 
2025-10-31 12:02:14,193 [INFO] Activator:176 - 


2025-10-31 12:02:14,195 [INFO] Activator:177 - !SESSION log4j initialized
2025-10-31 12:02:18,814 [INFO] LogOutputStream:77 - [STDOUT_REDIRECT] 
2025-10-31 12:02:19,620 [INFO] ApplicationProperties:184 - Using Application install path: C:\ST\STM32CubeIDE_1.19.0\STM32CubeIDE\plugins\com.st.stm32cube.common.mx_6.15.0.202507011659
2025-10-31 12:02:19,631 [INFO] DbMcusXml:78 - Set database path to: C:\ST\STM32CubeIDE_1.19.0\STM32CubeIDE\plugins\com.st.stm32cube.common.mx_6.15.0.202507011659\\db\/mcu/
2025-10-31 12:02:19,631 [INFO] ApiDb:274 - Set plugin database path to: C:\ST\STM32CubeIDE_1.19.0\STM32CubeIDE\plugins\com.st.stm32cube.common.mx_6.15.0.202507011659\\db\/plugins/boardmanager/
2025-10-31 12:02:19,631 [WARN] ApiDb:259 - Overriding images path with different value:  => C:\ST\STM32CubeIDE_1.19.0\STM32CubeIDE\plugins\com.st.stm32cube.common.mx_6.15.0.202507011659\\db\/plugins/mcufinder/images/
2025-10-31 12:02:19,635 [INFO] ApiDb:250 - Set database path to: C:\Users\USER\.stmcufinder\plugins\mcufinder//mcu/
2025-10-31 12:02:19,636 [INFO] DbMcusAds:125 - Set database path to: C:\Users\USER\.stmcufinder\plugins\mcufinder//mcu/
2025-10-31 12:02:19,637 [INFO] CrossReferenceDbSqlite:203 - Set database path to: C:\Users\USER\.stmcufinder\plugins\mcufinder//mcu/cs/
2025-10-31 12:02:19,721 [INFO] RulesReader:64 - Compatibility file has been processed (317 Rules)
2025-10-31 12:02:19,774 [INFO] DbMcusXml:78 - Set database path to: C:\ST\STM32CubeIDE_1.19.0\STM32CubeIDE\plugins\com.st.stm32cube.common.mx_6.15.0.202507011659\\db\/mcu/
2025-10-31 12:02:19,774 [INFO] ApiDb:274 - Set plugin database path to: C:\ST\STM32CubeIDE_1.19.0\STM32CubeIDE\plugins\com.st.stm32cube.common.mx_6.15.0.202507011659\\db\/plugins/boardmanager/
2025-10-31 12:02:19,774 [INFO] ApiDb:261 - Set plugin images path to: C:\ST\STM32CubeIDE_1.19.0\STM32CubeIDE\plugins\com.st.stm32cube.common.mx_6.15.0.202507011659\\db\/plugins/mcufinder/images/
2025-10-31 12:02:19,774 [WARN] DbFile:41 - Overriding database path with different value: C:\Users\USER\.stmcufinder\plugins\mcufinder/ => C:\Users\USER\.stmcufinder\plugins\mcufinder
2025-10-31 12:02:19,774 [INFO] ApiDb:250 - Set database path to: C:\Users\USER\.stmcufinder\plugins\mcufinder//mcu/
2025-10-31 12:02:19,775 [WARN] DbFile:41 - Overriding database path with different value: C:\Users\USER\.stmcufinder\plugins\mcufinder/ => C:\Users\USER\.stmcufinder\plugins\mcufinder
2025-10-31 12:02:19,775 [INFO] DbMcusAds:125 - Set database path to: C:\Users\USER\.stmcufinder\plugins\mcufinder//mcu/
2025-10-31 12:02:19,775 [WARN] DbFile:41 - Overriding database path with different value: C:\Users\USER\.stmcufinder\plugins\mcufinder/ => C:\Users\USER\.stmcufinder\plugins\mcufinder
2025-10-31 12:02:19,775 [WARN] DbFile:41 - Overriding database path with different value: C:\Users\USER\.stmcufinder\plugins\mcufinder/ => C:\Users\USER\.stmcufinder\plugins\mcufinder
2025-10-31 12:02:19,775 [INFO] CrossReferenceDbSqlite:203 - Set database path to: C:\Users\USER\.stmcufinder\plugins\mcufinder//mcu/cs/
2025-10-31 12:02:19,823 [INFO] MainPanel:274 - HeapMemory: 268435456
2025-10-31 12:02:19,882 [INFO] DbMcusXml:78 - Set database path to: C:\ST\STM32CubeIDE_1.19.0\STM32CubeIDE\plugins\com.st.stm32cube.common.mx_6.15.0.202507011659\\db\/mcu/
2025-10-31 12:02:19,882 [INFO] ApiDb:274 - Set plugin database path to: C:\ST\STM32CubeIDE_1.19.0\STM32CubeIDE\plugins\com.st.stm32cube.common.mx_6.15.0.202507011659\\db\/plugins/boardmanager/
2025-10-31 12:02:19,882 [INFO] ApiDb:261 - Set plugin images path to: C:\ST\STM32CubeIDE_1.19.0\STM32CubeIDE\plugins\com.st.stm32cube.common.mx_6.15.0.202507011659\\db\/plugins/mcufinder/images/
2025-10-31 12:02:19,882 [WARN] DbFile:41 - Overriding database path with different value: C:\Users\USER\.stmcufinder\plugins\mcufinder/ => C:\Users\USER\.stmcufinder\plugins\mcufinder
2025-10-31 12:02:19,882 [INFO] ApiDb:250 - Set database path to: C:\Users\USER\.stmcufinder\plugins\mcufinder//mcu/
2025-10-31 12:02:19,882 [WARN] DbFile:41 - Overriding database path with different value: C:\Users\USER\.stmcufinder\plugins\mcufinder/ => C:\Users\USER\.stmcufinder\plugins\mcufinder
2025-10-31 12:02:19,883 [INFO] DbMcusAds:125 - Set database path to: C:\Users\USER\.stmcufinder\plugins\mcufinder//mcu/
2025-10-31 12:02:19,883 [WARN] DbFile:41 - Overriding database path with different value: C:\Users\USER\.stmcufinder\plugins\mcufinder/ => C:\Users\USER\.stmcufinder\plugins\mcufinder
2025-10-31 12:02:19,883 [WARN] DbFile:41 - Overriding database path with different value: C:\Users\USER\.stmcufinder\plugins\mcufinder/ => C:\Users\USER\.stmcufinder\plugins\mcufinder
2025-10-31 12:02:19,883 [INFO] CrossReferenceDbSqlite:203 - Set database path to: C:\Users\USER\.stmcufinder\plugins\mcufinder//mcu/cs/
2025-10-31 12:02:19,895 [INFO] ApplicationProperties:184 - Using Application install path: C:\ST\STM32CubeIDE_1.19.0\STM32CubeIDE\plugins\com.st.stm32cube.common.mx_6.15.0.202507011659
2025-10-31 12:02:19,896 [INFO] PluginManage:196 - Search for loadable plugins [exclusion list=, ]
2025-10-31 12:02:19,896 [INFO] PluginManage:310 - Check plugin analytics
2025-10-31 12:02:20,030 [INFO] AnalyticsPlugin:253 - Accepted Software Licenses: 
2025-10-31 12:02:20,030 [INFO] AnalyticsPlugin:255 - Accepted CMSIS Pack Licenses: 
2025-10-31 12:02:20,030 [INFO] AnalyticsPlugin:257 - Accepted Firmware Licenses: 
2025-10-31 12:02:20,032 [INFO] PluginManage:359 - Loaded plugin analytics (category:tool,tabindex:-1)
2025-10-31 12:02:20,032 [INFO] PluginManage:310 - Check plugin cadmodel
2025-10-31 12:02:20,035 [INFO] CADModel:105 - Init CAD model plugin
2025-10-31 12:02:20,035 [INFO] PluginManage:359 - Loaded plugin cadmodel (category:power,tabindex:5)
2025-10-31 12:02:20,035 [INFO] PluginManage:310 - Check plugin clock
2025-10-31 12:02:20,042 [INFO] PluginManage:359 - Loaded plugin clock (category:base,tabindex:2)
2025-10-31 12:02:20,042 [INFO] PluginManage:310 - Check plugin ddr
2025-10-31 12:02:20,044 [INFO] PluginManage:359 - Loaded plugin ddr (category:tool,tabindex:6)
2025-10-31 12:02:20,044 [INFO] PluginManage:310 - Check plugin filemanager
2025-10-31 12:02:20,157 [INFO] PluginManage:359 - Loaded plugin filemanager (category:base,tabindex:10)
2025-10-31 12:02:20,157 [INFO] PluginManage:310 - Check plugin ipmanager
2025-10-31 12:02:20,162 [INFO] PluginManage:359 - Loaded plugin ipmanager (category:base,tabindex:5)
2025-10-31 12:02:20,163 [INFO] PluginManage:310 - Check plugin lpbam
2025-10-31 12:02:20,181 [INFO] PluginManage:359 - Loaded plugin lpbam (category:base,tabindex:0)
2025-10-31 12:02:20,181 [INFO] PluginManage:310 - Check plugin memorymap
2025-10-31 12:02:20,189 [INFO] PluginManage:359 - Loaded plugin memorymap (category:base,tabindex:4)
2025-10-31 12:02:20,189 [INFO] PluginManage:310 - Check plugin pinoutandconfiguration
2025-10-31 12:02:20,195 [INFO] PluginManage:359 - Loaded plugin pinoutandconfiguration (category:base,tabindex:1)
2025-10-31 12:02:20,195 [INFO] PluginManage:310 - Check plugin pinoutconfig
2025-10-31 12:02:20,260 [WARN] SupportedApi:132 - Cannot load RTOS API schema: s4s-elt-must-match.1: The content of 'definitions' must match (annotation?, (simpleType | complexType)?, (unique | key | keyref)*)). A problem was found starting at: attribute.
2025-10-31 12:02:20,349 [INFO] PluginManage:359 - Loaded plugin pinoutconfig (category:base,tabindex:0)
2025-10-31 12:02:20,349 [INFO] PluginManage:310 - Check plugin power
2025-10-31 12:02:20,354 [INFO] PluginManage:359 - Loaded plugin power (category:power,tabindex:4)
2025-10-31 12:02:20,354 [INFO] PluginManage:310 - Check plugin projectmanager
2025-10-31 12:02:20,366 [INFO] PluginManage:359 - Loaded plugin projectmanager (category:projectmanager,tabindex:4)
2025-10-31 12:02:20,366 [INFO] PluginManage:310 - Check plugin rif
2025-10-31 12:02:20,373 [INFO] PluginManage:359 - Loaded plugin rif (category:base,tabindex:3)
2025-10-31 12:02:20,373 [INFO] PluginManage:310 - Check plugin thirdparty
2025-10-31 12:02:20,591 [INFO] PluginManage:359 - Loaded plugin thirdparty (category:base,tabindex:-1)
2025-10-31 12:02:20,591 [INFO] PluginManage:310 - Check plugin tools
2025-10-31 12:02:20,591 [WARN] IntegrityCheckThread:84 - waiting for thirdparty lock release [integrity check]
2025-10-31 12:02:20,592 [INFO] IntegrityCheckThread:86 - entering critical section [integrity check]
2025-10-31 12:02:20,592 [INFO] ThirdPartyUpdaterWithRetryManager:70 - Updater plugin not ready yet. [1/15]
2025-10-31 12:02:20,593 [INFO] PluginManage:359 - Loaded plugin tools (category:base,tabindex:7)
2025-10-31 12:02:20,594 [INFO] PluginManage:310 - Check plugin tutovideos
2025-10-31 12:02:20,732 [INFO] PluginManage:359 - Loaded plugin tutovideos (category:base,tabindex:-1)
2025-10-31 12:02:20,733 [INFO] PluginManage:310 - Check plugin updater
2025-10-31 12:02:20,748 [INFO] PluginManage:359 - Loaded plugin updater (category:base,tabindex:12)
2025-10-31 12:02:20,748 [INFO] PluginManage:310 - Check plugin userauth
2025-10-31 12:02:20,751 [INFO] UserAuth:118 - Init User Auth plugin
2025-10-31 12:02:20,751 [INFO] PluginManage:359 - Loaded plugin userauth (category:base,tabindex:14)
2025-10-31 12:02:20,751 [INFO] PluginManage:283 - PluginManage : Loaded plugins [18]
2025-10-31 12:02:20,904 [INFO] PinOutPanel:1589 - setPackage(No Configuration,No Configuration)
2025-10-31 12:02:20,971 [INFO] CADModel:165 - CPN selected for project level
2025-10-31 12:02:20,971 [INFO] CADModel:114 - Register for checkConnection events
2025-10-31 12:02:20,982 [INFO] IPUIPlugin:80 - create IPUIPlugin
2025-10-31 12:02:20,982 [INFO] PluginManager:220 - loadIPPluginJar : add adc
2025-10-31 12:02:20,984 [INFO] IPUIPlugin:80 - create IPUIPlugin
2025-10-31 12:02:20,984 [INFO] PluginManager:220 - loadIPPluginJar : add aes
2025-10-31 12:02:20,985 [INFO] IPUIPlugin:80 - create IPUIPlugin
2025-10-31 12:02:20,985 [INFO] PluginManager:220 - loadIPPluginJar : add can
2025-10-31 12:02:20,986 [INFO] IPUIPlugin:80 - create IPUIPlugin
2025-10-31 12:02:20,986 [INFO] PluginManager:220 - loadIPPluginJar : add comp
2025-10-31 12:02:20,987 [INFO] IPUIPlugin:80 - create IPUIPlugin
2025-10-31 12:02:20,987 [INFO] PluginManager:220 - loadIPPluginJar : add cryp
2025-10-31 12:02:20,989 [INFO] IPUIPlugin:80 - create IPUIPlugin
2025-10-31 12:02:20,989 [INFO] PluginManager:220 - loadIPPluginJar : add ddr_ctrl_phy
2025-10-31 12:02:20,991 [INFO] IPUIPlugin:80 - create IPUIPlugin
2025-10-31 12:02:20,991 [INFO] PluginManager:220 - loadIPPluginJar : add dfsdm
2025-10-31 12:02:20,995 [INFO] IPUIPlugin:80 - create IPUIPlugin
2025-10-31 12:02:20,995 [INFO] PluginManager:220 - loadIPPluginJar : add dma
2025-10-31 12:02:20,996 [INFO] IPUIPlugin:80 - create IPUIPlugin
2025-10-31 12:02:20,996 [INFO] PluginManager:220 - loadIPPluginJar : add dma3
2025-10-31 12:02:20,998 [INFO] IPUIPlugin:80 - create IPUIPlugin
2025-10-31 12:02:20,998 [INFO] PluginManager:220 - loadIPPluginJar : add extmemmanager
2025-10-31 12:02:20,998 [INFO] IPUIPlugin:80 - create IPUIPlugin
2025-10-31 12:02:20,999 [INFO] PluginManager:220 - loadIPPluginJar : add fatfs
2025-10-31 12:02:21,001 [INFO] IPUIPlugin:80 - create IPUIPlugin
2025-10-31 12:02:21,001 [INFO] PluginManager:220 - loadIPPluginJar : add fmc
2025-10-31 12:02:21,005 [INFO] IPUIPlugin:80 - create IPUIPlugin
2025-10-31 12:02:21,005 [INFO] PluginManager:220 - loadIPPluginJar : add freertos
2025-10-31 12:02:21,006 [INFO] IPUIPlugin:80 - create IPUIPlugin
2025-10-31 12:02:21,006 [INFO] PluginManager:220 - loadIPPluginJar : add genericplugin
2025-10-31 12:02:21,007 [INFO] IPUIPlugin:80 - create IPUIPlugin
2025-10-31 12:02:21,007 [INFO] PluginManager:220 - loadIPPluginJar : add gfxmmu
2025-10-31 12:02:21,010 [INFO] IPUIPlugin:80 - create IPUIPlugin
2025-10-31 12:02:21,010 [INFO] PluginManager:220 - loadIPPluginJar : add gic
2025-10-31 12:02:21,012 [INFO] IPUIPlugin:80 - create IPUIPlugin
2025-10-31 12:02:21,012 [INFO] PluginManager:220 - loadIPPluginJar : add gpio
2025-10-31 12:02:21,013 [INFO] IPUIPlugin:80 - create IPUIPlugin
2025-10-31 12:02:21,013 [INFO] PluginManager:220 - loadIPPluginJar : add gtzc
2025-10-31 12:02:21,015 [INFO] IPUIPlugin:80 - create IPUIPlugin
2025-10-31 12:02:21,015 [INFO] PluginManager:220 - loadIPPluginJar : add hash
2025-10-31 12:02:21,016 [INFO] IPUIPlugin:80 - create IPUIPlugin
2025-10-31 12:02:21,016 [INFO] PluginManager:220 - loadIPPluginJar : add i2c
2025-10-31 12:02:21,018 [INFO] IPUIPlugin:80 - create IPUIPlugin
2025-10-31 12:02:21,018 [INFO] PluginManager:220 - loadIPPluginJar : add i2s
2025-10-31 12:02:21,019 [INFO] IPUIPlugin:80 - create IPUIPlugin
2025-10-31 12:02:21,019 [INFO] PluginManager:220 - loadIPPluginJar : add i3c
2025-10-31 12:02:21,021 [INFO] IPUIPlugin:80 - create IPUIPlugin
2025-10-31 12:02:21,022 [INFO] PluginManager:220 - loadIPPluginJar : add ipddr
2025-10-31 12:02:21,026 [INFO] IPUIPlugin:80 - create IPUIPlugin
2025-10-31 12:02:21,027 [INFO] PluginManager:220 - loadIPPluginJar : add linkedlist
2025-10-31 12:02:21,029 [INFO] IPUIPlugin:80 - create IPUIPlugin
2025-10-31 12:02:21,029 [INFO] PluginManager:220 - loadIPPluginJar : add lorawan
2025-10-31 12:02:21,029 [INFO] IPUIPlugin:80 - create IPUIPlugin
2025-10-31 12:02:21,029 [INFO] PluginManager:220 - loadIPPluginJar : add ltdc
2025-10-31 12:02:21,033 [INFO] IPUIPlugin:80 - create IPUIPlugin
2025-10-31 12:02:21,033 [INFO] PluginManager:220 - loadIPPluginJar : add mdma
2025-10-31 12:02:21,035 [INFO] IPUIPlugin:80 - create IPUIPlugin
2025-10-31 12:02:21,035 [INFO] PluginManager:220 - loadIPPluginJar : add nvic
2025-10-31 12:02:21,036 [INFO] IPUIPlugin:80 - create IPUIPlugin
2025-10-31 12:02:21,036 [INFO] PluginManager:220 - loadIPPluginJar : add opamp
2025-10-31 12:02:21,038 [INFO] IPUIPlugin:80 - create IPUIPlugin
2025-10-31 12:02:21,038 [INFO] PluginManager:220 - loadIPPluginJar : add openamp
2025-10-31 12:02:21,039 [INFO] IPUIPlugin:80 - create IPUIPlugin
2025-10-31 12:02:21,040 [INFO] PluginManager:220 - loadIPPluginJar : add pdm2pcm
2025-10-31 12:02:21,043 [INFO] IPUIPlugin:80 - create IPUIPlugin
2025-10-31 12:02:21,045 [INFO] PluginManager:220 - loadIPPluginJar : add plateformsettings
2025-10-31 12:02:21,045 [INFO] IPUIPlugin:80 - create IPUIPlugin
2025-10-31 12:02:21,046 [INFO] PluginManager:220 - loadIPPluginJar : add quadspi
2025-10-31 12:02:21,046 [INFO] IPUIPlugin:80 - create IPUIPlugin
2025-10-31 12:02:21,047 [INFO] PluginManager:220 - loadIPPluginJar : add radio
2025-10-31 12:02:21,048 [INFO] IPUIPlugin:80 - create IPUIPlugin
2025-10-31 12:02:21,048 [INFO] PluginManager:220 - loadIPPluginJar : add resmgrutility
2025-10-31 12:02:21,050 [INFO] IPUIPlugin:80 - create IPUIPlugin
2025-10-31 12:02:21,050 [INFO] PluginManager:220 - loadIPPluginJar : add sai
2025-10-31 12:02:21,051 [INFO] IPUIPlugin:80 - create IPUIPlugin
2025-10-31 12:02:21,052 [INFO] PluginManager:220 - loadIPPluginJar : add spi
2025-10-31 12:02:21,057 [INFO] IPUIPlugin:80 - create IPUIPlugin
2025-10-31 12:02:21,057 [INFO] PluginManager:220 - loadIPPluginJar : add stm32_wpan
2025-10-31 12:02:21,058 [INFO] IPUIPlugin:80 - create IPUIPlugin
2025-10-31 12:02:21,058 [INFO] PluginManager:220 - loadIPPluginJar : add tim
2025-10-31 12:02:21,060 [INFO] IPUIPlugin:80 - create IPUIPlugin
2025-10-31 12:02:21,060 [INFO] PluginManager:220 - loadIPPluginJar : add touchsensing
2025-10-31 12:02:21,061 [INFO] IPUIPlugin:80 - create IPUIPlugin
2025-10-31 12:02:21,061 [INFO] PluginManager:220 - loadIPPluginJar : add tracer_emb
2025-10-31 12:02:21,062 [INFO] IPUIPlugin:80 - create IPUIPlugin
2025-10-31 12:02:21,062 [INFO] PluginManager:220 - loadIPPluginJar : add ts
2025-10-31 12:02:21,063 [INFO] IPUIPlugin:80 - create IPUIPlugin
2025-10-31 12:02:21,063 [INFO] PluginManager:220 - loadIPPluginJar : add tsc
2025-10-31 12:02:21,064 [INFO] IPUIPlugin:80 - create IPUIPlugin
2025-10-31 12:02:21,064 [INFO] PluginManager:220 - loadIPPluginJar : add ucpd
2025-10-31 12:02:21,066 [INFO] IPUIPlugin:80 - create IPUIPlugin
2025-10-31 12:02:21,066 [INFO] PluginManager:220 - loadIPPluginJar : add usart
2025-10-31 12:02:21,067 [INFO] IPUIPlugin:80 - create IPUIPlugin
2025-10-31 12:02:21,068 [INFO] PluginManager:220 - loadIPPluginJar : add usbx
2025-10-31 12:02:21,179 [FATAL] Updater:351 - Updater called before beeing initialized
2025-10-31 12:02:21,198 [INFO] RulesReader:64 - Compatibility file has been processed (317 Rules)
2025-10-31 12:02:21,207 [INFO] RulesReader:64 - Compatibility file has been processed (317 Rules)
2025-10-31 12:02:21,214 [INFO] CADModel:165 - CPN selected for project level
2025-10-31 12:02:21,214 [INFO] CADModel:114 - Register for checkConnection events
2025-10-31 12:02:21,214 [FATAL] Updater:351 - Updater called before beeing initialized
2025-10-31 12:02:21,214 [ERROR] CADModel:125 - Updater not yet initialized, retry later 
2025-10-31 12:02:21,322 [FATAL] Updater:351 - Updater called before beeing initialized
2025-10-31 12:02:21,323 [INFO] CADModel:165 - CPN selected for project level
2025-10-31 12:02:21,323 [INFO] CADModel:114 - Register for checkConnection events
2025-10-31 12:02:21,324 [FATAL] Updater:351 - Updater called before beeing initialized
2025-10-31 12:02:21,324 [ERROR] CADModel:125 - Updater not yet initialized, retry later 
2025-10-31 12:02:21,326 [FATAL] Updater:351 - Updater called before beeing initialized
2025-10-31 12:02:21,409 [FATAL] Updater:351 - Updater called before beeing initialized
2025-10-31 12:02:21,413 [INFO] DbMcusAds:53 - JSON generation date=Thu Oct 02 15:06:05 IST 2025 (1759397765645)
2025-10-31 12:02:21,413 [FATAL] Updater:351 - Updater called before beeing initialized
2025-10-31 12:02:21,443 [WARN] DetailPanel:346 - Failed to get advertising image, set to default
2025-10-31 12:02:21,511 [FATAL] Updater:351 - Updater called before beeing initialized
2025-10-31 12:02:21,512 [FATAL] Updater:351 - Updater called before beeing initialized
2025-10-31 12:02:21,513 [FATAL] Updater:351 - Updater called before beeing initialized
2025-10-31 12:02:21,513 [WARN] DetailPanel:346 - Failed to get advertising image, set to default
2025-10-31 12:02:21,514 [FATAL] Updater:351 - Updater called before beeing initialized
2025-10-31 12:02:21,546 [ERROR] Updater:1198 - MainUpdater not yet initialized. External WinMGr cannot be set.
2025-10-31 12:02:21,548 [INFO] Updater:1134 - Updater Version found : 6.15.0
2025-10-31 12:02:21,572 [INFO] ApplicationProperties:184 - Using Application install path: C:\ST\STM32CubeIDE_1.19.0\STM32CubeIDE\plugins\com.st.stm32cube.common.mx_6.15.0.202507011659
2025-10-31 12:02:23,139 [ERROR] LogOutputStream:75 - [STDERR_REDIRECT] Oct 31, 2025 12:02:23 PM java.util.prefs.WindowsPreferences <init>
2025-10-31 12:02:23,141 [ERROR] LogOutputStream:75 - [STDERR_REDIRECT] WARNING: Could not open/create prefs root node Software\JavaSoft\Prefs at root 0xffffffff80000002. Windows RegCreateKeyEx(...) returned error code 5.
2025-10-31 12:02:23,141 [ERROR] LogOutputStream:75 - [STDERR_REDIRECT] 
2025-10-31 12:02:23,407 [INFO] MainUpdater:2872 - connection check result : 10
2025-10-31 12:02:23,408 [INFO] MainUpdater:289 - Updater Check For Update Now.
2025-10-31 12:02:23,408 [INFO] MicroXplorer:498 - Change Database Version : DB.6.0.150
2025-10-31 12:02:23,415 [INFO] McuFinderGlobals:63 - Set McuFinder mode to 2 (CubeIDE integrated)
2025-10-31 12:02:23,415 [INFO] UserAuth:171 - activating auth plugin
2025-10-31 12:02:23,419 [INFO] UserAuth:487 - Internet connection configuration mode: 1
2025-10-31 12:02:23,450 [INFO] JxBrowserEngine:152 - Initiate JxBrowser Engine with user profile folder
2025-10-31 12:02:23,594 [WARN] MainUpdater:1193 - Updater busy. Cannot search thirdparties
2025-10-31 12:02:23,594 [INFO] ThirdPartyUpdaterWithRetryManager:96 - Updater plugin is busy. [1/15]
2025-10-31 12:02:23,604 [INFO] CheckServerUpdateThread:120 - End of CheckServer Thread
2025-10-31 12:02:23,932 [INFO] WebApp:169 - Instantiating new browser for Auth
2025-10-31 12:02:24,377 [INFO] WebApp:463 - Apply proxy settings
2025-10-31 12:02:24,377 [INFO] WebApp:548 - Chromium requires no authentication
2025-10-31 12:02:24,383 [INFO] WebApp:491 - Direct internet connection detected
2025-10-31 12:02:24,400 [INFO] WebApp:900 - Register for checkConnection events
2025-10-31 12:02:24,400 [INFO] WebApp:463 - Apply proxy settings
2025-10-31 12:02:24,401 [INFO] WebApp:548 - Chromium requires no authentication
2025-10-31 12:02:24,401 [INFO] WebApp:491 - Direct internet connection detected
2025-10-31 12:02:24,507 [INFO] WebApp:225 - Starting web application
2025-10-31 12:02:24,507 [INFO] WebApp:593 - Web application path used C:\ST\STM32CubeIDE_1.19.0\STM32CubeIDE\plugins\com.st.stm32cube.common.mx_6.15.0.202507011659\db\plugins\mcufinder\reactClient1\index.html
2025-10-31 12:02:24,798 [INFO] WebApp:191 - Connection restablished
2025-10-31 12:02:26,773 [WARN] PackLoader:240 - Cannot read IP mode file for STMicroelectronics.FP-SNS-MOTENVWB1.1.4.0
2025-10-31 12:02:26,779 [WARN] PackLoader:240 - Cannot read IP mode file for STMicroelectronics.FP-ATR-ASTRA1.2.0.2
2025-10-31 12:02:26,785 [WARN] PackLoader:240 - Cannot read IP mode file for STMicroelectronics.X-CUBE-SMBUS.2.1.0
2025-10-31 12:02:26,807 [WARN] PackLoader:240 - Cannot read IP mode file for STMicroelectronics.X-CUBE-AZRTOS-F7.1.1.0
2025-10-31 12:02:26,814 [WARN] PackLoader:240 - Cannot read IP mode file for Cesanta.I-CUBE-Mongoose.7.19.0
2025-10-31 12:02:26,818 [WARN] PackLoader:240 - Cannot read IP mode file for STMicroelectronics.FP-SNS-MOTENV1.5.1.0
2025-10-31 12:02:26,828 [WARN] PackLoader:240 - Cannot read IP mode file for WES.I-CUBE-Cesium.1.4.0
2025-10-31 12:02:26,848 [WARN] PackLoader:240 - Cannot read IP mode file for Infineon.AIROC-Wi-Fi-Bluetooth-STM32.1.7.1
2025-10-31 12:02:26,876 [WARN] PackLoader:240 - Cannot read IP mode file for STMicroelectronics.X-CUBE-AZRTOS-H7.3.4.0
2025-10-31 12:02:26,889 [WARN] PackLoader:240 - Cannot read IP mode file for STMicroelectronics.X-CUBE-DISPLAY.3.0.0
2025-10-31 12:02:26,913 [WARN] PackLoader:240 - Cannot read IP mode file for STMicroelectronics.X-CUBE-NFC10.1.0.0
2025-10-31 12:02:26,923 [WARN] PackLoader:240 - Cannot read IP mode file for STMicroelectronics.X-CUBE-ST60.1.1.0
2025-10-31 12:02:26,930 [WARN] PackLoader:240 - Cannot read IP mode file for emotas.I-CUBE-CANOPEN.1.3.0
2025-10-31 12:02:26,937 [WARN] PackLoader:240 - Cannot read IP mode file for STMicroelectronics.X-CUBE-GNSS1.7.1.0
2025-10-31 12:02:26,945 [WARN] PackLoader:240 - Cannot read IP mode file for STMicroelectronics.FP-SNS-STBOX1.2.1.0
2025-10-31 12:02:26,952 [WARN] PackLoader:240 - Cannot read IP mode file for STMicroelectronics.FP-SNS-SMARTAG2.1.2.0
2025-10-31 12:02:26,957 [WARN] PackLoader:240 - Cannot read IP mode file for STMicroelectronics.FP-SNS-FLIGHT1.5.1.0
2025-10-31 12:02:26,964 [INFO] LogOutputStream:77 - [STDOUT_REDIRECT] 1 : Invalid condition id : UX_CORESTACK_Condition cause : null
2025-10-31 12:02:26,965 [INFO] LogOutputStream:77 - [STDOUT_REDIRECT] 1 : Invalid condition id : UX_CORESTACK_Condition cause : null
2025-10-31 12:02:26,966 [INFO] LogOutputStream:77 - [STDOUT_REDIRECT] 1 : Invalid condition id : UX_CORESTACK_Condition cause : null
2025-10-31 12:02:26,966 [INFO] LogOutputStream:77 - [STDOUT_REDIRECT] 1 : Invalid condition id : UX_CORESTACK_Condition cause : null
2025-10-31 12:02:26,967 [INFO] LogOutputStream:77 - [STDOUT_REDIRECT] 1 : Invalid condition id : UX_CORESTACK_Condition cause : null
2025-10-31 12:02:26,971 [WARN] PackLoader:240 - Cannot read IP mode file for STMicroelectronics.X-CUBE-AZRTOS-WL.2.0.0
2025-10-31 12:02:26,977 [WARN] PackLoader:240 - Cannot read IP mode file for STMicroelectronics.X-CUBE-BLE2.3.3.0
2025-10-31 12:02:26,984 [WARN] PackLoader:240 - Cannot read IP mode file for STMicroelectronics.X-CUBE-NFC9.1.0.0
2025-10-31 12:02:26,991 [WARN] PackLoader:240 - Cannot read IP mode file for wolfSSL.I-CUBE-wolfSSL.5.8.2
2025-10-31 12:02:26,995 [WARN] PackLoader:240 - Cannot read IP mode file for STMicroelectronics.X-CUBE-BLE1.7.1.0
2025-10-31 12:02:26,998 [WARN] PackLoader:240 - Cannot read IP mode file for wolfSSL.I-CUBE-wolfMQTT.1.19.2
2025-10-31 12:02:27,005 [WARN] PackLoader:240 - Cannot read IP mode file for STMicroelectronics.X-CUBE-EEPRMA1.5.2.0
2025-10-31 12:02:27,018 [WARN] PackLoader:240 - Cannot read IP mode file for STMicroelectronics.X-CUBE-ST67W61.1.1.0
2025-10-31 12:02:27,030 [WARN] PackLoader:240 - Cannot read IP mode file for STMicroelectronics.X-CUBE-AZRTOS-G0.1.1.0
2025-10-31 12:02:27,038 [WARN] PackLoader:240 - Cannot read IP mode file for STMicroelectronics.X-CUBE-SAFEA1.1.2.2
2025-10-31 12:02:27,043 [WARN] PackLoader:240 - Cannot read IP mode file for STMicroelectronics.X-CUBE-NFC4.3.0.0
2025-10-31 12:02:27,050 [WARN] PackLoader:240 - Cannot read IP mode file for EmbeddedOffice.I-CUBE-FS-RTOS.1.0.1
2025-10-31 12:02:27,056 [WARN] PackLoader:240 - Cannot read IP mode file for STMicroelectronics.X-CUBE-WB05N.2.0.0
2025-10-31 12:02:27,059 [WARN] PackLoader:240 - Cannot read IP mode file for wolfSSL.I-CUBE-wolfTPM.3.8.0
2025-10-31 12:02:27,063 [WARN] PackLoader:240 - Cannot read IP mode file for STMicroelectronics.X-CUBE-TCPP.4.2.0
2025-10-31 12:02:27,069 [WARN] PackLoader:240 - Cannot read IP mode file for RealThread.X-CUBE-RT-Thread_Nano.4.1.1
2025-10-31 12:02:27,073 [WARN] PackLoader:240 - Cannot read IP mode file for STMicroelectronics.FP-ATR-SIGFOX1.3.2.0
2025-10-31 12:02:27,077 [WARN] PackLoader:240 - Cannot read IP mode file for ITTIA_DB.I-CUBE-ITTIADB.8.9.0
2025-10-31 12:02:27,080 [WARN] PackLoader:240 - Cannot read IP mode file for STMicroelectronics.X-CUBE-AI.10.2.0
2025-10-31 12:02:27,103 [WARN] PackLoader:240 - Cannot read IP mode file for SEGGER.I-CUBE-embOS.1.3.1
2025-10-31 12:02:27,148 [WARN] PackLoader:240 - Cannot read IP mode file for STMicroelectronics.X-CUBE-ALGOBUILD.1.4.0
2025-10-31 12:02:27,197 [WARN] PackLoader:240 - Cannot read IP mode file for STMicroelectronics.X-CUBE-MEMS1.11.3.0
2025-10-31 12:02:27,339 [WARN] PackLoader:240 - Cannot read IP mode file for STMicroelectronics.X-CUBE-PM33A1.1.0.0
2025-10-31 12:02:27,351 [WARN] PackLoader:240 - Cannot read IP mode file for STMicroelectronics.X-CUBE-AZRTOS-F4.1.1.0
2025-10-31 12:02:27,356 [WARN] PackLoader:240 - Cannot read IP mode file for STMicroelectronics.X-CUBE-ISPU.2.1.0
2025-10-31 12:02:27,365 [WARN] PackLoader:240 - Cannot read IP mode file for STMicroelectronics.X-CUBE-IPS.3.2.0
2025-10-31 12:02:27,374 [WARN] PackLoader:240 - Cannot read IP mode file for STMicroelectronics.X-CUBE-NFC12.1.0.0
2025-10-31 12:02:27,387 [WARN] PackLoader:240 - Cannot read IP mode file for STMicroelectronics.X-CUBE-AZRTOS-L5.2.0.0
2025-10-31 12:02:27,394 [WARN] PackLoader:240 - Cannot read IP mode file for STMicroelectronics.X-CUBE-NFC6.3.1.0
2025-10-31 12:02:27,399 [WARN] PackLoader:240 - Cannot read IP mode file for STMicroelectronics.X-CUBE-FREERTOS.1.3.1
2025-10-31 12:02:27,405 [WARN] PackLoader:240 - Cannot read IP mode file for STMicroelectronics.X-CUBE-TOUCHGFX.4.26.0
2025-10-31 12:02:27,410 [WARN] PackLoader:240 - Cannot read IP mode file for STMicroelectronics.FP-SNS-STAIOTCFT.1.0.0
2025-10-31 12:02:27,418 [WARN] PackLoader:240 - Cannot read IP mode file for STMicroelectronics.X-CUBE-DPower.1.3.0
2025-10-31 12:02:27,434 [WARN] ConditionMgr:438 - getConditionDescription Invalid condition id : LAN8742 Phy interface Condition cause : null
2025-10-31 12:02:27,435 [WARN] PackLoader:240 - Cannot read IP mode file for STMicroelectronics.X-CUBE-AZRTOS-L4.2.0.0
2025-10-31 12:02:27,437 [WARN] ConditionMgr:1044 - genDependencies : Invalid condition id : LAN8742 Phy interface Condition cause : null
2025-10-31 12:02:27,437 [WARN] ConditionMgr:1044 - genDependencies : Invalid condition id : LAN8742 Phy interface Condition cause : null
2025-10-31 12:02:27,438 [WARN] ConditionMgr:1044 - genDependencies : Invalid condition id : LAN8742 Phy interface Condition cause : null
2025-10-31 12:02:27,445 [WARN] PackLoader:240 - Cannot read IP mode file for STMicroelectronics.X-CUBE-SFXS2LP1.4.0.0
2025-10-31 12:02:27,455 [WARN] PackLoader:240 - Cannot read IP mode file for STMicroelectronics.X-CUBE-BLEMGR.4.1.0
2025-10-31 12:02:27,471 [WARN] ConditionMgr:438 - getConditionDescription Invalid condition id : UX DEVICE CLASS RTOS Condition cause : null
2025-10-31 12:02:27,472 [WARN] ConditionMgr:438 - getConditionDescription Invalid condition id : UX DEVICE CLASS RTOS Condition cause : null
2025-10-31 12:02:27,473 [WARN] PackLoader:240 - Cannot read IP mode file for STMicroelectronics.X-CUBE-AZRTOS-WB.2.0.0
2025-10-31 12:02:27,474 [WARN] ConditionMgr:1044 - genDependencies : Invalid condition id : UX DEVICE CLASS RTOS Condition cause : null
2025-10-31 12:02:27,474 [WARN] ConditionMgr:1044 - genDependencies : Invalid condition id : UX DEVICE CLASS RTOS Condition cause : null
2025-10-31 12:02:27,474 [WARN] ConditionMgr:1044 - genDependencies : Invalid condition id : UX DEVICE CLASS RTOS Condition cause : null
2025-10-31 12:02:27,474 [WARN] ConditionMgr:1044 - genDependencies : Invalid condition id : UX DEVICE CLASS RTOS Condition cause : null
2025-10-31 12:02:27,474 [WARN] ConditionMgr:1044 - genDependencies : Invalid condition id : UX DEVICE CLASS RTOS Condition cause : null
2025-10-31 12:02:27,479 [WARN] ConditionMgr:438 - getConditionDescription Invalid condition id : Cortex-A Device cause : null
2025-10-31 12:02:27,494 [WARN] ConditionMgr:1044 - genDependencies : Invalid condition id : Cortex-A Device cause : null
2025-10-31 12:02:27,494 [WARN] ConditionMgr:1044 - genDependencies : Invalid condition id : Cortex-A Device cause : null
2025-10-31 12:02:27,494 [WARN] ConditionMgr:1044 - genDependencies : Invalid condition id : Cortex-A Device cause : null
2025-10-31 12:02:27,504 [WARN] PackLoader:240 - Cannot read IP mode file for STMicroelectronics.X-CUBE-SUBG2.5.0.0
2025-10-31 12:02:27,523 [WARN] PackLoader:240 - Cannot read IP mode file for STMicroelectronics.X-CUBE-AZRTOS-H7RS.1.1.0
2025-10-31 12:02:27,535 [WARN] PackLoader:240 - Cannot read IP mode file for STMicroelectronics.X-CUBE-AZRTOS-G4.2.0.0
2025-10-31 12:02:27,541 [WARN] PackLoader:240 - Cannot read IP mode file for wolfSSL.I-CUBE-wolfSSH.1.4.20
2025-10-31 12:02:27,544 [WARN] PackLoader:240 - Cannot read IP mode file for STMicroelectronics.X-CUBE-NFC7.2.0.0
2025-10-31 12:02:27,548 [WARN] PackLoader:240 - Cannot read IP mode file for STMicroelectronics.X-CUBE-ALS.1.0.2
2025-10-31 12:02:27,554 [WARN] PackLoader:240 - Cannot read IP mode file for STMicroelectronics.X-CUBE-STSE01.1.0.0
2025-10-31 12:02:27,570 [WARN] PackLoader:240 - Cannot read IP mode file for STMicroelectronics.X-CUBE-TOF1.3.4.3
2025-10-31 12:02:27,579 [INFO] ThirdParty:978 - Integrity check success = true
2025-10-31 12:02:27,580 [INFO] IntegrityCheckThread:100 - exiting critical section [integrity check]
2025-10-31 12:02:27,580 [INFO] IntegrityCheckThread:103 - End integrity checks thread
2025-10-31 12:06:11,654 [INFO] WebApp:194 - Connection lost
2025-10-31 12:06:23,189 [INFO] WebApp:191 - Connection restablished
2025-10-31 12:06:30,345 [INFO] WebApp:194 - Connection lost
2025-10-31 12:06:30,554 [INFO] WebApp:191 - Connection restablished
2025-10-31 12:08:13,601 [INFO] WebApp:194 - Connection lost
2025-10-31 12:08:13,890 [INFO] WebApp:191 - Connection restablished
2025-10-31 12:25:57,461 [INFO] McuFinderGlobals:63 - Set McuFinder mode to 2 (CubeIDE integrated)
2025-10-31 12:25:57,464 [INFO] MainUpdater:2872 - connection check result : 10
2025-10-31 12:25:57,464 [INFO] MainUpdater:2872 - connection check result : 10
2025-10-31 12:25:57,483 [INFO] MicroXplorer:468 - Change Database Path : 
2025-10-31 12:25:57,484 [INFO] MicroXplorer:498 - Change Database Version : DB.6.0.150
2025-10-31 12:25:57,488 [WARN] ThirdParty:871 - waiting for thirdparty lock release [close project]
2025-10-31 12:25:57,488 [INFO] ThirdParty:873 - entering critical section [close project]
2025-10-31 12:25:57,489 [INFO] ThirdParty:883 - exiting critical section [close project]
2025-10-31 12:25:57,493 [INFO] PinOutPanel:1589 - setPackage(No Configuration,No Configuration)
2025-10-31 12:25:57,496 [INFO] UtilMem:75 - Begin LoadConfig() Used Memory: 389559344 Bytes (942669824)
2025-10-31 12:25:57,498 [INFO] MicroXplorer:468 - Change Database Path : 
2025-10-31 12:25:57,498 [INFO] MicroXplorer:498 - Change Database Version : DB.6.0.150
2025-10-31 12:25:57,498 [INFO] OpenFileManager:355 - Change cursor
2025-10-31 12:25:57,535 [INFO] Mcu:2029 - Initializing MCU STM32F103R(C-D-E)Tx STM32F103RCTx STM32F103RCT6TR
2025-10-31 12:25:58,398 [INFO] Context:786 - Trying to add GPIOservice into a context  which must be forbidden
2025-10-31 12:25:58,653 [INFO] ImportTextPane:234 - (OptionalMessage_ERROR) Pin17 (VP_RIF_VS_RIF1) cannot be retrieved for this MCU
2025-10-31 12:25:58,750 [INFO] RtosManager:558 - Registered RTOS mode: class=CMSIS, group=RTOS, mode=CMSIS_V1, owner=FREERTOS
2025-10-31 12:25:58,751 [INFO] RtosManager:558 - Registered RTOS mode: class=CMSIS, group=RTOS2, mode=CMSIS_V2, owner=FREERTOS
2025-10-31 12:25:58,751 [INFO] RtosManager:558 - Registered RTOS mode: class=RTOS, group=Core, mode=CMSIS_V1, owner=FREERTOS
2025-10-31 12:25:58,751 [INFO] RtosManager:558 - Registered RTOS mode: class=RTOS, group=Core, mode=CMSIS_V2, owner=FREERTOS
2025-10-31 12:25:58,751 [WARN] ModelIntegratedComponent:184 - Missing modes for component STMicroelectronics:FreeRTOS:0.0.1:STMicroelectronics:RTOS:FreeRTOS:Core:::10.2.0:
2025-10-31 12:25:58,775 [WARN] ModelIntegratedComponent:63 - No mode defined for component null
2025-10-31 12:25:58,775 [WARN] ModelIntegratedComponent:63 - No mode defined for component null
2025-10-31 12:25:58,775 [WARN] ModelIntegratedComponent:63 - No mode defined for component null
2025-10-31 12:25:58,775 [WARN] ModelIntegratedComponent:63 - No mode defined for component null
2025-10-31 12:25:58,775 [WARN] ModelIntegratedComponent:63 - No mode defined for component null
2025-10-31 12:25:58,775 [WARN] ModelIntegratedComponent:63 - No mode defined for component null
2025-10-31 12:25:58,775 [WARN] ModelIntegratedComponent:63 - No mode defined for component null
2025-10-31 12:25:58,775 [WARN] ModelIntegratedComponent:63 - No mode defined for component null
2025-10-31 12:25:58,776 [WARN] ModelIntegratedComponent:63 - No mode defined for component null
2025-10-31 12:25:58,776 [WARN] ModelIntegratedComponent:63 - No mode defined for component null
2025-10-31 12:25:58,776 [WARN] ModelIntegratedComponent:63 - No mode defined for component null
2025-10-31 12:25:58,776 [WARN] ModelIntegratedComponent:63 - No mode defined for component null
2025-10-31 12:25:58,776 [WARN] ModelIntegratedComponent:63 - No mode defined for component null
2025-10-31 12:25:58,776 [WARN] ModelIntegratedComponent:63 - No mode defined for component null
2025-10-31 12:25:58,776 [WARN] ModelIntegratedComponent:63 - No mode defined for component null
2025-10-31 12:25:58,776 [WARN] ModelIntegratedComponent:63 - No mode defined for component null
2025-10-31 12:25:58,776 [WARN] ModelIntegratedComponent:63 - No mode defined for component null
2025-10-31 12:25:58,776 [WARN] ModelIntegratedComponent:63 - No mode defined for component null
2025-10-31 12:25:58,776 [WARN] ModelIntegratedComponent:63 - No mode defined for component null
2025-10-31 12:25:58,776 [WARN] ModelIntegratedComponent:63 - No mode defined for component null
2025-10-31 12:25:58,776 [WARN] ModelIntegratedComponent:63 - No mode defined for component null
2025-10-31 12:25:58,776 [WARN] ModelIntegratedComponent:63 - No mode defined for component null
2025-10-31 12:25:58,776 [WARN] ModelIntegratedComponent:63 - No mode defined for component null
2025-10-31 12:25:58,776 [WARN] ModelIntegratedComponent:63 - No mode defined for component null
2025-10-31 12:25:58,777 [WARN] ModelIntegratedComponent:63 - No mode defined for component null
2025-10-31 12:25:58,777 [WARN] ModelIntegratedComponent:63 - No mode defined for component null
2025-10-31 12:25:58,777 [WARN] ModelIntegratedComponent:63 - No mode defined for component null
2025-10-31 12:25:58,777 [WARN] ModelIntegratedComponent:63 - No mode defined for component null
2025-10-31 12:25:58,777 [WARN] ModelIntegratedComponent:63 - No mode defined for component null
2025-10-31 12:25:58,777 [WARN] ModelIntegratedComponent:63 - No mode defined for component null
2025-10-31 12:25:58,777 [WARN] ModelIntegratedComponent:63 - No mode defined for component null
2025-10-31 12:25:58,777 [WARN] ModelIntegratedComponent:63 - No mode defined for component null
2025-10-31 12:25:58,777 [WARN] ModelIntegratedComponent:63 - No mode defined for component null
2025-10-31 12:25:58,777 [WARN] ModelIntegratedComponent:63 - No mode defined for component null
2025-10-31 12:25:58,778 [WARN] ModelIntegratedComponent:63 - No mode defined for component null
2025-10-31 12:25:58,778 [WARN] ModelPack:524 - Component already loaded: STMicroelectronics:HAL Drivers:0.0.0:STMicroelectronics:Device:STMicro_Driver:XSPI:HAL::0.0.1:HAL_XSPI
2025-10-31 12:25:58,881 [INFO] ThirdPartyModel:298 - Start build external matchings
2025-10-31 12:25:59,173 [INFO] ThirdPartyModel:316 - End build external matchings
2025-10-31 12:25:59,187 [INFO] RtosManager:1018 - Current active RTOS is FREERTOS [Cortex-M3NS]
2025-10-31 12:25:59,195 [INFO] ImportTextPane:234 - (OptionalMessage_ERROR) IP (DMA) : Parameter (Instance) has Id (ADC1) currently not set
2025-10-31 12:25:59,195 [INFO] ImportTextPane:234 - (OptionalMessage_ERROR) IP (DMA) : Parameter (Direction) has Id (ADC1) currently not set
2025-10-31 12:25:59,195 [INFO] ImportTextPane:234 - (OptionalMessage_ERROR) IP (DMA) : Parameter (PeriphInc) has Id (ADC1) currently not set
2025-10-31 12:25:59,195 [INFO] ImportTextPane:234 - (OptionalMessage_ERROR) IP (DMA) : Parameter (MemInc) has Id (ADC1) currently not set
2025-10-31 12:25:59,195 [INFO] ImportTextPane:234 - (OptionalMessage_ERROR) IP (DMA) : Parameter (PeriphDataAlignment) has Id (ADC1) currently not set
2025-10-31 12:25:59,195 [INFO] ImportTextPane:234 - (OptionalMessage_ERROR) IP (DMA) : Parameter (MemDataAlignment) has Id (ADC1) currently not set
2025-10-31 12:25:59,195 [INFO] ImportTextPane:234 - (OptionalMessage_ERROR) IP (DMA) : Parameter (Mode) has Id (ADC1) currently not set
2025-10-31 12:25:59,195 [INFO] ImportTextPane:234 - (OptionalMessage_ERROR) IP (DMA) : Parameter (Priority) has Id (ADC1) currently not set
2025-10-31 12:25:59,201 [INFO] ImportTextPane:234 - (OptionalMessage_ERROR) IP (RCC) : Invalid parameter (FamilyName)
2025-10-31 12:25:59,201 [INFO] ImportTextPane:234 - (OptionalMessage_ERROR) IP (RCC) : Parameter (MCOFreq_Value) has invalid value (72000000)
2025-10-31 12:25:59,201 [INFO] ImportTextPane:234 - (OptionalMessage_ERROR) IP (RCC) : Parameter (USBFreq_Value) has invalid value (72000000)
2025-10-31 12:25:59,399 [INFO] ApiDb:581 - Connected to CubeFinder SQLite database (C:\Users\USER\.stmcufinder\plugins\mcufinder\mcu\cube-finder-db.db)
2025-10-31 12:25:59,457 [INFO] ApiDb:668 - CubeFinder database Data Model version=2.1
2025-10-31 12:25:59,457 [INFO] ApiDb:669 - CubeFinder database Configuration version=3.0.39
2025-10-31 12:25:59,458 [INFO] ApiDb:670 - CubeFinder database generation date=2025-10-27 (1761571959)
2025-10-31 12:25:59,458 [INFO] ApiDb:671 - CubeFinder database FW Pack versions=[FP-ATR-ASTRA1_V2.0.0, FP-SNS-FLIGHT1_V5.1.0, FP-SNS-MOTENV1_V5.0.0, FP-SNS-MOTENVWB1_V1.4.0, FP-SNS-SMARTAG2_V1.2.0, FP-SNS-STBOX1_V2.1.0, STM32Cube_FW_C0_V1.4.0, STM32Cube_FW_F4_V1.28.3, STM32Cube_FW_F7_V1.17.4, STM32Cube_FW_G0_V1.6.2, STM32Cube_FW_G4_V1.6.1, STM32Cube_FW_H5_V1.5.0, STM32Cube_FW_H7RS_V1.2.0, STM32Cube_FW_H7_V1.12.1, STM32Cube_FW_L0_V1.12.2, STM32Cube_FW_L4_V1.18.1, STM32Cube_FW_L5_V1.5.1, STM32Cube_FW_N6_V1.2.0, STM32Cube_FW_U0_V1.3.0, STM32Cube_FW_U3_V1.2.1, STM32Cube_FW_U5_V1.8.0, STM32Cube_FW_WB0_V1.3.0, STM32Cube_FW_WBA_V1.7.0, STM32Cube_FW_WB_V1.23.0, STM32Cube_FW_WL3_V1.2.0, STM32Cube_FW_WL_V1.3.1, X-CUBE-ALGOBUILD_V1.4.0, X-CUBE-ALS_V1.0.2, X-CUBE-AZRTOS-F4_V1.1.0, X-CUBE-AZRTOS-F7_V1.1.0, X-CUBE-AZRTOS-G0_V1.1.0, X-CUBE-AZRTOS-G4_V2.0.0, X-CUBE-AZRTOS-H7RS_V1.1.0, X-CUBE-AZRTOS-H7_V3.4.0, X-CUBE-AZRTOS-L4_V2.0.0, X-CUBE-AZRTOS-L5_V2.0.0, X-CUBE-AZRTOS-WB_V2.0.0, X-CUBE-AZRTOS-WL_V2.0.0, X-CUBE-BLE1_V7.1.0, X-CUBE-BLE2_V3.3.0, X-CUBE-BLEMGR_V4.1.0, X-CUBE-EEPRMA1_V5.2.0, X-CUBE-FREERTOS_V1.3.1, X-CUBE-GNSS1_V6.0.0, X-CUBE-MEMS1_V11.3.0, X-CUBE-NFC4_V3.0.0, X-CUBE-NFC7_V2.0.0, X-CUBE-SFXS2LP1_V4.0.0, X-CUBE-ST67W61_V1.1.0, X-CUBE-SUBG2_V5.0.0, X-CUBE-TOF1_V3.4.3]
2025-10-31 12:25:59,508 [INFO] DbBoardsSqlite:226 - include board P-NUCLEO-WB55-NUCLEO as a kit item of type 'Nucleo-64'
2025-10-31 12:25:59,508 [INFO] DbBoardsSqlite:226 - include board P-NUCLEO-WB55-USBDONGLE as a kit item of type 'Nucleo USB Dongle'
2025-10-31 12:25:59,508 [INFO] DbBoardsSqlite:226 - include board STEVAL-IDP005V1 as a kit item of type 'Evaluation Board'
2025-10-31 12:25:59,509 [INFO] DbBoardsSqlite:226 - include board STEVAL-IDP005V2 as a kit item of type 'Evaluation Board'
2025-10-31 12:25:59,563 [INFO] ApiDb:240 - Found 880 in-development CPN: [B-G473E-ZEST1S, B-WB1M-WPAN1, B-WBA5M-WPAN, B-WL5M-SUBG1, NUCLEO-C031C6, NUCLEO-C051C8, NUCLEO-C071RB, NUCLEO-C092RC, NUCLEO-H503RB, NUCLEO-H533RE, NUCLEO-H563ZI, NUCLEO-H7S3L8, NUCLEO-N657X0-Q, NUCLEO-U031R8, NUCLEO-U083RC, NUCLEO-U385RG-Q, NUCLEO-U545RE-Q, NUCLEO-U5A5ZJ-Q, NUCLEO-WB05KZ, NUCLEO-WB07CC, NUCLEO-WB09KE, NUCLEO-WBA52CG, NUCLEO-WBA55CG, NUCLEO-WL33CC1, NUCLEO-WL33CC2, STEVAL-PROTEUS1, STEVAL-SMARTAG2, STEVAL-STWINBX1, STM320518-EVAL, STM32C0116-DK, STM32C011D6Y3TR, STM32C011D6Y6TR, STM32C011F4P3, STM32C011F4P6, STM32C011F4U3, STM32C011F4U6TR, STM32C011F6P3, STM32C011F6P6, STM32C011F6U3, STM32C011F6U6TR, STM32C011J4M3, STM32C011J4M6, STM32C011J6M3, STM32C011J6M6, STM32C0316-DK, STM32C031C4T3, STM32C031C4T6, STM32C031C4U3, STM32C031C4U6, STM32C031C6T3, STM32C031C6T6, STM32C031C6U3, STM32C031C6U6, STM32C031F4P3, STM32C031F4P6, STM32C031F6P3, STM32C031F6P6, STM32C031G4U3, STM32C031G4U6, STM32C031G6U3, STM32C031G6U6, STM32C031K4T3, STM32C031K4T6, STM32C031K4U3, STM32C031K4U6, STM32C031K6T3, STM32C031K6T6, STM32C031K6U3, STM32C031K6U6, STM32C051C6T6, STM32C051C6U6, STM32C051C8T6, STM32C051C8U6, STM32C051D8Y6TR, STM32C051F6P6, STM32C051F8P6, STM32C051G6U6, STM32C051G8U6, STM32C051K6T6, STM32C051K6U6, STM32C051K8T6, STM32C071C8T6, STM32C071C8T6N, STM32C071C8U6, STM32C071C8U6N, STM32C071CBT6, STM32C071CBT6N, STM32C071CBU6, STM32C071CBU6N, STM32C071F8P6, STM32C071F8P6N, STM32C071FBP6, STM32C071FBP6N, STM32C071FBY6TR, STM32C071G8U6, STM32C071G8U6N, STM32C071GBU6, STM32C071GBU6N, STM32C071K8T6, STM32C071K8T6N, STM32C071K8U6, STM32C071K8U6N, STM32C071KBT6, STM32C071KBT6N, STM32C071KBU6, STM32C071KBU6N, STM32C071R8T6, STM32C071R8T6N, STM32C071RBI6N, STM32C071RBT6, STM32C071RBT6N, STM32C091CBT6, STM32C091CBU6, STM32C091CCT6, STM32C091CCU6, STM32C091ECY6TR, STM32C091FBP6, STM32C091FCP6, STM32C091GBU6, STM32C091GCU6, STM32C091KBT6, STM32C091KBU6, STM32C091KCT6, STM32C091KCU6, STM32C091RBT6, STM32C091RCI6, STM32C091RCT6, STM32C092CBT6, STM32C092CBU6, STM32C092CCT6, STM32C092CCU6, STM32C092ECY6TR, STM32C092FBP6, STM32C092FCP6, STM32C092GBU6, STM32C092GCU6, STM32C092KBT6, STM32C092KBU6, STM32C092KCT6, STM32C092KCU6, STM32C092RBT6, STM32C092RCI6, STM32C092RCT6, STM32G071K8TXN, STM32G071K8UXN, STM32G081GBU6N, STM32G081KBT6N, STM32G081KBUXN, STM32G0B1CCT6N, STM32G0B1KCT6, STM32G0B1NEY6TR, STM32G0B1RCT6N, STM32G0C1CCT6, STM32G0C1CCT6N, STM32G0C1CCU6N, STM32G0C1CET6N, STM32G0C1CEU6N, STM32G0C1KCT6, STM32G0C1NEY6TR, STM32G0C1RCI6N, STM32G0C1RCT6N, STM32G0C1REI6N, STM32G0C1RET6N, STM32G0C1VCI6, STM32G0C1VEI6, STM32G411C6T3, STM32G411C6T6, STM32G411C6U3, STM32G411C6U6, STM32G411C8T3, STM32G411C8T6, STM32G411C8U3, STM32G411C8U6, STM32G411CBT3, STM32G411CBT6, STM32G411CBU3, STM32G411CBU6, STM32G411K6T3, STM32G411K6T6, STM32G411K6U3, STM32G411K6U6, STM32G411K8T3, STM32G411K8T6, STM32G411K8U3, STM32G411K8U6, STM32G411KBT3, STM32G411KBT6, STM32G411KBU3, STM32G411KBU6, STM32G411M6T3, STM32G411M6T6, STM32G411M8T3, STM32G411M8T6, STM32G411MBT3, STM32G411MBT6, STM32G411R6T3, STM32G411R6T6, STM32G411R8T3, STM32G411R8T6, STM32G411RBT3, STM32G411RBT6, STM32G414CBT3, STM32G414CBT6, STM32G414CBU3, STM32G414CBU6, STM32G414CCT3, STM32G414CCT6, STM32G414CCU3, STM32G414CCU6, STM32G414MBT3, STM32G414MBT6, STM32G414MCT3, STM32G414MCT6, STM32G414RBT3, STM32G414RBT6, STM32G414RCT3, STM32G414RCT6, STM32G414VBT3, STM32G414VBT6, STM32G414VCT3, STM32G414VCT6, STM32G431CBT3Z, STM32G431RBT3Z, STM32G471CCT6, STM32G471CCU6, STM32G471CET3, STM32G471CET6, STM32G471CEU3, STM32G471CEU6, STM32G471MCT6, STM32G471MET3, STM32G471MET6, STM32G471MEY6TR, STM32G471QCT6, STM32G471QET3, STM32G471RCT6, STM32G471RET3, STM32G471RET6, STM32G471VCH6, STM32G471VCI6, STM32G471VCT6, STM32G471VEH3, STM32G471VEH6, STM32G471VEI3, STM32G471VEI6, STM32G471VET3, STM32G471VET6, STM32G473QET3Z, STM32G473RET3Z, STM32G474CCT6, STM32G491RET3Z, STM32H503CBT6, STM32H503CBU6, STM32H503EBY6TR, STM32H503KBU6, STM32H503RBT6, STM32H523CCT6, STM32H523CCU6, STM32H523CET6, STM32H523CEU6, STM32H523HEY6TR, STM32H523RCT6, STM32H523RET6, STM32H523VCI6, STM32H523VCT6, STM32H523VEI6, STM32H523VET6, STM32H523ZCJ6, STM32H523ZCT6, STM32H523ZEJ6, STM32H523ZET6, STM32H533CET6, STM32H533CEU6, STM32H533HEY6TR, STM32H533RET6, STM32H533VEI6, STM32H533VET6, STM32H533ZEJ6, STM32H533ZET6, STM32H562AGI6, STM32H562AII6, STM32H562IGK6, STM32H562IGT6, STM32H562IIK6, STM32H562IIT6, STM32H562RGT6, STM32H562RGV6, STM32H562RIT6, STM32H562RIV6, STM32H562VGT6, STM32H562VIT6, STM32H562ZGT6, STM32H562ZIT6, STM32H563AGI6, STM32H563AII3Q, STM32H563AII6, STM32H563IGK6, STM32H563IGT6, STM32H563IIK3Q, STM32H563IIK6, STM32H563IIT3Q, STM32H563IIT6, STM32H563MIY3QTR, STM32H563RGT6, STM32H563RGV6, STM32H563RIT6, STM32H563RIV6, STM32H563VGT6, STM32H563VIT3Q, STM32H563VIT6, STM32H563ZGT6, STM32H563ZIT3Q, STM32H563ZIT6, STM32H573AII3Q, STM32H573AII6, STM32H573I-DK, STM32H573IIK3Q, STM32H573IIK6, STM32H573IIT3Q, STM32H573IIT6, STM32H573MIY3QTR, STM32H573RIT6, STM32H573RIV6, STM32H573VIT3Q, STM32H573VIT6, STM32H573ZIT3Q, STM32H573ZIT6, STM32H7R3A8I6, STM32H7R3I8K6, STM32H7R3I8T6, STM32H7R3L8H6, STM32H7R3L8H6H, STM32H7R3R8V6, STM32H7R3V8H6, STM32H7R3V8T6, STM32H7R3V8Y6TR, STM32H7R3Z8J6, STM32H7R3Z8T6, STM32H7R7A8I6, STM32H7R7I8K6, STM32H7R7I8T6, STM32H7R7L8H6, STM32H7R7L8H6H, STM32H7R7Z8J6, STM32H7S3A8I6, STM32H7S3I8K6, STM32H7S3I8T6, STM32H7S3L8H6, STM32H7S3L8H6H, STM32H7S3R8V6, STM32H7S3V8H6, STM32H7S3V8T6, STM32H7S3V8Y6TR, STM32H7S3Z8J6, STM32H7S3Z8T6, STM32H7S78-DK, STM32H7S7A8I6, STM32H7S7I8K6, STM32H7S7I8T6, STM32H7S7L8H6, STM32H7S7L8H6H, STM32H7S7Z8J6, STM32L4R5QGI6STR, STM32MP131AAE3, STM32MP131AAF3, STM32MP131AAG3, STM32MP131CAE3, STM32MP131CAF3, STM32MP131CAG3, STM32MP131DAE7, STM32MP131DAF7, STM32MP131DAG7, STM32MP131FAE7, STM32MP131FAF7, STM32MP131FAG7, STM32MP133AAE3, STM32MP133AAF3, STM32MP133AAG3, STM32MP133CAE3, STM32MP133CAF3, STM32MP133CAG3, STM32MP133DAE7, STM32MP133DAF7, STM32MP133DAG7, STM32MP133FAE7, STM32MP133FAF7, STM32MP133FAG7, STM32MP135AAE3, STM32MP135AAF3, STM32MP135AAG3, STM32MP135CAE3, STM32MP135CAF3, STM32MP135CAG3, STM32MP135DAE7, STM32MP135DAF7, STM32MP135DAG7, STM32MP135F-DK, STM32MP135FAE7, STM32MP135FAF7, STM32MP135FAF7T, STM32MP135FAF7U, STM32MP135FAG7, STM32MP211AAL3, STM32MP211AAM3, STM32MP211AAN3, STM32MP211AAO3, STM32MP211CAL3, STM32MP211CAM3, STM32MP211CAN3, STM32MP211CAO3, STM32MP211DAL3, STM32MP211DAM3, STM32MP211DAN3, STM32MP211DAO3, STM32MP211FAL3, STM32MP211FAM3, STM32MP211FAN3, STM32MP211FAO3, STM32MP213AAL3, STM32MP213AAM3, STM32MP213AAN3, STM32MP213AAO3, STM32MP213CAL3, STM32MP213CAM3, STM32MP213CAN3, STM32MP213CAO3, STM32MP213DAL3, STM32MP213DAM3, STM32MP213DAN3, STM32MP213DAO3, STM32MP213FAL3, STM32MP213FAM3, STM32MP213FAN3, STM32MP213FAO3, STM32MP215AAL3, STM32MP215AAM3, STM32MP215AAN3, STM32MP215AAO3, STM32MP215CAL3, STM32MP215CAM3, STM32MP215CAN3, STM32MP215CAO3, STM32MP215DAL3, STM32MP215DAM3, STM32MP215DAN3, STM32MP215DAO3, STM32MP215F-DK, STM32MP215FAL3, STM32MP215FAM3, STM32MP215FAN3, STM32MP215FAO3, STM32MP231AAJ3, STM32MP231AAK3, STM32MP231AAL3, STM32MP231CAJ3, STM32MP231CAK3, STM32MP231CAL3, STM32MP231DAJ3, STM32MP231DAK3, STM32MP231DAL3, STM32MP231FAJ3, STM32MP231FAK3, STM32MP231FAL3, STM32MP233AAJ3, STM32MP233AAK3, STM32MP233AAL3, STM32MP233CAJ3, STM32MP233CAK3, STM32MP233CAL3, STM32MP233DAJ3, STM32MP233DAK3, STM32MP233DAL3, STM32MP233FAJ3, STM32MP233FAK3, STM32MP233FAL3, STM32MP235AAJ3, STM32MP235AAK3, STM32MP235AAL3, STM32MP235CAJ3, STM32MP235CAK3, STM32MP235CAL3, STM32MP235DAJ3, STM32MP235DAK3, STM32MP235DAL3, STM32MP235FAJ3, STM32MP235FAK3, STM32MP235FAL3, STM32MP251AAI3, STM32MP251AAK3, STM32MP251AAL3, STM32MP251CAI3, STM32MP251CAK3, STM32MP251CAL3, STM32MP251DAI3, STM32MP251DAK3, STM32MP251DAL3, STM32MP251FAI3, STM32MP251FAK3, STM32MP251FAL3, STM32MP253AAI3, STM32MP253AAK3, STM32MP253AAL3, STM32MP253CAI3, STM32MP253CAK3, STM32MP253CAL3, STM32MP253DAI3, STM32MP253DAK3, STM32MP253DAL3, STM32MP253FAI3, STM32MP253FAK3, STM32MP253FAL3, STM32MP255AAI3, STM32MP255AAK3, STM32MP255AAL3, STM32MP255CAI3, STM32MP255CAK3, STM32MP255CAL3, STM32MP255DAI3, STM32MP255DAK3, STM32MP255DAL3, STM32MP255FAI3, STM32MP255FAK3, STM32MP255FAL3, STM32MP257AAI3, STM32MP257AAK3, STM32MP257AAL3, STM32MP257CAI3, STM32MP257CAK3, STM32MP257CAL3, STM32MP257DAI3, STM32MP257DAK3, STM32MP257DAL3, STM32MP257F-DK, STM32MP257F-EV1, STM32MP257FAI3, STM32MP257FAK3, STM32MP257FAL3, STM32N645A0H3Q, STM32N645B0H3Q, STM32N645I0H3Q, STM32N645L0H3Q, STM32N645X0H3Q, STM32N645Z0H3Q, STM32N647A0H3Q, STM32N647B0H3Q, STM32N647I0H3Q, STM32N647L0H3Q, STM32N647X0H3Q, STM32N647Z0H3Q, STM32N655A0H3Q, STM32N655B0H3Q, STM32N655I0H3Q, STM32N655L0H3Q, STM32N655X0H3Q, STM32N655Z0H3Q, STM32N6570-DK, STM32N657A0H3Q, STM32N657B0H3Q, STM32N657I0H3Q, STM32N657L0H3Q, STM32N657X0H3Q, STM32N657Z0H3Q, STM32U031C6T6, STM32U031C6U6, STM32U031C8T6, STM32U031C8U6, STM32U031F4P6, STM32U031F6P6, STM32U031F8P6, STM32U031G6Y6TR, STM32U031G8Y6TR, STM32U031K4U6, STM32U031K6U6, STM32U031K8U6, STM32U031R6I6, STM32U031R6T6, STM32U031R8I6, STM32U031R8T6, STM32U073C8T6, STM32U073C8U6, STM32U073CBT6, STM32U073CBU6, STM32U073CCT6, STM32U073CCU6, STM32U073H8Y6TR, STM32U073HBY6TR, STM32U073HCY6TR, STM32U073K8U6, STM32U073KBU6, STM32U073KCU6, STM32U073M8I6, STM32U073M8T6, STM32U073MBI6, STM32U073MBT6, STM32U073MCI6, STM32U073MCT6, STM32U073R8I6, STM32U073R8T6, STM32U073RBI6, STM32U073RBT6, STM32U073RCI6, STM32U073RCT6, STM32U083C-DK, STM32U083CCT6, STM32U083CCU6, STM32U083HCY6TR, STM32U083KCU6, STM32U083MCI6, STM32U083MCT6, STM32U083RCI6, STM32U083RCT6, STM32U375CET6, STM32U375CET6Q, STM32U375CEU6, STM32U375CEU6Q, STM32U375CEY6QTR, STM32U375CGT6, STM32U375CGT6Q, STM32U375CGU6, STM32U375CGU6Q, STM32U375CGY6QTR, STM32U375KEU6, STM32U375KGU6, STM32U375REI6, STM32U375REI6Q, STM32U375RET6, STM32U375RET6Q, STM32U375REY6GTR, STM32U375REY6QTR, STM32U375RGI6, STM32U375RGI6Q, STM32U375RGT6, STM32U375RGT6Q, STM32U375RGY6GTR, STM32U375RGY6QTR, STM32U375VEI6, STM32U375VEI6Q, STM32U375VET6, STM32U375VET6Q, STM32U375VGI6, STM32U375VGI6Q, STM32U375VGT6, STM32U375VGT6Q, STM32U385CGT6, STM32U385CGT6Q, STM32U385CGU6, STM32U385CGU6Q, STM32U385CGY6QTR, STM32U385KGU6, STM32U385RGI6, STM32U385RGI6Q, STM32U385RGT6, STM32U385RGT6Q, STM32U385RGY6GTR, STM32U385RGY6QTR, STM32U385VGI6, STM32U385VGI6Q, STM32U385VGT6, STM32U385VGT6Q, STM32U535CBT6, STM32U535CBT6Q, STM32U535CBU6, STM32U535CBU6Q, STM32U535CCT6, STM32U535CCT6Q, STM32U535CCU6, STM32U535CCU6Q, STM32U535CET6, STM32U535CET6Q, STM32U535CEU6, STM32U535CEU6Q, STM32U535JEY6QTR, STM32U535NCY6QTR, STM32U535NEY6QTR, STM32U535RBI6, STM32U535RBI6Q, STM32U535RBT6, STM32U535RBT6Q, STM32U535RCI6, STM32U535RCI6Q, STM32U535RCT6, STM32U535RCT6Q, STM32U535REI6, STM32U535REI6Q, STM32U535RET6, STM32U535RET6Q, STM32U535VCI6, STM32U535VCI6Q, STM32U535VCT6, STM32U535VCT6Q, STM32U535VEI6, STM32U535VEI6Q, STM32U535VET6, STM32U535VET6Q, STM32U545CET6, STM32U545CET6Q, STM32U545CEU6, STM32U545CEU6Q, STM32U545JEY6QTR, STM32U545NEY6QTR, STM32U545REI6, STM32U545REI6Q, STM32U545RET6, STM32U545RET6Q, STM32U545VEI6, STM32U545VEI6Q, STM32U545VET6, STM32U545VET6Q, STM32U595AIH6, STM32U595AIH6Q, STM32U595AJH6, STM32U595AJH6Q, STM32U595QII6, STM32U595QII6Q, STM32U595QJI6, STM32U595QJI6Q, STM32U595RIT6, STM32U595RIT6Q, STM32U595RJT6, STM32U595RJT6Q, STM32U595VIT6, STM32U595VIT6Q, STM32U595VJT6, STM32U595VJT6Q, STM32U595ZIT6, STM32U595ZIT6Q, STM32U595ZIY6QTR, STM32U595ZJT6, STM32U595ZJT6Q, STM32U595ZJY6QTR, STM32U599BJY6QTR, STM32U599NIH6Q, STM32U599NJH6Q, STM32U599VIT6Q, STM32U599VJT6, STM32U599VJT6Q, STM32U599ZIT6Q, STM32U599ZIY6QTR, STM32U599ZJT6Q, STM32U599ZJY6QTR, STM32U5A5AJH6, STM32U5A5AJH6Q, STM32U5A5QII3Q , STM32U5A5QJI6, STM32U5A5QJI6Q, STM32U5A5RJT6, STM32U5A5RJT6Q, STM32U5A5VJT6, STM32U5A5VJT6Q, STM32U5A5ZJT6, STM32U5A5ZJT6Q, STM32U5A5ZJY6QTR, STM32U5A9BJY6QTR, STM32U5A9J-DK, STM32U5A9NJH6Q, STM32U5A9VJT6Q, STM32U5A9ZJT6Q, STM32U5A9ZJY6QTR, STM32U5F7VIT6, STM32U5F7VIT6Q, STM32U5F7VJT6, STM32U5F7VJT6Q, STM32U5F9BJY6QTR, STM32U5F9NJH6Q, STM32U5F9VIT6Q, STM32U5F9VJT6Q, STM32U5F9ZIJ6QTR, STM32U5F9ZIT6Q, STM32U5F9ZJJ6QTR, STM32U5F9ZJT6Q, STM32U5G7VJT6, STM32U5G7VJT6Q, STM32U5G9BJY6QTR, STM32U5G9J-DK1, STM32U5G9J-DK2, STM32U5G9NJH6Q, STM32U5G9VJT6Q, STM32U5G9ZJJ6QTR, STM32U5G9ZJT6Q, STM32WB05KZV6TR, STM32WB05KZV7TR, STM32WB05TZF6TR, STM32WB05TZF7TR, STM32WB06CCF6TR, STM32WB06CCF7TR, STM32WB06CCV6TR, STM32WB06CCV7TR, STM32WB06KCV6TR, STM32WB06KCV7TR, STM32WB07CCF6TR, STM32WB07CCF7TR, STM32WB07CCV6TR, STM32WB07CCV7TR, STM32WB07KCV6TR, STM32WB07KCV7TR, STM32WB09KEV6TR, STM32WB09KEV7TR, STM32WB09TEF6TR, STM32WB09TEF7TR, STM32WB1MMCH6, STM32WBA50KGU6, STM32WBA50KGU6TR, STM32WBA52CEU6, STM32WBA52CEU6TR, STM32WBA52CEU7, STM32WBA52CEU7TR, STM32WBA52CGU6, STM32WBA52CGU6TR, STM32WBA52CGU6U, STM32WBA52CGU7, STM32WBA52CGU7TR, STM32WBA52KEU6, STM32WBA52KEU6TR, STM32WBA52KGU6, STM32WBA52KGU6TR, STM32WBA54CEU6, STM32WBA54CEU6TR, STM32WBA54CEU7, STM32WBA54CEU7TR, STM32WBA54CGU6, STM32WBA54CGU6TR, STM32WBA54CGU7, STM32WBA54CGU7TR, STM32WBA54KEU6, STM32WBA54KEU6TR, STM32WBA54KEU7, STM32WBA54KEU7TR, STM32WBA54KGU6, STM32WBA54KGU6TR, STM32WBA54KGU7, STM32WBA54KGU7TR, STM32WBA55CEU6, STM32WBA55CEU6TR, STM32WBA55CEU7, STM32WBA55CEU7TR, STM32WBA55CGU6, STM32WBA55CGU6TR, STM32WBA55CGU6U, STM32WBA55CGU7, STM32WBA55CGU7TR, STM32WBA55G-DK1, STM32WBA55HEF6, STM32WBA55HEF7, STM32WBA55HGF6, STM32WBA55HGF7, STM32WBA55UEI6, STM32WBA55UEI6TR, STM32WBA55UEI7, STM32WBA55UEI7TR, STM32WBA55UGI6, STM32WBA55UGI6TR, STM32WBA55UGI7, STM32WBA55UGI7TR, STM32WBA5MMGH6TR, STM32WBA62MGF6, STM32WBA62MIF6, STM32WBA65MGF7, STM32WBA65MIF6, STM32WBA65MIF7, STM32WL30K8V6, STM32WL30KBV6, STM32WL31C8V6, STM32WL31CBV6, STM32WL31K8V6, STM32WL31KBV6, STM32WL33C8V6, STM32WL33C8V6X, STM32WL33CBV6, STM32WL33CBV6X, STM32WL33CCV6, STM32WL33CCV6A, STM32WL33CCV6X, STM32WL33K8V7, STM32WL33K8V7X, STM32WL33KBV7 , STM32WL33KBV7X, STM32WL33KCV7, STM32WL33KCV7X, STM32WL5MOCH6, STM32WL5MOCH6TR]
2025-10-31 12:25:59,810 [INFO] BoardInfo:889 - No configuration file found for board P-NUCLEO-WB55
2025-10-31 12:25:59,812 [INFO] DbBoards:161 - Kit is not supported: P-NUCLEO-WB55
2025-10-31 12:25:59,820 [INFO] BoardInfo:889 - No configuration file found for board STEVAL-BFA001V1B
2025-10-31 12:25:59,822 [INFO] DbBoards:161 - Kit is not supported: STEVAL-BFA001V1B
2025-10-31 12:25:59,823 [INFO] BoardInfo:889 - No configuration file found for board STEVAL-BFA001V2B
2025-10-31 12:25:59,824 [INFO] DbBoards:161 - Kit is not supported: STEVAL-BFA001V2B
2025-10-31 12:26:00,077 [INFO] DbBoards:168 - Found 212 boards, 209 are supported
2025-10-31 12:26:00,077 [INFO] DbBoards:169 - Found 212 boards, 43 of them is supported for  Bsp
2025-10-31 12:26:00,080 [INFO] ApiDb:668 - CubeFinder database Data Model version=2.1
2025-10-31 12:26:00,081 [INFO] ApiDb:669 - CubeFinder database Configuration version=3.0.39
2025-10-31 12:26:00,081 [INFO] ApiDb:670 - CubeFinder database generation date=2025-10-27 (1761571959)
2025-10-31 12:26:00,081 [INFO] ApiDb:671 - CubeFinder database FW Pack versions=[FP-ATR-ASTRA1_V2.0.0, FP-SNS-FLIGHT1_V5.1.0, FP-SNS-MOTENV1_V5.0.0, FP-SNS-MOTENVWB1_V1.4.0, FP-SNS-SMARTAG2_V1.2.0, FP-SNS-STBOX1_V2.1.0, STM32Cube_FW_C0_V1.4.0, STM32Cube_FW_F4_V1.28.3, STM32Cube_FW_F7_V1.17.4, STM32Cube_FW_G0_V1.6.2, STM32Cube_FW_G4_V1.6.1, STM32Cube_FW_H5_V1.5.0, STM32Cube_FW_H7RS_V1.2.0, STM32Cube_FW_H7_V1.12.1, STM32Cube_FW_L0_V1.12.2, STM32Cube_FW_L4_V1.18.1, STM32Cube_FW_L5_V1.5.1, STM32Cube_FW_N6_V1.2.0, STM32Cube_FW_U0_V1.3.0, STM32Cube_FW_U3_V1.2.1, STM32Cube_FW_U5_V1.8.0, STM32Cube_FW_WB0_V1.3.0, STM32Cube_FW_WBA_V1.7.0, STM32Cube_FW_WB_V1.23.0, STM32Cube_FW_WL3_V1.2.0, STM32Cube_FW_WL_V1.3.1, X-CUBE-ALGOBUILD_V1.4.0, X-CUBE-ALS_V1.0.2, X-CUBE-AZRTOS-F4_V1.1.0, X-CUBE-AZRTOS-F7_V1.1.0, X-CUBE-AZRTOS-G0_V1.1.0, X-CUBE-AZRTOS-G4_V2.0.0, X-CUBE-AZRTOS-H7RS_V1.1.0, X-CUBE-AZRTOS-H7_V3.4.0, X-CUBE-AZRTOS-L4_V2.0.0, X-CUBE-AZRTOS-L5_V2.0.0, X-CUBE-AZRTOS-WB_V2.0.0, X-CUBE-AZRTOS-WL_V2.0.0, X-CUBE-BLE1_V7.1.0, X-CUBE-BLE2_V3.3.0, X-CUBE-BLEMGR_V4.1.0, X-CUBE-EEPRMA1_V5.2.0, X-CUBE-FREERTOS_V1.3.1, X-CUBE-GNSS1_V6.0.0, X-CUBE-MEMS1_V11.3.0, X-CUBE-NFC4_V3.0.0, X-CUBE-NFC7_V2.0.0, X-CUBE-SFXS2LP1_V4.0.0, X-CUBE-ST67W61_V1.1.0, X-CUBE-SUBG2_V5.0.0, X-CUBE-TOF1_V3.4.3]
2025-10-31 12:26:02,066 [INFO] ApiDb:240 - Found 880 in-development CPN: [B-G473E-ZEST1S, B-WB1M-WPAN1, B-WBA5M-WPAN, B-WL5M-SUBG1, NUCLEO-C031C6, NUCLEO-C051C8, NUCLEO-C071RB, NUCLEO-C092RC, NUCLEO-H503RB, NUCLEO-H533RE, NUCLEO-H563ZI, NUCLEO-H7S3L8, NUCLEO-N657X0-Q, NUCLEO-U031R8, NUCLEO-U083RC, NUCLEO-U385RG-Q, NUCLEO-U545RE-Q, NUCLEO-U5A5ZJ-Q, NUCLEO-WB05KZ, NUCLEO-WB07CC, NUCLEO-WB09KE, NUCLEO-WBA52CG, NUCLEO-WBA55CG, NUCLEO-WL33CC1, NUCLEO-WL33CC2, STEVAL-PROTEUS1, STEVAL-SMARTAG2, STEVAL-STWINBX1, STM320518-EVAL, STM32C0116-DK, STM32C011D6Y3TR, STM32C011D6Y6TR, STM32C011F4P3, STM32C011F4P6, STM32C011F4U3, STM32C011F4U6TR, STM32C011F6P3, STM32C011F6P6, STM32C011F6U3, STM32C011F6U6TR, STM32C011J4M3, STM32C011J4M6, STM32C011J6M3, STM32C011J6M6, STM32C0316-DK, STM32C031C4T3, STM32C031C4T6, STM32C031C4U3, STM32C031C4U6, STM32C031C6T3, STM32C031C6T6, STM32C031C6U3, STM32C031C6U6, STM32C031F4P3, STM32C031F4P6, STM32C031F6P3, STM32C031F6P6, STM32C031G4U3, STM32C031G4U6, STM32C031G6U3, STM32C031G6U6, STM32C031K4T3, STM32C031K4T6, STM32C031K4U3, STM32C031K4U6, STM32C031K6T3, STM32C031K6T6, STM32C031K6U3, STM32C031K6U6, STM32C051C6T6, STM32C051C6U6, STM32C051C8T6, STM32C051C8U6, STM32C051D8Y6TR, STM32C051F6P6, STM32C051F8P6, STM32C051G6U6, STM32C051G8U6, STM32C051K6T6, STM32C051K6U6, STM32C051K8T6, STM32C071C8T6, STM32C071C8T6N, STM32C071C8U6, STM32C071C8U6N, STM32C071CBT6, STM32C071CBT6N, STM32C071CBU6, STM32C071CBU6N, STM32C071F8P6, STM32C071F8P6N, STM32C071FBP6, STM32C071FBP6N, STM32C071FBY6TR, STM32C071G8U6, STM32C071G8U6N, STM32C071GBU6, STM32C071GBU6N, STM32C071K8T6, STM32C071K8T6N, STM32C071K8U6, STM32C071K8U6N, STM32C071KBT6, STM32C071KBT6N, STM32C071KBU6, STM32C071KBU6N, STM32C071R8T6, STM32C071R8T6N, STM32C071RBI6N, STM32C071RBT6, STM32C071RBT6N, STM32C091CBT6, STM32C091CBU6, STM32C091CCT6, STM32C091CCU6, STM32C091ECY6TR, STM32C091FBP6, STM32C091FCP6, STM32C091GBU6, STM32C091GCU6, STM32C091KBT6, STM32C091KBU6, STM32C091KCT6, STM32C091KCU6, STM32C091RBT6, STM32C091RCI6, STM32C091RCT6, STM32C092CBT6, STM32C092CBU6, STM32C092CCT6, STM32C092CCU6, STM32C092ECY6TR, STM32C092FBP6, STM32C092FCP6, STM32C092GBU6, STM32C092GCU6, STM32C092KBT6, STM32C092KBU6, STM32C092KCT6, STM32C092KCU6, STM32C092RBT6, STM32C092RCI6, STM32C092RCT6, STM32G071K8TXN, STM32G071K8UXN, STM32G081GBU6N, STM32G081KBT6N, STM32G081KBUXN, STM32G0B1CCT6N, STM32G0B1KCT6, STM32G0B1NEY6TR, STM32G0B1RCT6N, STM32G0C1CCT6, STM32G0C1CCT6N, STM32G0C1CCU6N, STM32G0C1CET6N, STM32G0C1CEU6N, STM32G0C1KCT6, STM32G0C1NEY6TR, STM32G0C1RCI6N, STM32G0C1RCT6N, STM32G0C1REI6N, STM32G0C1RET6N, STM32G0C1VCI6, STM32G0C1VEI6, STM32G411C6T3, STM32G411C6T6, STM32G411C6U3, STM32G411C6U6, STM32G411C8T3, STM32G411C8T6, STM32G411C8U3, STM32G411C8U6, STM32G411CBT3, STM32G411CBT6, STM32G411CBU3, STM32G411CBU6, STM32G411K6T3, STM32G411K6T6, STM32G411K6U3, STM32G411K6U6, STM32G411K8T3, STM32G411K8T6, STM32G411K8U3, STM32G411K8U6, STM32G411KBT3, STM32G411KBT6, STM32G411KBU3, STM32G411KBU6, STM32G411M6T3, STM32G411M6T6, STM32G411M8T3, STM32G411M8T6, STM32G411MBT3, STM32G411MBT6, STM32G411R6T3, STM32G411R6T6, STM32G411R8T3, STM32G411R8T6, STM32G411RBT3, STM32G411RBT6, STM32G414CBT3, STM32G414CBT6, STM32G414CBU3, STM32G414CBU6, STM32G414CCT3, STM32G414CCT6, STM32G414CCU3, STM32G414CCU6, STM32G414MBT3, STM32G414MBT6, STM32G414MCT3, STM32G414MCT6, STM32G414RBT3, STM32G414RBT6, STM32G414RCT3, STM32G414RCT6, STM32G414VBT3, STM32G414VBT6, STM32G414VCT3, STM32G414VCT6, STM32G431CBT3Z, STM32G431RBT3Z, STM32G471CCT6, STM32G471CCU6, STM32G471CET3, STM32G471CET6, STM32G471CEU3, STM32G471CEU6, STM32G471MCT6, STM32G471MET3, STM32G471MET6, STM32G471MEY6TR, STM32G471QCT6, STM32G471QET3, STM32G471RCT6, STM32G471RET3, STM32G471RET6, STM32G471VCH6, STM32G471VCI6, STM32G471VCT6, STM32G471VEH3, STM32G471VEH6, STM32G471VEI3, STM32G471VEI6, STM32G471VET3, STM32G471VET6, STM32G473QET3Z, STM32G473RET3Z, STM32G474CCT6, STM32G491RET3Z, STM32H503CBT6, STM32H503CBU6, STM32H503EBY6TR, STM32H503KBU6, STM32H503RBT6, STM32H523CCT6, STM32H523CCU6, STM32H523CET6, STM32H523CEU6, STM32H523HEY6TR, STM32H523RCT6, STM32H523RET6, STM32H523VCI6, STM32H523VCT6, STM32H523VEI6, STM32H523VET6, STM32H523ZCJ6, STM32H523ZCT6, STM32H523ZEJ6, STM32H523ZET6, STM32H533CET6, STM32H533CEU6, STM32H533HEY6TR, STM32H533RET6, STM32H533VEI6, STM32H533VET6, STM32H533ZEJ6, STM32H533ZET6, STM32H562AGI6, STM32H562AII6, STM32H562IGK6, STM32H562IGT6, STM32H562IIK6, STM32H562IIT6, STM32H562RGT6, STM32H562RGV6, STM32H562RIT6, STM32H562RIV6, STM32H562VGT6, STM32H562VIT6, STM32H562ZGT6, STM32H562ZIT6, STM32H563AGI6, STM32H563AII3Q, STM32H563AII6, STM32H563IGK6, STM32H563IGT6, STM32H563IIK3Q, STM32H563IIK6, STM32H563IIT3Q, STM32H563IIT6, STM32H563MIY3QTR, STM32H563RGT6, STM32H563RGV6, STM32H563RIT6, STM32H563RIV6, STM32H563VGT6, STM32H563VIT3Q, STM32H563VIT6, STM32H563ZGT6, STM32H563ZIT3Q, STM32H563ZIT6, STM32H573AII3Q, STM32H573AII6, STM32H573I-DK, STM32H573IIK3Q, STM32H573IIK6, STM32H573IIT3Q, STM32H573IIT6, STM32H573MIY3QTR, STM32H573RIT6, STM32H573RIV6, STM32H573VIT3Q, STM32H573VIT6, STM32H573ZIT3Q, STM32H573ZIT6, STM32H7R3A8I6, STM32H7R3I8K6, STM32H7R3I8T6, STM32H7R3L8H6, STM32H7R3L8H6H, STM32H7R3R8V6, STM32H7R3V8H6, STM32H7R3V8T6, STM32H7R3V8Y6TR, STM32H7R3Z8J6, STM32H7R3Z8T6, STM32H7R7A8I6, STM32H7R7I8K6, STM32H7R7I8T6, STM32H7R7L8H6, STM32H7R7L8H6H, STM32H7R7Z8J6, STM32H7S3A8I6, STM32H7S3I8K6, STM32H7S3I8T6, STM32H7S3L8H6, STM32H7S3L8H6H, STM32H7S3R8V6, STM32H7S3V8H6, STM32H7S3V8T6, STM32H7S3V8Y6TR, STM32H7S3Z8J6, STM32H7S3Z8T6, STM32H7S78-DK, STM32H7S7A8I6, STM32H7S7I8K6, STM32H7S7I8T6, STM32H7S7L8H6, STM32H7S7L8H6H, STM32H7S7Z8J6, STM32L4R5QGI6STR, STM32MP131AAE3, STM32MP131AAF3, STM32MP131AAG3, STM32MP131CAE3, STM32MP131CAF3, STM32MP131CAG3, STM32MP131DAE7, STM32MP131DAF7, STM32MP131DAG7, STM32MP131FAE7, STM32MP131FAF7, STM32MP131FAG7, STM32MP133AAE3, STM32MP133AAF3, STM32MP133AAG3, STM32MP133CAE3, STM32MP133CAF3, STM32MP133CAG3, STM32MP133DAE7, STM32MP133DAF7, STM32MP133DAG7, STM32MP133FAE7, STM32MP133FAF7, STM32MP133FAG7, STM32MP135AAE3, STM32MP135AAF3, STM32MP135AAG3, STM32MP135CAE3, STM32MP135CAF3, STM32MP135CAG3, STM32MP135DAE7, STM32MP135DAF7, STM32MP135DAG7, STM32MP135F-DK, STM32MP135FAE7, STM32MP135FAF7, STM32MP135FAF7T, STM32MP135FAF7U, STM32MP135FAG7, STM32MP211AAL3, STM32MP211AAM3, STM32MP211AAN3, STM32MP211AAO3, STM32MP211CAL3, STM32MP211CAM3, STM32MP211CAN3, STM32MP211CAO3, STM32MP211DAL3, STM32MP211DAM3, STM32MP211DAN3, STM32MP211DAO3, STM32MP211FAL3, STM32MP211FAM3, STM32MP211FAN3, STM32MP211FAO3, STM32MP213AAL3, STM32MP213AAM3, STM32MP213AAN3, STM32MP213AAO3, STM32MP213CAL3, STM32MP213CAM3, STM32MP213CAN3, STM32MP213CAO3, STM32MP213DAL3, STM32MP213DAM3, STM32MP213DAN3, STM32MP213DAO3, STM32MP213FAL3, STM32MP213FAM3, STM32MP213FAN3, STM32MP213FAO3, STM32MP215AAL3, STM32MP215AAM3, STM32MP215AAN3, STM32MP215AAO3, STM32MP215CAL3, STM32MP215CAM3, STM32MP215CAN3, STM32MP215CAO3, STM32MP215DAL3, STM32MP215DAM3, STM32MP215DAN3, STM32MP215DAO3, STM32MP215F-DK, STM32MP215FAL3, STM32MP215FAM3, STM32MP215FAN3, STM32MP215FAO3, STM32MP231AAJ3, STM32MP231AAK3, STM32MP231AAL3, STM32MP231CAJ3, STM32MP231CAK3, STM32MP231CAL3, STM32MP231DAJ3, STM32MP231DAK3, STM32MP231DAL3, STM32MP231FAJ3, STM32MP231FAK3, STM32MP231FAL3, STM32MP233AAJ3, STM32MP233AAK3, STM32MP233AAL3, STM32MP233CAJ3, STM32MP233CAK3, STM32MP233CAL3, STM32MP233DAJ3, STM32MP233DAK3, STM32MP233DAL3, STM32MP233FAJ3, STM32MP233FAK3, STM32MP233FAL3, STM32MP235AAJ3, STM32MP235AAK3, STM32MP235AAL3, STM32MP235CAJ3, STM32MP235CAK3, STM32MP235CAL3, STM32MP235DAJ3, STM32MP235DAK3, STM32MP235DAL3, STM32MP235FAJ3, STM32MP235FAK3, STM32MP235FAL3, STM32MP251AAI3, STM32MP251AAK3, STM32MP251AAL3, STM32MP251CAI3, STM32MP251CAK3, STM32MP251CAL3, STM32MP251DAI3, STM32MP251DAK3, STM32MP251DAL3, STM32MP251FAI3, STM32MP251FAK3, STM32MP251FAL3, STM32MP253AAI3, STM32MP253AAK3, STM32MP253AAL3, STM32MP253CAI3, STM32MP253CAK3, STM32MP253CAL3, STM32MP253DAI3, STM32MP253DAK3, STM32MP253DAL3, STM32MP253FAI3, STM32MP253FAK3, STM32MP253FAL3, STM32MP255AAI3, STM32MP255AAK3, STM32MP255AAL3, STM32MP255CAI3, STM32MP255CAK3, STM32MP255CAL3, STM32MP255DAI3, STM32MP255DAK3, STM32MP255DAL3, STM32MP255FAI3, STM32MP255FAK3, STM32MP255FAL3, STM32MP257AAI3, STM32MP257AAK3, STM32MP257AAL3, STM32MP257CAI3, STM32MP257CAK3, STM32MP257CAL3, STM32MP257DAI3, STM32MP257DAK3, STM32MP257DAL3, STM32MP257F-DK, STM32MP257F-EV1, STM32MP257FAI3, STM32MP257FAK3, STM32MP257FAL3, STM32N645A0H3Q, STM32N645B0H3Q, STM32N645I0H3Q, STM32N645L0H3Q, STM32N645X0H3Q, STM32N645Z0H3Q, STM32N647A0H3Q, STM32N647B0H3Q, STM32N647I0H3Q, STM32N647L0H3Q, STM32N647X0H3Q, STM32N647Z0H3Q, STM32N655A0H3Q, STM32N655B0H3Q, STM32N655I0H3Q, STM32N655L0H3Q, STM32N655X0H3Q, STM32N655Z0H3Q, STM32N6570-DK, STM32N657A0H3Q, STM32N657B0H3Q, STM32N657I0H3Q, STM32N657L0H3Q, STM32N657X0H3Q, STM32N657Z0H3Q, STM32U031C6T6, STM32U031C6U6, STM32U031C8T6, STM32U031C8U6, STM32U031F4P6, STM32U031F6P6, STM32U031F8P6, STM32U031G6Y6TR, STM32U031G8Y6TR, STM32U031K4U6, STM32U031K6U6, STM32U031K8U6, STM32U031R6I6, STM32U031R6T6, STM32U031R8I6, STM32U031R8T6, STM32U073C8T6, STM32U073C8U6, STM32U073CBT6, STM32U073CBU6, STM32U073CCT6, STM32U073CCU6, STM32U073H8Y6TR, STM32U073HBY6TR, STM32U073HCY6TR, STM32U073K8U6, STM32U073KBU6, STM32U073KCU6, STM32U073M8I6, STM32U073M8T6, STM32U073MBI6, STM32U073MBT6, STM32U073MCI6, STM32U073MCT6, STM32U073R8I6, STM32U073R8T6, STM32U073RBI6, STM32U073RBT6, STM32U073RCI6, STM32U073RCT6, STM32U083C-DK, STM32U083CCT6, STM32U083CCU6, STM32U083HCY6TR, STM32U083KCU6, STM32U083MCI6, STM32U083MCT6, STM32U083RCI6, STM32U083RCT6, STM32U375CET6, STM32U375CET6Q, STM32U375CEU6, STM32U375CEU6Q, STM32U375CEY6QTR, STM32U375CGT6, STM32U375CGT6Q, STM32U375CGU6, STM32U375CGU6Q, STM32U375CGY6QTR, STM32U375KEU6, STM32U375KGU6, STM32U375REI6, STM32U375REI6Q, STM32U375RET6, STM32U375RET6Q, STM32U375REY6GTR, STM32U375REY6QTR, STM32U375RGI6, STM32U375RGI6Q, STM32U375RGT6, STM32U375RGT6Q, STM32U375RGY6GTR, STM32U375RGY6QTR, STM32U375VEI6, STM32U375VEI6Q, STM32U375VET6, STM32U375VET6Q, STM32U375VGI6, STM32U375VGI6Q, STM32U375VGT6, STM32U375VGT6Q, STM32U385CGT6, STM32U385CGT6Q, STM32U385CGU6, STM32U385CGU6Q, STM32U385CGY6QTR, STM32U385KGU6, STM32U385RGI6, STM32U385RGI6Q, STM32U385RGT6, STM32U385RGT6Q, STM32U385RGY6GTR, STM32U385RGY6QTR, STM32U385VGI6, STM32U385VGI6Q, STM32U385VGT6, STM32U385VGT6Q, STM32U535CBT6, STM32U535CBT6Q, STM32U535CBU6, STM32U535CBU6Q, STM32U535CCT6, STM32U535CCT6Q, STM32U535CCU6, STM32U535CCU6Q, STM32U535CET6, STM32U535CET6Q, STM32U535CEU6, STM32U535CEU6Q, STM32U535JEY6QTR, STM32U535NCY6QTR, STM32U535NEY6QTR, STM32U535RBI6, STM32U535RBI6Q, STM32U535RBT6, STM32U535RBT6Q, STM32U535RCI6, STM32U535RCI6Q, STM32U535RCT6, STM32U535RCT6Q, STM32U535REI6, STM32U535REI6Q, STM32U535RET6, STM32U535RET6Q, STM32U535VCI6, STM32U535VCI6Q, STM32U535VCT6, STM32U535VCT6Q, STM32U535VEI6, STM32U535VEI6Q, STM32U535VET6, STM32U535VET6Q, STM32U545CET6, STM32U545CET6Q, STM32U545CEU6, STM32U545CEU6Q, STM32U545JEY6QTR, STM32U545NEY6QTR, STM32U545REI6, STM32U545REI6Q, STM32U545RET6, STM32U545RET6Q, STM32U545VEI6, STM32U545VEI6Q, STM32U545VET6, STM32U545VET6Q, STM32U595AIH6, STM32U595AIH6Q, STM32U595AJH6, STM32U595AJH6Q, STM32U595QII6, STM32U595QII6Q, STM32U595QJI6, STM32U595QJI6Q, STM32U595RIT6, STM32U595RIT6Q, STM32U595RJT6, STM32U595RJT6Q, STM32U595VIT6, STM32U595VIT6Q, STM32U595VJT6, STM32U595VJT6Q, STM32U595ZIT6, STM32U595ZIT6Q, STM32U595ZIY6QTR, STM32U595ZJT6, STM32U595ZJT6Q, STM32U595ZJY6QTR, STM32U599BJY6QTR, STM32U599NIH6Q, STM32U599NJH6Q, STM32U599VIT6Q, STM32U599VJT6, STM32U599VJT6Q, STM32U599ZIT6Q, STM32U599ZIY6QTR, STM32U599ZJT6Q, STM32U599ZJY6QTR, STM32U5A5AJH6, STM32U5A5AJH6Q, STM32U5A5QII3Q , STM32U5A5QJI6, STM32U5A5QJI6Q, STM32U5A5RJT6, STM32U5A5RJT6Q, STM32U5A5VJT6, STM32U5A5VJT6Q, STM32U5A5ZJT6, STM32U5A5ZJT6Q, STM32U5A5ZJY6QTR, STM32U5A9BJY6QTR, STM32U5A9J-DK, STM32U5A9NJH6Q, STM32U5A9VJT6Q, STM32U5A9ZJT6Q, STM32U5A9ZJY6QTR, STM32U5F7VIT6, STM32U5F7VIT6Q, STM32U5F7VJT6, STM32U5F7VJT6Q, STM32U5F9BJY6QTR, STM32U5F9NJH6Q, STM32U5F9VIT6Q, STM32U5F9VJT6Q, STM32U5F9ZIJ6QTR, STM32U5F9ZIT6Q, STM32U5F9ZJJ6QTR, STM32U5F9ZJT6Q, STM32U5G7VJT6, STM32U5G7VJT6Q, STM32U5G9BJY6QTR, STM32U5G9J-DK1, STM32U5G9J-DK2, STM32U5G9NJH6Q, STM32U5G9VJT6Q, STM32U5G9ZJJ6QTR, STM32U5G9ZJT6Q, STM32WB05KZV6TR, STM32WB05KZV7TR, STM32WB05TZF6TR, STM32WB05TZF7TR, STM32WB06CCF6TR, STM32WB06CCF7TR, STM32WB06CCV6TR, STM32WB06CCV7TR, STM32WB06KCV6TR, STM32WB06KCV7TR, STM32WB07CCF6TR, STM32WB07CCF7TR, STM32WB07CCV6TR, STM32WB07CCV7TR, STM32WB07KCV6TR, STM32WB07KCV7TR, STM32WB09KEV6TR, STM32WB09KEV7TR, STM32WB09TEF6TR, STM32WB09TEF7TR, STM32WB1MMCH6, STM32WBA50KGU6, STM32WBA50KGU6TR, STM32WBA52CEU6, STM32WBA52CEU6TR, STM32WBA52CEU7, STM32WBA52CEU7TR, STM32WBA52CGU6, STM32WBA52CGU6TR, STM32WBA52CGU6U, STM32WBA52CGU7, STM32WBA52CGU7TR, STM32WBA52KEU6, STM32WBA52KEU6TR, STM32WBA52KGU6, STM32WBA52KGU6TR, STM32WBA54CEU6, STM32WBA54CEU6TR, STM32WBA54CEU7, STM32WBA54CEU7TR, STM32WBA54CGU6, STM32WBA54CGU6TR, STM32WBA54CGU7, STM32WBA54CGU7TR, STM32WBA54KEU6, STM32WBA54KEU6TR, STM32WBA54KEU7, STM32WBA54KEU7TR, STM32WBA54KGU6, STM32WBA54KGU6TR, STM32WBA54KGU7, STM32WBA54KGU7TR, STM32WBA55CEU6, STM32WBA55CEU6TR, STM32WBA55CEU7, STM32WBA55CEU7TR, STM32WBA55CGU6, STM32WBA55CGU6TR, STM32WBA55CGU6U, STM32WBA55CGU7, STM32WBA55CGU7TR, STM32WBA55G-DK1, STM32WBA55HEF6, STM32WBA55HEF7, STM32WBA55HGF6, STM32WBA55HGF7, STM32WBA55UEI6, STM32WBA55UEI6TR, STM32WBA55UEI7, STM32WBA55UEI7TR, STM32WBA55UGI6, STM32WBA55UGI6TR, STM32WBA55UGI7, STM32WBA55UGI7TR, STM32WBA5MMGH6TR, STM32WBA62MGF6, STM32WBA62MIF6, STM32WBA65MGF7, STM32WBA65MIF6, STM32WBA65MIF7, STM32WL30K8V6, STM32WL30KBV6, STM32WL31C8V6, STM32WL31CBV6, STM32WL31K8V6, STM32WL31KBV6, STM32WL33C8V6, STM32WL33C8V6X, STM32WL33CBV6, STM32WL33CBV6X, STM32WL33CCV6, STM32WL33CCV6A, STM32WL33CCV6X, STM32WL33K8V7, STM32WL33K8V7X, STM32WL33KBV7 , STM32WL33KBV7X, STM32WL33KCV7, STM32WL33KCV7X, STM32WL5MOCH6, STM32WL5MOCH6TR]
2025-10-31 12:26:02,070 [INFO] DbMcus:218 - Found 4801 MCUs, 4801 are supported
2025-10-31 12:26:02,070 [INFO] ApiDb:423 - Load user favorites file C:\Users\USER/.stm32cubeide/favorites.mcus.txt: 0 item(s)
2025-10-31 12:26:02,070 [INFO] ApiDb:427 - User favorites MCUs=[]
2025-10-31 12:26:02,070 [INFO] DbMcus:224 - Set 0 / 0 favorites MCUs
2025-10-31 12:26:02,396 [INFO] ApiDb:423 - Load user favorites file C:\Users\USER/.stm32cubeide/favorites.boards.txt: 0 item(s)
2025-10-31 12:26:02,397 [INFO] ApiDb:427 - User favorites Boards=[]
2025-10-31 12:26:02,397 [INFO] DbBoards:198 - Set 0 / 0 favorites Boards
2025-10-31 12:26:02,451 [INFO] UtilMem:75 - End LoadConfig() Used Memory: 338717808 Bytes (801112064)
2025-10-31 12:26:02,552 [WARN] ThirdParty:833 - waiting for thirdparty lock release [change project]
2025-10-31 12:26:02,553 [INFO] ThirdParty:835 - entering critical section [change project]
2025-10-31 12:26:02,553 [INFO] ThirdParty:1030 - CMSIS Pack Vendor :STMicroelectronics X-CUBE-PM33A1 1.0.0
2025-10-31 12:26:02,553 [INFO] ThirdParty:1030 - CMSIS Pack Vendor :STMicroelectronics USBPD 4.1
2025-10-31 12:26:02,553 [INFO] ThirdParty:1030 - CMSIS Pack Vendor :STMicroelectronics X-CUBE-NFC9 1.0.0
2025-10-31 12:26:02,553 [INFO] ThirdParty:1030 - CMSIS Pack Vendor :STMicroelectronics USB_HOST 2.0.0
2025-10-31 12:26:02,553 [INFO] ThirdParty:1030 - CMSIS Pack Vendor :STMicroelectronics FP-SNS-MOTENVWB1 1.4.0
2025-10-31 12:26:02,553 [INFO] ThirdParty:1030 - CMSIS Pack Vendor :STMicroelectronics X-CUBE-AZRTOS-F4 1.1.0
2025-10-31 12:26:02,553 [INFO] ThirdParty:1030 - CMSIS Pack Vendor :STMicroelectronics LIBJPEG 8.0.0
2025-10-31 12:26:02,553 [INFO] ThirdParty:1030 - CMSIS Pack Vendor :STMicroelectronics FP-ATR-ASTRA1 2.0.2
2025-10-31 12:26:02,553 [INFO] ThirdParty:1030 - CMSIS Pack Vendor :wolfSSL I-CUBE-wolfSSL 5.8.2
2025-10-31 12:26:02,553 [INFO] ThirdParty:1030 - CMSIS Pack Vendor :STMicroelectronics X-CUBE-BLE1 7.1.0
2025-10-31 12:26:02,553 [INFO] ThirdParty:1030 - CMSIS Pack Vendor :STMicroelectronics X-CUBE-SMBUS 2.1.0
2025-10-31 12:26:02,553 [INFO] ThirdParty:1030 - CMSIS Pack Vendor :wolfSSL I-CUBE-wolfMQTT 1.19.2
2025-10-31 12:26:02,553 [INFO] ThirdParty:1030 - CMSIS Pack Vendor :STMicroelectronics USB_DEVICE 3.0.0
2025-10-31 12:26:02,553 [INFO] ThirdParty:1030 - CMSIS Pack Vendor :STMicroelectronics X-CUBE-ISPU 2.1.0
2025-10-31 12:26:02,553 [INFO] ThirdParty:1030 - CMSIS Pack Vendor :STMicroelectronics X-CUBE-EEPRMA1 5.2.0
2025-10-31 12:26:02,553 [INFO] ThirdParty:1030 - CMSIS Pack Vendor :STMicroelectronics X-CUBE-IPS 3.2.0
2025-10-31 12:26:02,553 [INFO] ThirdParty:1030 - CMSIS Pack Vendor :STMicroelectronics X-CUBE-BLEMGR 4.1.0
2025-10-31 12:26:02,553 [INFO] ThirdParty:1030 - CMSIS Pack Vendor :STMicroelectronics X-CUBE-AZRTOS-WB 2.0.0
2025-10-31 12:26:02,553 [INFO] ThirdParty:1030 - CMSIS Pack Vendor :STMicroelectronics X-CUBE-NFC12 1.0.0
2025-10-31 12:26:02,553 [INFO] ThirdParty:1030 - CMSIS Pack Vendor :STMicroelectronics X-CUBE-AZRTOS-F7 1.1.0
2025-10-31 12:26:02,554 [INFO] ThirdParty:1030 - CMSIS Pack Vendor :STMicroelectronics X-CUBE-AZRTOS-L5 2.0.0
2025-10-31 12:26:02,554 [INFO] ThirdParty:1030 - CMSIS Pack Vendor :STMicroelectronics USB_DEVICE 2.0.0
2025-10-31 12:26:02,554 [INFO] ThirdParty:1030 - CMSIS Pack Vendor :STMicroelectronics X-CUBE-NFC6 3.1.0
2025-10-31 12:26:02,554 [INFO] ThirdParty:1030 - CMSIS Pack Vendor :STMicroelectronics X-CUBE-ST67W61 1.1.0
2025-10-31 12:26:02,554 [INFO] ThirdParty:1030 - CMSIS Pack Vendor :Cesanta I-CUBE-Mongoose 7.19.0
2025-10-31 12:26:02,554 [INFO] ThirdParty:1030 - CMSIS Pack Vendor :quantropi X-CUBE-qispace-sdk-base 2.1.0
2025-10-31 12:26:02,554 [INFO] ThirdParty:1030 - CMSIS Pack Vendor :STMicroelectronics FP-SNS-MOTENV1 5.1.0
2025-10-31 12:26:02,554 [INFO] ThirdParty:1030 - CMSIS Pack Vendor :STMicroelectronics FreeRTOS 0.0.1
2025-10-31 12:26:02,554 [INFO] ThirdParty:1030 - CMSIS Pack Vendor :STMicroelectronics X-CUBE-AZRTOS-G0 1.1.0
2025-10-31 12:26:02,554 [INFO] ThirdParty:1030 - CMSIS Pack Vendor :STMicroelectronics X-CUBE-SAFEA1 1.2.2
2025-10-31 12:26:02,554 [INFO] ThirdParty:1030 - CMSIS Pack Vendor :STMicroelectronics X-CUBE-NFC4 3.0.0
2025-10-31 12:26:02,554 [INFO] ThirdParty:1030 - CMSIS Pack Vendor :STMicroelectronics X-CUBE-SUBG2 5.0.0
2025-10-31 12:26:02,554 [INFO] ThirdParty:1030 - CMSIS Pack Vendor :STMicroelectronics X-CUBE-AZRTOS-H7RS 1.1.0
2025-10-31 12:26:02,554 [INFO] ThirdParty:1030 - CMSIS Pack Vendor :STMicroelectronics STM32_WPAN 1.0.0
2025-10-31 12:26:02,554 [INFO] ThirdParty:1030 - CMSIS Pack Vendor :EmbeddedOffice I-CUBE-FS-RTOS 1.0.1
2025-10-31 12:26:02,554 [INFO] ThirdParty:1030 - CMSIS Pack Vendor :STMicroelectronics lwIP 2.0.3
2025-10-31 12:26:02,554 [INFO] ThirdParty:1030 - CMSIS Pack Vendor :WES I-CUBE-Cesium 1.4.0
2025-10-31 12:26:02,554 [INFO] ThirdParty:1030 - CMSIS Pack Vendor :STMicroelectronics USB_HOST 1.0.0
2025-10-31 12:26:02,554 [INFO] ThirdParty:1030 - CMSIS Pack Vendor :Infineon AIROC-Wi-Fi-Bluetooth-STM32 1.7.1
2025-10-31 12:26:02,554 [INFO] ThirdParty:1030 - CMSIS Pack Vendor :STMicroelectronics X-CUBE-AZRTOS-G4 2.0.0
2025-10-31 12:26:02,554 [INFO] ThirdParty:1030 - CMSIS Pack Vendor :STMicroelectronics X-CUBE-WB05N 2.0.0
2025-10-31 12:26:02,554 [INFO] ThirdParty:1030 - CMSIS Pack Vendor :STMicroelectronics PDM2PCM 3.1.0
2025-10-31 12:26:02,554 [INFO] ThirdParty:1030 - CMSIS Pack Vendor :STMicroelectronics PDM2PCM 3.3.0
2025-10-31 12:26:02,554 [INFO] ThirdParty:1030 - CMSIS Pack Vendor :wolfSSL I-CUBE-wolfTPM 3.8.0
2025-10-31 12:26:02,554 [INFO] ThirdParty:1030 - CMSIS Pack Vendor :STMicroelectronics X-CUBE-AZRTOS-H7 3.4.0
2025-10-31 12:26:02,554 [INFO] ThirdParty:1030 - CMSIS Pack Vendor :STMicroelectronics X-CUBE-DISPLAY 3.0.0
2025-10-31 12:26:02,554 [INFO] ThirdParty:1030 - CMSIS Pack Vendor :wolfSSL I-CUBE-wolfSSH 1.4.20
2025-10-31 12:26:02,554 [INFO] ThirdParty:1030 - CMSIS Pack Vendor :STMicroelectronics X-CUBE-NFC7 2.0.0
2025-10-31 12:26:02,554 [INFO] ThirdParty:1030 - CMSIS Pack Vendor :STMicroelectronics X-CUBE-TCPP 4.2.0
2025-10-31 12:26:02,554 [INFO] ThirdParty:1030 - CMSIS Pack Vendor :RealThread X-CUBE-RT-Thread_Nano 4.1.1
2025-10-31 12:26:02,554 [INFO] ThirdParty:1030 - CMSIS Pack Vendor :STMicroelectronics FP-ATR-SIGFOX1 3.2.0
2025-10-31 12:26:02,554 [INFO] ThirdParty:1030 - CMSIS Pack Vendor :STMicroelectronics X-CUBE-NFC10 1.0.0
2025-10-31 12:26:02,554 [INFO] ThirdParty:1030 - CMSIS Pack Vendor :STMicroelectronics X-CUBE-FREERTOS 1.3.1
2025-10-31 12:26:02,555 [INFO] ThirdParty:1030 - CMSIS Pack Vendor :STMicroelectronics HAL Drivers 0.0.0
2025-10-31 12:26:02,555 [INFO] ThirdParty:1030 - CMSIS Pack Vendor :STMicroelectronics MBEDTLS 2.16.2
2025-10-31 12:26:02,555 [INFO] ThirdParty:1030 - CMSIS Pack Vendor :STMicroelectronics X-CUBE-ST60 1.1.0
2025-10-31 12:26:02,555 [INFO] ThirdParty:1030 - CMSIS Pack Vendor :STMicroelectronics X-CUBE-ALS 1.0.2
2025-10-31 12:26:02,555 [INFO] ThirdParty:1030 - CMSIS Pack Vendor :emotas I-CUBE-CANOPEN 1.3.0
2025-10-31 12:26:02,555 [INFO] ThirdParty:1030 - CMSIS Pack Vendor :STMicroelectronics MBEDTLS 2.14.1
2025-10-31 12:26:02,555 [INFO] ThirdParty:1030 - CMSIS Pack Vendor :STMicroelectronics X-CUBE-GNSS1 7.1.0
2025-10-31 12:26:02,555 [INFO] ThirdParty:1030 - CMSIS Pack Vendor :ITTIA_DB I-CUBE-ITTIADB 8.9.0
2025-10-31 12:26:02,555 [INFO] ThirdParty:1030 - CMSIS Pack Vendor :STMicroelectronics X-CUBE-TOUCHGFX 4.26.0
2025-10-31 12:26:02,555 [INFO] ThirdParty:1030 - CMSIS Pack Vendor :STMicroelectronics X-CUBE-STSE01 1.0.0
2025-10-31 12:26:02,555 [INFO] ThirdParty:1030 - CMSIS Pack Vendor :STMicroelectronics FP-SNS-STBOX1 2.1.0
2025-10-31 12:26:02,555 [INFO] ThirdParty:1030 - CMSIS Pack Vendor :STMicroelectronics X-CUBE-AI 10.2.0
2025-10-31 12:26:02,555 [INFO] ThirdParty:1030 - CMSIS Pack Vendor :STMicroelectronics FP-SNS-STAIOTCFT 1.0.0
2025-10-31 12:26:02,555 [INFO] ThirdParty:1030 - CMSIS Pack Vendor :STMicroelectronics ThreadX 1.0.0
2025-10-31 12:26:02,555 [INFO] ThirdParty:1030 - CMSIS Pack Vendor :STMicroelectronics FP-SNS-SMARTAG2 1.2.0
2025-10-31 12:26:02,555 [INFO] ThirdParty:1030 - CMSIS Pack Vendor :STMicroelectronics FP-SNS-FLIGHT1 5.1.0
2025-10-31 12:26:02,555 [INFO] ThirdParty:1030 - CMSIS Pack Vendor :STMicroelectronics X-CUBE-AZRTOS-WL 2.0.0
2025-10-31 12:26:02,555 [INFO] ThirdParty:1030 - CMSIS Pack Vendor :SEGGER I-CUBE-embOS 1.3.1
2025-10-31 12:26:02,555 [INFO] ThirdParty:1030 - CMSIS Pack Vendor :STMicroelectronics X-CUBE-ALGOBUILD 1.4.0
2025-10-31 12:26:02,555 [INFO] ThirdParty:1030 - CMSIS Pack Vendor :STMicroelectronics X-CUBE-DPower 1.3.0
2025-10-31 12:26:02,555 [INFO] ThirdParty:1030 - CMSIS Pack Vendor :STMicroelectronics X-CUBE-MEMS1 11.3.0
2025-10-31 12:26:02,555 [INFO] ThirdParty:1030 - CMSIS Pack Vendor :STMicroelectronics USB_DEVICE 1.0.0
2025-10-31 12:26:02,555 [INFO] ThirdParty:1030 - CMSIS Pack Vendor :STMicroelectronics X-CUBE-AZRTOS-L4 2.0.0
2025-10-31 12:26:02,555 [INFO] ThirdParty:1030 - CMSIS Pack Vendor :STMicroelectronics ThreadX 0.0.2
2025-10-31 12:26:02,555 [INFO] ThirdParty:1030 - CMSIS Pack Vendor :STMicroelectronics lwIP 2.1.2
2025-10-31 12:26:02,555 [INFO] ThirdParty:1030 - CMSIS Pack Vendor :STMicroelectronics X-CUBE-SFXS2LP1 4.0.0
2025-10-31 12:26:02,555 [INFO] ThirdParty:1030 - CMSIS Pack Vendor :STMicroelectronics X-CUBE-BLE2 3.3.0
2025-10-31 12:26:02,555 [INFO] ThirdParty:1030 - CMSIS Pack Vendor :STMicroelectronics X-CUBE-TOF1 3.4.3
2025-10-31 12:26:02,555 [INFO] ThirdParty:1030 - CMSIS Pack Vendor :STMicroelectronics PDM2PCM 3.2.0
2025-10-31 12:26:02,555 [INFO] ThirdParty:841 - exiting critical section [change project]
2025-10-31 12:26:02,843 [INFO] PinOutPanel:1589 - setPackage(No Configuration,No Configuration)
2025-10-31 12:26:02,845 [INFO] PinOutPanel:1589 - setPackage(STM32F103RCTx,LQFP64)
2025-10-31 12:26:03,268 [INFO] UtilMem:75 - Before build in PCC Used Memory: 521837880 Bytes (801112064)
2025-10-31 12:26:03,899 [INFO] UtilMem:75 - After build in PCC Used Memory: 590491960 Bytes (801112064)
2025-10-31 12:26:03,959 [INFO] ApiDbMcu:532 - Load IP Config File for FREERTOS
2025-10-31 12:26:03,980 [INFO] IPUIPlugin:80 - create IPUIPlugin
2025-10-31 12:26:03,980 [INFO] IPUIPlugin:80 - create IPUIPlugin
2025-10-31 12:26:03,980 [INFO] IPUIPlugin:80 - create IPUIPlugin
2025-10-31 12:26:03,981 [INFO] IPUIPlugin:80 - create IPUIPlugin
2025-10-31 12:26:03,981 [INFO] IPUIPlugin:80 - create IPUIPlugin
2025-10-31 12:26:03,981 [INFO] IPUIPlugin:80 - create IPUIPlugin
2025-10-31 12:26:03,981 [INFO] IPUIPlugin:80 - create IPUIPlugin
2025-10-31 12:26:03,981 [INFO] IPUIPlugin:80 - create IPUIPlugin
2025-10-31 12:26:03,981 [INFO] IPUIPlugin:80 - create IPUIPlugin
2025-10-31 12:26:03,982 [INFO] IPUIPlugin:80 - create IPUIPlugin
2025-10-31 12:26:03,982 [INFO] IPUIPlugin:80 - create IPUIPlugin
2025-10-31 12:26:03,982 [INFO] IPUIPlugin:80 - create IPUIPlugin
2025-10-31 12:26:03,982 [INFO] IPUIPlugin:80 - create IPUIPlugin
2025-10-31 12:26:03,982 [INFO] IPUIPlugin:80 - create IPUIPlugin
2025-10-31 12:26:03,982 [INFO] IPUIPlugin:80 - create IPUIPlugin
2025-10-31 12:26:03,982 [INFO] IPUIPlugin:80 - create IPUIPlugin
2025-10-31 12:26:03,983 [INFO] IPUIPlugin:80 - create IPUIPlugin
2025-10-31 12:26:03,983 [INFO] IPUIPlugin:80 - create IPUIPlugin
2025-10-31 12:26:03,983 [INFO] IPUIPlugin:80 - create IPUIPlugin
2025-10-31 12:26:03,983 [INFO] IPUIPlugin:80 - create IPUIPlugin
2025-10-31 12:26:03,983 [INFO] IPUIPlugin:80 - create IPUIPlugin
2025-10-31 12:26:03,983 [INFO] IPUIPlugin:80 - create IPUIPlugin
2025-10-31 12:26:03,984 [INFO] IPUIPlugin:80 - create IPUIPlugin
2025-10-31 12:26:03,984 [INFO] IPUIPlugin:80 - create IPUIPlugin
2025-10-31 12:26:03,984 [INFO] IPUIPlugin:80 - create IPUIPlugin
2025-10-31 12:26:03,984 [INFO] IPUIPlugin:80 - create IPUIPlugin
2025-10-31 12:26:03,984 [INFO] IPUIPlugin:80 - create IPUIPlugin
2025-10-31 12:26:03,984 [INFO] IPUIPlugin:80 - create IPUIPlugin
2025-10-31 12:26:03,984 [INFO] IPUIPlugin:80 - create IPUIPlugin
2025-10-31 12:26:03,985 [INFO] IPUIPlugin:80 - create IPUIPlugin
2025-10-31 12:26:03,985 [INFO] IPUIPlugin:80 - create IPUIPlugin
2025-10-31 12:26:03,985 [INFO] IPUIPlugin:80 - create IPUIPlugin
2025-10-31 12:26:03,985 [INFO] IPUIPlugin:80 - create IPUIPlugin
2025-10-31 12:26:03,985 [INFO] IPUIPlugin:80 - create IPUIPlugin
2025-10-31 12:26:03,985 [INFO] IPUIPlugin:80 - create IPUIPlugin
2025-10-31 12:26:03,986 [INFO] IPUIPlugin:80 - create IPUIPlugin
2025-10-31 12:26:03,986 [INFO] IPUIPlugin:80 - create IPUIPlugin
2025-10-31 12:26:03,986 [INFO] IPUIPlugin:80 - create IPUIPlugin
2025-10-31 12:26:03,986 [INFO] IPUIPlugin:80 - create IPUIPlugin
2025-10-31 12:26:04,011 [WARN] FreeRTOS:1023 - Null or empty value: should not occur! (nothing added to the table)
2025-10-31 12:26:04,165 [INFO] CADModel:165 - CPN selected for project levelSTM32F103RCT6TR
2025-10-31 12:26:04,165 [INFO] CADModel:114 - Register for checkConnection events
2025-10-31 12:26:04,167 [INFO] RtosManager:728 - Active RTOS found at IOC load: FREERTOS [Cortex-M3NS]
2025-10-31 12:26:04,220 [INFO] OpenFileManager:386 - Restore cursor
2025-10-31 12:29:22,973 [INFO] UtilMem:75 - End SaveConfig() Used Memory: 442909432 Bytes (772800512)
2025-10-31 12:29:24,065 [INFO] UtilMem:75 - End SaveConfig() Used Memory: 465846160 Bytes (772800512)
2025-10-31 12:29:25,097 [INFO] UtilMem:75 - End SaveConfig() Used Memory: 506784584 Bytes (772800512)
2025-10-31 12:29:25,398 [INFO] BlockDiagram:2775 - set Specific Code input for plugin: RTC
2025-10-31 12:29:25,398 [INFO] BlockDiagram:2775 - set Specific Code input for plugin: NVIC
2025-10-31 12:29:25,399 [INFO] BlockDiagram:2775 - set Specific Code input for plugin: FREERTOS
2025-10-31 12:29:25,399 [INFO] BlockDiagram:2775 - set Specific Code input for plugin: IWDG
2025-10-31 12:29:25,399 [INFO] BlockDiagram:2775 - set Specific Code input for plugin: DMA
2025-10-31 12:29:25,399 [INFO] BlockDiagram:2775 - set Specific Code input for plugin: SYS
2025-10-31 12:29:25,400 [INFO] BlockDiagram:2775 - set Specific Code input for plugin: GPIO
2025-10-31 12:29:25,400 [INFO] BlockDiagram:2775 - set Specific Code input for plugin: ADC
2025-10-31 12:29:25,400 [INFO] BlockDiagram:2775 - set Specific Code input for plugin: RCC
2025-10-31 12:29:25,401 [INFO] CodeGenerator:892 - code generatio: config db path: C:\ST\STM32CubeIDE_1.19.0\STM32CubeIDE\plugins\com.st.stm32cube.common.mx_6.15.0.202507011659\\db\
2025-10-31 12:29:25,523 [INFO] CodeEngine:265 - oldGeneratedFile, C:\Users\USER\STM32CubeIDE\workspace_1.19.0\Hip-Pro_Hardware_V1.2\HardwareV1.2\MXTmpFiles\license.tmp_save
2025-10-31 12:29:25,770 [INFO] CodeEngine:289 - Generated code: C:\Users\USER\STM32CubeIDE\workspace_1.19.0\Hip-Pro_Hardware_V1.2\HardwareV1.2\MXTmpFiles\license.tmp
2025-10-31 12:29:25,837 [INFO] CodeEngine:265 - oldGeneratedFile, C:\Users\USER\STM32CubeIDE\workspace_1.19.0\Hip-Pro_Hardware_V1.2\HardwareV1.2\MXTmpFiles\gpio.tmp_save
2025-10-31 12:29:25,964 [INFO] CodeEngine:289 - Generated code: C:\Users\USER\STM32CubeIDE\workspace_1.19.0\Hip-Pro_Hardware_V1.2\HardwareV1.2\MXTmpFiles\gpio.tmp
2025-10-31 12:29:26,137 [INFO] Middleware:1452 - No code input for Bsp Dependency
2025-10-31 12:29:26,147 [INFO] CodeEngine:265 - oldGeneratedFile, C:\Users\USER\STM32CubeIDE\workspace_1.19.0\Hip-Pro_Hardware_V1.2\HardwareV1.2\MXTmpFiles\rtos_inc.tmp_save
2025-10-31 12:29:26,219 [INFO] CodeEngine:289 - Generated code: C:\Users\USER\STM32CubeIDE\workspace_1.19.0\Hip-Pro_Hardware_V1.2\HardwareV1.2\MXTmpFiles\rtos_inc.tmp
2025-10-31 12:29:26,226 [INFO] CodeEngine:265 - oldGeneratedFile, C:\Users\USER\STM32CubeIDE\workspace_1.19.0\Hip-Pro_Hardware_V1.2\HardwareV1.2\MXTmpFiles\rtos_vars.tmp_save
2025-10-31 12:29:26,292 [INFO] CodeEngine:289 - Generated code: C:\Users\USER\STM32CubeIDE\workspace_1.19.0\Hip-Pro_Hardware_V1.2\HardwareV1.2\MXTmpFiles\rtos_vars.tmp
2025-10-31 12:29:26,299 [INFO] CodeEngine:265 - oldGeneratedFile, C:\Users\USER\STM32CubeIDE\workspace_1.19.0\Hip-Pro_Hardware_V1.2\HardwareV1.2\MXTmpFiles\rtos_pfp.tmp_save
2025-10-31 12:29:26,357 [INFO] CodeEngine:289 - Generated code: C:\Users\USER\STM32CubeIDE\workspace_1.19.0\Hip-Pro_Hardware_V1.2\HardwareV1.2\MXTmpFiles\rtos_pfp.tmp
2025-10-31 12:29:26,364 [INFO] CodeEngine:265 - oldGeneratedFile, C:\Users\USER\STM32CubeIDE\workspace_1.19.0\Hip-Pro_Hardware_V1.2\HardwareV1.2\MXTmpFiles\rtos_obj_creat.tmp_save
2025-10-31 12:29:26,422 [INFO] CodeEngine:289 - Generated code: C:\Users\USER\STM32CubeIDE\workspace_1.19.0\Hip-Pro_Hardware_V1.2\HardwareV1.2\MXTmpFiles\rtos_obj_creat.tmp
2025-10-31 12:29:26,427 [INFO] CodeEngine:265 - oldGeneratedFile, C:\Users\USER\STM32CubeIDE\workspace_1.19.0\Hip-Pro_Hardware_V1.2\HardwareV1.2\MXTmpFiles\rtos_kernelStart.tmp_save
2025-10-31 12:29:26,478 [INFO] CodeEngine:289 - Generated code: C:\Users\USER\STM32CubeIDE\workspace_1.19.0\Hip-Pro_Hardware_V1.2\HardwareV1.2\MXTmpFiles\rtos_kernelStart.tmp
2025-10-31 12:29:26,485 [INFO] CodeEngine:265 - oldGeneratedFile, C:\Users\USER\STM32CubeIDE\workspace_1.19.0\Hip-Pro_Hardware_V1.2\HardwareV1.2\MXTmpFiles\rtos_default_thread.tmp_save
2025-10-31 12:29:26,542 [INFO] CodeEngine:289 - Generated code: C:\Users\USER\STM32CubeIDE\workspace_1.19.0\Hip-Pro_Hardware_V1.2\HardwareV1.2\MXTmpFiles\rtos_default_thread.tmp
2025-10-31 12:29:26,547 [INFO] CodeEngine:265 - oldGeneratedFile, C:\Users\USER\STM32CubeIDE\workspace_1.19.0\Hip-Pro_Hardware_V1.2\HardwareV1.2\MXTmpFiles\rtos_threads.tmp_save
2025-10-31 12:29:26,626 [INFO] CodeEngine:289 - Generated code: C:\Users\USER\STM32CubeIDE\workspace_1.19.0\Hip-Pro_Hardware_V1.2\HardwareV1.2\MXTmpFiles\rtos_threads.tmp
2025-10-31 12:29:26,643 [INFO] Middleware:1452 - No code input for Bsp Dependency
2025-10-31 12:29:26,651 [INFO] CodeEngine:265 - oldGeneratedFile, C:\Users\USER\STM32CubeIDE\workspace_1.19.0\Hip-Pro_Hardware_V1.2\HardwareV1.2\MXTmpFiles\rtos_inc.tmp_save
2025-10-31 12:29:26,700 [INFO] CodeEngine:289 - Generated code: C:\Users\USER\STM32CubeIDE\workspace_1.19.0\Hip-Pro_Hardware_V1.2\HardwareV1.2\MXTmpFiles\rtos_inc.tmp
2025-10-31 12:29:26,705 [INFO] CodeEngine:265 - oldGeneratedFile, C:\Users\USER\STM32CubeIDE\workspace_1.19.0\Hip-Pro_Hardware_V1.2\HardwareV1.2\MXTmpFiles\rtos_vars.tmp_save
2025-10-31 12:29:26,757 [INFO] CodeEngine:289 - Generated code: C:\Users\USER\STM32CubeIDE\workspace_1.19.0\Hip-Pro_Hardware_V1.2\HardwareV1.2\MXTmpFiles\rtos_vars.tmp
2025-10-31 12:29:26,763 [INFO] CodeEngine:265 - oldGeneratedFile, C:\Users\USER\STM32CubeIDE\workspace_1.19.0\Hip-Pro_Hardware_V1.2\HardwareV1.2\MXTmpFiles\rtos_pfp.tmp_save
2025-10-31 12:29:26,813 [INFO] CodeEngine:289 - Generated code: C:\Users\USER\STM32CubeIDE\workspace_1.19.0\Hip-Pro_Hardware_V1.2\HardwareV1.2\MXTmpFiles\rtos_pfp.tmp
2025-10-31 12:29:26,818 [INFO] CodeEngine:265 - oldGeneratedFile, C:\Users\USER\STM32CubeIDE\workspace_1.19.0\Hip-Pro_Hardware_V1.2\HardwareV1.2\MXTmpFiles\rtos_obj_creat.tmp_save
2025-10-31 12:29:26,870 [INFO] CodeEngine:289 - Generated code: C:\Users\USER\STM32CubeIDE\workspace_1.19.0\Hip-Pro_Hardware_V1.2\HardwareV1.2\MXTmpFiles\rtos_obj_creat.tmp
2025-10-31 12:29:26,875 [INFO] CodeEngine:265 - oldGeneratedFile, C:\Users\USER\STM32CubeIDE\workspace_1.19.0\Hip-Pro_Hardware_V1.2\HardwareV1.2\MXTmpFiles\rtos_kernelStart.tmp_save
2025-10-31 12:29:26,925 [INFO] CodeEngine:289 - Generated code: C:\Users\USER\STM32CubeIDE\workspace_1.19.0\Hip-Pro_Hardware_V1.2\HardwareV1.2\MXTmpFiles\rtos_kernelStart.tmp
2025-10-31 12:29:26,931 [INFO] CodeEngine:265 - oldGeneratedFile, C:\Users\USER\STM32CubeIDE\workspace_1.19.0\Hip-Pro_Hardware_V1.2\HardwareV1.2\MXTmpFiles\rtos_default_thread.tmp_save
2025-10-31 12:29:26,980 [INFO] CodeEngine:289 - Generated code: C:\Users\USER\STM32CubeIDE\workspace_1.19.0\Hip-Pro_Hardware_V1.2\HardwareV1.2\MXTmpFiles\rtos_default_thread.tmp
2025-10-31 12:29:26,986 [INFO] CodeEngine:265 - oldGeneratedFile, C:\Users\USER\STM32CubeIDE\workspace_1.19.0\Hip-Pro_Hardware_V1.2\HardwareV1.2\MXTmpFiles\rtos_threads.tmp_save
2025-10-31 12:29:27,036 [INFO] CodeEngine:289 - Generated code: C:\Users\USER\STM32CubeIDE\workspace_1.19.0\Hip-Pro_Hardware_V1.2\HardwareV1.2\MXTmpFiles\rtos_threads.tmp
2025-10-31 12:29:27,042 [INFO] CodeEngine:265 - oldGeneratedFile, C:\Users\USER\STM32CubeIDE\workspace_1.19.0\Hip-Pro_Hardware_V1.2\HardwareV1.2\Core\Inc\FreeRTOSConfig.h_save
2025-10-31 12:29:27,106 [INFO] CodeEngine:289 - Generated code: C:\Users\USER\STM32CubeIDE\workspace_1.19.0\Hip-Pro_Hardware_V1.2\HardwareV1.2\Core\Inc\FreeRTOSConfig.h
2025-10-31 12:29:27,114 [INFO] CodeEngine:265 - oldGeneratedFile, C:\Users\USER\STM32CubeIDE\workspace_1.19.0\Hip-Pro_Hardware_V1.2\HardwareV1.2\Core\Src\freertos.c_save
2025-10-31 12:29:27,169 [INFO] CodeEngine:289 - Generated code: C:\Users\USER\STM32CubeIDE\workspace_1.19.0\Hip-Pro_Hardware_V1.2\HardwareV1.2\Core\Src\freertos.c
2025-10-31 12:29:27,182 [INFO] CodeEngine:265 - oldGeneratedFile, C:\Users\USER\STM32CubeIDE\workspace_1.19.0\Hip-Pro_Hardware_V1.2\HardwareV1.2\MXTmpFiles\dma.tmp_save
2025-10-31 12:29:27,238 [INFO] CodeEngine:289 - Generated code: C:\Users\USER\STM32CubeIDE\workspace_1.19.0\Hip-Pro_Hardware_V1.2\HardwareV1.2\MXTmpFiles\dma.tmp
2025-10-31 12:29:27,242 [INFO] CodeEngine:265 - oldGeneratedFile, C:\Users\USER\STM32CubeIDE\workspace_1.19.0\Hip-Pro_Hardware_V1.2\HardwareV1.2\MXTmpFiles\dma_GV.tmp_save
2025-10-31 12:29:27,289 [INFO] CodeEngine:289 - Generated code: C:\Users\USER\STM32CubeIDE\workspace_1.19.0\Hip-Pro_Hardware_V1.2\HardwareV1.2\MXTmpFiles\dma_GV.tmp
2025-10-31 12:29:27,301 [INFO] CodeEngine:265 - oldGeneratedFile, C:\Users\USER\STM32CubeIDE\workspace_1.19.0\Hip-Pro_Hardware_V1.2\HardwareV1.2\Core\Src\stm32f1xx_it.c_save
2025-10-31 12:29:27,382 [INFO] CodeEngine:289 - Generated code: C:\Users\USER\STM32CubeIDE\workspace_1.19.0\Hip-Pro_Hardware_V1.2\HardwareV1.2\Core\Src\stm32f1xx_it.c
2025-10-31 12:29:27,388 [INFO] CodeEngine:265 - oldGeneratedFile, C:\Users\USER\STM32CubeIDE\workspace_1.19.0\Hip-Pro_Hardware_V1.2\HardwareV1.2\Core\Inc\stm32f1xx_it.h_save
2025-10-31 12:29:27,440 [INFO] CodeEngine:289 - Generated code: C:\Users\USER\STM32CubeIDE\workspace_1.19.0\Hip-Pro_Hardware_V1.2\HardwareV1.2\Core\Inc\stm32f1xx_it.h
2025-10-31 12:29:27,452 [INFO] CodeEngine:265 - oldGeneratedFile, C:\Users\USER\STM32CubeIDE\workspace_1.19.0\Hip-Pro_Hardware_V1.2\HardwareV1.2\Core\Src\stm32f1xx_hal_msp.c_save
2025-10-31 12:29:27,551 [INFO] CodeEngine:289 - Generated code: C:\Users\USER\STM32CubeIDE\workspace_1.19.0\Hip-Pro_Hardware_V1.2\HardwareV1.2\Core\Src\stm32f1xx_hal_msp.c
2025-10-31 12:29:27,556 [INFO] CodeEngine:265 - oldGeneratedFile, C:\Users\USER\STM32CubeIDE\workspace_1.19.0\Hip-Pro_Hardware_V1.2\HardwareV1.2\MXTmpFiles\system.tmp_save
2025-10-31 12:29:27,606 [INFO] CodeEngine:289 - Generated code: C:\Users\USER\STM32CubeIDE\workspace_1.19.0\Hip-Pro_Hardware_V1.2\HardwareV1.2\MXTmpFiles\system.tmp
2025-10-31 12:29:27,611 [INFO] CodeEngine:265 - oldGeneratedFile, C:\Users\USER\STM32CubeIDE\workspace_1.19.0\Hip-Pro_Hardware_V1.2\HardwareV1.2\Core\Src\stm32f1xx_hal_timebase_tim.c_save
2025-10-31 12:29:27,664 [INFO] CodeEngine:289 - Generated code: C:\Users\USER\STM32CubeIDE\workspace_1.19.0\Hip-Pro_Hardware_V1.2\HardwareV1.2\Core\Src\stm32f1xx_hal_timebase_tim.c
2025-10-31 12:29:27,674 [INFO] CodeEngine:321 - oldGeneratedFile, C:\Users\USER\STM32CubeIDE\workspace_1.19.0\Hip-Pro_Hardware_V1.2\HardwareV1.2\Core\Inc\stm32f1xx_hal_conf.h_save
2025-10-31 12:29:27,731 [INFO] CodeEngine:345 - Generated code: C:\Users\USER\STM32CubeIDE\workspace_1.19.0\Hip-Pro_Hardware_V1.2\HardwareV1.2\Core\Inc\stm32f1xx_hal_conf.h
2025-10-31 12:29:27,754 [INFO] ApiDbMcu:532 - Load IP Config File for ADC1
2025-10-31 12:29:27,756 [INFO] ApiDbMcu:532 - Load IP Config File for IWDG
2025-10-31 12:29:27,759 [INFO] ApiDbMcu:532 - Load IP Config File for RTC
2025-10-31 12:29:27,761 [INFO] ApiDbMcu:532 - Load IP Config File for RCC
2025-10-31 12:29:27,773 [INFO] CodeEngine:265 - oldGeneratedFile, C:\Users\USER\STM32CubeIDE\workspace_1.19.0\Hip-Pro_Hardware_V1.2\HardwareV1.2\Core\Inc\main.h_save
2025-10-31 12:29:27,843 [INFO] CodeEngine:289 - Generated code: C:\Users\USER\STM32CubeIDE\workspace_1.19.0\Hip-Pro_Hardware_V1.2\HardwareV1.2\Core\Inc\main.h
2025-10-31 12:29:27,848 [INFO] CodeEngine:265 - oldGeneratedFile, C:\Users\USER\STM32CubeIDE\workspace_1.19.0\Hip-Pro_Hardware_V1.2\HardwareV1.2\Core\Src\main.c_save
2025-10-31 12:29:27,974 [INFO] CodeEngine:289 - Generated code: C:\Users\USER\STM32CubeIDE\workspace_1.19.0\Hip-Pro_Hardware_V1.2\HardwareV1.2\Core\Src\main.c
2025-10-31 12:29:28,370 [INFO] ProjectBuilder:3606 - Time for Copy HAL[1] : 158mS.
2025-10-31 12:29:28,377 [INFO] ProjectBuilder:5216 - Project Generator version: 4.7.0-B52
2025-10-31 12:29:28,451 [INFO] ConfigFileManager:1595 - The Die is : DIE414
2025-10-31 12:29:28,456 [INFO] ApiDbMcu:532 - Load IP Config File for FATFS
2025-10-31 12:29:28,461 [INFO] ApiDbMcu:532 - Load IP Config File for USB_DEVICE
2025-10-31 12:29:28,816 [INFO] LogOutputStream:77 - [STDOUT_REDIRECT] 
2025-10-31 12:29:29,847 [INFO] ProjectBuilder:5496 - Time for Generating toolchain IDE Files: 1469mS.
2025-10-31 12:29:29,850 [INFO] ProjectBuilder:3463 - Time for Copy CMSIS : 1mS.
2025-10-31 12:29:29,857 [INFO] ProjectBuilder:3463 - Time for Copy CMSIS : 0mS.
2025-10-31 12:44:24,278 [INFO] UtilMem:75 - End SaveConfig() Used Memory: 812062736 Bytes (952107008)
2025-10-31 12:44:27,026 [INFO] UtilMem:75 - End SaveConfig() Used Memory: 832314344 Bytes (952107008)
2025-10-31 12:44:27,445 [INFO] UtilMem:75 - End SaveConfig() Used Memory: 865528832 Bytes (952107008)
2025-10-31 12:44:27,726 [INFO] BlockDiagram:2775 - set Specific Code input for plugin: RTC
2025-10-31 12:44:27,726 [INFO] BlockDiagram:2775 - set Specific Code input for plugin: NVIC
2025-10-31 12:44:27,726 [INFO] BlockDiagram:2775 - set Specific Code input for plugin: FREERTOS
2025-10-31 12:44:27,727 [INFO] BlockDiagram:2775 - set Specific Code input for plugin: IWDG
2025-10-31 12:44:27,727 [INFO] BlockDiagram:2775 - set Specific Code input for plugin: DMA
2025-10-31 12:44:27,727 [INFO] BlockDiagram:2775 - set Specific Code input for plugin: SYS
2025-10-31 12:44:27,728 [INFO] BlockDiagram:2775 - set Specific Code input for plugin: GPIO
2025-10-31 12:44:27,728 [INFO] BlockDiagram:2775 - set Specific Code input for plugin: ADC
2025-10-31 12:44:27,728 [INFO] BlockDiagram:2775 - set Specific Code input for plugin: RCC
2025-10-31 12:44:27,729 [INFO] CodeGenerator:892 - code generatio: config db path: C:\ST\STM32CubeIDE_1.19.0\STM32CubeIDE\plugins\com.st.stm32cube.common.mx_6.15.0.202507011659\\db\
2025-10-31 12:44:27,733 [INFO] Argument:325 - Argument : hdmavalue: null
2025-10-31 12:44:27,733 [INFO] Argument:327 - 	 sub Args: 
2025-10-31 12:44:27,734 [INFO] Argument:325 - Argument : Instancevalue: DMA1_Channel1
2025-10-31 12:44:27,736 [INFO] Argument:335 - Argument : Instancevalue: DMA1_Channel1
2025-10-31 12:44:27,737 [INFO] Argument:325 - Argument : Initvalue: null
2025-10-31 12:44:27,737 [INFO] Argument:327 - 	 sub Args: 
2025-10-31 12:44:27,737 [INFO] Argument:325 - Argument : Directionvalue: DMA_PERIPH_TO_MEMORY
2025-10-31 12:44:27,737 [INFO] Argument:335 - Argument : Directionvalue: DMA_PERIPH_TO_MEMORY
2025-10-31 12:44:27,737 [INFO] Argument:325 - Argument : PeriphIncvalue: DMA_PINC_DISABLE
2025-10-31 12:44:27,737 [INFO] Argument:335 - Argument : PeriphIncvalue: DMA_PINC_DISABLE
2025-10-31 12:44:27,738 [INFO] Argument:325 - Argument : MemIncvalue: DMA_MINC_ENABLE
2025-10-31 12:44:27,738 [INFO] Argument:335 - Argument : MemIncvalue: DMA_MINC_ENABLE
2025-10-31 12:44:27,738 [INFO] Argument:325 - Argument : PeriphDataAlignmentvalue: DMA_PDATAALIGN_HALFWORD
2025-10-31 12:44:27,738 [INFO] Argument:335 - Argument : PeriphDataAlignmentvalue: DMA_PDATAALIGN_HALFWORD
2025-10-31 12:44:27,738 [INFO] Argument:325 - Argument : MemDataAlignmentvalue: DMA_MDATAALIGN_HALFWORD
2025-10-31 12:44:27,738 [INFO] Argument:335 - Argument : MemDataAlignmentvalue: DMA_MDATAALIGN_HALFWORD
2025-10-31 12:44:27,738 [INFO] Argument:325 - Argument : Modevalue: DMA_CIRCULAR
2025-10-31 12:44:27,738 [INFO] Argument:335 - Argument : Modevalue: DMA_CIRCULAR
2025-10-31 12:44:27,738 [INFO] Argument:325 - Argument : Priorityvalue: DMA_PRIORITY_LOW
2025-10-31 12:44:27,738 [INFO] Argument:335 - Argument : Priorityvalue: DMA_PRIORITY_LOW
2025-10-31 12:44:27,738 [INFO] Argument:325 - Argument : Lockvalue: null
2025-10-31 12:44:27,739 [INFO] Argument:335 - Argument : Lockvalue: null
2025-10-31 12:44:27,739 [INFO] Argument:325 - Argument : Statevalue: null
2025-10-31 12:44:27,739 [INFO] Argument:335 - Argument : Statevalue: null
2025-10-31 12:44:27,739 [INFO] Argument:325 - Argument : Parentvalue: null
2025-10-31 12:44:27,739 [INFO] Argument:335 - Argument : Parentvalue: null
2025-10-31 12:44:27,739 [INFO] Argument:325 - Argument : XferCpltCallbackvalue: null
2025-10-31 12:44:27,739 [INFO] Argument:335 - Argument : XferCpltCallbackvalue: null
2025-10-31 12:44:27,739 [INFO] Argument:325 - Argument : XferHalfCpltCallbackvalue: null
2025-10-31 12:44:27,739 [INFO] Argument:335 - Argument : XferHalfCpltCallbackvalue: null
2025-10-31 12:44:27,739 [INFO] Argument:325 - Argument : XferErrorCallbackvalue: null
2025-10-31 12:44:27,739 [INFO] Argument:335 - Argument : XferErrorCallbackvalue: null
2025-10-31 12:44:27,740 [INFO] Argument:325 - Argument : ErrorCodevalue: null
2025-10-31 12:44:27,740 [INFO] Argument:335 - Argument : ErrorCodevalue: null
2025-10-31 12:44:27,843 [INFO] CodeEngine:265 - oldGeneratedFile, C:\Users\USER\STM32CubeIDE\workspace_1.19.0\Hip-Pro_Hardware_V1.2\HardwareV1.2\MXTmpFiles\license.tmp_save
2025-10-31 12:44:28,146 [INFO] CodeEngine:289 - Generated code: C:\Users\USER\STM32CubeIDE\workspace_1.19.0\Hip-Pro_Hardware_V1.2\HardwareV1.2\MXTmpFiles\license.tmp
2025-10-31 12:44:28,187 [INFO] CodeEngine:265 - oldGeneratedFile, C:\Users\USER\STM32CubeIDE\workspace_1.19.0\Hip-Pro_Hardware_V1.2\HardwareV1.2\MXTmpFiles\gpio.tmp_save
2025-10-31 12:44:28,336 [INFO] CodeEngine:289 - Generated code: C:\Users\USER\STM32CubeIDE\workspace_1.19.0\Hip-Pro_Hardware_V1.2\HardwareV1.2\MXTmpFiles\gpio.tmp
2025-10-31 12:44:28,473 [INFO] Middleware:1452 - No code input for Bsp Dependency
2025-10-31 12:44:28,480 [INFO] CodeEngine:265 - oldGeneratedFile, C:\Users\USER\STM32CubeIDE\workspace_1.19.0\Hip-Pro_Hardware_V1.2\HardwareV1.2\MXTmpFiles\rtos_inc.tmp_save
2025-10-31 12:44:28,552 [INFO] CodeEngine:289 - Generated code: C:\Users\USER\STM32CubeIDE\workspace_1.19.0\Hip-Pro_Hardware_V1.2\HardwareV1.2\MXTmpFiles\rtos_inc.tmp
2025-10-31 12:44:28,557 [INFO] CodeEngine:265 - oldGeneratedFile, C:\Users\USER\STM32CubeIDE\workspace_1.19.0\Hip-Pro_Hardware_V1.2\HardwareV1.2\MXTmpFiles\rtos_vars.tmp_save
2025-10-31 12:44:28,623 [INFO] CodeEngine:289 - Generated code: C:\Users\USER\STM32CubeIDE\workspace_1.19.0\Hip-Pro_Hardware_V1.2\HardwareV1.2\MXTmpFiles\rtos_vars.tmp
2025-10-31 12:44:28,628 [INFO] CodeEngine:265 - oldGeneratedFile, C:\Users\USER\STM32CubeIDE\workspace_1.19.0\Hip-Pro_Hardware_V1.2\HardwareV1.2\MXTmpFiles\rtos_pfp.tmp_save
2025-10-31 12:44:28,687 [INFO] CodeEngine:289 - Generated code: C:\Users\USER\STM32CubeIDE\workspace_1.19.0\Hip-Pro_Hardware_V1.2\HardwareV1.2\MXTmpFiles\rtos_pfp.tmp
2025-10-31 12:44:28,691 [INFO] CodeEngine:265 - oldGeneratedFile, C:\Users\USER\STM32CubeIDE\workspace_1.19.0\Hip-Pro_Hardware_V1.2\HardwareV1.2\MXTmpFiles\rtos_obj_creat.tmp_save
2025-10-31 12:44:28,750 [INFO] CodeEngine:289 - Generated code: C:\Users\USER\STM32CubeIDE\workspace_1.19.0\Hip-Pro_Hardware_V1.2\HardwareV1.2\MXTmpFiles\rtos_obj_creat.tmp
2025-10-31 12:44:28,755 [INFO] CodeEngine:265 - oldGeneratedFile, C:\Users\USER\STM32CubeIDE\workspace_1.19.0\Hip-Pro_Hardware_V1.2\HardwareV1.2\MXTmpFiles\rtos_kernelStart.tmp_save
2025-10-31 12:44:28,806 [INFO] CodeEngine:289 - Generated code: C:\Users\USER\STM32CubeIDE\workspace_1.19.0\Hip-Pro_Hardware_V1.2\HardwareV1.2\MXTmpFiles\rtos_kernelStart.tmp
2025-10-31 12:44:28,810 [INFO] CodeEngine:265 - oldGeneratedFile, C:\Users\USER\STM32CubeIDE\workspace_1.19.0\Hip-Pro_Hardware_V1.2\HardwareV1.2\MXTmpFiles\rtos_default_thread.tmp_save
2025-10-31 12:44:28,859 [INFO] CodeEngine:289 - Generated code: C:\Users\USER\STM32CubeIDE\workspace_1.19.0\Hip-Pro_Hardware_V1.2\HardwareV1.2\MXTmpFiles\rtos_default_thread.tmp
2025-10-31 12:44:28,864 [INFO] CodeEngine:265 - oldGeneratedFile, C:\Users\USER\STM32CubeIDE\workspace_1.19.0\Hip-Pro_Hardware_V1.2\HardwareV1.2\MXTmpFiles\rtos_threads.tmp_save
2025-10-31 12:44:28,913 [INFO] CodeEngine:289 - Generated code: C:\Users\USER\STM32CubeIDE\workspace_1.19.0\Hip-Pro_Hardware_V1.2\HardwareV1.2\MXTmpFiles\rtos_threads.tmp
2025-10-31 12:44:28,927 [INFO] Middleware:1452 - No code input for Bsp Dependency
2025-10-31 12:44:28,934 [INFO] CodeEngine:265 - oldGeneratedFile, C:\Users\USER\STM32CubeIDE\workspace_1.19.0\Hip-Pro_Hardware_V1.2\HardwareV1.2\MXTmpFiles\rtos_inc.tmp_save
2025-10-31 12:44:28,983 [INFO] CodeEngine:289 - Generated code: C:\Users\USER\STM32CubeIDE\workspace_1.19.0\Hip-Pro_Hardware_V1.2\HardwareV1.2\MXTmpFiles\rtos_inc.tmp
2025-10-31 12:44:28,988 [INFO] CodeEngine:265 - oldGeneratedFile, C:\Users\USER\STM32CubeIDE\workspace_1.19.0\Hip-Pro_Hardware_V1.2\HardwareV1.2\MXTmpFiles\rtos_vars.tmp_save
2025-10-31 12:44:29,040 [INFO] CodeEngine:289 - Generated code: C:\Users\USER\STM32CubeIDE\workspace_1.19.0\Hip-Pro_Hardware_V1.2\HardwareV1.2\MXTmpFiles\rtos_vars.tmp
2025-10-31 12:44:29,045 [INFO] CodeEngine:265 - oldGeneratedFile, C:\Users\USER\STM32CubeIDE\workspace_1.19.0\Hip-Pro_Hardware_V1.2\HardwareV1.2\MXTmpFiles\rtos_pfp.tmp_save
2025-10-31 12:44:29,096 [INFO] CodeEngine:289 - Generated code: C:\Users\USER\STM32CubeIDE\workspace_1.19.0\Hip-Pro_Hardware_V1.2\HardwareV1.2\MXTmpFiles\rtos_pfp.tmp
2025-10-31 12:44:29,102 [INFO] CodeEngine:265 - oldGeneratedFile, C:\Users\USER\STM32CubeIDE\workspace_1.19.0\Hip-Pro_Hardware_V1.2\HardwareV1.2\MXTmpFiles\rtos_obj_creat.tmp_save
2025-10-31 12:44:29,162 [INFO] CodeEngine:289 - Generated code: C:\Users\USER\STM32CubeIDE\workspace_1.19.0\Hip-Pro_Hardware_V1.2\HardwareV1.2\MXTmpFiles\rtos_obj_creat.tmp
2025-10-31 12:44:29,169 [INFO] CodeEngine:265 - oldGeneratedFile, C:\Users\USER\STM32CubeIDE\workspace_1.19.0\Hip-Pro_Hardware_V1.2\HardwareV1.2\MXTmpFiles\rtos_kernelStart.tmp_save
2025-10-31 12:44:29,219 [INFO] CodeEngine:289 - Generated code: C:\Users\USER\STM32CubeIDE\workspace_1.19.0\Hip-Pro_Hardware_V1.2\HardwareV1.2\MXTmpFiles\rtos_kernelStart.tmp
2025-10-31 12:44:29,224 [INFO] CodeEngine:265 - oldGeneratedFile, C:\Users\USER\STM32CubeIDE\workspace_1.19.0\Hip-Pro_Hardware_V1.2\HardwareV1.2\MXTmpFiles\rtos_default_thread.tmp_save
2025-10-31 12:44:29,274 [INFO] CodeEngine:289 - Generated code: C:\Users\USER\STM32CubeIDE\workspace_1.19.0\Hip-Pro_Hardware_V1.2\HardwareV1.2\MXTmpFiles\rtos_default_thread.tmp
2025-10-31 12:44:29,280 [INFO] CodeEngine:265 - oldGeneratedFile, C:\Users\USER\STM32CubeIDE\workspace_1.19.0\Hip-Pro_Hardware_V1.2\HardwareV1.2\MXTmpFiles\rtos_threads.tmp_save
2025-10-31 12:44:29,327 [INFO] CodeEngine:289 - Generated code: C:\Users\USER\STM32CubeIDE\workspace_1.19.0\Hip-Pro_Hardware_V1.2\HardwareV1.2\MXTmpFiles\rtos_threads.tmp
2025-10-31 12:44:29,333 [INFO] CodeEngine:265 - oldGeneratedFile, C:\Users\USER\STM32CubeIDE\workspace_1.19.0\Hip-Pro_Hardware_V1.2\HardwareV1.2\Core\Inc\FreeRTOSConfig.h_save
2025-10-31 12:44:29,399 [INFO] CodeEngine:289 - Generated code: C:\Users\USER\STM32CubeIDE\workspace_1.19.0\Hip-Pro_Hardware_V1.2\HardwareV1.2\Core\Inc\FreeRTOSConfig.h
2025-10-31 12:44:29,405 [INFO] CodeEngine:265 - oldGeneratedFile, C:\Users\USER\STM32CubeIDE\workspace_1.19.0\Hip-Pro_Hardware_V1.2\HardwareV1.2\Core\Src\freertos.c_save
2025-10-31 12:44:29,466 [INFO] CodeEngine:289 - Generated code: C:\Users\USER\STM32CubeIDE\workspace_1.19.0\Hip-Pro_Hardware_V1.2\HardwareV1.2\Core\Src\freertos.c
2025-10-31 12:44:29,478 [INFO] CodeEngine:265 - oldGeneratedFile, C:\Users\USER\STM32CubeIDE\workspace_1.19.0\Hip-Pro_Hardware_V1.2\HardwareV1.2\MXTmpFiles\dma.tmp_save
2025-10-31 12:44:29,530 [INFO] CodeEngine:289 - Generated code: C:\Users\USER\STM32CubeIDE\workspace_1.19.0\Hip-Pro_Hardware_V1.2\HardwareV1.2\MXTmpFiles\dma.tmp
2025-10-31 12:44:29,535 [INFO] CodeEngine:265 - oldGeneratedFile, C:\Users\USER\STM32CubeIDE\workspace_1.19.0\Hip-Pro_Hardware_V1.2\HardwareV1.2\MXTmpFiles\dma_GV.tmp_save
2025-10-31 12:44:29,582 [INFO] CodeEngine:289 - Generated code: C:\Users\USER\STM32CubeIDE\workspace_1.19.0\Hip-Pro_Hardware_V1.2\HardwareV1.2\MXTmpFiles\dma_GV.tmp
2025-10-31 12:44:29,592 [INFO] CodeEngine:265 - oldGeneratedFile, C:\Users\USER\STM32CubeIDE\workspace_1.19.0\Hip-Pro_Hardware_V1.2\HardwareV1.2\Core\Src\stm32f1xx_it.c_save
2025-10-31 12:44:29,729 [INFO] CodeEngine:289 - Generated code: C:\Users\USER\STM32CubeIDE\workspace_1.19.0\Hip-Pro_Hardware_V1.2\HardwareV1.2\Core\Src\stm32f1xx_it.c
2025-10-31 12:44:29,735 [INFO] CodeEngine:265 - oldGeneratedFile, C:\Users\USER\STM32CubeIDE\workspace_1.19.0\Hip-Pro_Hardware_V1.2\HardwareV1.2\Core\Inc\stm32f1xx_it.h_save
2025-10-31 12:44:29,791 [INFO] CodeEngine:289 - Generated code: C:\Users\USER\STM32CubeIDE\workspace_1.19.0\Hip-Pro_Hardware_V1.2\HardwareV1.2\Core\Inc\stm32f1xx_it.h
2025-10-31 12:44:29,805 [INFO] CodeEngine:265 - oldGeneratedFile, C:\Users\USER\STM32CubeIDE\workspace_1.19.0\Hip-Pro_Hardware_V1.2\HardwareV1.2\Core\Src\stm32f1xx_hal_msp.c_save
2025-10-31 12:44:29,900 [INFO] CodeEngine:289 - Generated code: C:\Users\USER\STM32CubeIDE\workspace_1.19.0\Hip-Pro_Hardware_V1.2\HardwareV1.2\Core\Src\stm32f1xx_hal_msp.c
2025-10-31 12:44:29,907 [INFO] CodeEngine:265 - oldGeneratedFile, C:\Users\USER\STM32CubeIDE\workspace_1.19.0\Hip-Pro_Hardware_V1.2\HardwareV1.2\MXTmpFiles\system.tmp_save
2025-10-31 12:44:29,957 [INFO] CodeEngine:289 - Generated code: C:\Users\USER\STM32CubeIDE\workspace_1.19.0\Hip-Pro_Hardware_V1.2\HardwareV1.2\MXTmpFiles\system.tmp
2025-10-31 12:44:29,962 [INFO] CodeEngine:265 - oldGeneratedFile, C:\Users\USER\STM32CubeIDE\workspace_1.19.0\Hip-Pro_Hardware_V1.2\HardwareV1.2\Core\Src\stm32f1xx_hal_timebase_tim.c_save
2025-10-31 12:44:30,019 [INFO] CodeEngine:289 - Generated code: C:\Users\USER\STM32CubeIDE\workspace_1.19.0\Hip-Pro_Hardware_V1.2\HardwareV1.2\Core\Src\stm32f1xx_hal_timebase_tim.c
2025-10-31 12:44:30,030 [INFO] CodeEngine:321 - oldGeneratedFile, C:\Users\USER\STM32CubeIDE\workspace_1.19.0\Hip-Pro_Hardware_V1.2\HardwareV1.2\Core\Inc\stm32f1xx_hal_conf.h_save
2025-10-31 12:44:30,087 [INFO] CodeEngine:345 - Generated code: C:\Users\USER\STM32CubeIDE\workspace_1.19.0\Hip-Pro_Hardware_V1.2\HardwareV1.2\Core\Inc\stm32f1xx_hal_conf.h
2025-10-31 12:44:30,114 [INFO] CodeEngine:265 - oldGeneratedFile, C:\Users\USER\STM32CubeIDE\workspace_1.19.0\Hip-Pro_Hardware_V1.2\HardwareV1.2\Core\Inc\main.h_save
2025-10-31 12:44:30,186 [INFO] CodeEngine:289 - Generated code: C:\Users\USER\STM32CubeIDE\workspace_1.19.0\Hip-Pro_Hardware_V1.2\HardwareV1.2\Core\Inc\main.h
2025-10-31 12:44:30,191 [INFO] CodeEngine:265 - oldGeneratedFile, C:\Users\USER\STM32CubeIDE\workspace_1.19.0\Hip-Pro_Hardware_V1.2\HardwareV1.2\Core\Src\main.c_save
2025-10-31 12:44:30,289 [INFO] CodeEngine:289 - Generated code: C:\Users\USER\STM32CubeIDE\workspace_1.19.0\Hip-Pro_Hardware_V1.2\HardwareV1.2\Core\Src\main.c
2025-10-31 12:44:30,598 [INFO] ProjectBuilder:3606 - Time for Copy HAL[1] : 147mS.
2025-10-31 12:44:30,601 [INFO] ProjectBuilder:5216 - Project Generator version: 4.7.0-B52
2025-10-31 12:44:30,666 [INFO] ConfigFileManager:1595 - The Die is : DIE414
2025-10-31 12:44:31,737 [INFO] ProjectBuilder:5496 - Time for Generating toolchain IDE Files: 1136mS.
2025-10-31 12:44:31,738 [INFO] ProjectBuilder:3463 - Time for Copy CMSIS : 1mS.
2025-10-31 12:44:31,745 [INFO] ProjectBuilder:3463 - Time for Copy CMSIS : 1mS.
2025-10-31 12:54:16,718 [INFO] NvicIntPanel:101 - NVIC parent = com.st.microxplorer.plugins.ip.nvic.MultiNvicIntPanel[,0,0,527x460,layout=javax.swing.BoxLayout,alignmentX=0.0,alignmentY=0.0,border=,flags=9,maximumSize=,minimumSize=,preferredSize=]
2025-10-31 14:23:27,094 [INFO] UtilMem:75 - End SaveConfig() Used Memory: 627937232 Bytes (961544192)
2025-10-31 14:23:28,229 [INFO] UtilMem:75 - End SaveConfig() Used Memory: 651532240 Bytes (961544192)
2025-10-31 14:23:28,383 [INFO] UtilMem:75 - End SaveConfig() Used Memory: 674600912 Bytes (961544192)
2025-10-31 14:23:28,666 [INFO] BlockDiagram:2775 - set Specific Code input for plugin: RTC
2025-10-31 14:23:28,666 [INFO] BlockDiagram:2775 - set Specific Code input for plugin: NVIC
2025-10-31 14:23:28,666 [INFO] BlockDiagram:2775 - set Specific Code input for plugin: FREERTOS
2025-10-31 14:23:28,666 [INFO] BlockDiagram:2775 - set Specific Code input for plugin: IWDG
2025-10-31 14:23:28,667 [INFO] BlockDiagram:2775 - set Specific Code input for plugin: DMA
2025-10-31 14:23:28,667 [INFO] BlockDiagram:2775 - set Specific Code input for plugin: SYS
2025-10-31 14:23:28,667 [INFO] BlockDiagram:2775 - set Specific Code input for plugin: GPIO
2025-10-31 14:23:28,667 [INFO] BlockDiagram:2775 - set Specific Code input for plugin: ADC
2025-10-31 14:23:28,667 [INFO] BlockDiagram:2775 - set Specific Code input for plugin: RCC
2025-10-31 14:23:28,668 [INFO] CodeGenerator:892 - code generatio: config db path: C:\ST\STM32CubeIDE_1.19.0\STM32CubeIDE\plugins\com.st.stm32cube.common.mx_6.15.0.202507011659\\db\
2025-10-31 14:23:28,672 [INFO] Argument:325 - Argument : hdmavalue: null
2025-10-31 14:23:28,672 [INFO] Argument:327 - 	 sub Args: 
2025-10-31 14:23:28,672 [INFO] Argument:325 - Argument : Instancevalue: DMA1_Channel1
2025-10-31 14:23:28,673 [INFO] Argument:335 - Argument : Instancevalue: DMA1_Channel1
2025-10-31 14:23:28,673 [INFO] Argument:325 - Argument : Initvalue: null
2025-10-31 14:23:28,673 [INFO] Argument:327 - 	 sub Args: 
2025-10-31 14:23:28,673 [INFO] Argument:325 - Argument : Directionvalue: DMA_PERIPH_TO_MEMORY
2025-10-31 14:23:28,674 [INFO] Argument:335 - Argument : Directionvalue: DMA_PERIPH_TO_MEMORY
2025-10-31 14:23:28,674 [INFO] Argument:325 - Argument : PeriphIncvalue: DMA_PINC_DISABLE
2025-10-31 14:23:28,674 [INFO] Argument:335 - Argument : PeriphIncvalue: DMA_PINC_DISABLE
2025-10-31 14:23:28,674 [INFO] Argument:325 - Argument : MemIncvalue: DMA_MINC_ENABLE
2025-10-31 14:23:28,674 [INFO] Argument:335 - Argument : MemIncvalue: DMA_MINC_ENABLE
2025-10-31 14:23:28,674 [INFO] Argument:325 - Argument : PeriphDataAlignmentvalue: DMA_PDATAALIGN_HALFWORD
2025-10-31 14:23:28,674 [INFO] Argument:335 - Argument : PeriphDataAlignmentvalue: DMA_PDATAALIGN_HALFWORD
2025-10-31 14:23:28,674 [INFO] Argument:325 - Argument : MemDataAlignmentvalue: DMA_MDATAALIGN_HALFWORD
2025-10-31 14:23:28,674 [INFO] Argument:335 - Argument : MemDataAlignmentvalue: DMA_MDATAALIGN_HALFWORD
2025-10-31 14:23:28,674 [INFO] Argument:325 - Argument : Modevalue: DMA_CIRCULAR
2025-10-31 14:23:28,674 [INFO] Argument:335 - Argument : Modevalue: DMA_CIRCULAR
2025-10-31 14:23:28,674 [INFO] Argument:325 - Argument : Priorityvalue: DMA_PRIORITY_LOW
2025-10-31 14:23:28,674 [INFO] Argument:335 - Argument : Priorityvalue: DMA_PRIORITY_LOW
2025-10-31 14:23:28,675 [INFO] Argument:325 - Argument : Lockvalue: null
2025-10-31 14:23:28,675 [INFO] Argument:335 - Argument : Lockvalue: null
2025-10-31 14:23:28,675 [INFO] Argument:325 - Argument : Statevalue: null
2025-10-31 14:23:28,675 [INFO] Argument:335 - Argument : Statevalue: null
2025-10-31 14:23:28,675 [INFO] Argument:325 - Argument : Parentvalue: null
2025-10-31 14:23:28,675 [INFO] Argument:335 - Argument : Parentvalue: null
2025-10-31 14:23:28,675 [INFO] Argument:325 - Argument : XferCpltCallbackvalue: null
2025-10-31 14:23:28,675 [INFO] Argument:335 - Argument : XferCpltCallbackvalue: null
2025-10-31 14:23:28,675 [INFO] Argument:325 - Argument : XferHalfCpltCallbackvalue: null
2025-10-31 14:23:28,675 [INFO] Argument:335 - Argument : XferHalfCpltCallbackvalue: null
2025-10-31 14:23:28,675 [INFO] Argument:325 - Argument : XferErrorCallbackvalue: null
2025-10-31 14:23:28,675 [INFO] Argument:335 - Argument : XferErrorCallbackvalue: null
2025-10-31 14:23:28,675 [INFO] Argument:325 - Argument : ErrorCodevalue: null
2025-10-31 14:23:28,675 [INFO] Argument:335 - Argument : ErrorCodevalue: null
2025-10-31 14:23:28,750 [INFO] CodeEngine:265 - oldGeneratedFile, C:\Users\USER\STM32CubeIDE\workspace_1.19.0\Hip-Pro_Hardware_V1.2\HardwareV1.2\MXTmpFiles\license.tmp_save
2025-10-31 14:23:29,011 [INFO] CodeEngine:289 - Generated code: C:\Users\USER\STM32CubeIDE\workspace_1.19.0\Hip-Pro_Hardware_V1.2\HardwareV1.2\MXTmpFiles\license.tmp
2025-10-31 14:23:29,051 [INFO] CodeEngine:265 - oldGeneratedFile, C:\Users\USER\STM32CubeIDE\workspace_1.19.0\Hip-Pro_Hardware_V1.2\HardwareV1.2\MXTmpFiles\gpio.tmp_save
2025-10-31 14:23:29,213 [INFO] CodeEngine:289 - Generated code: C:\Users\USER\STM32CubeIDE\workspace_1.19.0\Hip-Pro_Hardware_V1.2\HardwareV1.2\MXTmpFiles\gpio.tmp
2025-10-31 14:23:29,396 [INFO] Middleware:1452 - No code input for Bsp Dependency
2025-10-31 14:23:29,408 [INFO] CodeEngine:265 - oldGeneratedFile, C:\Users\USER\STM32CubeIDE\workspace_1.19.0\Hip-Pro_Hardware_V1.2\HardwareV1.2\MXTmpFiles\rtos_inc.tmp_save
2025-10-31 14:23:29,487 [INFO] CodeEngine:289 - Generated code: C:\Users\USER\STM32CubeIDE\workspace_1.19.0\Hip-Pro_Hardware_V1.2\HardwareV1.2\MXTmpFiles\rtos_inc.tmp
2025-10-31 14:23:29,492 [INFO] CodeEngine:265 - oldGeneratedFile, C:\Users\USER\STM32CubeIDE\workspace_1.19.0\Hip-Pro_Hardware_V1.2\HardwareV1.2\MXTmpFiles\rtos_vars.tmp_save
2025-10-31 14:23:29,564 [INFO] CodeEngine:289 - Generated code: C:\Users\USER\STM32CubeIDE\workspace_1.19.0\Hip-Pro_Hardware_V1.2\HardwareV1.2\MXTmpFiles\rtos_vars.tmp
2025-10-31 14:23:29,570 [INFO] CodeEngine:265 - oldGeneratedFile, C:\Users\USER\STM32CubeIDE\workspace_1.19.0\Hip-Pro_Hardware_V1.2\HardwareV1.2\MXTmpFiles\rtos_pfp.tmp_save
2025-10-31 14:23:29,630 [INFO] CodeEngine:289 - Generated code: C:\Users\USER\STM32CubeIDE\workspace_1.19.0\Hip-Pro_Hardware_V1.2\HardwareV1.2\MXTmpFiles\rtos_pfp.tmp
2025-10-31 14:23:29,635 [INFO] CodeEngine:265 - oldGeneratedFile, C:\Users\USER\STM32CubeIDE\workspace_1.19.0\Hip-Pro_Hardware_V1.2\HardwareV1.2\MXTmpFiles\rtos_obj_creat.tmp_save
2025-10-31 14:23:29,700 [INFO] CodeEngine:289 - Generated code: C:\Users\USER\STM32CubeIDE\workspace_1.19.0\Hip-Pro_Hardware_V1.2\HardwareV1.2\MXTmpFiles\rtos_obj_creat.tmp
2025-10-31 14:23:29,707 [INFO] CodeEngine:265 - oldGeneratedFile, C:\Users\USER\STM32CubeIDE\workspace_1.19.0\Hip-Pro_Hardware_V1.2\HardwareV1.2\MXTmpFiles\rtos_kernelStart.tmp_save
2025-10-31 14:23:29,765 [INFO] CodeEngine:289 - Generated code: C:\Users\USER\STM32CubeIDE\workspace_1.19.0\Hip-Pro_Hardware_V1.2\HardwareV1.2\MXTmpFiles\rtos_kernelStart.tmp
2025-10-31 14:23:29,772 [INFO] CodeEngine:265 - oldGeneratedFile, C:\Users\USER\STM32CubeIDE\workspace_1.19.0\Hip-Pro_Hardware_V1.2\HardwareV1.2\MXTmpFiles\rtos_default_thread.tmp_save
2025-10-31 14:23:29,830 [INFO] CodeEngine:289 - Generated code: C:\Users\USER\STM32CubeIDE\workspace_1.19.0\Hip-Pro_Hardware_V1.2\HardwareV1.2\MXTmpFiles\rtos_default_thread.tmp
2025-10-31 14:23:29,837 [INFO] CodeEngine:265 - oldGeneratedFile, C:\Users\USER\STM32CubeIDE\workspace_1.19.0\Hip-Pro_Hardware_V1.2\HardwareV1.2\MXTmpFiles\rtos_threads.tmp_save
2025-10-31 14:23:29,889 [INFO] CodeEngine:289 - Generated code: C:\Users\USER\STM32CubeIDE\workspace_1.19.0\Hip-Pro_Hardware_V1.2\HardwareV1.2\MXTmpFiles\rtos_threads.tmp
2025-10-31 14:23:29,903 [INFO] Middleware:1452 - No code input for Bsp Dependency
2025-10-31 14:23:29,912 [INFO] CodeEngine:265 - oldGeneratedFile, C:\Users\USER\STM32CubeIDE\workspace_1.19.0\Hip-Pro_Hardware_V1.2\HardwareV1.2\MXTmpFiles\rtos_inc.tmp_save
2025-10-31 14:23:29,966 [INFO] CodeEngine:289 - Generated code: C:\Users\USER\STM32CubeIDE\workspace_1.19.0\Hip-Pro_Hardware_V1.2\HardwareV1.2\MXTmpFiles\rtos_inc.tmp
2025-10-31 14:23:29,972 [INFO] CodeEngine:265 - oldGeneratedFile, C:\Users\USER\STM32CubeIDE\workspace_1.19.0\Hip-Pro_Hardware_V1.2\HardwareV1.2\MXTmpFiles\rtos_vars.tmp_save
2025-10-31 14:23:30,024 [INFO] CodeEngine:289 - Generated code: C:\Users\USER\STM32CubeIDE\workspace_1.19.0\Hip-Pro_Hardware_V1.2\HardwareV1.2\MXTmpFiles\rtos_vars.tmp
2025-10-31 14:23:30,029 [INFO] CodeEngine:265 - oldGeneratedFile, C:\Users\USER\STM32CubeIDE\workspace_1.19.0\Hip-Pro_Hardware_V1.2\HardwareV1.2\MXTmpFiles\rtos_pfp.tmp_save
2025-10-31 14:23:30,078 [INFO] CodeEngine:289 - Generated code: C:\Users\USER\STM32CubeIDE\workspace_1.19.0\Hip-Pro_Hardware_V1.2\HardwareV1.2\MXTmpFiles\rtos_pfp.tmp
2025-10-31 14:23:30,084 [INFO] CodeEngine:265 - oldGeneratedFile, C:\Users\USER\STM32CubeIDE\workspace_1.19.0\Hip-Pro_Hardware_V1.2\HardwareV1.2\MXTmpFiles\rtos_obj_creat.tmp_save
2025-10-31 14:23:30,135 [INFO] CodeEngine:289 - Generated code: C:\Users\USER\STM32CubeIDE\workspace_1.19.0\Hip-Pro_Hardware_V1.2\HardwareV1.2\MXTmpFiles\rtos_obj_creat.tmp
2025-10-31 14:23:30,141 [INFO] CodeEngine:265 - oldGeneratedFile, C:\Users\USER\STM32CubeIDE\workspace_1.19.0\Hip-Pro_Hardware_V1.2\HardwareV1.2\MXTmpFiles\rtos_kernelStart.tmp_save
2025-10-31 14:23:30,203 [INFO] CodeEngine:289 - Generated code: C:\Users\USER\STM32CubeIDE\workspace_1.19.0\Hip-Pro_Hardware_V1.2\HardwareV1.2\MXTmpFiles\rtos_kernelStart.tmp
2025-10-31 14:23:30,209 [INFO] CodeEngine:265 - oldGeneratedFile, C:\Users\USER\STM32CubeIDE\workspace_1.19.0\Hip-Pro_Hardware_V1.2\HardwareV1.2\MXTmpFiles\rtos_default_thread.tmp_save
2025-10-31 14:23:30,258 [INFO] CodeEngine:289 - Generated code: C:\Users\USER\STM32CubeIDE\workspace_1.19.0\Hip-Pro_Hardware_V1.2\HardwareV1.2\MXTmpFiles\rtos_default_thread.tmp
2025-10-31 14:23:30,263 [INFO] CodeEngine:265 - oldGeneratedFile, C:\Users\USER\STM32CubeIDE\workspace_1.19.0\Hip-Pro_Hardware_V1.2\HardwareV1.2\MXTmpFiles\rtos_threads.tmp_save
2025-10-31 14:23:30,312 [INFO] CodeEngine:289 - Generated code: C:\Users\USER\STM32CubeIDE\workspace_1.19.0\Hip-Pro_Hardware_V1.2\HardwareV1.2\MXTmpFiles\rtos_threads.tmp
2025-10-31 14:23:30,317 [INFO] CodeEngine:265 - oldGeneratedFile, C:\Users\USER\STM32CubeIDE\workspace_1.19.0\Hip-Pro_Hardware_V1.2\HardwareV1.2\Core\Inc\FreeRTOSConfig.h_save
2025-10-31 14:23:30,381 [INFO] CodeEngine:289 - Generated code: C:\Users\USER\STM32CubeIDE\workspace_1.19.0\Hip-Pro_Hardware_V1.2\HardwareV1.2\Core\Inc\FreeRTOSConfig.h
2025-10-31 14:23:30,387 [INFO] CodeEngine:265 - oldGeneratedFile, C:\Users\USER\STM32CubeIDE\workspace_1.19.0\Hip-Pro_Hardware_V1.2\HardwareV1.2\Core\Src\freertos.c_save
2025-10-31 14:23:30,444 [INFO] CodeEngine:289 - Generated code: C:\Users\USER\STM32CubeIDE\workspace_1.19.0\Hip-Pro_Hardware_V1.2\HardwareV1.2\Core\Src\freertos.c
2025-10-31 14:23:30,456 [INFO] CodeEngine:265 - oldGeneratedFile, C:\Users\USER\STM32CubeIDE\workspace_1.19.0\Hip-Pro_Hardware_V1.2\HardwareV1.2\MXTmpFiles\dma.tmp_save
2025-10-31 14:23:30,508 [INFO] CodeEngine:289 - Generated code: C:\Users\USER\STM32CubeIDE\workspace_1.19.0\Hip-Pro_Hardware_V1.2\HardwareV1.2\MXTmpFiles\dma.tmp
2025-10-31 14:23:30,512 [INFO] CodeEngine:265 - oldGeneratedFile, C:\Users\USER\STM32CubeIDE\workspace_1.19.0\Hip-Pro_Hardware_V1.2\HardwareV1.2\MXTmpFiles\dma_GV.tmp_save
2025-10-31 14:23:30,561 [INFO] CodeEngine:289 - Generated code: C:\Users\USER\STM32CubeIDE\workspace_1.19.0\Hip-Pro_Hardware_V1.2\HardwareV1.2\MXTmpFiles\dma_GV.tmp
2025-10-31 14:23:30,572 [INFO] CodeEngine:265 - oldGeneratedFile, C:\Users\USER\STM32CubeIDE\workspace_1.19.0\Hip-Pro_Hardware_V1.2\HardwareV1.2\Core\Src\stm32f1xx_it.c_save
2025-10-31 14:23:30,695 [INFO] CodeEngine:289 - Generated code: C:\Users\USER\STM32CubeIDE\workspace_1.19.0\Hip-Pro_Hardware_V1.2\HardwareV1.2\Core\Src\stm32f1xx_it.c
2025-10-31 14:23:30,700 [INFO] CodeEngine:265 - oldGeneratedFile, C:\Users\USER\STM32CubeIDE\workspace_1.19.0\Hip-Pro_Hardware_V1.2\HardwareV1.2\Core\Inc\stm32f1xx_it.h_save
2025-10-31 14:23:30,752 [INFO] CodeEngine:289 - Generated code: C:\Users\USER\STM32CubeIDE\workspace_1.19.0\Hip-Pro_Hardware_V1.2\HardwareV1.2\Core\Inc\stm32f1xx_it.h
2025-10-31 14:23:30,763 [INFO] CodeEngine:265 - oldGeneratedFile, C:\Users\USER\STM32CubeIDE\workspace_1.19.0\Hip-Pro_Hardware_V1.2\HardwareV1.2\Core\Src\stm32f1xx_hal_msp.c_save
2025-10-31 14:23:30,851 [INFO] CodeEngine:289 - Generated code: C:\Users\USER\STM32CubeIDE\workspace_1.19.0\Hip-Pro_Hardware_V1.2\HardwareV1.2\Core\Src\stm32f1xx_hal_msp.c
2025-10-31 14:23:30,856 [INFO] CodeEngine:265 - oldGeneratedFile, C:\Users\USER\STM32CubeIDE\workspace_1.19.0\Hip-Pro_Hardware_V1.2\HardwareV1.2\MXTmpFiles\system.tmp_save
2025-10-31 14:23:30,904 [INFO] CodeEngine:289 - Generated code: C:\Users\USER\STM32CubeIDE\workspace_1.19.0\Hip-Pro_Hardware_V1.2\HardwareV1.2\MXTmpFiles\system.tmp
2025-10-31 14:23:30,909 [INFO] CodeEngine:265 - oldGeneratedFile, C:\Users\USER\STM32CubeIDE\workspace_1.19.0\Hip-Pro_Hardware_V1.2\HardwareV1.2\Core\Src\stm32f1xx_hal_timebase_tim.c_save
2025-10-31 14:23:30,962 [INFO] CodeEngine:289 - Generated code: C:\Users\USER\STM32CubeIDE\workspace_1.19.0\Hip-Pro_Hardware_V1.2\HardwareV1.2\Core\Src\stm32f1xx_hal_timebase_tim.c
2025-10-31 14:23:30,972 [INFO] CodeEngine:321 - oldGeneratedFile, C:\Users\USER\STM32CubeIDE\workspace_1.19.0\Hip-Pro_Hardware_V1.2\HardwareV1.2\Core\Inc\stm32f1xx_hal_conf.h_save
2025-10-31 14:23:31,027 [INFO] CodeEngine:345 - Generated code: C:\Users\USER\STM32CubeIDE\workspace_1.19.0\Hip-Pro_Hardware_V1.2\HardwareV1.2\Core\Inc\stm32f1xx_hal_conf.h
2025-10-31 14:23:31,050 [INFO] CodeEngine:265 - oldGeneratedFile, C:\Users\USER\STM32CubeIDE\workspace_1.19.0\Hip-Pro_Hardware_V1.2\HardwareV1.2\Core\Inc\main.h_save
2025-10-31 14:23:31,119 [INFO] CodeEngine:289 - Generated code: C:\Users\USER\STM32CubeIDE\workspace_1.19.0\Hip-Pro_Hardware_V1.2\HardwareV1.2\Core\Inc\main.h
2025-10-31 14:23:31,124 [INFO] CodeEngine:265 - oldGeneratedFile, C:\Users\USER\STM32CubeIDE\workspace_1.19.0\Hip-Pro_Hardware_V1.2\HardwareV1.2\Core\Src\main.c_save
2025-10-31 14:23:31,221 [INFO] CodeEngine:289 - Generated code: C:\Users\USER\STM32CubeIDE\workspace_1.19.0\Hip-Pro_Hardware_V1.2\HardwareV1.2\Core\Src\main.c
2025-10-31 14:23:31,536 [INFO] ProjectBuilder:3606 - Time for Copy HAL[1] : 159mS.
2025-10-31 14:23:31,540 [INFO] ProjectBuilder:5216 - Project Generator version: 4.7.0-B52
2025-10-31 14:23:31,607 [INFO] ConfigFileManager:1595 - The Die is : DIE414
2025-10-31 14:23:32,460 [INFO] ProjectBuilder:5496 - Time for Generating toolchain IDE Files: 920mS.
2025-10-31 14:23:32,461 [INFO] ProjectBuilder:3463 - Time for Copy CMSIS : 1mS.
2025-10-31 14:23:32,478 [INFO] ProjectBuilder:3463 - Time for Copy CMSIS : 0mS.
2025-10-31 14:29:45,065 [INFO] UtilMem:75 - End SaveConfig() Used Memory: 965129112 Bytes (986710016)
2025-10-31 14:29:46,305 [INFO] UtilMem:75 - End SaveConfig() Used Memory: 422210648 Bytes (1007681536)
2025-10-31 14:29:46,680 [INFO] UtilMem:75 - End SaveConfig() Used Memory: 456813656 Bytes (1007681536)
2025-10-31 14:29:46,869 [INFO] BlockDiagram:2775 - set Specific Code input for plugin: RTC
2025-10-31 14:29:46,869 [INFO] BlockDiagram:2775 - set Specific Code input for plugin: NVIC
2025-10-31 14:29:46,870 [INFO] BlockDiagram:2775 - set Specific Code input for plugin: FREERTOS
2025-10-31 14:29:46,870 [INFO] BlockDiagram:2775 - set Specific Code input for plugin: IWDG
2025-10-31 14:29:46,870 [INFO] BlockDiagram:2775 - set Specific Code input for plugin: DMA
2025-10-31 14:29:46,870 [INFO] BlockDiagram:2775 - set Specific Code input for plugin: SYS
2025-10-31 14:29:46,870 [INFO] BlockDiagram:2775 - set Specific Code input for plugin: GPIO
2025-10-31 14:29:46,870 [INFO] BlockDiagram:2775 - set Specific Code input for plugin: ADC
2025-10-31 14:29:46,870 [INFO] BlockDiagram:2775 - set Specific Code input for plugin: RCC
2025-10-31 14:29:46,871 [INFO] CodeGenerator:892 - code generatio: config db path: C:\ST\STM32CubeIDE_1.19.0\STM32CubeIDE\plugins\com.st.stm32cube.common.mx_6.15.0.202507011659\\db\
2025-10-31 14:29:46,875 [INFO] Argument:325 - Argument : hdmavalue: null
2025-10-31 14:29:46,875 [INFO] Argument:327 - 	 sub Args: 
2025-10-31 14:29:46,875 [INFO] Argument:325 - Argument : Instancevalue: DMA1_Channel1
2025-10-31 14:29:46,875 [INFO] Argument:335 - Argument : Instancevalue: DMA1_Channel1
2025-10-31 14:29:46,875 [INFO] Argument:325 - Argument : Initvalue: null
2025-10-31 14:29:46,875 [INFO] Argument:327 - 	 sub Args: 
2025-10-31 14:29:46,875 [INFO] Argument:325 - Argument : Directionvalue: DMA_PERIPH_TO_MEMORY
2025-10-31 14:29:46,875 [INFO] Argument:335 - Argument : Directionvalue: DMA_PERIPH_TO_MEMORY
2025-10-31 14:29:46,875 [INFO] Argument:325 - Argument : PeriphIncvalue: DMA_PINC_DISABLE
2025-10-31 14:29:46,875 [INFO] Argument:335 - Argument : PeriphIncvalue: DMA_PINC_DISABLE
2025-10-31 14:29:46,875 [INFO] Argument:325 - Argument : MemIncvalue: DMA_MINC_ENABLE
2025-10-31 14:29:46,875 [INFO] Argument:335 - Argument : MemIncvalue: DMA_MINC_ENABLE
2025-10-31 14:29:46,875 [INFO] Argument:325 - Argument : PeriphDataAlignmentvalue: DMA_PDATAALIGN_HALFWORD
2025-10-31 14:29:46,875 [INFO] Argument:335 - Argument : PeriphDataAlignmentvalue: DMA_PDATAALIGN_HALFWORD
2025-10-31 14:29:46,875 [INFO] Argument:325 - Argument : MemDataAlignmentvalue: DMA_MDATAALIGN_HALFWORD
2025-10-31 14:29:46,875 [INFO] Argument:335 - Argument : MemDataAlignmentvalue: DMA_MDATAALIGN_HALFWORD
2025-10-31 14:29:46,875 [INFO] Argument:325 - Argument : Modevalue: DMA_CIRCULAR
2025-10-31 14:29:46,875 [INFO] Argument:335 - Argument : Modevalue: DMA_CIRCULAR
2025-10-31 14:29:46,875 [INFO] Argument:325 - Argument : Priorityvalue: DMA_PRIORITY_LOW
2025-10-31 14:29:46,875 [INFO] Argument:335 - Argument : Priorityvalue: DMA_PRIORITY_LOW
2025-10-31 14:29:46,875 [INFO] Argument:325 - Argument : Lockvalue: null
2025-10-31 14:29:46,875 [INFO] Argument:335 - Argument : Lockvalue: null
2025-10-31 14:29:46,875 [INFO] Argument:325 - Argument : Statevalue: null
2025-10-31 14:29:46,875 [INFO] Argument:335 - Argument : Statevalue: null
2025-10-31 14:29:46,876 [INFO] Argument:325 - Argument : Parentvalue: null
2025-10-31 14:29:46,876 [INFO] Argument:335 - Argument : Parentvalue: null
2025-10-31 14:29:46,876 [INFO] Argument:325 - Argument : XferCpltCallbackvalue: null
2025-10-31 14:29:46,876 [INFO] Argument:335 - Argument : XferCpltCallbackvalue: null
2025-10-31 14:29:46,876 [INFO] Argument:325 - Argument : XferHalfCpltCallbackvalue: null
2025-10-31 14:29:46,876 [INFO] Argument:335 - Argument : XferHalfCpltCallbackvalue: null
2025-10-31 14:29:46,876 [INFO] Argument:325 - Argument : XferErrorCallbackvalue: null
2025-10-31 14:29:46,876 [INFO] Argument:335 - Argument : XferErrorCallbackvalue: null
2025-10-31 14:29:46,876 [INFO] Argument:325 - Argument : ErrorCodevalue: null
2025-10-31 14:29:46,876 [INFO] Argument:335 - Argument : ErrorCodevalue: null
2025-10-31 14:29:46,941 [INFO] CodeEngine:265 - oldGeneratedFile, C:\Users\USER\STM32CubeIDE\workspace_1.19.0\Hip-Pro_Hardware_V1.2\HardwareV1.2\MXTmpFiles\license.tmp_save
2025-10-31 14:29:46,993 [INFO] CodeEngine:289 - Generated code: C:\Users\USER\STM32CubeIDE\workspace_1.19.0\Hip-Pro_Hardware_V1.2\HardwareV1.2\MXTmpFiles\license.tmp
2025-10-31 14:29:47,008 [INFO] CodeEngine:265 - oldGeneratedFile, C:\Users\USER\STM32CubeIDE\workspace_1.19.0\Hip-Pro_Hardware_V1.2\HardwareV1.2\MXTmpFiles\gpio.tmp_save
2025-10-31 14:29:47,061 [INFO] CodeEngine:289 - Generated code: C:\Users\USER\STM32CubeIDE\workspace_1.19.0\Hip-Pro_Hardware_V1.2\HardwareV1.2\MXTmpFiles\gpio.tmp
2025-10-31 14:29:47,128 [INFO] Middleware:1452 - No code input for Bsp Dependency
2025-10-31 14:29:47,135 [INFO] CodeEngine:265 - oldGeneratedFile, C:\Users\USER\STM32CubeIDE\workspace_1.19.0\Hip-Pro_Hardware_V1.2\HardwareV1.2\MXTmpFiles\rtos_inc.tmp_save
2025-10-31 14:29:47,183 [INFO] CodeEngine:289 - Generated code: C:\Users\USER\STM32CubeIDE\workspace_1.19.0\Hip-Pro_Hardware_V1.2\HardwareV1.2\MXTmpFiles\rtos_inc.tmp
2025-10-31 14:29:47,187 [INFO] CodeEngine:265 - oldGeneratedFile, C:\Users\USER\STM32CubeIDE\workspace_1.19.0\Hip-Pro_Hardware_V1.2\HardwareV1.2\MXTmpFiles\rtos_vars.tmp_save
2025-10-31 14:29:47,235 [INFO] CodeEngine:289 - Generated code: C:\Users\USER\STM32CubeIDE\workspace_1.19.0\Hip-Pro_Hardware_V1.2\HardwareV1.2\MXTmpFiles\rtos_vars.tmp
2025-10-31 14:29:47,240 [INFO] CodeEngine:265 - oldGeneratedFile, C:\Users\USER\STM32CubeIDE\workspace_1.19.0\Hip-Pro_Hardware_V1.2\HardwareV1.2\MXTmpFiles\rtos_pfp.tmp_save
2025-10-31 14:29:47,287 [INFO] CodeEngine:289 - Generated code: C:\Users\USER\STM32CubeIDE\workspace_1.19.0\Hip-Pro_Hardware_V1.2\HardwareV1.2\MXTmpFiles\rtos_pfp.tmp
2025-10-31 14:29:47,291 [INFO] CodeEngine:265 - oldGeneratedFile, C:\Users\USER\STM32CubeIDE\workspace_1.19.0\Hip-Pro_Hardware_V1.2\HardwareV1.2\MXTmpFiles\rtos_obj_creat.tmp_save
2025-10-31 14:29:47,342 [INFO] CodeEngine:289 - Generated code: C:\Users\USER\STM32CubeIDE\workspace_1.19.0\Hip-Pro_Hardware_V1.2\HardwareV1.2\MXTmpFiles\rtos_obj_creat.tmp
2025-10-31 14:29:47,346 [INFO] CodeEngine:265 - oldGeneratedFile, C:\Users\USER\STM32CubeIDE\workspace_1.19.0\Hip-Pro_Hardware_V1.2\HardwareV1.2\MXTmpFiles\rtos_kernelStart.tmp_save
2025-10-31 14:29:47,393 [INFO] CodeEngine:289 - Generated code: C:\Users\USER\STM32CubeIDE\workspace_1.19.0\Hip-Pro_Hardware_V1.2\HardwareV1.2\MXTmpFiles\rtos_kernelStart.tmp
2025-10-31 14:29:47,397 [INFO] CodeEngine:265 - oldGeneratedFile, C:\Users\USER\STM32CubeIDE\workspace_1.19.0\Hip-Pro_Hardware_V1.2\HardwareV1.2\MXTmpFiles\rtos_default_thread.tmp_save
2025-10-31 14:29:47,444 [INFO] CodeEngine:289 - Generated code: C:\Users\USER\STM32CubeIDE\workspace_1.19.0\Hip-Pro_Hardware_V1.2\HardwareV1.2\MXTmpFiles\rtos_default_thread.tmp
2025-10-31 14:29:47,447 [INFO] CodeEngine:265 - oldGeneratedFile, C:\Users\USER\STM32CubeIDE\workspace_1.19.0\Hip-Pro_Hardware_V1.2\HardwareV1.2\MXTmpFiles\rtos_threads.tmp_save
2025-10-31 14:29:47,495 [INFO] CodeEngine:289 - Generated code: C:\Users\USER\STM32CubeIDE\workspace_1.19.0\Hip-Pro_Hardware_V1.2\HardwareV1.2\MXTmpFiles\rtos_threads.tmp
2025-10-31 14:29:47,506 [INFO] Middleware:1452 - No code input for Bsp Dependency
2025-10-31 14:29:47,512 [INFO] CodeEngine:265 - oldGeneratedFile, C:\Users\USER\STM32CubeIDE\workspace_1.19.0\Hip-Pro_Hardware_V1.2\HardwareV1.2\MXTmpFiles\rtos_inc.tmp_save
2025-10-31 14:29:47,560 [INFO] CodeEngine:289 - Generated code: C:\Users\USER\STM32CubeIDE\workspace_1.19.0\Hip-Pro_Hardware_V1.2\HardwareV1.2\MXTmpFiles\rtos_inc.tmp
2025-10-31 14:29:47,565 [INFO] CodeEngine:265 - oldGeneratedFile, C:\Users\USER\STM32CubeIDE\workspace_1.19.0\Hip-Pro_Hardware_V1.2\HardwareV1.2\MXTmpFiles\rtos_vars.tmp_save
2025-10-31 14:29:47,614 [INFO] CodeEngine:289 - Generated code: C:\Users\USER\STM32CubeIDE\workspace_1.19.0\Hip-Pro_Hardware_V1.2\HardwareV1.2\MXTmpFiles\rtos_vars.tmp
2025-10-31 14:29:47,619 [INFO] CodeEngine:265 - oldGeneratedFile, C:\Users\USER\STM32CubeIDE\workspace_1.19.0\Hip-Pro_Hardware_V1.2\HardwareV1.2\MXTmpFiles\rtos_pfp.tmp_save
2025-10-31 14:29:47,667 [INFO] CodeEngine:289 - Generated code: C:\Users\USER\STM32CubeIDE\workspace_1.19.0\Hip-Pro_Hardware_V1.2\HardwareV1.2\MXTmpFiles\rtos_pfp.tmp
2025-10-31 14:29:47,672 [INFO] CodeEngine:265 - oldGeneratedFile, C:\Users\USER\STM32CubeIDE\workspace_1.19.0\Hip-Pro_Hardware_V1.2\HardwareV1.2\MXTmpFiles\rtos_obj_creat.tmp_save
2025-10-31 14:29:47,722 [INFO] CodeEngine:289 - Generated code: C:\Users\USER\STM32CubeIDE\workspace_1.19.0\Hip-Pro_Hardware_V1.2\HardwareV1.2\MXTmpFiles\rtos_obj_creat.tmp
2025-10-31 14:29:47,728 [INFO] CodeEngine:265 - oldGeneratedFile, C:\Users\USER\STM32CubeIDE\workspace_1.19.0\Hip-Pro_Hardware_V1.2\HardwareV1.2\MXTmpFiles\rtos_kernelStart.tmp_save
2025-10-31 14:29:47,776 [INFO] CodeEngine:289 - Generated code: C:\Users\USER\STM32CubeIDE\workspace_1.19.0\Hip-Pro_Hardware_V1.2\HardwareV1.2\MXTmpFiles\rtos_kernelStart.tmp
2025-10-31 14:29:47,782 [INFO] CodeEngine:265 - oldGeneratedFile, C:\Users\USER\STM32CubeIDE\workspace_1.19.0\Hip-Pro_Hardware_V1.2\HardwareV1.2\MXTmpFiles\rtos_default_thread.tmp_save
2025-10-31 14:29:47,832 [INFO] CodeEngine:289 - Generated code: C:\Users\USER\STM32CubeIDE\workspace_1.19.0\Hip-Pro_Hardware_V1.2\HardwareV1.2\MXTmpFiles\rtos_default_thread.tmp
2025-10-31 14:29:47,837 [INFO] CodeEngine:265 - oldGeneratedFile, C:\Users\USER\STM32CubeIDE\workspace_1.19.0\Hip-Pro_Hardware_V1.2\HardwareV1.2\MXTmpFiles\rtos_threads.tmp_save
2025-10-31 14:29:47,886 [INFO] CodeEngine:289 - Generated code: C:\Users\USER\STM32CubeIDE\workspace_1.19.0\Hip-Pro_Hardware_V1.2\HardwareV1.2\MXTmpFiles\rtos_threads.tmp
2025-10-31 14:29:47,892 [INFO] CodeEngine:265 - oldGeneratedFile, C:\Users\USER\STM32CubeIDE\workspace_1.19.0\Hip-Pro_Hardware_V1.2\HardwareV1.2\Core\Inc\FreeRTOSConfig.h_save
2025-10-31 14:29:47,950 [INFO] CodeEngine:289 - Generated code: C:\Users\USER\STM32CubeIDE\workspace_1.19.0\Hip-Pro_Hardware_V1.2\HardwareV1.2\Core\Inc\FreeRTOSConfig.h
2025-10-31 14:29:47,955 [INFO] CodeEngine:265 - oldGeneratedFile, C:\Users\USER\STM32CubeIDE\workspace_1.19.0\Hip-Pro_Hardware_V1.2\HardwareV1.2\Core\Src\freertos.c_save
2025-10-31 14:29:48,009 [INFO] CodeEngine:289 - Generated code: C:\Users\USER\STM32CubeIDE\workspace_1.19.0\Hip-Pro_Hardware_V1.2\HardwareV1.2\Core\Src\freertos.c
2025-10-31 14:29:48,020 [INFO] CodeEngine:265 - oldGeneratedFile, C:\Users\USER\STM32CubeIDE\workspace_1.19.0\Hip-Pro_Hardware_V1.2\HardwareV1.2\MXTmpFiles\dma.tmp_save
2025-10-31 14:29:48,068 [INFO] CodeEngine:289 - Generated code: C:\Users\USER\STM32CubeIDE\workspace_1.19.0\Hip-Pro_Hardware_V1.2\HardwareV1.2\MXTmpFiles\dma.tmp
2025-10-31 14:29:48,072 [INFO] CodeEngine:265 - oldGeneratedFile, C:\Users\USER\STM32CubeIDE\workspace_1.19.0\Hip-Pro_Hardware_V1.2\HardwareV1.2\MXTmpFiles\dma_GV.tmp_save
2025-10-31 14:29:48,117 [INFO] CodeEngine:289 - Generated code: C:\Users\USER\STM32CubeIDE\workspace_1.19.0\Hip-Pro_Hardware_V1.2\HardwareV1.2\MXTmpFiles\dma_GV.tmp
2025-10-31 14:29:48,127 [INFO] CodeEngine:265 - oldGeneratedFile, C:\Users\USER\STM32CubeIDE\workspace_1.19.0\Hip-Pro_Hardware_V1.2\HardwareV1.2\Core\Src\stm32f1xx_it.c_save
2025-10-31 14:29:48,184 [INFO] CodeEngine:289 - Generated code: C:\Users\USER\STM32CubeIDE\workspace_1.19.0\Hip-Pro_Hardware_V1.2\HardwareV1.2\Core\Src\stm32f1xx_it.c
2025-10-31 14:29:48,189 [INFO] CodeEngine:265 - oldGeneratedFile, C:\Users\USER\STM32CubeIDE\workspace_1.19.0\Hip-Pro_Hardware_V1.2\HardwareV1.2\Core\Inc\stm32f1xx_it.h_save
2025-10-31 14:29:48,239 [INFO] CodeEngine:289 - Generated code: C:\Users\USER\STM32CubeIDE\workspace_1.19.0\Hip-Pro_Hardware_V1.2\HardwareV1.2\Core\Inc\stm32f1xx_it.h
2025-10-31 14:29:48,249 [INFO] CodeEngine:265 - oldGeneratedFile, C:\Users\USER\STM32CubeIDE\workspace_1.19.0\Hip-Pro_Hardware_V1.2\HardwareV1.2\Core\Src\stm32f1xx_hal_msp.c_save
2025-10-31 14:29:48,323 [INFO] CodeEngine:289 - Generated code: C:\Users\USER\STM32CubeIDE\workspace_1.19.0\Hip-Pro_Hardware_V1.2\HardwareV1.2\Core\Src\stm32f1xx_hal_msp.c
2025-10-31 14:29:48,328 [INFO] CodeEngine:265 - oldGeneratedFile, C:\Users\USER\STM32CubeIDE\workspace_1.19.0\Hip-Pro_Hardware_V1.2\HardwareV1.2\MXTmpFiles\system.tmp_save
2025-10-31 14:29:48,375 [INFO] CodeEngine:289 - Generated code: C:\Users\USER\STM32CubeIDE\workspace_1.19.0\Hip-Pro_Hardware_V1.2\HardwareV1.2\MXTmpFiles\system.tmp
2025-10-31 14:29:48,380 [INFO] CodeEngine:265 - oldGeneratedFile, C:\Users\USER\STM32CubeIDE\workspace_1.19.0\Hip-Pro_Hardware_V1.2\HardwareV1.2\Core\Src\stm32f1xx_hal_timebase_tim.c_save
2025-10-31 14:29:48,434 [INFO] CodeEngine:289 - Generated code: C:\Users\USER\STM32CubeIDE\workspace_1.19.0\Hip-Pro_Hardware_V1.2\HardwareV1.2\Core\Src\stm32f1xx_hal_timebase_tim.c
2025-10-31 14:29:48,443 [INFO] CodeEngine:321 - oldGeneratedFile, C:\Users\USER\STM32CubeIDE\workspace_1.19.0\Hip-Pro_Hardware_V1.2\HardwareV1.2\Core\Inc\stm32f1xx_hal_conf.h_save
2025-10-31 14:29:48,497 [INFO] CodeEngine:345 - Generated code: C:\Users\USER\STM32CubeIDE\workspace_1.19.0\Hip-Pro_Hardware_V1.2\HardwareV1.2\Core\Inc\stm32f1xx_hal_conf.h
2025-10-31 14:29:48,514 [INFO] CodeEngine:265 - oldGeneratedFile, C:\Users\USER\STM32CubeIDE\workspace_1.19.0\Hip-Pro_Hardware_V1.2\HardwareV1.2\Core\Inc\main.h_save
2025-10-31 14:29:48,568 [INFO] CodeEngine:289 - Generated code: C:\Users\USER\STM32CubeIDE\workspace_1.19.0\Hip-Pro_Hardware_V1.2\HardwareV1.2\Core\Inc\main.h
2025-10-31 14:29:48,573 [INFO] CodeEngine:265 - oldGeneratedFile, C:\Users\USER\STM32CubeIDE\workspace_1.19.0\Hip-Pro_Hardware_V1.2\HardwareV1.2\Core\Src\main.c_save
2025-10-31 14:29:48,665 [INFO] CodeEngine:289 - Generated code: C:\Users\USER\STM32CubeIDE\workspace_1.19.0\Hip-Pro_Hardware_V1.2\HardwareV1.2\Core\Src\main.c
2025-10-31 14:29:48,974 [INFO] ProjectBuilder:3606 - Time for Copy HAL[1] : 152mS.
2025-10-31 14:29:48,978 [INFO] ProjectBuilder:5216 - Project Generator version: 4.7.0-B52
2025-10-31 14:29:49,045 [INFO] ConfigFileManager:1595 - The Die is : DIE414
2025-10-31 14:29:49,704 [INFO] ProjectBuilder:5496 - Time for Generating toolchain IDE Files: 725mS.
2025-10-31 14:29:49,704 [INFO] ProjectBuilder:3463 - Time for Copy CMSIS : 0mS.
2025-10-31 14:29:49,710 [INFO] ProjectBuilder:3463 - Time for Copy CMSIS : 0mS.
2025-10-31 14:54:12,043 [INFO] UtilMem:75 - End SaveConfig() Used Memory: 544797216 Bytes (954204160)
2025-10-31 14:54:13,170 [INFO] UtilMem:75 - End SaveConfig() Used Memory: 566295072 Bytes (954204160)
2025-10-31 14:54:13,786 [INFO] UtilMem:75 - End SaveConfig() Used Memory: 605614624 Bytes (954204160)
2025-10-31 14:54:14,024 [INFO] BlockDiagram:2775 - set Specific Code input for plugin: NVIC
2025-10-31 14:54:14,025 [INFO] BlockDiagram:2775 - set Specific Code input for plugin: FREERTOS
2025-10-31 14:54:14,025 [INFO] BlockDiagram:2775 - set Specific Code input for plugin: IWDG
2025-10-31 14:54:14,025 [INFO] BlockDiagram:2775 - set Specific Code input for plugin: DMA
2025-10-31 14:54:14,025 [INFO] BlockDiagram:2775 - set Specific Code input for plugin: SYS
2025-10-31 14:54:14,026 [INFO] BlockDiagram:2775 - set Specific Code input for plugin: GPIO
2025-10-31 14:54:14,026 [INFO] BlockDiagram:2775 - set Specific Code input for plugin: ADC
2025-10-31 14:54:14,026 [INFO] BlockDiagram:2775 - set Specific Code input for plugin: RCC
2025-10-31 14:54:14,028 [INFO] CodeGenerator:892 - code generatio: config db path: C:\ST\STM32CubeIDE_1.19.0\STM32CubeIDE\plugins\com.st.stm32cube.common.mx_6.15.0.202507011659\\db\
2025-10-31 14:54:14,034 [INFO] Argument:325 - Argument : hdmavalue: null
2025-10-31 14:54:14,034 [INFO] Argument:327 - 	 sub Args: 
2025-10-31 14:54:14,035 [INFO] Argument:325 - Argument : Instancevalue: DMA1_Channel1
2025-10-31 14:54:14,035 [INFO] Argument:335 - Argument : Instancevalue: DMA1_Channel1
2025-10-31 14:54:14,035 [INFO] Argument:325 - Argument : Initvalue: null
2025-10-31 14:54:14,035 [INFO] Argument:327 - 	 sub Args: 
2025-10-31 14:54:14,035 [INFO] Argument:325 - Argument : Directionvalue: DMA_PERIPH_TO_MEMORY
2025-10-31 14:54:14,035 [INFO] Argument:335 - Argument : Directionvalue: DMA_PERIPH_TO_MEMORY
2025-10-31 14:54:14,035 [INFO] Argument:325 - Argument : PeriphIncvalue: DMA_PINC_DISABLE
2025-10-31 14:54:14,035 [INFO] Argument:335 - Argument : PeriphIncvalue: DMA_PINC_DISABLE
2025-10-31 14:54:14,035 [INFO] Argument:325 - Argument : MemIncvalue: DMA_MINC_ENABLE
2025-10-31 14:54:14,036 [INFO] Argument:335 - Argument : MemIncvalue: DMA_MINC_ENABLE
2025-10-31 14:54:14,036 [INFO] Argument:325 - Argument : PeriphDataAlignmentvalue: DMA_PDATAALIGN_HALFWORD
2025-10-31 14:54:14,036 [INFO] Argument:335 - Argument : PeriphDataAlignmentvalue: DMA_PDATAALIGN_HALFWORD
2025-10-31 14:54:14,036 [INFO] Argument:325 - Argument : MemDataAlignmentvalue: DMA_MDATAALIGN_HALFWORD
2025-10-31 14:54:14,036 [INFO] Argument:335 - Argument : MemDataAlignmentvalue: DMA_MDATAALIGN_HALFWORD
2025-10-31 14:54:14,036 [INFO] Argument:325 - Argument : Modevalue: DMA_CIRCULAR
2025-10-31 14:54:14,036 [INFO] Argument:335 - Argument : Modevalue: DMA_CIRCULAR
2025-10-31 14:54:14,036 [INFO] Argument:325 - Argument : Priorityvalue: DMA_PRIORITY_LOW
2025-10-31 14:54:14,036 [INFO] Argument:335 - Argument : Priorityvalue: DMA_PRIORITY_LOW
2025-10-31 14:54:14,036 [INFO] Argument:325 - Argument : Lockvalue: null
2025-10-31 14:54:14,036 [INFO] Argument:335 - Argument : Lockvalue: null
2025-10-31 14:54:14,036 [INFO] Argument:325 - Argument : Statevalue: null
2025-10-31 14:54:14,036 [INFO] Argument:335 - Argument : Statevalue: null
2025-10-31 14:54:14,036 [INFO] Argument:325 - Argument : Parentvalue: null
2025-10-31 14:54:14,037 [INFO] Argument:335 - Argument : Parentvalue: null
2025-10-31 14:54:14,037 [INFO] Argument:325 - Argument : XferCpltCallbackvalue: null
2025-10-31 14:54:14,037 [INFO] Argument:335 - Argument : XferCpltCallbackvalue: null
2025-10-31 14:54:14,037 [INFO] Argument:325 - Argument : XferHalfCpltCallbackvalue: null
2025-10-31 14:54:14,037 [INFO] Argument:335 - Argument : XferHalfCpltCallbackvalue: null
2025-10-31 14:54:14,037 [INFO] Argument:325 - Argument : XferErrorCallbackvalue: null
2025-10-31 14:54:14,037 [INFO] Argument:335 - Argument : XferErrorCallbackvalue: null
2025-10-31 14:54:14,037 [INFO] Argument:325 - Argument : ErrorCodevalue: null
2025-10-31 14:54:14,038 [INFO] Argument:335 - Argument : ErrorCodevalue: null
2025-10-31 14:54:14,162 [INFO] CodeEngine:265 - oldGeneratedFile, C:\Users\USER\STM32CubeIDE\workspace_1.19.0\Hip-Pro_Hardware_V1.2\HardwareV1.2\MXTmpFiles\license.tmp_save
2025-10-31 14:54:14,402 [INFO] CodeEngine:289 - Generated code: C:\Users\USER\STM32CubeIDE\workspace_1.19.0\Hip-Pro_Hardware_V1.2\HardwareV1.2\MXTmpFiles\license.tmp
2025-10-31 14:54:14,453 [INFO] CodeEngine:265 - oldGeneratedFile, C:\Users\USER\STM32CubeIDE\workspace_1.19.0\Hip-Pro_Hardware_V1.2\HardwareV1.2\MXTmpFiles\gpio.tmp_save
2025-10-31 14:54:14,585 [INFO] CodeEngine:289 - Generated code: C:\Users\USER\STM32CubeIDE\workspace_1.19.0\Hip-Pro_Hardware_V1.2\HardwareV1.2\MXTmpFiles\gpio.tmp
2025-10-31 14:54:14,738 [INFO] Middleware:1452 - No code input for Bsp Dependency
2025-10-31 14:54:14,747 [INFO] CodeEngine:265 - oldGeneratedFile, C:\Users\USER\STM32CubeIDE\workspace_1.19.0\Hip-Pro_Hardware_V1.2\HardwareV1.2\MXTmpFiles\rtos_inc.tmp_save
2025-10-31 14:54:14,843 [INFO] CodeEngine:289 - Generated code: C:\Users\USER\STM32CubeIDE\workspace_1.19.0\Hip-Pro_Hardware_V1.2\HardwareV1.2\MXTmpFiles\rtos_inc.tmp
2025-10-31 14:54:14,851 [INFO] CodeEngine:265 - oldGeneratedFile, C:\Users\USER\STM32CubeIDE\workspace_1.19.0\Hip-Pro_Hardware_V1.2\HardwareV1.2\MXTmpFiles\rtos_vars.tmp_save
2025-10-31 14:54:14,930 [INFO] CodeEngine:289 - Generated code: C:\Users\USER\STM32CubeIDE\workspace_1.19.0\Hip-Pro_Hardware_V1.2\HardwareV1.2\MXTmpFiles\rtos_vars.tmp
2025-10-31 14:54:14,937 [INFO] CodeEngine:265 - oldGeneratedFile, C:\Users\USER\STM32CubeIDE\workspace_1.19.0\Hip-Pro_Hardware_V1.2\HardwareV1.2\MXTmpFiles\rtos_pfp.tmp_save
2025-10-31 14:54:15,009 [INFO] CodeEngine:289 - Generated code: C:\Users\USER\STM32CubeIDE\workspace_1.19.0\Hip-Pro_Hardware_V1.2\HardwareV1.2\MXTmpFiles\rtos_pfp.tmp
2025-10-31 14:54:15,017 [INFO] CodeEngine:265 - oldGeneratedFile, C:\Users\USER\STM32CubeIDE\workspace_1.19.0\Hip-Pro_Hardware_V1.2\HardwareV1.2\MXTmpFiles\rtos_obj_creat.tmp_save
2025-10-31 14:54:15,094 [INFO] CodeEngine:289 - Generated code: C:\Users\USER\STM32CubeIDE\workspace_1.19.0\Hip-Pro_Hardware_V1.2\HardwareV1.2\MXTmpFiles\rtos_obj_creat.tmp
2025-10-31 14:54:15,101 [INFO] CodeEngine:265 - oldGeneratedFile, C:\Users\USER\STM32CubeIDE\workspace_1.19.0\Hip-Pro_Hardware_V1.2\HardwareV1.2\MXTmpFiles\rtos_kernelStart.tmp_save
2025-10-31 14:54:15,160 [INFO] CodeEngine:289 - Generated code: C:\Users\USER\STM32CubeIDE\workspace_1.19.0\Hip-Pro_Hardware_V1.2\HardwareV1.2\MXTmpFiles\rtos_kernelStart.tmp
2025-10-31 14:54:15,167 [INFO] CodeEngine:265 - oldGeneratedFile, C:\Users\USER\STM32CubeIDE\workspace_1.19.0\Hip-Pro_Hardware_V1.2\HardwareV1.2\MXTmpFiles\rtos_default_thread.tmp_save
2025-10-31 14:54:15,226 [INFO] CodeEngine:289 - Generated code: C:\Users\USER\STM32CubeIDE\workspace_1.19.0\Hip-Pro_Hardware_V1.2\HardwareV1.2\MXTmpFiles\rtos_default_thread.tmp
2025-10-31 14:54:15,233 [INFO] CodeEngine:265 - oldGeneratedFile, C:\Users\USER\STM32CubeIDE\workspace_1.19.0\Hip-Pro_Hardware_V1.2\HardwareV1.2\MXTmpFiles\rtos_threads.tmp_save
2025-10-31 14:54:15,287 [INFO] CodeEngine:289 - Generated code: C:\Users\USER\STM32CubeIDE\workspace_1.19.0\Hip-Pro_Hardware_V1.2\HardwareV1.2\MXTmpFiles\rtos_threads.tmp
2025-10-31 14:54:15,301 [INFO] Middleware:1452 - No code input for Bsp Dependency
2025-10-31 14:54:15,310 [INFO] CodeEngine:265 - oldGeneratedFile, C:\Users\USER\STM32CubeIDE\workspace_1.19.0\Hip-Pro_Hardware_V1.2\HardwareV1.2\MXTmpFiles\rtos_inc.tmp_save
2025-10-31 14:54:15,365 [INFO] CodeEngine:289 - Generated code: C:\Users\USER\STM32CubeIDE\workspace_1.19.0\Hip-Pro_Hardware_V1.2\HardwareV1.2\MXTmpFiles\rtos_inc.tmp
2025-10-31 14:54:15,373 [INFO] CodeEngine:265 - oldGeneratedFile, C:\Users\USER\STM32CubeIDE\workspace_1.19.0\Hip-Pro_Hardware_V1.2\HardwareV1.2\MXTmpFiles\rtos_vars.tmp_save
2025-10-31 14:54:15,433 [INFO] CodeEngine:289 - Generated code: C:\Users\USER\STM32CubeIDE\workspace_1.19.0\Hip-Pro_Hardware_V1.2\HardwareV1.2\MXTmpFiles\rtos_vars.tmp
2025-10-31 14:54:15,440 [INFO] CodeEngine:265 - oldGeneratedFile, C:\Users\USER\STM32CubeIDE\workspace_1.19.0\Hip-Pro_Hardware_V1.2\HardwareV1.2\MXTmpFiles\rtos_pfp.tmp_save
2025-10-31 14:54:15,494 [INFO] CodeEngine:289 - Generated code: C:\Users\USER\STM32CubeIDE\workspace_1.19.0\Hip-Pro_Hardware_V1.2\HardwareV1.2\MXTmpFiles\rtos_pfp.tmp
2025-10-31 14:54:15,501 [INFO] CodeEngine:265 - oldGeneratedFile, C:\Users\USER\STM32CubeIDE\workspace_1.19.0\Hip-Pro_Hardware_V1.2\HardwareV1.2\MXTmpFiles\rtos_obj_creat.tmp_save
2025-10-31 14:54:15,577 [INFO] CodeEngine:289 - Generated code: C:\Users\USER\STM32CubeIDE\workspace_1.19.0\Hip-Pro_Hardware_V1.2\HardwareV1.2\MXTmpFiles\rtos_obj_creat.tmp
2025-10-31 14:54:15,583 [INFO] CodeEngine:265 - oldGeneratedFile, C:\Users\USER\STM32CubeIDE\workspace_1.19.0\Hip-Pro_Hardware_V1.2\HardwareV1.2\MXTmpFiles\rtos_kernelStart.tmp_save
2025-10-31 14:54:15,638 [INFO] CodeEngine:289 - Generated code: C:\Users\USER\STM32CubeIDE\workspace_1.19.0\Hip-Pro_Hardware_V1.2\HardwareV1.2\MXTmpFiles\rtos_kernelStart.tmp
2025-10-31 14:54:15,645 [INFO] CodeEngine:265 - oldGeneratedFile, C:\Users\USER\STM32CubeIDE\workspace_1.19.0\Hip-Pro_Hardware_V1.2\HardwareV1.2\MXTmpFiles\rtos_default_thread.tmp_save
2025-10-31 14:54:15,702 [INFO] CodeEngine:289 - Generated code: C:\Users\USER\STM32CubeIDE\workspace_1.19.0\Hip-Pro_Hardware_V1.2\HardwareV1.2\MXTmpFiles\rtos_default_thread.tmp
2025-10-31 14:54:15,708 [INFO] CodeEngine:265 - oldGeneratedFile, C:\Users\USER\STM32CubeIDE\workspace_1.19.0\Hip-Pro_Hardware_V1.2\HardwareV1.2\MXTmpFiles\rtos_threads.tmp_save
2025-10-31 14:54:15,760 [INFO] CodeEngine:289 - Generated code: C:\Users\USER\STM32CubeIDE\workspace_1.19.0\Hip-Pro_Hardware_V1.2\HardwareV1.2\MXTmpFiles\rtos_threads.tmp
2025-10-31 14:54:15,772 [INFO] CodeEngine:265 - oldGeneratedFile, C:\Users\USER\STM32CubeIDE\workspace_1.19.0\Hip-Pro_Hardware_V1.2\HardwareV1.2\Core\Inc\FreeRTOSConfig.h_save
2025-10-31 14:54:15,842 [INFO] CodeEngine:289 - Generated code: C:\Users\USER\STM32CubeIDE\workspace_1.19.0\Hip-Pro_Hardware_V1.2\HardwareV1.2\Core\Inc\FreeRTOSConfig.h
2025-10-31 14:54:15,849 [INFO] CodeEngine:265 - oldGeneratedFile, C:\Users\USER\STM32CubeIDE\workspace_1.19.0\Hip-Pro_Hardware_V1.2\HardwareV1.2\Core\Src\freertos.c_save
2025-10-31 14:54:15,912 [INFO] CodeEngine:289 - Generated code: C:\Users\USER\STM32CubeIDE\workspace_1.19.0\Hip-Pro_Hardware_V1.2\HardwareV1.2\Core\Src\freertos.c
2025-10-31 14:54:15,931 [INFO] CodeEngine:265 - oldGeneratedFile, C:\Users\USER\STM32CubeIDE\workspace_1.19.0\Hip-Pro_Hardware_V1.2\HardwareV1.2\MXTmpFiles\dma.tmp_save
2025-10-31 14:54:15,991 [INFO] CodeEngine:289 - Generated code: C:\Users\USER\STM32CubeIDE\workspace_1.19.0\Hip-Pro_Hardware_V1.2\HardwareV1.2\MXTmpFiles\dma.tmp
2025-10-31 14:54:15,995 [INFO] CodeEngine:265 - oldGeneratedFile, C:\Users\USER\STM32CubeIDE\workspace_1.19.0\Hip-Pro_Hardware_V1.2\HardwareV1.2\MXTmpFiles\dma_GV.tmp_save
2025-10-31 14:54:16,051 [INFO] CodeEngine:289 - Generated code: C:\Users\USER\STM32CubeIDE\workspace_1.19.0\Hip-Pro_Hardware_V1.2\HardwareV1.2\MXTmpFiles\dma_GV.tmp
2025-10-31 14:54:16,066 [INFO] CodeEngine:265 - oldGeneratedFile, C:\Users\USER\STM32CubeIDE\workspace_1.19.0\Hip-Pro_Hardware_V1.2\HardwareV1.2\Core\Src\stm32f1xx_it.c_save
2025-10-31 14:54:16,244 [INFO] CodeEngine:289 - Generated code: C:\Users\USER\STM32CubeIDE\workspace_1.19.0\Hip-Pro_Hardware_V1.2\HardwareV1.2\Core\Src\stm32f1xx_it.c
2025-10-31 14:54:16,254 [INFO] CodeEngine:265 - oldGeneratedFile, C:\Users\USER\STM32CubeIDE\workspace_1.19.0\Hip-Pro_Hardware_V1.2\HardwareV1.2\Core\Inc\stm32f1xx_it.h_save
2025-10-31 14:54:16,315 [INFO] CodeEngine:289 - Generated code: C:\Users\USER\STM32CubeIDE\workspace_1.19.0\Hip-Pro_Hardware_V1.2\HardwareV1.2\Core\Inc\stm32f1xx_it.h
2025-10-31 14:54:16,335 [INFO] CodeEngine:265 - oldGeneratedFile, C:\Users\USER\STM32CubeIDE\workspace_1.19.0\Hip-Pro_Hardware_V1.2\HardwareV1.2\Core\Src\stm32f1xx_hal_msp.c_save
2025-10-31 14:54:16,451 [INFO] CodeEngine:289 - Generated code: C:\Users\USER\STM32CubeIDE\workspace_1.19.0\Hip-Pro_Hardware_V1.2\HardwareV1.2\Core\Src\stm32f1xx_hal_msp.c
2025-10-31 14:54:16,457 [INFO] CodeEngine:265 - oldGeneratedFile, C:\Users\USER\STM32CubeIDE\workspace_1.19.0\Hip-Pro_Hardware_V1.2\HardwareV1.2\MXTmpFiles\system.tmp_save
2025-10-31 14:54:16,508 [INFO] CodeEngine:289 - Generated code: C:\Users\USER\STM32CubeIDE\workspace_1.19.0\Hip-Pro_Hardware_V1.2\HardwareV1.2\MXTmpFiles\system.tmp
2025-10-31 14:54:16,514 [INFO] CodeEngine:265 - oldGeneratedFile, C:\Users\USER\STM32CubeIDE\workspace_1.19.0\Hip-Pro_Hardware_V1.2\HardwareV1.2\Core\Src\stm32f1xx_hal_timebase_tim.c_save
2025-10-31 14:54:16,575 [INFO] CodeEngine:289 - Generated code: C:\Users\USER\STM32CubeIDE\workspace_1.19.0\Hip-Pro_Hardware_V1.2\HardwareV1.2\Core\Src\stm32f1xx_hal_timebase_tim.c
2025-10-31 14:54:16,589 [INFO] CodeEngine:321 - oldGeneratedFile, C:\Users\USER\STM32CubeIDE\workspace_1.19.0\Hip-Pro_Hardware_V1.2\HardwareV1.2\Core\Inc\stm32f1xx_hal_conf.h_save
2025-10-31 14:54:16,648 [INFO] CodeEngine:345 - Generated code: C:\Users\USER\STM32CubeIDE\workspace_1.19.0\Hip-Pro_Hardware_V1.2\HardwareV1.2\Core\Inc\stm32f1xx_hal_conf.h
2025-10-31 14:54:16,677 [INFO] CodeEngine:265 - oldGeneratedFile, C:\Users\USER\STM32CubeIDE\workspace_1.19.0\Hip-Pro_Hardware_V1.2\HardwareV1.2\Core\Inc\main.h_save
2025-10-31 14:54:16,746 [INFO] CodeEngine:289 - Generated code: C:\Users\USER\STM32CubeIDE\workspace_1.19.0\Hip-Pro_Hardware_V1.2\HardwareV1.2\Core\Inc\main.h
2025-10-31 14:54:16,752 [INFO] CodeEngine:265 - oldGeneratedFile, C:\Users\USER\STM32CubeIDE\workspace_1.19.0\Hip-Pro_Hardware_V1.2\HardwareV1.2\Core\Src\main.c_save
2025-10-31 14:54:16,846 [INFO] CodeEngine:289 - Generated code: C:\Users\USER\STM32CubeIDE\workspace_1.19.0\Hip-Pro_Hardware_V1.2\HardwareV1.2\Core\Src\main.c
2025-10-31 14:54:17,266 [INFO] ProjectBuilder:3606 - Time for Copy HAL[1] : 200mS.
2025-10-31 14:54:17,269 [INFO] ProjectBuilder:5216 - Project Generator version: 4.7.0-B52
2025-10-31 14:54:17,345 [INFO] ConfigFileManager:1595 - The Die is : DIE414
2025-10-31 14:54:18,542 [INFO] ProjectBuilder:5496 - Time for Generating toolchain IDE Files: 1272mS.
2025-10-31 14:54:18,543 [INFO] ProjectBuilder:3463 - Time for Copy CMSIS : 1mS.
2025-10-31 14:54:18,548 [INFO] ProjectBuilder:3463 - Time for Copy CMSIS : 0mS.
2025-10-31 14:57:07,286 [INFO] UtilMem:75 - End SaveConfig() Used Memory: 678114000 Bytes (930086912)
2025-10-31 14:57:09,017 [INFO] UtilMem:75 - End SaveConfig() Used Memory: 698563280 Bytes (930086912)
2025-10-31 14:57:09,406 [INFO] UtilMem:75 - End SaveConfig() Used Memory: 731591376 Bytes (930086912)
2025-10-31 14:57:09,554 [INFO] BlockDiagram:2775 - set Specific Code input for plugin: NVIC
2025-10-31 14:57:09,554 [INFO] BlockDiagram:2775 - set Specific Code input for plugin: FREERTOS
2025-10-31 14:57:09,555 [INFO] BlockDiagram:2775 - set Specific Code input for plugin: IWDG
2025-10-31 14:57:09,555 [INFO] BlockDiagram:2775 - set Specific Code input for plugin: DMA
2025-10-31 14:57:09,555 [INFO] BlockDiagram:2775 - set Specific Code input for plugin: SYS
2025-10-31 14:57:09,555 [INFO] BlockDiagram:2775 - set Specific Code input for plugin: GPIO
2025-10-31 14:57:09,555 [INFO] BlockDiagram:2775 - set Specific Code input for plugin: ADC
2025-10-31 14:57:09,555 [INFO] BlockDiagram:2775 - set Specific Code input for plugin: RCC
2025-10-31 14:57:09,556 [INFO] CodeGenerator:892 - code generatio: config db path: C:\ST\STM32CubeIDE_1.19.0\STM32CubeIDE\plugins\com.st.stm32cube.common.mx_6.15.0.202507011659\\db\
2025-10-31 14:57:09,558 [INFO] Argument:325 - Argument : hdmavalue: null
2025-10-31 14:57:09,558 [INFO] Argument:327 - 	 sub Args: 
2025-10-31 14:57:09,558 [INFO] Argument:325 - Argument : Instancevalue: DMA1_Channel1
2025-10-31 14:57:09,558 [INFO] Argument:335 - Argument : Instancevalue: DMA1_Channel1
2025-10-31 14:57:09,558 [INFO] Argument:325 - Argument : Initvalue: null
2025-10-31 14:57:09,558 [INFO] Argument:327 - 	 sub Args: 
2025-10-31 14:57:09,558 [INFO] Argument:325 - Argument : Directionvalue: DMA_PERIPH_TO_MEMORY
2025-10-31 14:57:09,558 [INFO] Argument:335 - Argument : Directionvalue: DMA_PERIPH_TO_MEMORY
2025-10-31 14:57:09,559 [INFO] Argument:325 - Argument : PeriphIncvalue: DMA_PINC_DISABLE
2025-10-31 14:57:09,559 [INFO] Argument:335 - Argument : PeriphIncvalue: DMA_PINC_DISABLE
2025-10-31 14:57:09,559 [INFO] Argument:325 - Argument : MemIncvalue: DMA_MINC_ENABLE
2025-10-31 14:57:09,559 [INFO] Argument:335 - Argument : MemIncvalue: DMA_MINC_ENABLE
2025-10-31 14:57:09,559 [INFO] Argument:325 - Argument : PeriphDataAlignmentvalue: DMA_PDATAALIGN_HALFWORD
2025-10-31 14:57:09,559 [INFO] Argument:335 - Argument : PeriphDataAlignmentvalue: DMA_PDATAALIGN_HALFWORD
2025-10-31 14:57:09,559 [INFO] Argument:325 - Argument : MemDataAlignmentvalue: DMA_MDATAALIGN_HALFWORD
2025-10-31 14:57:09,559 [INFO] Argument:335 - Argument : MemDataAlignmentvalue: DMA_MDATAALIGN_HALFWORD
2025-10-31 14:57:09,559 [INFO] Argument:325 - Argument : Modevalue: DMA_CIRCULAR
2025-10-31 14:57:09,559 [INFO] Argument:335 - Argument : Modevalue: DMA_CIRCULAR
2025-10-31 14:57:09,559 [INFO] Argument:325 - Argument : Priorityvalue: DMA_PRIORITY_LOW
2025-10-31 14:57:09,559 [INFO] Argument:335 - Argument : Priorityvalue: DMA_PRIORITY_LOW
2025-10-31 14:57:09,559 [INFO] Argument:325 - Argument : Lockvalue: null
2025-10-31 14:57:09,559 [INFO] Argument:335 - Argument : Lockvalue: null
2025-10-31 14:57:09,559 [INFO] Argument:325 - Argument : Statevalue: null
2025-10-31 14:57:09,559 [INFO] Argument:335 - Argument : Statevalue: null
2025-10-31 14:57:09,559 [INFO] Argument:325 - Argument : Parentvalue: null
2025-10-31 14:57:09,559 [INFO] Argument:335 - Argument : Parentvalue: null
2025-10-31 14:57:09,559 [INFO] Argument:325 - Argument : XferCpltCallbackvalue: null
2025-10-31 14:57:09,559 [INFO] Argument:335 - Argument : XferCpltCallbackvalue: null
2025-10-31 14:57:09,559 [INFO] Argument:325 - Argument : XferHalfCpltCallbackvalue: null
2025-10-31 14:57:09,559 [INFO] Argument:335 - Argument : XferHalfCpltCallbackvalue: null
2025-10-31 14:57:09,559 [INFO] Argument:325 - Argument : XferErrorCallbackvalue: null
2025-10-31 14:57:09,559 [INFO] Argument:335 - Argument : XferErrorCallbackvalue: null
2025-10-31 14:57:09,559 [INFO] Argument:325 - Argument : ErrorCodevalue: null
2025-10-31 14:57:09,559 [INFO] Argument:335 - Argument : ErrorCodevalue: null
2025-10-31 14:57:09,622 [INFO] CodeEngine:265 - oldGeneratedFile, C:\Users\USER\STM32CubeIDE\workspace_1.19.0\Hip-Pro_Hardware_V1.2\HardwareV1.2\MXTmpFiles\license.tmp_save
2025-10-31 14:57:09,672 [INFO] CodeEngine:289 - Generated code: C:\Users\USER\STM32CubeIDE\workspace_1.19.0\Hip-Pro_Hardware_V1.2\HardwareV1.2\MXTmpFiles\license.tmp
2025-10-31 14:57:09,685 [INFO] CodeEngine:265 - oldGeneratedFile, C:\Users\USER\STM32CubeIDE\workspace_1.19.0\Hip-Pro_Hardware_V1.2\HardwareV1.2\MXTmpFiles\gpio.tmp_save
2025-10-31 14:57:09,739 [INFO] CodeEngine:289 - Generated code: C:\Users\USER\STM32CubeIDE\workspace_1.19.0\Hip-Pro_Hardware_V1.2\HardwareV1.2\MXTmpFiles\gpio.tmp
2025-10-31 14:57:09,800 [INFO] Middleware:1452 - No code input for Bsp Dependency
2025-10-31 14:57:09,806 [INFO] CodeEngine:265 - oldGeneratedFile, C:\Users\USER\STM32CubeIDE\workspace_1.19.0\Hip-Pro_Hardware_V1.2\HardwareV1.2\MXTmpFiles\rtos_inc.tmp_save
2025-10-31 14:57:09,856 [INFO] CodeEngine:289 - Generated code: C:\Users\USER\STM32CubeIDE\workspace_1.19.0\Hip-Pro_Hardware_V1.2\HardwareV1.2\MXTmpFiles\rtos_inc.tmp
2025-10-31 14:57:09,860 [INFO] CodeEngine:265 - oldGeneratedFile, C:\Users\USER\STM32CubeIDE\workspace_1.19.0\Hip-Pro_Hardware_V1.2\HardwareV1.2\MXTmpFiles\rtos_vars.tmp_save
2025-10-31 14:57:09,911 [INFO] CodeEngine:289 - Generated code: C:\Users\USER\STM32CubeIDE\workspace_1.19.0\Hip-Pro_Hardware_V1.2\HardwareV1.2\MXTmpFiles\rtos_vars.tmp
2025-10-31 14:57:09,915 [INFO] CodeEngine:265 - oldGeneratedFile, C:\Users\USER\STM32CubeIDE\workspace_1.19.0\Hip-Pro_Hardware_V1.2\HardwareV1.2\MXTmpFiles\rtos_pfp.tmp_save
2025-10-31 14:57:09,961 [INFO] CodeEngine:289 - Generated code: C:\Users\USER\STM32CubeIDE\workspace_1.19.0\Hip-Pro_Hardware_V1.2\HardwareV1.2\MXTmpFiles\rtos_pfp.tmp
2025-10-31 14:57:09,965 [INFO] CodeEngine:265 - oldGeneratedFile, C:\Users\USER\STM32CubeIDE\workspace_1.19.0\Hip-Pro_Hardware_V1.2\HardwareV1.2\MXTmpFiles\rtos_obj_creat.tmp_save
2025-10-31 14:57:10,013 [INFO] CodeEngine:289 - Generated code: C:\Users\USER\STM32CubeIDE\workspace_1.19.0\Hip-Pro_Hardware_V1.2\HardwareV1.2\MXTmpFiles\rtos_obj_creat.tmp
2025-10-31 14:57:10,017 [INFO] CodeEngine:265 - oldGeneratedFile, C:\Users\USER\STM32CubeIDE\workspace_1.19.0\Hip-Pro_Hardware_V1.2\HardwareV1.2\MXTmpFiles\rtos_kernelStart.tmp_save
2025-10-31 14:57:10,065 [INFO] CodeEngine:289 - Generated code: C:\Users\USER\STM32CubeIDE\workspace_1.19.0\Hip-Pro_Hardware_V1.2\HardwareV1.2\MXTmpFiles\rtos_kernelStart.tmp
2025-10-31 14:57:10,069 [INFO] CodeEngine:265 - oldGeneratedFile, C:\Users\USER\STM32CubeIDE\workspace_1.19.0\Hip-Pro_Hardware_V1.2\HardwareV1.2\MXTmpFiles\rtos_default_thread.tmp_save
2025-10-31 14:57:10,117 [INFO] CodeEngine:289 - Generated code: C:\Users\USER\STM32CubeIDE\workspace_1.19.0\Hip-Pro_Hardware_V1.2\HardwareV1.2\MXTmpFiles\rtos_default_thread.tmp
2025-10-31 14:57:10,122 [INFO] CodeEngine:265 - oldGeneratedFile, C:\Users\USER\STM32CubeIDE\workspace_1.19.0\Hip-Pro_Hardware_V1.2\HardwareV1.2\MXTmpFiles\rtos_threads.tmp_save
2025-10-31 14:57:10,171 [INFO] CodeEngine:289 - Generated code: C:\Users\USER\STM32CubeIDE\workspace_1.19.0\Hip-Pro_Hardware_V1.2\HardwareV1.2\MXTmpFiles\rtos_threads.tmp
2025-10-31 14:57:10,184 [INFO] Middleware:1452 - No code input for Bsp Dependency
2025-10-31 14:57:10,192 [INFO] CodeEngine:265 - oldGeneratedFile, C:\Users\USER\STM32CubeIDE\workspace_1.19.0\Hip-Pro_Hardware_V1.2\HardwareV1.2\MXTmpFiles\rtos_inc.tmp_save
2025-10-31 14:57:10,240 [INFO] CodeEngine:289 - Generated code: C:\Users\USER\STM32CubeIDE\workspace_1.19.0\Hip-Pro_Hardware_V1.2\HardwareV1.2\MXTmpFiles\rtos_inc.tmp
2025-10-31 14:57:10,246 [INFO] CodeEngine:265 - oldGeneratedFile, C:\Users\USER\STM32CubeIDE\workspace_1.19.0\Hip-Pro_Hardware_V1.2\HardwareV1.2\MXTmpFiles\rtos_vars.tmp_save
2025-10-31 14:57:10,295 [INFO] CodeEngine:289 - Generated code: C:\Users\USER\STM32CubeIDE\workspace_1.19.0\Hip-Pro_Hardware_V1.2\HardwareV1.2\MXTmpFiles\rtos_vars.tmp
2025-10-31 14:57:10,300 [INFO] CodeEngine:265 - oldGeneratedFile, C:\Users\USER\STM32CubeIDE\workspace_1.19.0\Hip-Pro_Hardware_V1.2\HardwareV1.2\MXTmpFiles\rtos_pfp.tmp_save
2025-10-31 14:57:10,349 [INFO] CodeEngine:289 - Generated code: C:\Users\USER\STM32CubeIDE\workspace_1.19.0\Hip-Pro_Hardware_V1.2\HardwareV1.2\MXTmpFiles\rtos_pfp.tmp
2025-10-31 14:57:10,354 [INFO] CodeEngine:265 - oldGeneratedFile, C:\Users\USER\STM32CubeIDE\workspace_1.19.0\Hip-Pro_Hardware_V1.2\HardwareV1.2\MXTmpFiles\rtos_obj_creat.tmp_save
2025-10-31 14:57:10,406 [INFO] CodeEngine:289 - Generated code: C:\Users\USER\STM32CubeIDE\workspace_1.19.0\Hip-Pro_Hardware_V1.2\HardwareV1.2\MXTmpFiles\rtos_obj_creat.tmp
2025-10-31 14:57:10,412 [INFO] CodeEngine:265 - oldGeneratedFile, C:\Users\USER\STM32CubeIDE\workspace_1.19.0\Hip-Pro_Hardware_V1.2\HardwareV1.2\MXTmpFiles\rtos_kernelStart.tmp_save
2025-10-31 14:57:10,460 [INFO] CodeEngine:289 - Generated code: C:\Users\USER\STM32CubeIDE\workspace_1.19.0\Hip-Pro_Hardware_V1.2\HardwareV1.2\MXTmpFiles\rtos_kernelStart.tmp
2025-10-31 14:57:10,465 [INFO] CodeEngine:265 - oldGeneratedFile, C:\Users\USER\STM32CubeIDE\workspace_1.19.0\Hip-Pro_Hardware_V1.2\HardwareV1.2\MXTmpFiles\rtos_default_thread.tmp_save
2025-10-31 14:57:10,513 [INFO] CodeEngine:289 - Generated code: C:\Users\USER\STM32CubeIDE\workspace_1.19.0\Hip-Pro_Hardware_V1.2\HardwareV1.2\MXTmpFiles\rtos_default_thread.tmp
2025-10-31 14:57:10,518 [INFO] CodeEngine:265 - oldGeneratedFile, C:\Users\USER\STM32CubeIDE\workspace_1.19.0\Hip-Pro_Hardware_V1.2\HardwareV1.2\MXTmpFiles\rtos_threads.tmp_save
2025-10-31 14:57:10,569 [INFO] CodeEngine:289 - Generated code: C:\Users\USER\STM32CubeIDE\workspace_1.19.0\Hip-Pro_Hardware_V1.2\HardwareV1.2\MXTmpFiles\rtos_threads.tmp
2025-10-31 14:57:10,575 [INFO] CodeEngine:265 - oldGeneratedFile, C:\Users\USER\STM32CubeIDE\workspace_1.19.0\Hip-Pro_Hardware_V1.2\HardwareV1.2\Core\Inc\FreeRTOSConfig.h_save
2025-10-31 14:57:10,633 [INFO] CodeEngine:289 - Generated code: C:\Users\USER\STM32CubeIDE\workspace_1.19.0\Hip-Pro_Hardware_V1.2\HardwareV1.2\Core\Inc\FreeRTOSConfig.h
2025-10-31 14:57:10,638 [INFO] CodeEngine:265 - oldGeneratedFile, C:\Users\USER\STM32CubeIDE\workspace_1.19.0\Hip-Pro_Hardware_V1.2\HardwareV1.2\Core\Src\freertos.c_save
2025-10-31 14:57:10,694 [INFO] CodeEngine:289 - Generated code: C:\Users\USER\STM32CubeIDE\workspace_1.19.0\Hip-Pro_Hardware_V1.2\HardwareV1.2\Core\Src\freertos.c
2025-10-31 14:57:10,705 [INFO] CodeEngine:265 - oldGeneratedFile, C:\Users\USER\STM32CubeIDE\workspace_1.19.0\Hip-Pro_Hardware_V1.2\HardwareV1.2\MXTmpFiles\dma.tmp_save
2025-10-31 14:57:10,753 [INFO] CodeEngine:289 - Generated code: C:\Users\USER\STM32CubeIDE\workspace_1.19.0\Hip-Pro_Hardware_V1.2\HardwareV1.2\MXTmpFiles\dma.tmp
2025-10-31 14:57:10,757 [INFO] CodeEngine:265 - oldGeneratedFile, C:\Users\USER\STM32CubeIDE\workspace_1.19.0\Hip-Pro_Hardware_V1.2\HardwareV1.2\MXTmpFiles\dma_GV.tmp_save
2025-10-31 14:57:10,802 [INFO] CodeEngine:289 - Generated code: C:\Users\USER\STM32CubeIDE\workspace_1.19.0\Hip-Pro_Hardware_V1.2\HardwareV1.2\MXTmpFiles\dma_GV.tmp
2025-10-31 14:57:10,811 [INFO] CodeEngine:265 - oldGeneratedFile, C:\Users\USER\STM32CubeIDE\workspace_1.19.0\Hip-Pro_Hardware_V1.2\HardwareV1.2\Core\Src\stm32f1xx_it.c_save
2025-10-31 14:57:10,867 [INFO] CodeEngine:289 - Generated code: C:\Users\USER\STM32CubeIDE\workspace_1.19.0\Hip-Pro_Hardware_V1.2\HardwareV1.2\Core\Src\stm32f1xx_it.c
2025-10-31 14:57:10,872 [INFO] CodeEngine:265 - oldGeneratedFile, C:\Users\USER\STM32CubeIDE\workspace_1.19.0\Hip-Pro_Hardware_V1.2\HardwareV1.2\Core\Inc\stm32f1xx_it.h_save
2025-10-31 14:57:10,921 [INFO] CodeEngine:289 - Generated code: C:\Users\USER\STM32CubeIDE\workspace_1.19.0\Hip-Pro_Hardware_V1.2\HardwareV1.2\Core\Inc\stm32f1xx_it.h
2025-10-31 14:57:10,931 [INFO] CodeEngine:265 - oldGeneratedFile, C:\Users\USER\STM32CubeIDE\workspace_1.19.0\Hip-Pro_Hardware_V1.2\HardwareV1.2\Core\Src\stm32f1xx_hal_msp.c_save
2025-10-31 14:57:11,003 [INFO] CodeEngine:289 - Generated code: C:\Users\USER\STM32CubeIDE\workspace_1.19.0\Hip-Pro_Hardware_V1.2\HardwareV1.2\Core\Src\stm32f1xx_hal_msp.c
2025-10-31 14:57:11,007 [INFO] CodeEngine:265 - oldGeneratedFile, C:\Users\USER\STM32CubeIDE\workspace_1.19.0\Hip-Pro_Hardware_V1.2\HardwareV1.2\MXTmpFiles\system.tmp_save
2025-10-31 14:57:11,053 [INFO] CodeEngine:289 - Generated code: C:\Users\USER\STM32CubeIDE\workspace_1.19.0\Hip-Pro_Hardware_V1.2\HardwareV1.2\MXTmpFiles\system.tmp
2025-10-31 14:57:11,058 [INFO] CodeEngine:265 - oldGeneratedFile, C:\Users\USER\STM32CubeIDE\workspace_1.19.0\Hip-Pro_Hardware_V1.2\HardwareV1.2\Core\Src\stm32f1xx_hal_timebase_tim.c_save
2025-10-31 14:57:11,111 [INFO] CodeEngine:289 - Generated code: C:\Users\USER\STM32CubeIDE\workspace_1.19.0\Hip-Pro_Hardware_V1.2\HardwareV1.2\Core\Src\stm32f1xx_hal_timebase_tim.c
2025-10-31 14:57:11,120 [INFO] CodeEngine:321 - oldGeneratedFile, C:\Users\USER\STM32CubeIDE\workspace_1.19.0\Hip-Pro_Hardware_V1.2\HardwareV1.2\Core\Inc\stm32f1xx_hal_conf.h_save
2025-10-31 14:57:11,173 [INFO] CodeEngine:345 - Generated code: C:\Users\USER\STM32CubeIDE\workspace_1.19.0\Hip-Pro_Hardware_V1.2\HardwareV1.2\Core\Inc\stm32f1xx_hal_conf.h
2025-10-31 14:57:11,189 [INFO] CodeEngine:265 - oldGeneratedFile, C:\Users\USER\STM32CubeIDE\workspace_1.19.0\Hip-Pro_Hardware_V1.2\HardwareV1.2\Core\Inc\main.h_save
2025-10-31 14:57:11,244 [INFO] CodeEngine:289 - Generated code: C:\Users\USER\STM32CubeIDE\workspace_1.19.0\Hip-Pro_Hardware_V1.2\HardwareV1.2\Core\Inc\main.h
2025-10-31 14:57:11,250 [INFO] CodeEngine:265 - oldGeneratedFile, C:\Users\USER\STM32CubeIDE\workspace_1.19.0\Hip-Pro_Hardware_V1.2\HardwareV1.2\Core\Src\main.c_save
2025-10-31 14:57:11,341 [INFO] CodeEngine:289 - Generated code: C:\Users\USER\STM32CubeIDE\workspace_1.19.0\Hip-Pro_Hardware_V1.2\HardwareV1.2\Core\Src\main.c
2025-10-31 14:57:11,657 [INFO] ProjectBuilder:3606 - Time for Copy HAL[1] : 143mS.
2025-10-31 14:57:11,660 [INFO] ProjectBuilder:5216 - Project Generator version: 4.7.0-B52
2025-10-31 14:57:11,729 [INFO] ConfigFileManager:1595 - The Die is : DIE414
2025-10-31 14:57:12,570 [INFO] ProjectBuilder:5496 - Time for Generating toolchain IDE Files: 910mS.
2025-10-31 14:57:12,571 [INFO] ProjectBuilder:3463 - Time for Copy CMSIS : 0mS.
2025-10-31 14:57:12,578 [INFO] ProjectBuilder:3463 - Time for Copy CMSIS : 0mS.
2025-10-31 15:10:56,926 [INFO] UtilMem:75 - End SaveConfig() Used Memory: 740903480 Bytes (912261120)
2025-10-31 15:10:58,057 [INFO] UtilMem:75 - End SaveConfig() Used Memory: 763445816 Bytes (912261120)
2025-10-31 15:10:58,427 [INFO] UtilMem:75 - End SaveConfig() Used Memory: 798048824 Bytes (912261120)
2025-10-31 15:10:58,576 [INFO] BlockDiagram:2775 - set Specific Code input for plugin: RTC
2025-10-31 15:10:58,576 [INFO] BlockDiagram:2775 - set Specific Code input for plugin: NVIC
2025-10-31 15:10:58,576 [INFO] BlockDiagram:2775 - set Specific Code input for plugin: FREERTOS
2025-10-31 15:10:58,576 [INFO] BlockDiagram:2775 - set Specific Code input for plugin: IWDG
2025-10-31 15:10:58,576 [INFO] BlockDiagram:2775 - set Specific Code input for plugin: DMA
2025-10-31 15:10:58,576 [INFO] BlockDiagram:2775 - set Specific Code input for plugin: SYS
2025-10-31 15:10:58,576 [INFO] BlockDiagram:2775 - set Specific Code input for plugin: GPIO
2025-10-31 15:10:58,576 [INFO] BlockDiagram:2775 - set Specific Code input for plugin: ADC
2025-10-31 15:10:58,576 [INFO] BlockDiagram:2775 - set Specific Code input for plugin: RCC
2025-10-31 15:10:58,577 [INFO] CodeGenerator:892 - code generatio: config db path: C:\ST\STM32CubeIDE_1.19.0\STM32CubeIDE\plugins\com.st.stm32cube.common.mx_6.15.0.202507011659\\db\
2025-10-31 15:10:58,579 [INFO] Argument:325 - Argument : hdmavalue: null
2025-10-31 15:10:58,579 [INFO] Argument:327 - 	 sub Args: 
2025-10-31 15:10:58,579 [INFO] Argument:325 - Argument : Instancevalue: DMA1_Channel1
2025-10-31 15:10:58,579 [INFO] Argument:335 - Argument : Instancevalue: DMA1_Channel1
2025-10-31 15:10:58,579 [INFO] Argument:325 - Argument : Initvalue: null
2025-10-31 15:10:58,579 [INFO] Argument:327 - 	 sub Args: 
2025-10-31 15:10:58,579 [INFO] Argument:325 - Argument : Directionvalue: DMA_PERIPH_TO_MEMORY
2025-10-31 15:10:58,579 [INFO] Argument:335 - Argument : Directionvalue: DMA_PERIPH_TO_MEMORY
2025-10-31 15:10:58,579 [INFO] Argument:325 - Argument : PeriphIncvalue: DMA_PINC_DISABLE
2025-10-31 15:10:58,579 [INFO] Argument:335 - Argument : PeriphIncvalue: DMA_PINC_DISABLE
2025-10-31 15:10:58,579 [INFO] Argument:325 - Argument : MemIncvalue: DMA_MINC_ENABLE
2025-10-31 15:10:58,579 [INFO] Argument:335 - Argument : MemIncvalue: DMA_MINC_ENABLE
2025-10-31 15:10:58,579 [INFO] Argument:325 - Argument : PeriphDataAlignmentvalue: DMA_PDATAALIGN_HALFWORD
2025-10-31 15:10:58,579 [INFO] Argument:335 - Argument : PeriphDataAlignmentvalue: DMA_PDATAALIGN_HALFWORD
2025-10-31 15:10:58,580 [INFO] Argument:325 - Argument : MemDataAlignmentvalue: DMA_MDATAALIGN_HALFWORD
2025-10-31 15:10:58,580 [INFO] Argument:335 - Argument : MemDataAlignmentvalue: DMA_MDATAALIGN_HALFWORD
2025-10-31 15:10:58,580 [INFO] Argument:325 - Argument : Modevalue: DMA_CIRCULAR
2025-10-31 15:10:58,580 [INFO] Argument:335 - Argument : Modevalue: DMA_CIRCULAR
2025-10-31 15:10:58,580 [INFO] Argument:325 - Argument : Priorityvalue: DMA_PRIORITY_LOW
2025-10-31 15:10:58,580 [INFO] Argument:335 - Argument : Priorityvalue: DMA_PRIORITY_LOW
2025-10-31 15:10:58,580 [INFO] Argument:325 - Argument : Lockvalue: null
2025-10-31 15:10:58,580 [INFO] Argument:335 - Argument : Lockvalue: null
2025-10-31 15:10:58,580 [INFO] Argument:325 - Argument : Statevalue: null
2025-10-31 15:10:58,580 [INFO] Argument:335 - Argument : Statevalue: null
2025-10-31 15:10:58,580 [INFO] Argument:325 - Argument : Parentvalue: null
2025-10-31 15:10:58,580 [INFO] Argument:335 - Argument : Parentvalue: null
2025-10-31 15:10:58,580 [INFO] Argument:325 - Argument : XferCpltCallbackvalue: null
2025-10-31 15:10:58,580 [INFO] Argument:335 - Argument : XferCpltCallbackvalue: null
2025-10-31 15:10:58,580 [INFO] Argument:325 - Argument : XferHalfCpltCallbackvalue: null
2025-10-31 15:10:58,580 [INFO] Argument:335 - Argument : XferHalfCpltCallbackvalue: null
2025-10-31 15:10:58,580 [INFO] Argument:325 - Argument : XferErrorCallbackvalue: null
2025-10-31 15:10:58,580 [INFO] Argument:335 - Argument : XferErrorCallbackvalue: null
2025-10-31 15:10:58,580 [INFO] Argument:325 - Argument : ErrorCodevalue: null
2025-10-31 15:10:58,580 [INFO] Argument:335 - Argument : ErrorCodevalue: null
2025-10-31 15:10:58,647 [INFO] CodeEngine:265 - oldGeneratedFile, C:\Users\USER\STM32CubeIDE\workspace_1.19.0\Hip-Pro_Hardware_V1.2\HardwareV1.2\MXTmpFiles\license.tmp_save
2025-10-31 15:10:58,698 [INFO] CodeEngine:289 - Generated code: C:\Users\USER\STM32CubeIDE\workspace_1.19.0\Hip-Pro_Hardware_V1.2\HardwareV1.2\MXTmpFiles\license.tmp
2025-10-31 15:10:58,723 [INFO] CodeEngine:265 - oldGeneratedFile, C:\Users\USER\STM32CubeIDE\workspace_1.19.0\Hip-Pro_Hardware_V1.2\HardwareV1.2\MXTmpFiles\gpio.tmp_save
2025-10-31 15:10:58,780 [INFO] CodeEngine:289 - Generated code: C:\Users\USER\STM32CubeIDE\workspace_1.19.0\Hip-Pro_Hardware_V1.2\HardwareV1.2\MXTmpFiles\gpio.tmp
2025-10-31 15:10:58,839 [INFO] Middleware:1452 - No code input for Bsp Dependency
2025-10-31 15:10:58,844 [INFO] CodeEngine:265 - oldGeneratedFile, C:\Users\USER\STM32CubeIDE\workspace_1.19.0\Hip-Pro_Hardware_V1.2\HardwareV1.2\MXTmpFiles\rtos_inc.tmp_save
2025-10-31 15:10:58,892 [INFO] CodeEngine:289 - Generated code: C:\Users\USER\STM32CubeIDE\workspace_1.19.0\Hip-Pro_Hardware_V1.2\HardwareV1.2\MXTmpFiles\rtos_inc.tmp
2025-10-31 15:10:58,895 [INFO] CodeEngine:265 - oldGeneratedFile, C:\Users\USER\STM32CubeIDE\workspace_1.19.0\Hip-Pro_Hardware_V1.2\HardwareV1.2\MXTmpFiles\rtos_vars.tmp_save
2025-10-31 15:10:58,943 [INFO] CodeEngine:289 - Generated code: C:\Users\USER\STM32CubeIDE\workspace_1.19.0\Hip-Pro_Hardware_V1.2\HardwareV1.2\MXTmpFiles\rtos_vars.tmp
2025-10-31 15:10:58,947 [INFO] CodeEngine:265 - oldGeneratedFile, C:\Users\USER\STM32CubeIDE\workspace_1.19.0\Hip-Pro_Hardware_V1.2\HardwareV1.2\MXTmpFiles\rtos_pfp.tmp_save
2025-10-31 15:10:58,994 [INFO] CodeEngine:289 - Generated code: C:\Users\USER\STM32CubeIDE\workspace_1.19.0\Hip-Pro_Hardware_V1.2\HardwareV1.2\MXTmpFiles\rtos_pfp.tmp
2025-10-31 15:10:58,997 [INFO] CodeEngine:265 - oldGeneratedFile, C:\Users\USER\STM32CubeIDE\workspace_1.19.0\Hip-Pro_Hardware_V1.2\HardwareV1.2\MXTmpFiles\rtos_obj_creat.tmp_save
2025-10-31 15:10:59,045 [INFO] CodeEngine:289 - Generated code: C:\Users\USER\STM32CubeIDE\workspace_1.19.0\Hip-Pro_Hardware_V1.2\HardwareV1.2\MXTmpFiles\rtos_obj_creat.tmp
2025-10-31 15:10:59,049 [INFO] CodeEngine:265 - oldGeneratedFile, C:\Users\USER\STM32CubeIDE\workspace_1.19.0\Hip-Pro_Hardware_V1.2\HardwareV1.2\MXTmpFiles\rtos_kernelStart.tmp_save
2025-10-31 15:10:59,094 [INFO] CodeEngine:289 - Generated code: C:\Users\USER\STM32CubeIDE\workspace_1.19.0\Hip-Pro_Hardware_V1.2\HardwareV1.2\MXTmpFiles\rtos_kernelStart.tmp
2025-10-31 15:10:59,098 [INFO] CodeEngine:265 - oldGeneratedFile, C:\Users\USER\STM32CubeIDE\workspace_1.19.0\Hip-Pro_Hardware_V1.2\HardwareV1.2\MXTmpFiles\rtos_default_thread.tmp_save
2025-10-31 15:10:59,145 [INFO] CodeEngine:289 - Generated code: C:\Users\USER\STM32CubeIDE\workspace_1.19.0\Hip-Pro_Hardware_V1.2\HardwareV1.2\MXTmpFiles\rtos_default_thread.tmp
2025-10-31 15:10:59,149 [INFO] CodeEngine:265 - oldGeneratedFile, C:\Users\USER\STM32CubeIDE\workspace_1.19.0\Hip-Pro_Hardware_V1.2\HardwareV1.2\MXTmpFiles\rtos_threads.tmp_save
2025-10-31 15:10:59,196 [INFO] CodeEngine:289 - Generated code: C:\Users\USER\STM32CubeIDE\workspace_1.19.0\Hip-Pro_Hardware_V1.2\HardwareV1.2\MXTmpFiles\rtos_threads.tmp
2025-10-31 15:10:59,207 [INFO] Middleware:1452 - No code input for Bsp Dependency
2025-10-31 15:10:59,213 [INFO] CodeEngine:265 - oldGeneratedFile, C:\Users\USER\STM32CubeIDE\workspace_1.19.0\Hip-Pro_Hardware_V1.2\HardwareV1.2\MXTmpFiles\rtos_inc.tmp_save
2025-10-31 15:10:59,261 [INFO] CodeEngine:289 - Generated code: C:\Users\USER\STM32CubeIDE\workspace_1.19.0\Hip-Pro_Hardware_V1.2\HardwareV1.2\MXTmpFiles\rtos_inc.tmp
2025-10-31 15:10:59,267 [INFO] CodeEngine:265 - oldGeneratedFile, C:\Users\USER\STM32CubeIDE\workspace_1.19.0\Hip-Pro_Hardware_V1.2\HardwareV1.2\MXTmpFiles\rtos_vars.tmp_save
2025-10-31 15:10:59,316 [INFO] CodeEngine:289 - Generated code: C:\Users\USER\STM32CubeIDE\workspace_1.19.0\Hip-Pro_Hardware_V1.2\HardwareV1.2\MXTmpFiles\rtos_vars.tmp
2025-10-31 15:10:59,321 [INFO] CodeEngine:265 - oldGeneratedFile, C:\Users\USER\STM32CubeIDE\workspace_1.19.0\Hip-Pro_Hardware_V1.2\HardwareV1.2\MXTmpFiles\rtos_pfp.tmp_save
2025-10-31 15:10:59,368 [INFO] CodeEngine:289 - Generated code: C:\Users\USER\STM32CubeIDE\workspace_1.19.0\Hip-Pro_Hardware_V1.2\HardwareV1.2\MXTmpFiles\rtos_pfp.tmp
2025-10-31 15:10:59,373 [INFO] CodeEngine:265 - oldGeneratedFile, C:\Users\USER\STM32CubeIDE\workspace_1.19.0\Hip-Pro_Hardware_V1.2\HardwareV1.2\MXTmpFiles\rtos_obj_creat.tmp_save
2025-10-31 15:10:59,422 [INFO] CodeEngine:289 - Generated code: C:\Users\USER\STM32CubeIDE\workspace_1.19.0\Hip-Pro_Hardware_V1.2\HardwareV1.2\MXTmpFiles\rtos_obj_creat.tmp
2025-10-31 15:10:59,427 [INFO] CodeEngine:265 - oldGeneratedFile, C:\Users\USER\STM32CubeIDE\workspace_1.19.0\Hip-Pro_Hardware_V1.2\HardwareV1.2\MXTmpFiles\rtos_kernelStart.tmp_save
2025-10-31 15:10:59,474 [INFO] CodeEngine:289 - Generated code: C:\Users\USER\STM32CubeIDE\workspace_1.19.0\Hip-Pro_Hardware_V1.2\HardwareV1.2\MXTmpFiles\rtos_kernelStart.tmp
2025-10-31 15:10:59,479 [INFO] CodeEngine:265 - oldGeneratedFile, C:\Users\USER\STM32CubeIDE\workspace_1.19.0\Hip-Pro_Hardware_V1.2\HardwareV1.2\MXTmpFiles\rtos_default_thread.tmp_save
2025-10-31 15:10:59,527 [INFO] CodeEngine:289 - Generated code: C:\Users\USER\STM32CubeIDE\workspace_1.19.0\Hip-Pro_Hardware_V1.2\HardwareV1.2\MXTmpFiles\rtos_default_thread.tmp
2025-10-31 15:10:59,531 [INFO] CodeEngine:265 - oldGeneratedFile, C:\Users\USER\STM32CubeIDE\workspace_1.19.0\Hip-Pro_Hardware_V1.2\HardwareV1.2\MXTmpFiles\rtos_threads.tmp_save
2025-10-31 15:10:59,578 [INFO] CodeEngine:289 - Generated code: C:\Users\USER\STM32CubeIDE\workspace_1.19.0\Hip-Pro_Hardware_V1.2\HardwareV1.2\MXTmpFiles\rtos_threads.tmp
2025-10-31 15:10:59,583 [INFO] CodeEngine:265 - oldGeneratedFile, C:\Users\USER\STM32CubeIDE\workspace_1.19.0\Hip-Pro_Hardware_V1.2\HardwareV1.2\Core\Inc\FreeRTOSConfig.h_save
2025-10-31 15:10:59,640 [INFO] CodeEngine:289 - Generated code: C:\Users\USER\STM32CubeIDE\workspace_1.19.0\Hip-Pro_Hardware_V1.2\HardwareV1.2\Core\Inc\FreeRTOSConfig.h
2025-10-31 15:10:59,646 [INFO] CodeEngine:265 - oldGeneratedFile, C:\Users\USER\STM32CubeIDE\workspace_1.19.0\Hip-Pro_Hardware_V1.2\HardwareV1.2\Core\Src\freertos.c_save
2025-10-31 15:10:59,697 [INFO] CodeEngine:289 - Generated code: C:\Users\USER\STM32CubeIDE\workspace_1.19.0\Hip-Pro_Hardware_V1.2\HardwareV1.2\Core\Src\freertos.c
2025-10-31 15:10:59,707 [INFO] CodeEngine:265 - oldGeneratedFile, C:\Users\USER\STM32CubeIDE\workspace_1.19.0\Hip-Pro_Hardware_V1.2\HardwareV1.2\MXTmpFiles\dma.tmp_save
2025-10-31 15:10:59,755 [INFO] CodeEngine:289 - Generated code: C:\Users\USER\STM32CubeIDE\workspace_1.19.0\Hip-Pro_Hardware_V1.2\HardwareV1.2\MXTmpFiles\dma.tmp
2025-10-31 15:10:59,758 [INFO] CodeEngine:265 - oldGeneratedFile, C:\Users\USER\STM32CubeIDE\workspace_1.19.0\Hip-Pro_Hardware_V1.2\HardwareV1.2\MXTmpFiles\dma_GV.tmp_save
2025-10-31 15:10:59,803 [INFO] CodeEngine:289 - Generated code: C:\Users\USER\STM32CubeIDE\workspace_1.19.0\Hip-Pro_Hardware_V1.2\HardwareV1.2\MXTmpFiles\dma_GV.tmp
2025-10-31 15:10:59,813 [INFO] CodeEngine:265 - oldGeneratedFile, C:\Users\USER\STM32CubeIDE\workspace_1.19.0\Hip-Pro_Hardware_V1.2\HardwareV1.2\Core\Src\stm32f1xx_it.c_save
2025-10-31 15:10:59,867 [INFO] CodeEngine:289 - Generated code: C:\Users\USER\STM32CubeIDE\workspace_1.19.0\Hip-Pro_Hardware_V1.2\HardwareV1.2\Core\Src\stm32f1xx_it.c
2025-10-31 15:10:59,872 [INFO] CodeEngine:265 - oldGeneratedFile, C:\Users\USER\STM32CubeIDE\workspace_1.19.0\Hip-Pro_Hardware_V1.2\HardwareV1.2\Core\Inc\stm32f1xx_it.h_save
2025-10-31 15:10:59,922 [INFO] CodeEngine:289 - Generated code: C:\Users\USER\STM32CubeIDE\workspace_1.19.0\Hip-Pro_Hardware_V1.2\HardwareV1.2\Core\Inc\stm32f1xx_it.h
2025-10-31 15:10:59,932 [INFO] CodeEngine:265 - oldGeneratedFile, C:\Users\USER\STM32CubeIDE\workspace_1.19.0\Hip-Pro_Hardware_V1.2\HardwareV1.2\Core\Src\stm32f1xx_hal_msp.c_save
2025-10-31 15:11:00,008 [INFO] CodeEngine:289 - Generated code: C:\Users\USER\STM32CubeIDE\workspace_1.19.0\Hip-Pro_Hardware_V1.2\HardwareV1.2\Core\Src\stm32f1xx_hal_msp.c
2025-10-31 15:11:00,012 [INFO] CodeEngine:265 - oldGeneratedFile, C:\Users\USER\STM32CubeIDE\workspace_1.19.0\Hip-Pro_Hardware_V1.2\HardwareV1.2\MXTmpFiles\system.tmp_save
2025-10-31 15:11:00,060 [INFO] CodeEngine:289 - Generated code: C:\Users\USER\STM32CubeIDE\workspace_1.19.0\Hip-Pro_Hardware_V1.2\HardwareV1.2\MXTmpFiles\system.tmp
2025-10-31 15:11:00,065 [INFO] CodeEngine:265 - oldGeneratedFile, C:\Users\USER\STM32CubeIDE\workspace_1.19.0\Hip-Pro_Hardware_V1.2\HardwareV1.2\Core\Src\stm32f1xx_hal_timebase_tim.c_save
2025-10-31 15:11:00,118 [INFO] CodeEngine:289 - Generated code: C:\Users\USER\STM32CubeIDE\workspace_1.19.0\Hip-Pro_Hardware_V1.2\HardwareV1.2\Core\Src\stm32f1xx_hal_timebase_tim.c
2025-10-31 15:11:00,126 [INFO] CodeEngine:321 - oldGeneratedFile, C:\Users\USER\STM32CubeIDE\workspace_1.19.0\Hip-Pro_Hardware_V1.2\HardwareV1.2\Core\Inc\stm32f1xx_hal_conf.h_save
2025-10-31 15:11:00,182 [INFO] CodeEngine:345 - Generated code: C:\Users\USER\STM32CubeIDE\workspace_1.19.0\Hip-Pro_Hardware_V1.2\HardwareV1.2\Core\Inc\stm32f1xx_hal_conf.h
2025-10-31 15:11:00,199 [INFO] CodeEngine:265 - oldGeneratedFile, C:\Users\USER\STM32CubeIDE\workspace_1.19.0\Hip-Pro_Hardware_V1.2\HardwareV1.2\Core\Inc\main.h_save
2025-10-31 15:11:00,252 [INFO] CodeEngine:289 - Generated code: C:\Users\USER\STM32CubeIDE\workspace_1.19.0\Hip-Pro_Hardware_V1.2\HardwareV1.2\Core\Inc\main.h
2025-10-31 15:11:00,257 [INFO] CodeEngine:265 - oldGeneratedFile, C:\Users\USER\STM32CubeIDE\workspace_1.19.0\Hip-Pro_Hardware_V1.2\HardwareV1.2\Core\Src\main.c_save
2025-10-31 15:11:00,346 [INFO] CodeEngine:289 - Generated code: C:\Users\USER\STM32CubeIDE\workspace_1.19.0\Hip-Pro_Hardware_V1.2\HardwareV1.2\Core\Src\main.c
2025-10-31 15:11:00,656 [INFO] ProjectBuilder:3606 - Time for Copy HAL[1] : 153mS.
2025-10-31 15:11:00,659 [INFO] ProjectBuilder:5216 - Project Generator version: 4.7.0-B52
2025-10-31 15:11:00,729 [INFO] ConfigFileManager:1595 - The Die is : DIE414
2025-10-31 15:11:01,501 [INFO] ProjectBuilder:5496 - Time for Generating toolchain IDE Files: 842mS.
2025-10-31 15:11:01,503 [INFO] ProjectBuilder:3463 - Time for Copy CMSIS : 1mS.
2025-10-31 15:11:01,509 [INFO] ProjectBuilder:3463 - Time for Copy CMSIS : 0mS.
2025-10-31 15:43:06,273 [INFO] UtilMem:75 - End SaveConfig() Used Memory: 726308512 Bytes (947912704)
2025-10-31 15:43:07,574 [INFO] UtilMem:75 - End SaveConfig() Used Memory: 748228248 Bytes (947912704)
2025-10-31 15:43:09,870 [INFO] UtilMem:75 - End SaveConfig() Used Memory: 268956112 Bytes (947912704)
2025-10-31 15:43:10,227 [INFO] BlockDiagram:2775 - set Specific Code input for plugin: NVIC
2025-10-31 15:43:10,227 [INFO] BlockDiagram:2775 - set Specific Code input for plugin: FREERTOS
2025-10-31 15:43:10,228 [INFO] BlockDiagram:2775 - set Specific Code input for plugin: IWDG
2025-10-31 15:43:10,228 [INFO] BlockDiagram:2775 - set Specific Code input for plugin: DMA
2025-10-31 15:43:10,228 [INFO] BlockDiagram:2775 - set Specific Code input for plugin: SYS
2025-10-31 15:43:10,228 [INFO] BlockDiagram:2775 - set Specific Code input for plugin: GPIO
2025-10-31 15:43:10,228 [INFO] BlockDiagram:2775 - set Specific Code input for plugin: ADC
2025-10-31 15:43:10,228 [INFO] BlockDiagram:2775 - set Specific Code input for plugin: RCC
2025-10-31 15:43:10,230 [INFO] CodeGenerator:892 - code generatio: config db path: C:\ST\STM32CubeIDE_1.19.0\STM32CubeIDE\plugins\com.st.stm32cube.common.mx_6.15.0.202507011659\\db\
2025-10-31 15:43:10,234 [INFO] Argument:325 - Argument : hdmavalue: null
2025-10-31 15:43:10,234 [INFO] Argument:327 - 	 sub Args: 
2025-10-31 15:43:10,234 [INFO] Argument:325 - Argument : Instancevalue: DMA1_Channel1
2025-10-31 15:43:10,235 [INFO] Argument:335 - Argument : Instancevalue: DMA1_Channel1
2025-10-31 15:43:10,235 [INFO] Argument:325 - Argument : Initvalue: null
2025-10-31 15:43:10,235 [INFO] Argument:327 - 	 sub Args: 
2025-10-31 15:43:10,235 [INFO] Argument:325 - Argument : Directionvalue: DMA_PERIPH_TO_MEMORY
2025-10-31 15:43:10,235 [INFO] Argument:335 - Argument : Directionvalue: DMA_PERIPH_TO_MEMORY
2025-10-31 15:43:10,235 [INFO] Argument:325 - Argument : PeriphIncvalue: DMA_PINC_DISABLE
2025-10-31 15:43:10,235 [INFO] Argument:335 - Argument : PeriphIncvalue: DMA_PINC_DISABLE
2025-10-31 15:43:10,235 [INFO] Argument:325 - Argument : MemIncvalue: DMA_MINC_ENABLE
2025-10-31 15:43:10,235 [INFO] Argument:335 - Argument : MemIncvalue: DMA_MINC_ENABLE
2025-10-31 15:43:10,235 [INFO] Argument:325 - Argument : PeriphDataAlignmentvalue: DMA_PDATAALIGN_HALFWORD
2025-10-31 15:43:10,235 [INFO] Argument:335 - Argument : PeriphDataAlignmentvalue: DMA_PDATAALIGN_HALFWORD
2025-10-31 15:43:10,235 [INFO] Argument:325 - Argument : MemDataAlignmentvalue: DMA_MDATAALIGN_HALFWORD
2025-10-31 15:43:10,235 [INFO] Argument:335 - Argument : MemDataAlignmentvalue: DMA_MDATAALIGN_HALFWORD
2025-10-31 15:43:10,235 [INFO] Argument:325 - Argument : Modevalue: DMA_CIRCULAR
2025-10-31 15:43:10,235 [INFO] Argument:335 - Argument : Modevalue: DMA_CIRCULAR
2025-10-31 15:43:10,235 [INFO] Argument:325 - Argument : Priorityvalue: DMA_PRIORITY_LOW
2025-10-31 15:43:10,236 [INFO] Argument:335 - Argument : Priorityvalue: DMA_PRIORITY_LOW
2025-10-31 15:43:10,236 [INFO] Argument:325 - Argument : Lockvalue: null
2025-10-31 15:43:10,236 [INFO] Argument:335 - Argument : Lockvalue: null
2025-10-31 15:43:10,236 [INFO] Argument:325 - Argument : Statevalue: null
2025-10-31 15:43:10,236 [INFO] Argument:335 - Argument : Statevalue: null
2025-10-31 15:43:10,236 [INFO] Argument:325 - Argument : Parentvalue: null
2025-10-31 15:43:10,236 [INFO] Argument:335 - Argument : Parentvalue: null
2025-10-31 15:43:10,236 [INFO] Argument:325 - Argument : XferCpltCallbackvalue: null
2025-10-31 15:43:10,236 [INFO] Argument:335 - Argument : XferCpltCallbackvalue: null
2025-10-31 15:43:10,236 [INFO] Argument:325 - Argument : XferHalfCpltCallbackvalue: null
2025-10-31 15:43:10,236 [INFO] Argument:335 - Argument : XferHalfCpltCallbackvalue: null
2025-10-31 15:43:10,237 [INFO] Argument:325 - Argument : XferErrorCallbackvalue: null
2025-10-31 15:43:10,237 [INFO] Argument:335 - Argument : XferErrorCallbackvalue: null
2025-10-31 15:43:10,237 [INFO] Argument:325 - Argument : ErrorCodevalue: null
2025-10-31 15:43:10,237 [INFO] Argument:335 - Argument : ErrorCodevalue: null
2025-10-31 15:43:10,312 [INFO] CodeEngine:265 - oldGeneratedFile, C:\Users\USER\STM32CubeIDE\workspace_1.19.0\Hip-Pro_Hardware_V1.2\HardwareV1.2\MXTmpFiles\license.tmp_save
2025-10-31 15:43:10,582 [INFO] CodeEngine:289 - Generated code: C:\Users\USER\STM32CubeIDE\workspace_1.19.0\Hip-Pro_Hardware_V1.2\HardwareV1.2\MXTmpFiles\license.tmp
2025-10-31 15:43:10,623 [INFO] CodeEngine:265 - oldGeneratedFile, C:\Users\USER\STM32CubeIDE\workspace_1.19.0\Hip-Pro_Hardware_V1.2\HardwareV1.2\MXTmpFiles\gpio.tmp_save
2025-10-31 15:43:10,747 [INFO] CodeEngine:289 - Generated code: C:\Users\USER\STM32CubeIDE\workspace_1.19.0\Hip-Pro_Hardware_V1.2\HardwareV1.2\MXTmpFiles\gpio.tmp
2025-10-31 15:43:10,870 [INFO] Middleware:1452 - No code input for Bsp Dependency
2025-10-31 15:43:10,878 [INFO] CodeEngine:265 - oldGeneratedFile, C:\Users\USER\STM32CubeIDE\workspace_1.19.0\Hip-Pro_Hardware_V1.2\HardwareV1.2\MXTmpFiles\rtos_inc.tmp_save
2025-10-31 15:43:10,956 [INFO] CodeEngine:289 - Generated code: C:\Users\USER\STM32CubeIDE\workspace_1.19.0\Hip-Pro_Hardware_V1.2\HardwareV1.2\MXTmpFiles\rtos_inc.tmp
2025-10-31 15:43:10,962 [INFO] CodeEngine:265 - oldGeneratedFile, C:\Users\USER\STM32CubeIDE\workspace_1.19.0\Hip-Pro_Hardware_V1.2\HardwareV1.2\MXTmpFiles\rtos_vars.tmp_save
2025-10-31 15:43:11,036 [INFO] CodeEngine:289 - Generated code: C:\Users\USER\STM32CubeIDE\workspace_1.19.0\Hip-Pro_Hardware_V1.2\HardwareV1.2\MXTmpFiles\rtos_vars.tmp
2025-10-31 15:43:11,042 [INFO] CodeEngine:265 - oldGeneratedFile, C:\Users\USER\STM32CubeIDE\workspace_1.19.0\Hip-Pro_Hardware_V1.2\HardwareV1.2\MXTmpFiles\rtos_pfp.tmp_save
2025-10-31 15:43:11,100 [INFO] CodeEngine:289 - Generated code: C:\Users\USER\STM32CubeIDE\workspace_1.19.0\Hip-Pro_Hardware_V1.2\HardwareV1.2\MXTmpFiles\rtos_pfp.tmp
2025-10-31 15:43:11,105 [INFO] CodeEngine:265 - oldGeneratedFile, C:\Users\USER\STM32CubeIDE\workspace_1.19.0\Hip-Pro_Hardware_V1.2\HardwareV1.2\MXTmpFiles\rtos_obj_creat.tmp_save
2025-10-31 15:43:11,162 [INFO] CodeEngine:289 - Generated code: C:\Users\USER\STM32CubeIDE\workspace_1.19.0\Hip-Pro_Hardware_V1.2\HardwareV1.2\MXTmpFiles\rtos_obj_creat.tmp
2025-10-31 15:43:11,167 [INFO] CodeEngine:265 - oldGeneratedFile, C:\Users\USER\STM32CubeIDE\workspace_1.19.0\Hip-Pro_Hardware_V1.2\HardwareV1.2\MXTmpFiles\rtos_kernelStart.tmp_save
2025-10-31 15:43:11,225 [INFO] CodeEngine:289 - Generated code: C:\Users\USER\STM32CubeIDE\workspace_1.19.0\Hip-Pro_Hardware_V1.2\HardwareV1.2\MXTmpFiles\rtos_kernelStart.tmp
2025-10-31 15:43:11,231 [INFO] CodeEngine:265 - oldGeneratedFile, C:\Users\USER\STM32CubeIDE\workspace_1.19.0\Hip-Pro_Hardware_V1.2\HardwareV1.2\MXTmpFiles\rtos_default_thread.tmp_save
2025-10-31 15:43:11,292 [INFO] CodeEngine:289 - Generated code: C:\Users\USER\STM32CubeIDE\workspace_1.19.0\Hip-Pro_Hardware_V1.2\HardwareV1.2\MXTmpFiles\rtos_default_thread.tmp
2025-10-31 15:43:11,298 [INFO] CodeEngine:265 - oldGeneratedFile, C:\Users\USER\STM32CubeIDE\workspace_1.19.0\Hip-Pro_Hardware_V1.2\HardwareV1.2\MXTmpFiles\rtos_threads.tmp_save
2025-10-31 15:43:11,354 [INFO] CodeEngine:289 - Generated code: C:\Users\USER\STM32CubeIDE\workspace_1.19.0\Hip-Pro_Hardware_V1.2\HardwareV1.2\MXTmpFiles\rtos_threads.tmp
2025-10-31 15:43:11,369 [INFO] Middleware:1452 - No code input for Bsp Dependency
2025-10-31 15:43:11,378 [INFO] CodeEngine:265 - oldGeneratedFile, C:\Users\USER\STM32CubeIDE\workspace_1.19.0\Hip-Pro_Hardware_V1.2\HardwareV1.2\MXTmpFiles\rtos_inc.tmp_save
2025-10-31 15:43:11,437 [INFO] CodeEngine:289 - Generated code: C:\Users\USER\STM32CubeIDE\workspace_1.19.0\Hip-Pro_Hardware_V1.2\HardwareV1.2\MXTmpFiles\rtos_inc.tmp
2025-10-31 15:43:11,444 [INFO] CodeEngine:265 - oldGeneratedFile, C:\Users\USER\STM32CubeIDE\workspace_1.19.0\Hip-Pro_Hardware_V1.2\HardwareV1.2\MXTmpFiles\rtos_vars.tmp_save
2025-10-31 15:43:11,502 [INFO] CodeEngine:289 - Generated code: C:\Users\USER\STM32CubeIDE\workspace_1.19.0\Hip-Pro_Hardware_V1.2\HardwareV1.2\MXTmpFiles\rtos_vars.tmp
2025-10-31 15:43:11,510 [INFO] CodeEngine:265 - oldGeneratedFile, C:\Users\USER\STM32CubeIDE\workspace_1.19.0\Hip-Pro_Hardware_V1.2\HardwareV1.2\MXTmpFiles\rtos_pfp.tmp_save
2025-10-31 15:43:11,565 [INFO] CodeEngine:289 - Generated code: C:\Users\USER\STM32CubeIDE\workspace_1.19.0\Hip-Pro_Hardware_V1.2\HardwareV1.2\MXTmpFiles\rtos_pfp.tmp
2025-10-31 15:43:11,571 [INFO] CodeEngine:265 - oldGeneratedFile, C:\Users\USER\STM32CubeIDE\workspace_1.19.0\Hip-Pro_Hardware_V1.2\HardwareV1.2\MXTmpFiles\rtos_obj_creat.tmp_save
2025-10-31 15:43:11,625 [INFO] CodeEngine:289 - Generated code: C:\Users\USER\STM32CubeIDE\workspace_1.19.0\Hip-Pro_Hardware_V1.2\HardwareV1.2\MXTmpFiles\rtos_obj_creat.tmp
2025-10-31 15:43:11,631 [INFO] CodeEngine:265 - oldGeneratedFile, C:\Users\USER\STM32CubeIDE\workspace_1.19.0\Hip-Pro_Hardware_V1.2\HardwareV1.2\MXTmpFiles\rtos_kernelStart.tmp_save
2025-10-31 15:43:11,683 [INFO] CodeEngine:289 - Generated code: C:\Users\USER\STM32CubeIDE\workspace_1.19.0\Hip-Pro_Hardware_V1.2\HardwareV1.2\MXTmpFiles\rtos_kernelStart.tmp
2025-10-31 15:43:11,688 [INFO] CodeEngine:265 - oldGeneratedFile, C:\Users\USER\STM32CubeIDE\workspace_1.19.0\Hip-Pro_Hardware_V1.2\HardwareV1.2\MXTmpFiles\rtos_default_thread.tmp_save
2025-10-31 15:43:11,738 [INFO] CodeEngine:289 - Generated code: C:\Users\USER\STM32CubeIDE\workspace_1.19.0\Hip-Pro_Hardware_V1.2\HardwareV1.2\MXTmpFiles\rtos_default_thread.tmp
2025-10-31 15:43:11,743 [INFO] CodeEngine:265 - oldGeneratedFile, C:\Users\USER\STM32CubeIDE\workspace_1.19.0\Hip-Pro_Hardware_V1.2\HardwareV1.2\MXTmpFiles\rtos_threads.tmp_save
2025-10-31 15:43:11,791 [INFO] CodeEngine:289 - Generated code: C:\Users\USER\STM32CubeIDE\workspace_1.19.0\Hip-Pro_Hardware_V1.2\HardwareV1.2\MXTmpFiles\rtos_threads.tmp
2025-10-31 15:43:11,796 [INFO] CodeEngine:265 - oldGeneratedFile, C:\Users\USER\STM32CubeIDE\workspace_1.19.0\Hip-Pro_Hardware_V1.2\HardwareV1.2\Core\Inc\FreeRTOSConfig.h_save
2025-10-31 15:43:11,856 [INFO] CodeEngine:289 - Generated code: C:\Users\USER\STM32CubeIDE\workspace_1.19.0\Hip-Pro_Hardware_V1.2\HardwareV1.2\Core\Inc\FreeRTOSConfig.h
2025-10-31 15:43:11,862 [INFO] CodeEngine:265 - oldGeneratedFile, C:\Users\USER\STM32CubeIDE\workspace_1.19.0\Hip-Pro_Hardware_V1.2\HardwareV1.2\Core\Src\freertos.c_save
2025-10-31 15:43:11,916 [INFO] CodeEngine:289 - Generated code: C:\Users\USER\STM32CubeIDE\workspace_1.19.0\Hip-Pro_Hardware_V1.2\HardwareV1.2\Core\Src\freertos.c
2025-10-31 15:43:11,927 [INFO] CodeEngine:265 - oldGeneratedFile, C:\Users\USER\STM32CubeIDE\workspace_1.19.0\Hip-Pro_Hardware_V1.2\HardwareV1.2\MXTmpFiles\dma.tmp_save
2025-10-31 15:43:11,977 [INFO] CodeEngine:289 - Generated code: C:\Users\USER\STM32CubeIDE\workspace_1.19.0\Hip-Pro_Hardware_V1.2\HardwareV1.2\MXTmpFiles\dma.tmp
2025-10-31 15:43:11,980 [INFO] CodeEngine:265 - oldGeneratedFile, C:\Users\USER\STM32CubeIDE\workspace_1.19.0\Hip-Pro_Hardware_V1.2\HardwareV1.2\MXTmpFiles\dma_GV.tmp_save
2025-10-31 15:43:12,026 [INFO] CodeEngine:289 - Generated code: C:\Users\USER\STM32CubeIDE\workspace_1.19.0\Hip-Pro_Hardware_V1.2\HardwareV1.2\MXTmpFiles\dma_GV.tmp
2025-10-31 15:43:12,035 [INFO] CodeEngine:265 - oldGeneratedFile, C:\Users\USER\STM32CubeIDE\workspace_1.19.0\Hip-Pro_Hardware_V1.2\HardwareV1.2\Core\Src\stm32f1xx_it.c_save
2025-10-31 15:43:12,154 [INFO] CodeEngine:289 - Generated code: C:\Users\USER\STM32CubeIDE\workspace_1.19.0\Hip-Pro_Hardware_V1.2\HardwareV1.2\Core\Src\stm32f1xx_it.c
2025-10-31 15:43:12,159 [INFO] CodeEngine:265 - oldGeneratedFile, C:\Users\USER\STM32CubeIDE\workspace_1.19.0\Hip-Pro_Hardware_V1.2\HardwareV1.2\Core\Inc\stm32f1xx_it.h_save
2025-10-31 15:43:12,210 [INFO] CodeEngine:289 - Generated code: C:\Users\USER\STM32CubeIDE\workspace_1.19.0\Hip-Pro_Hardware_V1.2\HardwareV1.2\Core\Inc\stm32f1xx_it.h
2025-10-31 15:43:12,221 [INFO] CodeEngine:265 - oldGeneratedFile, C:\Users\USER\STM32CubeIDE\workspace_1.19.0\Hip-Pro_Hardware_V1.2\HardwareV1.2\Core\Src\stm32f1xx_hal_msp.c_save
2025-10-31 15:43:12,308 [INFO] CodeEngine:289 - Generated code: C:\Users\USER\STM32CubeIDE\workspace_1.19.0\Hip-Pro_Hardware_V1.2\HardwareV1.2\Core\Src\stm32f1xx_hal_msp.c
2025-10-31 15:43:12,312 [INFO] CodeEngine:265 - oldGeneratedFile, C:\Users\USER\STM32CubeIDE\workspace_1.19.0\Hip-Pro_Hardware_V1.2\HardwareV1.2\MXTmpFiles\system.tmp_save
2025-10-31 15:43:12,359 [INFO] CodeEngine:289 - Generated code: C:\Users\USER\STM32CubeIDE\workspace_1.19.0\Hip-Pro_Hardware_V1.2\HardwareV1.2\MXTmpFiles\system.tmp
2025-10-31 15:43:12,364 [INFO] CodeEngine:265 - oldGeneratedFile, C:\Users\USER\STM32CubeIDE\workspace_1.19.0\Hip-Pro_Hardware_V1.2\HardwareV1.2\Core\Src\stm32f1xx_hal_timebase_tim.c_save
2025-10-31 15:43:12,418 [INFO] CodeEngine:289 - Generated code: C:\Users\USER\STM32CubeIDE\workspace_1.19.0\Hip-Pro_Hardware_V1.2\HardwareV1.2\Core\Src\stm32f1xx_hal_timebase_tim.c
2025-10-31 15:43:12,427 [INFO] CodeEngine:321 - oldGeneratedFile, C:\Users\USER\STM32CubeIDE\workspace_1.19.0\Hip-Pro_Hardware_V1.2\HardwareV1.2\Core\Inc\stm32f1xx_hal_conf.h_save
2025-10-31 15:43:12,482 [INFO] CodeEngine:345 - Generated code: C:\Users\USER\STM32CubeIDE\workspace_1.19.0\Hip-Pro_Hardware_V1.2\HardwareV1.2\Core\Inc\stm32f1xx_hal_conf.h
2025-10-31 15:43:12,506 [INFO] CodeEngine:265 - oldGeneratedFile, C:\Users\USER\STM32CubeIDE\workspace_1.19.0\Hip-Pro_Hardware_V1.2\HardwareV1.2\Core\Inc\main.h_save
2025-10-31 15:43:12,587 [INFO] CodeEngine:289 - Generated code: C:\Users\USER\STM32CubeIDE\workspace_1.19.0\Hip-Pro_Hardware_V1.2\HardwareV1.2\Core\Inc\main.h
2025-10-31 15:43:12,592 [INFO] CodeEngine:265 - oldGeneratedFile, C:\Users\USER\STM32CubeIDE\workspace_1.19.0\Hip-Pro_Hardware_V1.2\HardwareV1.2\Core\Src\main.c_save
2025-10-31 15:43:12,688 [INFO] CodeEngine:289 - Generated code: C:\Users\USER\STM32CubeIDE\workspace_1.19.0\Hip-Pro_Hardware_V1.2\HardwareV1.2\Core\Src\main.c
2025-10-31 15:43:12,991 [INFO] ProjectBuilder:3606 - Time for Copy HAL[1] : 148mS.
2025-10-31 15:43:12,994 [INFO] ProjectBuilder:5216 - Project Generator version: 4.7.0-B52
2025-10-31 15:43:13,063 [INFO] ConfigFileManager:1595 - The Die is : DIE414
2025-10-31 15:43:14,026 [INFO] ProjectBuilder:5496 - Time for Generating toolchain IDE Files: 1032mS.
2025-10-31 15:43:14,027 [INFO] ProjectBuilder:3463 - Time for Copy CMSIS : 0mS.
2025-10-31 15:43:14,035 [INFO] ProjectBuilder:3463 - Time for Copy CMSIS : 0mS.
2025-10-31 15:43:46,812 [INFO] UtilMem:75 - End SaveConfig() Used Memory: 660732312 Bytes (926941184)
2025-10-31 15:43:48,827 [INFO] UtilMem:75 - End SaveConfig() Used Memory: 682731568 Bytes (926941184)
2025-10-31 15:43:54,214 [INFO] UtilMem:75 - End SaveConfig() Used Memory: 752459824 Bytes (926941184)
2025-10-31 15:43:54,337 [INFO] BlockDiagram:2775 - set Specific Code input for plugin: NVIC
2025-10-31 15:43:54,337 [INFO] BlockDiagram:2775 - set Specific Code input for plugin: FREERTOS
2025-10-31 15:43:54,337 [INFO] BlockDiagram:2775 - set Specific Code input for plugin: IWDG
2025-10-31 15:43:54,337 [INFO] BlockDiagram:2775 - set Specific Code input for plugin: DMA
2025-10-31 15:43:54,338 [INFO] BlockDiagram:2775 - set Specific Code input for plugin: SYS
2025-10-31 15:43:54,338 [INFO] BlockDiagram:2775 - set Specific Code input for plugin: GPIO
2025-10-31 15:43:54,338 [INFO] BlockDiagram:2775 - set Specific Code input for plugin: ADC
2025-10-31 15:43:54,338 [INFO] BlockDiagram:2775 - set Specific Code input for plugin: RCC
2025-10-31 15:43:54,339 [INFO] CodeGenerator:892 - code generatio: config db path: C:\ST\STM32CubeIDE_1.19.0\STM32CubeIDE\plugins\com.st.stm32cube.common.mx_6.15.0.202507011659\\db\
2025-10-31 15:43:54,341 [INFO] Argument:325 - Argument : hdmavalue: null
2025-10-31 15:43:54,341 [INFO] Argument:327 - 	 sub Args: 
2025-10-31 15:43:54,341 [INFO] Argument:325 - Argument : Instancevalue: DMA1_Channel1
2025-10-31 15:43:54,341 [INFO] Argument:335 - Argument : Instancevalue: DMA1_Channel1
2025-10-31 15:43:54,341 [INFO] Argument:325 - Argument : Initvalue: null
2025-10-31 15:43:54,341 [INFO] Argument:327 - 	 sub Args: 
2025-10-31 15:43:54,341 [INFO] Argument:325 - Argument : Directionvalue: DMA_PERIPH_TO_MEMORY
2025-10-31 15:43:54,341 [INFO] Argument:335 - Argument : Directionvalue: DMA_PERIPH_TO_MEMORY
2025-10-31 15:43:54,342 [INFO] Argument:325 - Argument : PeriphIncvalue: DMA_PINC_DISABLE
2025-10-31 15:43:54,342 [INFO] Argument:335 - Argument : PeriphIncvalue: DMA_PINC_DISABLE
2025-10-31 15:43:54,342 [INFO] Argument:325 - Argument : MemIncvalue: DMA_MINC_ENABLE
2025-10-31 15:43:54,342 [INFO] Argument:335 - Argument : MemIncvalue: DMA_MINC_ENABLE
2025-10-31 15:43:54,342 [INFO] Argument:325 - Argument : PeriphDataAlignmentvalue: DMA_PDATAALIGN_HALFWORD
2025-10-31 15:43:54,342 [INFO] Argument:335 - Argument : PeriphDataAlignmentvalue: DMA_PDATAALIGN_HALFWORD
2025-10-31 15:43:54,342 [INFO] Argument:325 - Argument : MemDataAlignmentvalue: DMA_MDATAALIGN_HALFWORD
2025-10-31 15:43:54,342 [INFO] Argument:335 - Argument : MemDataAlignmentvalue: DMA_MDATAALIGN_HALFWORD
2025-10-31 15:43:54,342 [INFO] Argument:325 - Argument : Modevalue: DMA_CIRCULAR
2025-10-31 15:43:54,342 [INFO] Argument:335 - Argument : Modevalue: DMA_CIRCULAR
2025-10-31 15:43:54,342 [INFO] Argument:325 - Argument : Priorityvalue: DMA_PRIORITY_LOW
2025-10-31 15:43:54,342 [INFO] Argument:335 - Argument : Priorityvalue: DMA_PRIORITY_LOW
2025-10-31 15:43:54,342 [INFO] Argument:325 - Argument : Lockvalue: null
2025-10-31 15:43:54,342 [INFO] Argument:335 - Argument : Lockvalue: null
2025-10-31 15:43:54,342 [INFO] Argument:325 - Argument : Statevalue: null
2025-10-31 15:43:54,342 [INFO] Argument:335 - Argument : Statevalue: null
2025-10-31 15:43:54,342 [INFO] Argument:325 - Argument : Parentvalue: null
2025-10-31 15:43:54,342 [INFO] Argument:335 - Argument : Parentvalue: null
2025-10-31 15:43:54,342 [INFO] Argument:325 - Argument : XferCpltCallbackvalue: null
2025-10-31 15:43:54,342 [INFO] Argument:335 - Argument : XferCpltCallbackvalue: null
2025-10-31 15:43:54,342 [INFO] Argument:325 - Argument : XferHalfCpltCallbackvalue: null
2025-10-31 15:43:54,342 [INFO] Argument:335 - Argument : XferHalfCpltCallbackvalue: null
2025-10-31 15:43:54,342 [INFO] Argument:325 - Argument : XferErrorCallbackvalue: null
2025-10-31 15:43:54,342 [INFO] Argument:335 - Argument : XferErrorCallbackvalue: null
2025-10-31 15:43:54,342 [INFO] Argument:325 - Argument : ErrorCodevalue: null
2025-10-31 15:43:54,342 [INFO] Argument:335 - Argument : ErrorCodevalue: null
2025-10-31 15:43:54,402 [INFO] CodeEngine:265 - oldGeneratedFile, C:\Users\USER\STM32CubeIDE\workspace_1.19.0\Hip-Pro_Hardware_V1.2\HardwareV1.2\MXTmpFiles\license.tmp_save
2025-10-31 15:43:54,460 [INFO] CodeEngine:289 - Generated code: C:\Users\USER\STM32CubeIDE\workspace_1.19.0\Hip-Pro_Hardware_V1.2\HardwareV1.2\MXTmpFiles\license.tmp
2025-10-31 15:43:54,476 [INFO] CodeEngine:265 - oldGeneratedFile, C:\Users\USER\STM32CubeIDE\workspace_1.19.0\Hip-Pro_Hardware_V1.2\HardwareV1.2\MXTmpFiles\gpio.tmp_save
2025-10-31 15:43:54,529 [INFO] CodeEngine:289 - Generated code: C:\Users\USER\STM32CubeIDE\workspace_1.19.0\Hip-Pro_Hardware_V1.2\HardwareV1.2\MXTmpFiles\gpio.tmp
2025-10-31 15:43:54,584 [INFO] Middleware:1452 - No code input for Bsp Dependency
2025-10-31 15:43:54,591 [INFO] CodeEngine:265 - oldGeneratedFile, C:\Users\USER\STM32CubeIDE\workspace_1.19.0\Hip-Pro_Hardware_V1.2\HardwareV1.2\MXTmpFiles\rtos_inc.tmp_save
2025-10-31 15:43:54,638 [INFO] CodeEngine:289 - Generated code: C:\Users\USER\STM32CubeIDE\workspace_1.19.0\Hip-Pro_Hardware_V1.2\HardwareV1.2\MXTmpFiles\rtos_inc.tmp
2025-10-31 15:43:54,642 [INFO] CodeEngine:265 - oldGeneratedFile, C:\Users\USER\STM32CubeIDE\workspace_1.19.0\Hip-Pro_Hardware_V1.2\HardwareV1.2\MXTmpFiles\rtos_vars.tmp_save
2025-10-31 15:43:54,690 [INFO] CodeEngine:289 - Generated code: C:\Users\USER\STM32CubeIDE\workspace_1.19.0\Hip-Pro_Hardware_V1.2\HardwareV1.2\MXTmpFiles\rtos_vars.tmp
2025-10-31 15:43:54,694 [INFO] CodeEngine:265 - oldGeneratedFile, C:\Users\USER\STM32CubeIDE\workspace_1.19.0\Hip-Pro_Hardware_V1.2\HardwareV1.2\MXTmpFiles\rtos_pfp.tmp_save
2025-10-31 15:43:54,741 [INFO] CodeEngine:289 - Generated code: C:\Users\USER\STM32CubeIDE\workspace_1.19.0\Hip-Pro_Hardware_V1.2\HardwareV1.2\MXTmpFiles\rtos_pfp.tmp
2025-10-31 15:43:54,744 [INFO] CodeEngine:265 - oldGeneratedFile, C:\Users\USER\STM32CubeIDE\workspace_1.19.0\Hip-Pro_Hardware_V1.2\HardwareV1.2\MXTmpFiles\rtos_obj_creat.tmp_save
2025-10-31 15:43:54,793 [INFO] CodeEngine:289 - Generated code: C:\Users\USER\STM32CubeIDE\workspace_1.19.0\Hip-Pro_Hardware_V1.2\HardwareV1.2\MXTmpFiles\rtos_obj_creat.tmp
2025-10-31 15:43:54,797 [INFO] CodeEngine:265 - oldGeneratedFile, C:\Users\USER\STM32CubeIDE\workspace_1.19.0\Hip-Pro_Hardware_V1.2\HardwareV1.2\MXTmpFiles\rtos_kernelStart.tmp_save
2025-10-31 15:43:54,842 [INFO] CodeEngine:289 - Generated code: C:\Users\USER\STM32CubeIDE\workspace_1.19.0\Hip-Pro_Hardware_V1.2\HardwareV1.2\MXTmpFiles\rtos_kernelStart.tmp
2025-10-31 15:43:54,846 [INFO] CodeEngine:265 - oldGeneratedFile, C:\Users\USER\STM32CubeIDE\workspace_1.19.0\Hip-Pro_Hardware_V1.2\HardwareV1.2\MXTmpFiles\rtos_default_thread.tmp_save
2025-10-31 15:43:54,892 [INFO] CodeEngine:289 - Generated code: C:\Users\USER\STM32CubeIDE\workspace_1.19.0\Hip-Pro_Hardware_V1.2\HardwareV1.2\MXTmpFiles\rtos_default_thread.tmp
2025-10-31 15:43:54,896 [INFO] CodeEngine:265 - oldGeneratedFile, C:\Users\USER\STM32CubeIDE\workspace_1.19.0\Hip-Pro_Hardware_V1.2\HardwareV1.2\MXTmpFiles\rtos_threads.tmp_save
2025-10-31 15:43:54,943 [INFO] CodeEngine:289 - Generated code: C:\Users\USER\STM32CubeIDE\workspace_1.19.0\Hip-Pro_Hardware_V1.2\HardwareV1.2\MXTmpFiles\rtos_threads.tmp
2025-10-31 15:43:54,956 [INFO] Middleware:1452 - No code input for Bsp Dependency
2025-10-31 15:43:54,963 [INFO] CodeEngine:265 - oldGeneratedFile, C:\Users\USER\STM32CubeIDE\workspace_1.19.0\Hip-Pro_Hardware_V1.2\HardwareV1.2\MXTmpFiles\rtos_inc.tmp_save
2025-10-31 15:43:55,011 [INFO] CodeEngine:289 - Generated code: C:\Users\USER\STM32CubeIDE\workspace_1.19.0\Hip-Pro_Hardware_V1.2\HardwareV1.2\MXTmpFiles\rtos_inc.tmp
2025-10-31 15:43:55,017 [INFO] CodeEngine:265 - oldGeneratedFile, C:\Users\USER\STM32CubeIDE\workspace_1.19.0\Hip-Pro_Hardware_V1.2\HardwareV1.2\MXTmpFiles\rtos_vars.tmp_save
2025-10-31 15:43:55,066 [INFO] CodeEngine:289 - Generated code: C:\Users\USER\STM32CubeIDE\workspace_1.19.0\Hip-Pro_Hardware_V1.2\HardwareV1.2\MXTmpFiles\rtos_vars.tmp
2025-10-31 15:43:55,070 [INFO] CodeEngine:265 - oldGeneratedFile, C:\Users\USER\STM32CubeIDE\workspace_1.19.0\Hip-Pro_Hardware_V1.2\HardwareV1.2\MXTmpFiles\rtos_pfp.tmp_save
2025-10-31 15:43:55,119 [INFO] CodeEngine:289 - Generated code: C:\Users\USER\STM32CubeIDE\workspace_1.19.0\Hip-Pro_Hardware_V1.2\HardwareV1.2\MXTmpFiles\rtos_pfp.tmp
2025-10-31 15:43:55,124 [INFO] CodeEngine:265 - oldGeneratedFile, C:\Users\USER\STM32CubeIDE\workspace_1.19.0\Hip-Pro_Hardware_V1.2\HardwareV1.2\MXTmpFiles\rtos_obj_creat.tmp_save
2025-10-31 15:43:55,174 [INFO] CodeEngine:289 - Generated code: C:\Users\USER\STM32CubeIDE\workspace_1.19.0\Hip-Pro_Hardware_V1.2\HardwareV1.2\MXTmpFiles\rtos_obj_creat.tmp
2025-10-31 15:43:55,179 [INFO] CodeEngine:265 - oldGeneratedFile, C:\Users\USER\STM32CubeIDE\workspace_1.19.0\Hip-Pro_Hardware_V1.2\HardwareV1.2\MXTmpFiles\rtos_kernelStart.tmp_save
2025-10-31 15:43:55,226 [INFO] CodeEngine:289 - Generated code: C:\Users\USER\STM32CubeIDE\workspace_1.19.0\Hip-Pro_Hardware_V1.2\HardwareV1.2\MXTmpFiles\rtos_kernelStart.tmp
2025-10-31 15:43:55,231 [INFO] CodeEngine:265 - oldGeneratedFile, C:\Users\USER\STM32CubeIDE\workspace_1.19.0\Hip-Pro_Hardware_V1.2\HardwareV1.2\MXTmpFiles\rtos_default_thread.tmp_save
2025-10-31 15:43:55,280 [INFO] CodeEngine:289 - Generated code: C:\Users\USER\STM32CubeIDE\workspace_1.19.0\Hip-Pro_Hardware_V1.2\HardwareV1.2\MXTmpFiles\rtos_default_thread.tmp
2025-10-31 15:43:55,285 [INFO] CodeEngine:265 - oldGeneratedFile, C:\Users\USER\STM32CubeIDE\workspace_1.19.0\Hip-Pro_Hardware_V1.2\HardwareV1.2\MXTmpFiles\rtos_threads.tmp_save
2025-10-31 15:43:55,331 [INFO] CodeEngine:289 - Generated code: C:\Users\USER\STM32CubeIDE\workspace_1.19.0\Hip-Pro_Hardware_V1.2\HardwareV1.2\MXTmpFiles\rtos_threads.tmp
2025-10-31 15:43:55,337 [INFO] CodeEngine:265 - oldGeneratedFile, C:\Users\USER\STM32CubeIDE\workspace_1.19.0\Hip-Pro_Hardware_V1.2\HardwareV1.2\Core\Inc\FreeRTOSConfig.h_save
2025-10-31 15:43:55,395 [INFO] CodeEngine:289 - Generated code: C:\Users\USER\STM32CubeIDE\workspace_1.19.0\Hip-Pro_Hardware_V1.2\HardwareV1.2\Core\Inc\FreeRTOSConfig.h
2025-10-31 15:43:55,401 [INFO] CodeEngine:265 - oldGeneratedFile, C:\Users\USER\STM32CubeIDE\workspace_1.19.0\Hip-Pro_Hardware_V1.2\HardwareV1.2\Core\Src\freertos.c_save
2025-10-31 15:43:55,453 [INFO] CodeEngine:289 - Generated code: C:\Users\USER\STM32CubeIDE\workspace_1.19.0\Hip-Pro_Hardware_V1.2\HardwareV1.2\Core\Src\freertos.c
2025-10-31 15:43:55,463 [INFO] CodeEngine:265 - oldGeneratedFile, C:\Users\USER\STM32CubeIDE\workspace_1.19.0\Hip-Pro_Hardware_V1.2\HardwareV1.2\MXTmpFiles\dma.tmp_save
2025-10-31 15:43:55,510 [INFO] CodeEngine:289 - Generated code: C:\Users\USER\STM32CubeIDE\workspace_1.19.0\Hip-Pro_Hardware_V1.2\HardwareV1.2\MXTmpFiles\dma.tmp
2025-10-31 15:43:55,514 [INFO] CodeEngine:265 - oldGeneratedFile, C:\Users\USER\STM32CubeIDE\workspace_1.19.0\Hip-Pro_Hardware_V1.2\HardwareV1.2\MXTmpFiles\dma_GV.tmp_save
2025-10-31 15:43:55,559 [INFO] CodeEngine:289 - Generated code: C:\Users\USER\STM32CubeIDE\workspace_1.19.0\Hip-Pro_Hardware_V1.2\HardwareV1.2\MXTmpFiles\dma_GV.tmp
2025-10-31 15:43:55,569 [INFO] CodeEngine:265 - oldGeneratedFile, C:\Users\USER\STM32CubeIDE\workspace_1.19.0\Hip-Pro_Hardware_V1.2\HardwareV1.2\Core\Src\stm32f1xx_it.c_save
2025-10-31 15:43:55,624 [INFO] CodeEngine:289 - Generated code: C:\Users\USER\STM32CubeIDE\workspace_1.19.0\Hip-Pro_Hardware_V1.2\HardwareV1.2\Core\Src\stm32f1xx_it.c
2025-10-31 15:43:55,629 [INFO] CodeEngine:265 - oldGeneratedFile, C:\Users\USER\STM32CubeIDE\workspace_1.19.0\Hip-Pro_Hardware_V1.2\HardwareV1.2\Core\Inc\stm32f1xx_it.h_save
2025-10-31 15:43:55,679 [INFO] CodeEngine:289 - Generated code: C:\Users\USER\STM32CubeIDE\workspace_1.19.0\Hip-Pro_Hardware_V1.2\HardwareV1.2\Core\Inc\stm32f1xx_it.h
2025-10-31 15:43:55,689 [INFO] CodeEngine:265 - oldGeneratedFile, C:\Users\USER\STM32CubeIDE\workspace_1.19.0\Hip-Pro_Hardware_V1.2\HardwareV1.2\Core\Src\stm32f1xx_hal_msp.c_save
2025-10-31 15:43:55,761 [INFO] CodeEngine:289 - Generated code: C:\Users\USER\STM32CubeIDE\workspace_1.19.0\Hip-Pro_Hardware_V1.2\HardwareV1.2\Core\Src\stm32f1xx_hal_msp.c
2025-10-31 15:43:55,765 [INFO] CodeEngine:265 - oldGeneratedFile, C:\Users\USER\STM32CubeIDE\workspace_1.19.0\Hip-Pro_Hardware_V1.2\HardwareV1.2\MXTmpFiles\system.tmp_save
2025-10-31 15:43:55,812 [INFO] CodeEngine:289 - Generated code: C:\Users\USER\STM32CubeIDE\workspace_1.19.0\Hip-Pro_Hardware_V1.2\HardwareV1.2\MXTmpFiles\system.tmp
2025-10-31 15:43:55,817 [INFO] CodeEngine:265 - oldGeneratedFile, C:\Users\USER\STM32CubeIDE\workspace_1.19.0\Hip-Pro_Hardware_V1.2\HardwareV1.2\Core\Src\stm32f1xx_hal_timebase_tim.c_save
2025-10-31 15:43:55,870 [INFO] CodeEngine:289 - Generated code: C:\Users\USER\STM32CubeIDE\workspace_1.19.0\Hip-Pro_Hardware_V1.2\HardwareV1.2\Core\Src\stm32f1xx_hal_timebase_tim.c
2025-10-31 15:43:55,879 [INFO] CodeEngine:321 - oldGeneratedFile, C:\Users\USER\STM32CubeIDE\workspace_1.19.0\Hip-Pro_Hardware_V1.2\HardwareV1.2\Core\Inc\stm32f1xx_hal_conf.h_save
2025-10-31 15:43:55,932 [INFO] CodeEngine:345 - Generated code: C:\Users\USER\STM32CubeIDE\workspace_1.19.0\Hip-Pro_Hardware_V1.2\HardwareV1.2\Core\Inc\stm32f1xx_hal_conf.h
2025-10-31 15:43:55,948 [INFO] CodeEngine:265 - oldGeneratedFile, C:\Users\USER\STM32CubeIDE\workspace_1.19.0\Hip-Pro_Hardware_V1.2\HardwareV1.2\Core\Inc\main.h_save
2025-10-31 15:43:56,002 [INFO] CodeEngine:289 - Generated code: C:\Users\USER\STM32CubeIDE\workspace_1.19.0\Hip-Pro_Hardware_V1.2\HardwareV1.2\Core\Inc\main.h
2025-10-31 15:43:56,007 [INFO] CodeEngine:265 - oldGeneratedFile, C:\Users\USER\STM32CubeIDE\workspace_1.19.0\Hip-Pro_Hardware_V1.2\HardwareV1.2\Core\Src\main.c_save
2025-10-31 15:43:56,097 [INFO] CodeEngine:289 - Generated code: C:\Users\USER\STM32CubeIDE\workspace_1.19.0\Hip-Pro_Hardware_V1.2\HardwareV1.2\Core\Src\main.c
2025-10-31 15:43:56,465 [INFO] ProjectBuilder:3606 - Time for Copy HAL[1] : 150mS.
2025-10-31 15:43:56,469 [INFO] ProjectBuilder:5216 - Project Generator version: 4.7.0-B52
2025-10-31 15:43:56,535 [INFO] ConfigFileManager:1595 - The Die is : DIE414
2025-10-31 15:43:57,140 [INFO] ProjectBuilder:5496 - Time for Generating toolchain IDE Files: 671mS.
2025-10-31 15:43:57,141 [INFO] ProjectBuilder:3463 - Time for Copy CMSIS : 1mS.
2025-10-31 15:43:57,145 [INFO] ProjectBuilder:3463 - Time for Copy CMSIS : 0mS.
2025-10-31 16:02:32,108 [INFO] Gpio:278 - dependency for GPIO [ADC1, RCC, SYS]
2025-10-31 16:03:02,179 [INFO] UtilMem:75 - End SaveConfig() Used Memory: 334324784 Bytes (919601152)
2025-10-31 16:03:03,342 [INFO] UtilMem:75 - End SaveConfig() Used Memory: 373122096 Bytes (919601152)
2025-10-31 16:03:05,509 [INFO] UtilMem:75 - End SaveConfig() Used Memory: 453862448 Bytes (919601152)
2025-10-31 16:03:05,804 [INFO] BlockDiagram:2775 - set Specific Code input for plugin: NVIC
2025-10-31 16:03:05,804 [INFO] BlockDiagram:2775 - set Specific Code input for plugin: FREERTOS
2025-10-31 16:03:05,804 [INFO] BlockDiagram:2775 - set Specific Code input for plugin: IWDG
2025-10-31 16:03:05,804 [INFO] BlockDiagram:2775 - set Specific Code input for plugin: DMA
2025-10-31 16:03:05,804 [INFO] BlockDiagram:2775 - set Specific Code input for plugin: SYS
2025-10-31 16:03:05,804 [INFO] BlockDiagram:2775 - set Specific Code input for plugin: GPIO
2025-10-31 16:03:05,804 [INFO] BlockDiagram:2775 - set Specific Code input for plugin: ADC
2025-10-31 16:03:05,804 [INFO] BlockDiagram:2775 - set Specific Code input for plugin: RCC
2025-10-31 16:03:05,805 [INFO] CodeGenerator:892 - code generatio: config db path: C:\ST\STM32CubeIDE_1.19.0\STM32CubeIDE\plugins\com.st.stm32cube.common.mx_6.15.0.202507011659\\db\
2025-10-31 16:03:05,810 [INFO] Argument:325 - Argument : hdmavalue: null
2025-10-31 16:03:05,810 [INFO] Argument:327 - 	 sub Args: 
2025-10-31 16:03:05,810 [INFO] Argument:325 - Argument : Instancevalue: DMA1_Channel1
2025-10-31 16:03:05,810 [INFO] Argument:335 - Argument : Instancevalue: DMA1_Channel1
2025-10-31 16:03:05,810 [INFO] Argument:325 - Argument : Initvalue: null
2025-10-31 16:03:05,810 [INFO] Argument:327 - 	 sub Args: 
2025-10-31 16:03:05,810 [INFO] Argument:325 - Argument : Directionvalue: DMA_PERIPH_TO_MEMORY
2025-10-31 16:03:05,810 [INFO] Argument:335 - Argument : Directionvalue: DMA_PERIPH_TO_MEMORY
2025-10-31 16:03:05,810 [INFO] Argument:325 - Argument : PeriphIncvalue: DMA_PINC_DISABLE
2025-10-31 16:03:05,810 [INFO] Argument:335 - Argument : PeriphIncvalue: DMA_PINC_DISABLE
2025-10-31 16:03:05,810 [INFO] Argument:325 - Argument : MemIncvalue: DMA_MINC_ENABLE
2025-10-31 16:03:05,810 [INFO] Argument:335 - Argument : MemIncvalue: DMA_MINC_ENABLE
2025-10-31 16:03:05,810 [INFO] Argument:325 - Argument : PeriphDataAlignmentvalue: DMA_PDATAALIGN_HALFWORD
2025-10-31 16:03:05,810 [INFO] Argument:335 - Argument : PeriphDataAlignmentvalue: DMA_PDATAALIGN_HALFWORD
2025-10-31 16:03:05,810 [INFO] Argument:325 - Argument : MemDataAlignmentvalue: DMA_MDATAALIGN_HALFWORD
2025-10-31 16:03:05,810 [INFO] Argument:335 - Argument : MemDataAlignmentvalue: DMA_MDATAALIGN_HALFWORD
2025-10-31 16:03:05,810 [INFO] Argument:325 - Argument : Modevalue: DMA_CIRCULAR
2025-10-31 16:03:05,810 [INFO] Argument:335 - Argument : Modevalue: DMA_CIRCULAR
2025-10-31 16:03:05,810 [INFO] Argument:325 - Argument : Priorityvalue: DMA_PRIORITY_LOW
2025-10-31 16:03:05,810 [INFO] Argument:335 - Argument : Priorityvalue: DMA_PRIORITY_LOW
2025-10-31 16:03:05,810 [INFO] Argument:325 - Argument : Lockvalue: null
2025-10-31 16:03:05,810 [INFO] Argument:335 - Argument : Lockvalue: null
2025-10-31 16:03:05,810 [INFO] Argument:325 - Argument : Statevalue: null
2025-10-31 16:03:05,810 [INFO] Argument:335 - Argument : Statevalue: null
2025-10-31 16:03:05,810 [INFO] Argument:325 - Argument : Parentvalue: null
2025-10-31 16:03:05,810 [INFO] Argument:335 - Argument : Parentvalue: null
2025-10-31 16:03:05,810 [INFO] Argument:325 - Argument : XferCpltCallbackvalue: null
2025-10-31 16:03:05,810 [INFO] Argument:335 - Argument : XferCpltCallbackvalue: null
2025-10-31 16:03:05,810 [INFO] Argument:325 - Argument : XferHalfCpltCallbackvalue: null
2025-10-31 16:03:05,810 [INFO] Argument:335 - Argument : XferHalfCpltCallbackvalue: null
2025-10-31 16:03:05,810 [INFO] Argument:325 - Argument : XferErrorCallbackvalue: null
2025-10-31 16:03:05,810 [INFO] Argument:335 - Argument : XferErrorCallbackvalue: null
2025-10-31 16:03:05,810 [INFO] Argument:325 - Argument : ErrorCodevalue: null
2025-10-31 16:03:05,810 [INFO] Argument:335 - Argument : ErrorCodevalue: null
2025-10-31 16:03:05,885 [INFO] CodeEngine:265 - oldGeneratedFile, C:\Users\USER\STM32CubeIDE\workspace_1.19.0\Hip-Pro_Hardware_V1.2\HardwareV1.2\MXTmpFiles\license.tmp_save
2025-10-31 16:03:06,179 [INFO] CodeEngine:289 - Generated code: C:\Users\USER\STM32CubeIDE\workspace_1.19.0\Hip-Pro_Hardware_V1.2\HardwareV1.2\MXTmpFiles\license.tmp
2025-10-31 16:03:06,221 [INFO] CodeEngine:265 - oldGeneratedFile, C:\Users\USER\STM32CubeIDE\workspace_1.19.0\Hip-Pro_Hardware_V1.2\HardwareV1.2\MXTmpFiles\gpio.tmp_save
2025-10-31 16:03:06,388 [INFO] CodeEngine:289 - Generated code: C:\Users\USER\STM32CubeIDE\workspace_1.19.0\Hip-Pro_Hardware_V1.2\HardwareV1.2\MXTmpFiles\gpio.tmp
2025-10-31 16:03:06,525 [INFO] Middleware:1452 - No code input for Bsp Dependency
2025-10-31 16:03:06,534 [INFO] CodeEngine:265 - oldGeneratedFile, C:\Users\USER\STM32CubeIDE\workspace_1.19.0\Hip-Pro_Hardware_V1.2\HardwareV1.2\MXTmpFiles\rtos_inc.tmp_save
2025-10-31 16:03:06,613 [INFO] CodeEngine:289 - Generated code: C:\Users\USER\STM32CubeIDE\workspace_1.19.0\Hip-Pro_Hardware_V1.2\HardwareV1.2\MXTmpFiles\rtos_inc.tmp
2025-10-31 16:03:06,619 [INFO] CodeEngine:265 - oldGeneratedFile, C:\Users\USER\STM32CubeIDE\workspace_1.19.0\Hip-Pro_Hardware_V1.2\HardwareV1.2\MXTmpFiles\rtos_vars.tmp_save
2025-10-31 16:03:06,694 [INFO] CodeEngine:289 - Generated code: C:\Users\USER\STM32CubeIDE\workspace_1.19.0\Hip-Pro_Hardware_V1.2\HardwareV1.2\MXTmpFiles\rtos_vars.tmp
2025-10-31 16:03:06,702 [INFO] CodeEngine:265 - oldGeneratedFile, C:\Users\USER\STM32CubeIDE\workspace_1.19.0\Hip-Pro_Hardware_V1.2\HardwareV1.2\MXTmpFiles\rtos_pfp.tmp_save
2025-10-31 16:03:06,768 [INFO] CodeEngine:289 - Generated code: C:\Users\USER\STM32CubeIDE\workspace_1.19.0\Hip-Pro_Hardware_V1.2\HardwareV1.2\MXTmpFiles\rtos_pfp.tmp
2025-10-31 16:03:06,773 [INFO] CodeEngine:265 - oldGeneratedFile, C:\Users\USER\STM32CubeIDE\workspace_1.19.0\Hip-Pro_Hardware_V1.2\HardwareV1.2\MXTmpFiles\rtos_obj_creat.tmp_save
2025-10-31 16:03:06,844 [INFO] CodeEngine:289 - Generated code: C:\Users\USER\STM32CubeIDE\workspace_1.19.0\Hip-Pro_Hardware_V1.2\HardwareV1.2\MXTmpFiles\rtos_obj_creat.tmp
2025-10-31 16:03:06,850 [INFO] CodeEngine:265 - oldGeneratedFile, C:\Users\USER\STM32CubeIDE\workspace_1.19.0\Hip-Pro_Hardware_V1.2\HardwareV1.2\MXTmpFiles\rtos_kernelStart.tmp_save
2025-10-31 16:03:06,911 [INFO] CodeEngine:289 - Generated code: C:\Users\USER\STM32CubeIDE\workspace_1.19.0\Hip-Pro_Hardware_V1.2\HardwareV1.2\MXTmpFiles\rtos_kernelStart.tmp
2025-10-31 16:03:06,917 [INFO] CodeEngine:265 - oldGeneratedFile, C:\Users\USER\STM32CubeIDE\workspace_1.19.0\Hip-Pro_Hardware_V1.2\HardwareV1.2\MXTmpFiles\rtos_default_thread.tmp_save
2025-10-31 16:03:06,980 [INFO] CodeEngine:289 - Generated code: C:\Users\USER\STM32CubeIDE\workspace_1.19.0\Hip-Pro_Hardware_V1.2\HardwareV1.2\MXTmpFiles\rtos_default_thread.tmp
2025-10-31 16:03:06,985 [INFO] CodeEngine:265 - oldGeneratedFile, C:\Users\USER\STM32CubeIDE\workspace_1.19.0\Hip-Pro_Hardware_V1.2\HardwareV1.2\MXTmpFiles\rtos_threads.tmp_save
2025-10-31 16:03:07,049 [INFO] CodeEngine:289 - Generated code: C:\Users\USER\STM32CubeIDE\workspace_1.19.0\Hip-Pro_Hardware_V1.2\HardwareV1.2\MXTmpFiles\rtos_threads.tmp
2025-10-31 16:03:07,065 [INFO] Middleware:1452 - No code input for Bsp Dependency
2025-10-31 16:03:07,075 [INFO] CodeEngine:265 - oldGeneratedFile, C:\Users\USER\STM32CubeIDE\workspace_1.19.0\Hip-Pro_Hardware_V1.2\HardwareV1.2\MXTmpFiles\rtos_inc.tmp_save
2025-10-31 16:03:07,132 [INFO] CodeEngine:289 - Generated code: C:\Users\USER\STM32CubeIDE\workspace_1.19.0\Hip-Pro_Hardware_V1.2\HardwareV1.2\MXTmpFiles\rtos_inc.tmp
2025-10-31 16:03:07,138 [INFO] CodeEngine:265 - oldGeneratedFile, C:\Users\USER\STM32CubeIDE\workspace_1.19.0\Hip-Pro_Hardware_V1.2\HardwareV1.2\MXTmpFiles\rtos_vars.tmp_save
2025-10-31 16:03:07,197 [INFO] CodeEngine:289 - Generated code: C:\Users\USER\STM32CubeIDE\workspace_1.19.0\Hip-Pro_Hardware_V1.2\HardwareV1.2\MXTmpFiles\rtos_vars.tmp
2025-10-31 16:03:07,203 [INFO] CodeEngine:265 - oldGeneratedFile, C:\Users\USER\STM32CubeIDE\workspace_1.19.0\Hip-Pro_Hardware_V1.2\HardwareV1.2\MXTmpFiles\rtos_pfp.tmp_save
2025-10-31 16:03:07,256 [INFO] CodeEngine:289 - Generated code: C:\Users\USER\STM32CubeIDE\workspace_1.19.0\Hip-Pro_Hardware_V1.2\HardwareV1.2\MXTmpFiles\rtos_pfp.tmp
2025-10-31 16:03:07,263 [INFO] CodeEngine:265 - oldGeneratedFile, C:\Users\USER\STM32CubeIDE\workspace_1.19.0\Hip-Pro_Hardware_V1.2\HardwareV1.2\MXTmpFiles\rtos_obj_creat.tmp_save
2025-10-31 16:03:07,319 [INFO] CodeEngine:289 - Generated code: C:\Users\USER\STM32CubeIDE\workspace_1.19.0\Hip-Pro_Hardware_V1.2\HardwareV1.2\MXTmpFiles\rtos_obj_creat.tmp
2025-10-31 16:03:07,326 [INFO] CodeEngine:265 - oldGeneratedFile, C:\Users\USER\STM32CubeIDE\workspace_1.19.0\Hip-Pro_Hardware_V1.2\HardwareV1.2\MXTmpFiles\rtos_kernelStart.tmp_save
2025-10-31 16:03:07,376 [INFO] CodeEngine:289 - Generated code: C:\Users\USER\STM32CubeIDE\workspace_1.19.0\Hip-Pro_Hardware_V1.2\HardwareV1.2\MXTmpFiles\rtos_kernelStart.tmp
2025-10-31 16:03:07,382 [INFO] CodeEngine:265 - oldGeneratedFile, C:\Users\USER\STM32CubeIDE\workspace_1.19.0\Hip-Pro_Hardware_V1.2\HardwareV1.2\MXTmpFiles\rtos_default_thread.tmp_save
2025-10-31 16:03:07,432 [INFO] CodeEngine:289 - Generated code: C:\Users\USER\STM32CubeIDE\workspace_1.19.0\Hip-Pro_Hardware_V1.2\HardwareV1.2\MXTmpFiles\rtos_default_thread.tmp
2025-10-31 16:03:07,437 [INFO] CodeEngine:265 - oldGeneratedFile, C:\Users\USER\STM32CubeIDE\workspace_1.19.0\Hip-Pro_Hardware_V1.2\HardwareV1.2\MXTmpFiles\rtos_threads.tmp_save
2025-10-31 16:03:07,485 [INFO] CodeEngine:289 - Generated code: C:\Users\USER\STM32CubeIDE\workspace_1.19.0\Hip-Pro_Hardware_V1.2\HardwareV1.2\MXTmpFiles\rtos_threads.tmp
2025-10-31 16:03:07,491 [INFO] CodeEngine:265 - oldGeneratedFile, C:\Users\USER\STM32CubeIDE\workspace_1.19.0\Hip-Pro_Hardware_V1.2\HardwareV1.2\Core\Inc\FreeRTOSConfig.h_save
2025-10-31 16:03:07,565 [INFO] CodeEngine:289 - Generated code: C:\Users\USER\STM32CubeIDE\workspace_1.19.0\Hip-Pro_Hardware_V1.2\HardwareV1.2\Core\Inc\FreeRTOSConfig.h
2025-10-31 16:03:07,571 [INFO] CodeEngine:265 - oldGeneratedFile, C:\Users\USER\STM32CubeIDE\workspace_1.19.0\Hip-Pro_Hardware_V1.2\HardwareV1.2\Core\Src\freertos.c_save
2025-10-31 16:03:07,628 [INFO] CodeEngine:289 - Generated code: C:\Users\USER\STM32CubeIDE\workspace_1.19.0\Hip-Pro_Hardware_V1.2\HardwareV1.2\Core\Src\freertos.c
2025-10-31 16:03:07,641 [INFO] CodeEngine:265 - oldGeneratedFile, C:\Users\USER\STM32CubeIDE\workspace_1.19.0\Hip-Pro_Hardware_V1.2\HardwareV1.2\MXTmpFiles\dma.tmp_save
2025-10-31 16:03:07,691 [INFO] CodeEngine:289 - Generated code: C:\Users\USER\STM32CubeIDE\workspace_1.19.0\Hip-Pro_Hardware_V1.2\HardwareV1.2\MXTmpFiles\dma.tmp
2025-10-31 16:03:07,695 [INFO] CodeEngine:265 - oldGeneratedFile, C:\Users\USER\STM32CubeIDE\workspace_1.19.0\Hip-Pro_Hardware_V1.2\HardwareV1.2\MXTmpFiles\dma_GV.tmp_save
2025-10-31 16:03:07,741 [INFO] CodeEngine:289 - Generated code: C:\Users\USER\STM32CubeIDE\workspace_1.19.0\Hip-Pro_Hardware_V1.2\HardwareV1.2\MXTmpFiles\dma_GV.tmp
2025-10-31 16:03:07,751 [INFO] CodeEngine:265 - oldGeneratedFile, C:\Users\USER\STM32CubeIDE\workspace_1.19.0\Hip-Pro_Hardware_V1.2\HardwareV1.2\Core\Src\stm32f1xx_it.c_save
2025-10-31 16:03:07,872 [INFO] CodeEngine:289 - Generated code: C:\Users\USER\STM32CubeIDE\workspace_1.19.0\Hip-Pro_Hardware_V1.2\HardwareV1.2\Core\Src\stm32f1xx_it.c
2025-10-31 16:03:07,878 [INFO] CodeEngine:265 - oldGeneratedFile, C:\Users\USER\STM32CubeIDE\workspace_1.19.0\Hip-Pro_Hardware_V1.2\HardwareV1.2\Core\Inc\stm32f1xx_it.h_save
2025-10-31 16:03:07,928 [INFO] CodeEngine:289 - Generated code: C:\Users\USER\STM32CubeIDE\workspace_1.19.0\Hip-Pro_Hardware_V1.2\HardwareV1.2\Core\Inc\stm32f1xx_it.h
2025-10-31 16:03:07,939 [INFO] CodeEngine:265 - oldGeneratedFile, C:\Users\USER\STM32CubeIDE\workspace_1.19.0\Hip-Pro_Hardware_V1.2\HardwareV1.2\Core\Src\stm32f1xx_hal_msp.c_save
2025-10-31 16:03:08,022 [INFO] CodeEngine:289 - Generated code: C:\Users\USER\STM32CubeIDE\workspace_1.19.0\Hip-Pro_Hardware_V1.2\HardwareV1.2\Core\Src\stm32f1xx_hal_msp.c
2025-10-31 16:03:08,026 [INFO] CodeEngine:265 - oldGeneratedFile, C:\Users\USER\STM32CubeIDE\workspace_1.19.0\Hip-Pro_Hardware_V1.2\HardwareV1.2\MXTmpFiles\system.tmp_save
2025-10-31 16:03:08,076 [INFO] CodeEngine:289 - Generated code: C:\Users\USER\STM32CubeIDE\workspace_1.19.0\Hip-Pro_Hardware_V1.2\HardwareV1.2\MXTmpFiles\system.tmp
2025-10-31 16:03:08,081 [INFO] CodeEngine:265 - oldGeneratedFile, C:\Users\USER\STM32CubeIDE\workspace_1.19.0\Hip-Pro_Hardware_V1.2\HardwareV1.2\Core\Src\stm32f1xx_hal_timebase_tim.c_save
2025-10-31 16:03:08,134 [INFO] CodeEngine:289 - Generated code: C:\Users\USER\STM32CubeIDE\workspace_1.19.0\Hip-Pro_Hardware_V1.2\HardwareV1.2\Core\Src\stm32f1xx_hal_timebase_tim.c
2025-10-31 16:03:08,143 [INFO] CodeEngine:321 - oldGeneratedFile, C:\Users\USER\STM32CubeIDE\workspace_1.19.0\Hip-Pro_Hardware_V1.2\HardwareV1.2\Core\Inc\stm32f1xx_hal_conf.h_save
2025-10-31 16:03:08,199 [INFO] CodeEngine:345 - Generated code: C:\Users\USER\STM32CubeIDE\workspace_1.19.0\Hip-Pro_Hardware_V1.2\HardwareV1.2\Core\Inc\stm32f1xx_hal_conf.h
2025-10-31 16:03:08,224 [INFO] CodeEngine:265 - oldGeneratedFile, C:\Users\USER\STM32CubeIDE\workspace_1.19.0\Hip-Pro_Hardware_V1.2\HardwareV1.2\Core\Inc\main.h_save
2025-10-31 16:03:08,296 [INFO] CodeEngine:289 - Generated code: C:\Users\USER\STM32CubeIDE\workspace_1.19.0\Hip-Pro_Hardware_V1.2\HardwareV1.2\Core\Inc\main.h
2025-10-31 16:03:08,302 [INFO] CodeEngine:265 - oldGeneratedFile, C:\Users\USER\STM32CubeIDE\workspace_1.19.0\Hip-Pro_Hardware_V1.2\HardwareV1.2\Core\Src\main.c_save
2025-10-31 16:03:08,398 [INFO] CodeEngine:289 - Generated code: C:\Users\USER\STM32CubeIDE\workspace_1.19.0\Hip-Pro_Hardware_V1.2\HardwareV1.2\Core\Src\main.c
2025-10-31 16:03:08,707 [INFO] ProjectBuilder:3606 - Time for Copy HAL[1] : 149mS.
2025-10-31 16:03:08,711 [INFO] ProjectBuilder:5216 - Project Generator version: 4.7.0-B52
2025-10-31 16:03:08,778 [INFO] ConfigFileManager:1595 - The Die is : DIE414
2025-10-31 16:03:09,696 [INFO] ProjectBuilder:5496 - Time for Generating toolchain IDE Files: 984mS.
2025-10-31 16:03:09,697 [INFO] ProjectBuilder:3463 - Time for Copy CMSIS : 0mS.
2025-10-31 16:03:09,704 [INFO] ProjectBuilder:3463 - Time for Copy CMSIS : 0mS.
2025-10-31 16:19:56,749 [ERROR] ConfigurationRetriever:142 - IOException on connection: sw-center.st.com
2025-10-31 16:19:56,749 [ERROR] ConfigurationRetriever:142 - IOException on connection: sw-center.st.com
2025-10-31 16:19:56,750 [ERROR] ConfigurationRetriever:142 - IOException on connection: sw-center.st.com
2025-10-31 16:19:56,760 [ERROR] ConfigurationRetriever:142 - IOException on connection: sw-center.st.com
2025-10-31 16:19:56,761 [ERROR] ConfigurationRetriever:142 - IOException on connection: sw-center.st.com
2025-10-31 16:19:56,761 [ERROR] ConfigurationRetriever:142 - IOException on connection: sw-center.st.com
2025-10-31 16:20:10,351 [INFO] WebApp:194 - Connection lost
2025-10-31 16:20:10,631 [INFO] WebApp:191 - Connection restablished
2025-10-31 19:49:10,247 [ERROR] LogOutputStream:75 - [STDERR_REDIRECT] 
