2025-11-07 11:14:07,155 [INFO] Activator:176 - 


2025-11-07 11:14:07,159 [INFO] Activator:177 - !SESSION log4j initialized
2025-11-07 11:14:12,768 [INFO] LogOutputStream:77 - [STDOUT_REDIRECT] 
2025-11-07 11:14:14,068 [INFO] ApplicationProperties:184 - Using Application install path: C:\ST\STM32CubeIDE_1.19.0\STM32CubeIDE\plugins\com.st.stm32cube.common.mx_6.15.0.202507011659
2025-11-07 11:14:14,091 [INFO] DbMcusXml:78 - Set database path to: C:\ST\STM32CubeIDE_1.19.0\STM32CubeIDE\plugins\com.st.stm32cube.common.mx_6.15.0.202507011659\\db\/mcu/
2025-11-07 11:14:14,092 [INFO] ApiDb:274 - Set plugin database path to: C:\ST\STM32CubeIDE_1.19.0\STM32CubeIDE\plugins\com.st.stm32cube.common.mx_6.15.0.202507011659\\db\/plugins/boardmanager/
2025-11-07 11:14:14,092 [WARN] ApiDb:259 - Overriding images path with different value:  => C:\ST\STM32CubeIDE_1.19.0\STM32CubeIDE\plugins\com.st.stm32cube.common.mx_6.15.0.202507011659\\db\/plugins/mcufinder/images/
2025-11-07 11:14:14,107 [INFO] ApiDb:250 - Set database path to: C:\Users\USER\.stmcufinder\plugins\mcufinder//mcu/
2025-11-07 11:14:14,110 [INFO] DbMcusAds:125 - Set database path to: C:\Users\USER\.stmcufinder\plugins\mcufinder//mcu/
2025-11-07 11:14:14,114 [INFO] CrossReferenceDbSqlite:203 - Set database path to: C:\Users\USER\.stmcufinder\plugins\mcufinder//mcu/cs/
2025-11-07 11:14:14,245 [INFO] RulesReader:64 - Compatibility file has been processed (317 Rules)
2025-11-07 11:14:14,351 [INFO] DbMcusXml:78 - Set database path to: C:\ST\STM32CubeIDE_1.19.0\STM32CubeIDE\plugins\com.st.stm32cube.common.mx_6.15.0.202507011659\\db\/mcu/
2025-11-07 11:14:14,352 [INFO] ApiDb:274 - Set plugin database path to: C:\ST\STM32CubeIDE_1.19.0\STM32CubeIDE\plugins\com.st.stm32cube.common.mx_6.15.0.202507011659\\db\/plugins/boardmanager/
2025-11-07 11:14:14,352 [INFO] ApiDb:261 - Set plugin images path to: C:\ST\STM32CubeIDE_1.19.0\STM32CubeIDE\plugins\com.st.stm32cube.common.mx_6.15.0.202507011659\\db\/plugins/mcufinder/images/
2025-11-07 11:14:14,352 [WARN] DbFile:41 - Overriding database path with different value: C:\Users\USER\.stmcufinder\plugins\mcufinder/ => C:\Users\USER\.stmcufinder\plugins\mcufinder
2025-11-07 11:14:14,352 [INFO] ApiDb:250 - Set database path to: C:\Users\USER\.stmcufinder\plugins\mcufinder//mcu/
2025-11-07 11:14:14,352 [WARN] DbFile:41 - Overriding database path with different value: C:\Users\USER\.stmcufinder\plugins\mcufinder/ => C:\Users\USER\.stmcufinder\plugins\mcufinder
2025-11-07 11:14:14,352 [INFO] DbMcusAds:125 - Set database path to: C:\Users\USER\.stmcufinder\plugins\mcufinder//mcu/
2025-11-07 11:14:14,353 [WARN] DbFile:41 - Overriding database path with different value: C:\Users\USER\.stmcufinder\plugins\mcufinder/ => C:\Users\USER\.stmcufinder\plugins\mcufinder
2025-11-07 11:14:14,353 [WARN] DbFile:41 - Overriding database path with different value: C:\Users\USER\.stmcufinder\plugins\mcufinder/ => C:\Users\USER\.stmcufinder\plugins\mcufinder
2025-11-07 11:14:14,353 [INFO] CrossReferenceDbSqlite:203 - Set database path to: C:\Users\USER\.stmcufinder\plugins\mcufinder//mcu/cs/
2025-11-07 11:14:14,445 [INFO] MainPanel:274 - HeapMemory: 268435456
2025-11-07 11:14:14,572 [INFO] DbMcusXml:78 - Set database path to: C:\ST\STM32CubeIDE_1.19.0\STM32CubeIDE\plugins\com.st.stm32cube.common.mx_6.15.0.202507011659\\db\/mcu/
2025-11-07 11:14:14,573 [INFO] ApiDb:274 - Set plugin database path to: C:\ST\STM32CubeIDE_1.19.0\STM32CubeIDE\plugins\com.st.stm32cube.common.mx_6.15.0.202507011659\\db\/plugins/boardmanager/
2025-11-07 11:14:14,573 [INFO] ApiDb:261 - Set plugin images path to: C:\ST\STM32CubeIDE_1.19.0\STM32CubeIDE\plugins\com.st.stm32cube.common.mx_6.15.0.202507011659\\db\/plugins/mcufinder/images/
2025-11-07 11:14:14,573 [WARN] DbFile:41 - Overriding database path with different value: C:\Users\USER\.stmcufinder\plugins\mcufinder/ => C:\Users\USER\.stmcufinder\plugins\mcufinder
2025-11-07 11:14:14,573 [INFO] ApiDb:250 - Set database path to: C:\Users\USER\.stmcufinder\plugins\mcufinder//mcu/
2025-11-07 11:14:14,573 [WARN] DbFile:41 - Overriding database path with different value: C:\Users\USER\.stmcufinder\plugins\mcufinder/ => C:\Users\USER\.stmcufinder\plugins\mcufinder
2025-11-07 11:14:14,573 [INFO] DbMcusAds:125 - Set database path to: C:\Users\USER\.stmcufinder\plugins\mcufinder//mcu/
2025-11-07 11:14:14,573 [WARN] DbFile:41 - Overriding database path with different value: C:\Users\USER\.stmcufinder\plugins\mcufinder/ => C:\Users\USER\.stmcufinder\plugins\mcufinder
2025-11-07 11:14:14,573 [WARN] DbFile:41 - Overriding database path with different value: C:\Users\USER\.stmcufinder\plugins\mcufinder/ => C:\Users\USER\.stmcufinder\plugins\mcufinder
2025-11-07 11:14:14,574 [INFO] CrossReferenceDbSqlite:203 - Set database path to: C:\Users\USER\.stmcufinder\plugins\mcufinder//mcu/cs/
2025-11-07 11:14:14,592 [INFO] ApplicationProperties:184 - Using Application install path: C:\ST\STM32CubeIDE_1.19.0\STM32CubeIDE\plugins\com.st.stm32cube.common.mx_6.15.0.202507011659
2025-11-07 11:14:14,594 [INFO] PluginManage:196 - Search for loadable plugins [exclusion list=, ]
2025-11-07 11:14:14,595 [INFO] PluginManage:310 - Check plugin analytics
2025-11-07 11:14:14,811 [INFO] AnalyticsPlugin:253 - Accepted Software Licenses: 
2025-11-07 11:14:14,811 [INFO] AnalyticsPlugin:255 - Accepted CMSIS Pack Licenses: 
2025-11-07 11:14:14,811 [INFO] AnalyticsPlugin:257 - Accepted Firmware Licenses: 
2025-11-07 11:14:14,815 [INFO] PluginManage:359 - Loaded plugin analytics (category:tool,tabindex:-1)
2025-11-07 11:14:14,815 [INFO] PluginManage:310 - Check plugin cadmodel
2025-11-07 11:14:14,824 [INFO] CADModel:105 - Init CAD model plugin
2025-11-07 11:14:14,824 [INFO] PluginManage:359 - Loaded plugin cadmodel (category:power,tabindex:5)
2025-11-07 11:14:14,824 [INFO] PluginManage:310 - Check plugin clock
2025-11-07 11:14:14,836 [INFO] PluginManage:359 - Loaded plugin clock (category:base,tabindex:2)
2025-11-07 11:14:14,836 [INFO] PluginManage:310 - Check plugin ddr
2025-11-07 11:14:14,839 [INFO] PluginManage:359 - Loaded plugin ddr (category:tool,tabindex:6)
2025-11-07 11:14:14,839 [INFO] PluginManage:310 - Check plugin filemanager
2025-11-07 11:14:15,012 [INFO] PluginManage:359 - Loaded plugin filemanager (category:base,tabindex:10)
2025-11-07 11:14:15,012 [INFO] PluginManage:310 - Check plugin ipmanager
2025-11-07 11:14:15,021 [INFO] PluginManage:359 - Loaded plugin ipmanager (category:base,tabindex:5)
2025-11-07 11:14:15,021 [INFO] PluginManage:310 - Check plugin lpbam
2025-11-07 11:14:15,030 [INFO] PluginManage:359 - Loaded plugin lpbam (category:base,tabindex:0)
2025-11-07 11:14:15,031 [INFO] PluginManage:310 - Check plugin memorymap
2025-11-07 11:14:15,047 [INFO] PluginManage:359 - Loaded plugin memorymap (category:base,tabindex:4)
2025-11-07 11:14:15,048 [INFO] PluginManage:310 - Check plugin pinoutandconfiguration
2025-11-07 11:14:15,059 [INFO] PluginManage:359 - Loaded plugin pinoutandconfiguration (category:base,tabindex:1)
2025-11-07 11:14:15,059 [INFO] PluginManage:310 - Check plugin pinoutconfig
2025-11-07 11:14:15,187 [WARN] SupportedApi:132 - Cannot load RTOS API schema: s4s-elt-must-match.1: The content of 'definitions' must match (annotation?, (simpleType | complexType)?, (unique | key | keyref)*)). A problem was found starting at: attribute.
2025-11-07 11:14:15,338 [INFO] PluginManage:359 - Loaded plugin pinoutconfig (category:base,tabindex:0)
2025-11-07 11:14:15,339 [INFO] PluginManage:310 - Check plugin power
2025-11-07 11:14:15,351 [INFO] PluginManage:359 - Loaded plugin power (category:power,tabindex:4)
2025-11-07 11:14:15,351 [INFO] PluginManage:310 - Check plugin projectmanager
2025-11-07 11:14:15,371 [INFO] PluginManage:359 - Loaded plugin projectmanager (category:projectmanager,tabindex:4)
2025-11-07 11:14:15,371 [INFO] PluginManage:310 - Check plugin rif
2025-11-07 11:14:15,384 [INFO] PluginManage:359 - Loaded plugin rif (category:base,tabindex:3)
2025-11-07 11:14:15,384 [INFO] PluginManage:310 - Check plugin thirdparty
2025-11-07 11:14:15,542 [INFO] PluginManage:359 - Loaded plugin thirdparty (category:base,tabindex:-1)
2025-11-07 11:14:15,542 [WARN] IntegrityCheckThread:84 - waiting for thirdparty lock release [integrity check]
2025-11-07 11:14:15,543 [INFO] IntegrityCheckThread:86 - entering critical section [integrity check]
2025-11-07 11:14:15,543 [INFO] PluginManage:310 - Check plugin tools
2025-11-07 11:14:15,543 [INFO] ThirdPartyUpdaterWithRetryManager:70 - Updater plugin not ready yet. [1/15]
2025-11-07 11:14:15,546 [INFO] PluginManage:359 - Loaded plugin tools (category:base,tabindex:7)
2025-11-07 11:14:15,547 [INFO] PluginManage:310 - Check plugin tutovideos
2025-11-07 11:14:15,810 [INFO] PluginManage:359 - Loaded plugin tutovideos (category:base,tabindex:-1)
2025-11-07 11:14:15,810 [INFO] PluginManage:310 - Check plugin updater
2025-11-07 11:14:15,838 [INFO] PluginManage:359 - Loaded plugin updater (category:base,tabindex:12)
2025-11-07 11:14:15,838 [INFO] PluginManage:310 - Check plugin userauth
2025-11-07 11:14:15,844 [INFO] UserAuth:118 - Init User Auth plugin
2025-11-07 11:14:15,845 [INFO] PluginManage:359 - Loaded plugin userauth (category:base,tabindex:14)
2025-11-07 11:14:15,845 [INFO] PluginManage:283 - PluginManage : Loaded plugins [18]
2025-11-07 11:14:16,071 [INFO] PinOutPanel:1589 - setPackage(No Configuration,No Configuration)
2025-11-07 11:14:16,166 [INFO] CADModel:165 - CPN selected for project level
2025-11-07 11:14:16,166 [INFO] CADModel:114 - Register for checkConnection events
2025-11-07 11:14:16,188 [INFO] IPUIPlugin:80 - create IPUIPlugin
2025-11-07 11:14:16,189 [INFO] PluginManager:220 - loadIPPluginJar : add adc
2025-11-07 11:14:16,192 [INFO] IPUIPlugin:80 - create IPUIPlugin
2025-11-07 11:14:16,192 [INFO] PluginManager:220 - loadIPPluginJar : add aes
2025-11-07 11:14:16,194 [INFO] IPUIPlugin:80 - create IPUIPlugin
2025-11-07 11:14:16,194 [INFO] PluginManager:220 - loadIPPluginJar : add can
2025-11-07 11:14:16,197 [INFO] IPUIPlugin:80 - create IPUIPlugin
2025-11-07 11:14:16,197 [INFO] PluginManager:220 - loadIPPluginJar : add comp
2025-11-07 11:14:16,199 [INFO] IPUIPlugin:80 - create IPUIPlugin
2025-11-07 11:14:16,199 [INFO] PluginManager:220 - loadIPPluginJar : add cryp
2025-11-07 11:14:16,203 [INFO] IPUIPlugin:80 - create IPUIPlugin
2025-11-07 11:14:16,203 [INFO] PluginManager:220 - loadIPPluginJar : add ddr_ctrl_phy
2025-11-07 11:14:16,206 [INFO] IPUIPlugin:80 - create IPUIPlugin
2025-11-07 11:14:16,206 [INFO] PluginManager:220 - loadIPPluginJar : add dfsdm
2025-11-07 11:14:16,212 [INFO] IPUIPlugin:80 - create IPUIPlugin
2025-11-07 11:14:16,213 [INFO] PluginManager:220 - loadIPPluginJar : add dma
2025-11-07 11:14:16,216 [INFO] IPUIPlugin:80 - create IPUIPlugin
2025-11-07 11:14:16,216 [INFO] PluginManager:220 - loadIPPluginJar : add dma3
2025-11-07 11:14:16,219 [INFO] IPUIPlugin:80 - create IPUIPlugin
2025-11-07 11:14:16,219 [INFO] PluginManager:220 - loadIPPluginJar : add extmemmanager
2025-11-07 11:14:16,221 [INFO] IPUIPlugin:80 - create IPUIPlugin
2025-11-07 11:14:16,221 [INFO] PluginManager:220 - loadIPPluginJar : add fatfs
2025-11-07 11:14:16,226 [INFO] IPUIPlugin:80 - create IPUIPlugin
2025-11-07 11:14:16,226 [INFO] PluginManager:220 - loadIPPluginJar : add fmc
2025-11-07 11:14:16,235 [INFO] IPUIPlugin:80 - create IPUIPlugin
2025-11-07 11:14:16,235 [INFO] PluginManager:220 - loadIPPluginJar : add freertos
2025-11-07 11:14:16,237 [INFO] IPUIPlugin:80 - create IPUIPlugin
2025-11-07 11:14:16,238 [INFO] PluginManager:220 - loadIPPluginJar : add genericplugin
2025-11-07 11:14:16,240 [INFO] IPUIPlugin:80 - create IPUIPlugin
2025-11-07 11:14:16,240 [INFO] PluginManager:220 - loadIPPluginJar : add gfxmmu
2025-11-07 11:14:16,244 [INFO] IPUIPlugin:80 - create IPUIPlugin
2025-11-07 11:14:16,244 [INFO] PluginManager:220 - loadIPPluginJar : add gic
2025-11-07 11:14:16,249 [INFO] IPUIPlugin:80 - create IPUIPlugin
2025-11-07 11:14:16,249 [INFO] PluginManager:220 - loadIPPluginJar : add gpio
2025-11-07 11:14:16,251 [INFO] IPUIPlugin:80 - create IPUIPlugin
2025-11-07 11:14:16,252 [INFO] PluginManager:220 - loadIPPluginJar : add gtzc
2025-11-07 11:14:16,254 [INFO] IPUIPlugin:80 - create IPUIPlugin
2025-11-07 11:14:16,254 [INFO] PluginManager:220 - loadIPPluginJar : add hash
2025-11-07 11:14:16,257 [INFO] IPUIPlugin:80 - create IPUIPlugin
2025-11-07 11:14:16,257 [INFO] PluginManager:220 - loadIPPluginJar : add i2c
2025-11-07 11:14:16,260 [INFO] IPUIPlugin:80 - create IPUIPlugin
2025-11-07 11:14:16,260 [INFO] PluginManager:220 - loadIPPluginJar : add i2s
2025-11-07 11:14:16,263 [INFO] IPUIPlugin:80 - create IPUIPlugin
2025-11-07 11:14:16,263 [INFO] PluginManager:220 - loadIPPluginJar : add i3c
2025-11-07 11:14:16,267 [INFO] IPUIPlugin:80 - create IPUIPlugin
2025-11-07 11:14:16,268 [INFO] PluginManager:220 - loadIPPluginJar : add ipddr
2025-11-07 11:14:16,275 [INFO] IPUIPlugin:80 - create IPUIPlugin
2025-11-07 11:14:16,275 [INFO] PluginManager:220 - loadIPPluginJar : add linkedlist
2025-11-07 11:14:16,279 [INFO] IPUIPlugin:80 - create IPUIPlugin
2025-11-07 11:14:16,279 [INFO] PluginManager:220 - loadIPPluginJar : add lorawan
2025-11-07 11:14:16,281 [INFO] IPUIPlugin:80 - create IPUIPlugin
2025-11-07 11:14:16,281 [INFO] PluginManager:220 - loadIPPluginJar : add ltdc
2025-11-07 11:14:16,286 [INFO] IPUIPlugin:80 - create IPUIPlugin
2025-11-07 11:14:16,287 [INFO] PluginManager:220 - loadIPPluginJar : add mdma
2025-11-07 11:14:16,290 [INFO] IPUIPlugin:80 - create IPUIPlugin
2025-11-07 11:14:16,290 [INFO] PluginManager:220 - loadIPPluginJar : add nvic
2025-11-07 11:14:16,293 [INFO] IPUIPlugin:80 - create IPUIPlugin
2025-11-07 11:14:16,293 [INFO] PluginManager:220 - loadIPPluginJar : add opamp
2025-11-07 11:14:16,296 [INFO] IPUIPlugin:80 - create IPUIPlugin
2025-11-07 11:14:16,296 [INFO] PluginManager:220 - loadIPPluginJar : add openamp
2025-11-07 11:14:16,299 [INFO] IPUIPlugin:80 - create IPUIPlugin
2025-11-07 11:14:16,299 [INFO] PluginManager:220 - loadIPPluginJar : add pdm2pcm
2025-11-07 11:14:16,304 [INFO] IPUIPlugin:80 - create IPUIPlugin
2025-11-07 11:14:16,306 [INFO] PluginManager:220 - loadIPPluginJar : add plateformsettings
2025-11-07 11:14:16,308 [INFO] IPUIPlugin:80 - create IPUIPlugin
2025-11-07 11:14:16,308 [INFO] PluginManager:220 - loadIPPluginJar : add quadspi
2025-11-07 11:14:16,309 [INFO] IPUIPlugin:80 - create IPUIPlugin
2025-11-07 11:14:16,310 [INFO] PluginManager:220 - loadIPPluginJar : add radio
2025-11-07 11:14:16,313 [INFO] IPUIPlugin:80 - create IPUIPlugin
2025-11-07 11:14:16,314 [INFO] PluginManager:220 - loadIPPluginJar : add resmgrutility
2025-11-07 11:14:16,317 [INFO] IPUIPlugin:80 - create IPUIPlugin
2025-11-07 11:14:16,317 [INFO] PluginManager:220 - loadIPPluginJar : add sai
2025-11-07 11:14:16,320 [INFO] IPUIPlugin:80 - create IPUIPlugin
2025-11-07 11:14:16,320 [INFO] PluginManager:220 - loadIPPluginJar : add spi
2025-11-07 11:14:16,325 [INFO] IPUIPlugin:80 - create IPUIPlugin
2025-11-07 11:14:16,325 [INFO] PluginManager:220 - loadIPPluginJar : add stm32_wpan
2025-11-07 11:14:16,327 [INFO] IPUIPlugin:80 - create IPUIPlugin
2025-11-07 11:14:16,327 [INFO] PluginManager:220 - loadIPPluginJar : add tim
2025-11-07 11:14:16,330 [INFO] IPUIPlugin:80 - create IPUIPlugin
2025-11-07 11:14:16,330 [INFO] PluginManager:220 - loadIPPluginJar : add touchsensing
2025-11-07 11:14:16,332 [INFO] IPUIPlugin:80 - create IPUIPlugin
2025-11-07 11:14:16,332 [INFO] PluginManager:220 - loadIPPluginJar : add tracer_emb
2025-11-07 11:14:16,334 [INFO] IPUIPlugin:80 - create IPUIPlugin
2025-11-07 11:14:16,334 [INFO] PluginManager:220 - loadIPPluginJar : add ts
2025-11-07 11:14:16,335 [INFO] IPUIPlugin:80 - create IPUIPlugin
2025-11-07 11:14:16,335 [INFO] PluginManager:220 - loadIPPluginJar : add tsc
2025-11-07 11:14:16,337 [INFO] IPUIPlugin:80 - create IPUIPlugin
2025-11-07 11:14:16,337 [INFO] PluginManager:220 - loadIPPluginJar : add ucpd
2025-11-07 11:14:16,339 [INFO] IPUIPlugin:80 - create IPUIPlugin
2025-11-07 11:14:16,339 [INFO] PluginManager:220 - loadIPPluginJar : add usart
2025-11-07 11:14:16,342 [INFO] IPUIPlugin:80 - create IPUIPlugin
2025-11-07 11:14:16,342 [INFO] PluginManager:220 - loadIPPluginJar : add usbx
2025-11-07 11:14:16,471 [FATAL] Updater:351 - Updater called before beeing initialized
2025-11-07 11:14:16,502 [INFO] RulesReader:64 - Compatibility file has been processed (317 Rules)
2025-11-07 11:14:16,516 [INFO] RulesReader:64 - Compatibility file has been processed (317 Rules)
2025-11-07 11:14:16,527 [INFO] CADModel:165 - CPN selected for project level
2025-11-07 11:14:16,528 [INFO] CADModel:114 - Register for checkConnection events
2025-11-07 11:14:16,528 [FATAL] Updater:351 - Updater called before beeing initialized
2025-11-07 11:14:16,528 [ERROR] CADModel:125 - Updater not yet initialized, retry later 
2025-11-07 11:14:16,699 [FATAL] Updater:351 - Updater called before beeing initialized
2025-11-07 11:14:16,702 [INFO] CADModel:165 - CPN selected for project level
2025-11-07 11:14:16,702 [INFO] CADModel:114 - Register for checkConnection events
2025-11-07 11:14:16,702 [FATAL] Updater:351 - Updater called before beeing initialized
2025-11-07 11:14:16,702 [ERROR] CADModel:125 - Updater not yet initialized, retry later 
2025-11-07 11:14:16,706 [FATAL] Updater:351 - Updater called before beeing initialized
2025-11-07 11:14:16,843 [FATAL] Updater:351 - Updater called before beeing initialized
2025-11-07 11:14:16,846 [INFO] DbMcusAds:53 - JSON generation date=Thu Oct 02 15:06:05 IST 2025 (1759397765645)
2025-11-07 11:14:16,846 [FATAL] Updater:351 - Updater called before beeing initialized
2025-11-07 11:14:16,880 [WARN] DetailPanel:346 - Failed to get advertising image, set to default
2025-11-07 11:14:16,954 [FATAL] Updater:351 - Updater called before beeing initialized
2025-11-07 11:14:16,955 [FATAL] Updater:351 - Updater called before beeing initialized
2025-11-07 11:14:16,955 [FATAL] Updater:351 - Updater called before beeing initialized
2025-11-07 11:14:16,955 [WARN] DetailPanel:346 - Failed to get advertising image, set to default
2025-11-07 11:14:16,956 [FATAL] Updater:351 - Updater called before beeing initialized
2025-11-07 11:14:16,999 [ERROR] Updater:1198 - MainUpdater not yet initialized. External WinMGr cannot be set.
2025-11-07 11:14:17,001 [INFO] Updater:1134 - Updater Version found : 6.15.0
2025-11-07 11:14:17,016 [INFO] ApplicationProperties:184 - Using Application install path: C:\ST\STM32CubeIDE_1.19.0\STM32CubeIDE\plugins\com.st.stm32cube.common.mx_6.15.0.202507011659
2025-11-07 11:14:18,544 [INFO] ThirdPartyUpdaterWithRetryManager:70 - Updater plugin not ready yet. [2/15]
2025-11-07 11:14:18,593 [ERROR] LogOutputStream:75 - [STDERR_REDIRECT] Nov 07, 2025 11:14:18 AM java.util.prefs.WindowsPreferences <init>
2025-11-07 11:14:18,594 [ERROR] LogOutputStream:75 - [STDERR_REDIRECT] WARNING: Could not open/create prefs root node Software\JavaSoft\Prefs at root 0xffffffff80000002. Windows RegCreateKeyEx(...) returned error code 5.
2025-11-07 11:14:18,594 [ERROR] LogOutputStream:75 - [STDERR_REDIRECT] 
2025-11-07 11:14:18,869 [INFO] MainUpdater:2872 - connection check result : 10
2025-11-07 11:14:18,870 [INFO] MainUpdater:289 - Updater Check For Update Now.
2025-11-07 11:14:18,870 [INFO] MicroXplorer:498 - Change Database Version : DB.6.0.150
2025-11-07 11:14:18,874 [INFO] McuFinderGlobals:63 - Set McuFinder mode to 2 (CubeIDE integrated)
2025-11-07 11:14:18,874 [INFO] UserAuth:171 - activating auth plugin
2025-11-07 11:14:18,877 [INFO] UserAuth:487 - Internet connection configuration mode: 1
2025-11-07 11:14:18,900 [INFO] JxBrowserEngine:152 - Initiate JxBrowser Engine with user profile folder
2025-11-07 11:14:19,037 [INFO] CheckServerUpdateThread:120 - End of CheckServer Thread
2025-11-07 11:14:20,447 [INFO] WebApp:169 - Instantiating new browser for Auth
2025-11-07 11:14:21,133 [INFO] WebApp:463 - Apply proxy settings
2025-11-07 11:14:21,133 [INFO] WebApp:548 - Chromium requires no authentication
2025-11-07 11:14:21,142 [INFO] WebApp:491 - Direct internet connection detected
2025-11-07 11:14:21,162 [INFO] WebApp:900 - Register for checkConnection events
2025-11-07 11:14:21,162 [INFO] WebApp:463 - Apply proxy settings
2025-11-07 11:14:21,162 [INFO] WebApp:548 - Chromium requires no authentication
2025-11-07 11:14:21,163 [INFO] WebApp:491 - Direct internet connection detected
2025-11-07 11:14:21,302 [INFO] WebApp:225 - Starting web application
2025-11-07 11:14:21,303 [INFO] WebApp:593 - Web application path used C:\ST\STM32CubeIDE_1.19.0\STM32CubeIDE\plugins\com.st.stm32cube.common.mx_6.15.0.202507011659\db\plugins\mcufinder\reactClient1\index.html
2025-11-07 11:14:21,484 [INFO] WebApp:191 - Connection restablished
2025-11-07 11:14:21,827 [WARN] PackLoader:240 - Cannot read IP mode file for STMicroelectronics.FP-SNS-MOTENVWB1.1.4.0
2025-11-07 11:14:21,840 [WARN] PackLoader:240 - Cannot read IP mode file for STMicroelectronics.FP-ATR-ASTRA1.2.0.2
2025-11-07 11:14:21,850 [WARN] PackLoader:240 - Cannot read IP mode file for STMicroelectronics.X-CUBE-SMBUS.2.1.0
2025-11-07 11:14:21,890 [WARN] PackLoader:240 - Cannot read IP mode file for STMicroelectronics.X-CUBE-AZRTOS-F7.1.1.0
2025-11-07 11:14:21,903 [WARN] PackLoader:240 - Cannot read IP mode file for Cesanta.I-CUBE-Mongoose.7.19.0
2025-11-07 11:14:21,911 [WARN] PackLoader:240 - Cannot read IP mode file for STMicroelectronics.FP-SNS-MOTENV1.5.1.0
2025-11-07 11:14:21,931 [WARN] PackLoader:240 - Cannot read IP mode file for WES.I-CUBE-Cesium.1.4.0
2025-11-07 11:14:21,968 [WARN] PackLoader:240 - Cannot read IP mode file for Infineon.AIROC-Wi-Fi-Bluetooth-STM32.1.7.1
2025-11-07 11:14:22,008 [WARN] PackLoader:240 - Cannot read IP mode file for STMicroelectronics.X-CUBE-AZRTOS-H7.3.4.0
2025-11-07 11:14:22,027 [WARN] PackLoader:240 - Cannot read IP mode file for STMicroelectronics.X-CUBE-DISPLAY.3.0.0
2025-11-07 11:14:22,049 [WARN] PackLoader:240 - Cannot read IP mode file for STMicroelectronics.X-CUBE-NFC10.1.0.0
2025-11-07 11:14:22,058 [WARN] PackLoader:240 - Cannot read IP mode file for STMicroelectronics.X-CUBE-ST60.1.1.0
2025-11-07 11:14:22,067 [WARN] PackLoader:240 - Cannot read IP mode file for emotas.I-CUBE-CANOPEN.1.3.0
2025-11-07 11:14:22,077 [WARN] PackLoader:240 - Cannot read IP mode file for STMicroelectronics.X-CUBE-GNSS1.7.1.0
2025-11-07 11:14:22,090 [WARN] PackLoader:240 - Cannot read IP mode file for STMicroelectronics.FP-SNS-STBOX1.2.1.0
2025-11-07 11:14:22,098 [WARN] PackLoader:240 - Cannot read IP mode file for STMicroelectronics.FP-SNS-SMARTAG2.1.2.0
2025-11-07 11:14:22,105 [WARN] PackLoader:240 - Cannot read IP mode file for STMicroelectronics.FP-SNS-FLIGHT1.5.1.0
2025-11-07 11:14:22,134 [INFO] LogOutputStream:77 - [STDOUT_REDIRECT] 1 : Invalid condition id : UX_CORESTACK_Condition cause : null
2025-11-07 11:14:22,135 [INFO] LogOutputStream:77 - [STDOUT_REDIRECT] 1 : Invalid condition id : UX_CORESTACK_Condition cause : null
2025-11-07 11:14:22,135 [INFO] LogOutputStream:77 - [STDOUT_REDIRECT] 1 : Invalid condition id : UX_CORESTACK_Condition cause : null
2025-11-07 11:14:22,136 [INFO] LogOutputStream:77 - [STDOUT_REDIRECT] 1 : Invalid condition id : UX_CORESTACK_Condition cause : null
2025-11-07 11:14:22,137 [INFO] LogOutputStream:77 - [STDOUT_REDIRECT] 1 : Invalid condition id : UX_CORESTACK_Condition cause : null
2025-11-07 11:14:22,141 [WARN] PackLoader:240 - Cannot read IP mode file for STMicroelectronics.X-CUBE-AZRTOS-WL.2.0.0
2025-11-07 11:14:22,154 [WARN] PackLoader:240 - Cannot read IP mode file for STMicroelectronics.X-CUBE-BLE2.3.3.0
2025-11-07 11:14:22,165 [WARN] PackLoader:240 - Cannot read IP mode file for STMicroelectronics.X-CUBE-NFC9.1.0.0
2025-11-07 11:14:22,175 [WARN] PackLoader:240 - Cannot read IP mode file for wolfSSL.I-CUBE-wolfSSL.5.8.2
2025-11-07 11:14:22,183 [WARN] PackLoader:240 - Cannot read IP mode file for STMicroelectronics.X-CUBE-BLE1.7.1.0
2025-11-07 11:14:22,188 [WARN] PackLoader:240 - Cannot read IP mode file for wolfSSL.I-CUBE-wolfMQTT.1.19.2
2025-11-07 11:14:22,200 [WARN] PackLoader:240 - Cannot read IP mode file for STMicroelectronics.X-CUBE-EEPRMA1.5.2.0
2025-11-07 11:14:22,215 [WARN] PackLoader:240 - Cannot read IP mode file for STMicroelectronics.X-CUBE-ST67W61.1.1.0
2025-11-07 11:14:22,236 [WARN] PackLoader:240 - Cannot read IP mode file for STMicroelectronics.X-CUBE-AZRTOS-G0.1.1.0
2025-11-07 11:14:22,246 [WARN] PackLoader:240 - Cannot read IP mode file for STMicroelectronics.X-CUBE-SAFEA1.1.2.2
2025-11-07 11:14:22,254 [WARN] PackLoader:240 - Cannot read IP mode file for STMicroelectronics.X-CUBE-NFC4.3.0.0
2025-11-07 11:14:22,266 [WARN] PackLoader:240 - Cannot read IP mode file for EmbeddedOffice.I-CUBE-FS-RTOS.1.0.1
2025-11-07 11:14:22,272 [WARN] PackLoader:240 - Cannot read IP mode file for STMicroelectronics.X-CUBE-WB05N.2.0.0
2025-11-07 11:14:22,278 [WARN] PackLoader:240 - Cannot read IP mode file for wolfSSL.I-CUBE-wolfTPM.3.8.0
2025-11-07 11:14:22,285 [WARN] PackLoader:240 - Cannot read IP mode file for STMicroelectronics.X-CUBE-TCPP.4.2.0
2025-11-07 11:14:22,293 [WARN] PackLoader:240 - Cannot read IP mode file for RealThread.X-CUBE-RT-Thread_Nano.4.1.1
2025-11-07 11:14:22,301 [WARN] PackLoader:240 - Cannot read IP mode file for STMicroelectronics.FP-ATR-SIGFOX1.3.2.0
2025-11-07 11:14:22,311 [WARN] PackLoader:240 - Cannot read IP mode file for ITTIA_DB.I-CUBE-ITTIADB.8.9.0
2025-11-07 11:14:22,318 [WARN] PackLoader:240 - Cannot read IP mode file for STMicroelectronics.X-CUBE-AI.10.2.0
2025-11-07 11:14:22,343 [WARN] PackLoader:240 - Cannot read IP mode file for SEGGER.I-CUBE-embOS.1.3.1
2025-11-07 11:14:22,382 [WARN] PackLoader:240 - Cannot read IP mode file for STMicroelectronics.X-CUBE-ALGOBUILD.1.4.0
2025-11-07 11:14:22,445 [WARN] PackLoader:240 - Cannot read IP mode file for STMicroelectronics.X-CUBE-MEMS1.11.3.0
2025-11-07 11:14:22,605 [WARN] PackLoader:240 - Cannot read IP mode file for STMicroelectronics.X-CUBE-PM33A1.1.0.0
2025-11-07 11:14:22,625 [WARN] PackLoader:240 - Cannot read IP mode file for STMicroelectronics.X-CUBE-AZRTOS-F4.1.1.0
2025-11-07 11:14:22,636 [WARN] PackLoader:240 - Cannot read IP mode file for STMicroelectronics.X-CUBE-ISPU.2.1.0
2025-11-07 11:14:22,651 [WARN] PackLoader:240 - Cannot read IP mode file for STMicroelectronics.X-CUBE-IPS.3.2.0
2025-11-07 11:14:22,667 [WARN] PackLoader:240 - Cannot read IP mode file for STMicroelectronics.X-CUBE-NFC12.1.0.0
2025-11-07 11:14:22,687 [WARN] PackLoader:240 - Cannot read IP mode file for STMicroelectronics.X-CUBE-AZRTOS-L5.2.0.0
2025-11-07 11:14:22,699 [WARN] PackLoader:240 - Cannot read IP mode file for STMicroelectronics.X-CUBE-NFC6.3.1.0
2025-11-07 11:14:22,707 [WARN] PackLoader:240 - Cannot read IP mode file for STMicroelectronics.X-CUBE-FREERTOS.1.3.1
2025-11-07 11:14:22,716 [WARN] PackLoader:240 - Cannot read IP mode file for STMicroelectronics.X-CUBE-TOUCHGFX.4.26.0
2025-11-07 11:14:22,722 [WARN] PackLoader:240 - Cannot read IP mode file for STMicroelectronics.FP-SNS-STAIOTCFT.1.0.0
2025-11-07 11:14:22,730 [WARN] PackLoader:240 - Cannot read IP mode file for STMicroelectronics.X-CUBE-DPower.1.3.0
2025-11-07 11:14:22,748 [WARN] ConditionMgr:438 - getConditionDescription Invalid condition id : LAN8742 Phy interface Condition cause : null
2025-11-07 11:14:22,749 [WARN] PackLoader:240 - Cannot read IP mode file for STMicroelectronics.X-CUBE-AZRTOS-L4.2.0.0
2025-11-07 11:14:22,751 [WARN] ConditionMgr:1044 - genDependencies : Invalid condition id : LAN8742 Phy interface Condition cause : null
2025-11-07 11:14:22,751 [WARN] ConditionMgr:1044 - genDependencies : Invalid condition id : LAN8742 Phy interface Condition cause : null
2025-11-07 11:14:22,751 [WARN] ConditionMgr:1044 - genDependencies : Invalid condition id : LAN8742 Phy interface Condition cause : null
2025-11-07 11:14:22,760 [WARN] PackLoader:240 - Cannot read IP mode file for STMicroelectronics.X-CUBE-SFXS2LP1.4.0.0
2025-11-07 11:14:22,772 [WARN] PackLoader:240 - Cannot read IP mode file for STMicroelectronics.X-CUBE-BLEMGR.4.1.0
2025-11-07 11:14:22,786 [WARN] ConditionMgr:438 - getConditionDescription Invalid condition id : UX DEVICE CLASS RTOS Condition cause : null
2025-11-07 11:14:22,786 [WARN] ConditionMgr:438 - getConditionDescription Invalid condition id : UX DEVICE CLASS RTOS Condition cause : null
2025-11-07 11:14:22,788 [WARN] PackLoader:240 - Cannot read IP mode file for STMicroelectronics.X-CUBE-AZRTOS-WB.2.0.0
2025-11-07 11:14:22,788 [WARN] ConditionMgr:1044 - genDependencies : Invalid condition id : UX DEVICE CLASS RTOS Condition cause : null
2025-11-07 11:14:22,789 [WARN] ConditionMgr:1044 - genDependencies : Invalid condition id : UX DEVICE CLASS RTOS Condition cause : null
2025-11-07 11:14:22,789 [WARN] ConditionMgr:1044 - genDependencies : Invalid condition id : UX DEVICE CLASS RTOS Condition cause : null
2025-11-07 11:14:22,789 [WARN] ConditionMgr:1044 - genDependencies : Invalid condition id : UX DEVICE CLASS RTOS Condition cause : null
2025-11-07 11:14:22,789 [WARN] ConditionMgr:1044 - genDependencies : Invalid condition id : UX DEVICE CLASS RTOS Condition cause : null
2025-11-07 11:14:22,796 [WARN] ConditionMgr:438 - getConditionDescription Invalid condition id : Cortex-A Device cause : null
2025-11-07 11:14:22,814 [WARN] ConditionMgr:1044 - genDependencies : Invalid condition id : Cortex-A Device cause : null
2025-11-07 11:14:22,814 [WARN] ConditionMgr:1044 - genDependencies : Invalid condition id : Cortex-A Device cause : null
2025-11-07 11:14:22,814 [WARN] ConditionMgr:1044 - genDependencies : Invalid condition id : Cortex-A Device cause : null
2025-11-07 11:14:22,823 [WARN] PackLoader:240 - Cannot read IP mode file for STMicroelectronics.X-CUBE-SUBG2.5.0.0
2025-11-07 11:14:22,850 [WARN] PackLoader:240 - Cannot read IP mode file for STMicroelectronics.X-CUBE-AZRTOS-H7RS.1.1.0
2025-11-07 11:14:22,873 [WARN] PackLoader:240 - Cannot read IP mode file for STMicroelectronics.X-CUBE-AZRTOS-G4.2.0.0
2025-11-07 11:14:22,884 [WARN] PackLoader:240 - Cannot read IP mode file for wolfSSL.I-CUBE-wolfSSH.1.4.20
2025-11-07 11:14:22,890 [WARN] PackLoader:240 - Cannot read IP mode file for STMicroelectronics.X-CUBE-NFC7.2.0.0
2025-11-07 11:14:22,898 [WARN] PackLoader:240 - Cannot read IP mode file for STMicroelectronics.X-CUBE-ALS.1.0.2
2025-11-07 11:14:22,907 [WARN] PackLoader:240 - Cannot read IP mode file for STMicroelectronics.X-CUBE-STSE01.1.0.0
2025-11-07 11:14:22,920 [WARN] PackLoader:240 - Cannot read IP mode file for STMicroelectronics.X-CUBE-TOF1.3.4.3
2025-11-07 11:14:22,930 [INFO] ThirdParty:978 - Integrity check success = true
2025-11-07 11:14:22,931 [INFO] IntegrityCheckThread:100 - exiting critical section [integrity check]
2025-11-07 11:14:22,931 [INFO] IntegrityCheckThread:103 - End integrity checks thread
2025-11-07 11:14:35,876 [INFO] WebApp:194 - Connection lost
2025-11-07 11:14:36,079 [INFO] WebApp:191 - Connection restablished
2025-11-07 12:30:01,744 [INFO] McuFinderGlobals:63 - Set McuFinder mode to 2 (CubeIDE integrated)
2025-11-07 12:30:01,749 [INFO] MainUpdater:2872 - connection check result : 10
2025-11-07 12:30:01,750 [INFO] MainUpdater:2872 - connection check result : 10
2025-11-07 12:30:01,782 [INFO] MicroXplorer:468 - Change Database Path : 
2025-11-07 12:30:01,783 [INFO] MicroXplorer:498 - Change Database Version : DB.6.0.150
2025-11-07 12:30:01,787 [WARN] ThirdParty:871 - waiting for thirdparty lock release [close project]
2025-11-07 12:30:01,787 [INFO] ThirdParty:873 - entering critical section [close project]
2025-11-07 12:30:01,789 [INFO] ThirdParty:883 - exiting critical section [close project]
2025-11-07 12:30:01,792 [INFO] PinOutPanel:1589 - setPackage(No Configuration,No Configuration)
2025-11-07 12:30:01,793 [INFO] UtilMem:75 - Begin LoadConfig() Used Memory: 376136816 Bytes (618659840)
2025-11-07 12:30:01,795 [INFO] MicroXplorer:468 - Change Database Path : 
2025-11-07 12:30:01,795 [INFO] MicroXplorer:498 - Change Database Version : DB.6.0.150
2025-11-07 12:30:01,795 [INFO] OpenFileManager:355 - Change cursor
2025-11-07 12:30:01,835 [INFO] Mcu:2029 - Initializing MCU STM32F103R(C-D-E)Tx STM32F103RCTx STM32F103RCT6TR
2025-11-07 12:30:02,789 [INFO] Context:786 - Trying to add GPIOservice into a context  which must be forbidden
2025-11-07 12:30:03,094 [INFO] ImportTextPane:234 - (OptionalMessage_ERROR) Pin30 (VP_RIF_VS_RIF1) cannot be retrieved for this MCU
2025-11-07 12:30:03,185 [INFO] RtosManager:558 - Registered RTOS mode: class=CMSIS, group=RTOS, mode=CMSIS_V1, owner=FREERTOS
2025-11-07 12:30:03,185 [INFO] RtosManager:558 - Registered RTOS mode: class=CMSIS, group=RTOS2, mode=CMSIS_V2, owner=FREERTOS
2025-11-07 12:30:03,185 [INFO] RtosManager:558 - Registered RTOS mode: class=RTOS, group=Core, mode=CMSIS_V1, owner=FREERTOS
2025-11-07 12:30:03,185 [INFO] RtosManager:558 - Registered RTOS mode: class=RTOS, group=Core, mode=CMSIS_V2, owner=FREERTOS
2025-11-07 12:30:03,185 [WARN] ModelIntegratedComponent:184 - Missing modes for component STMicroelectronics:FreeRTOS:0.0.1:STMicroelectronics:RTOS:FreeRTOS:Core:::10.2.0:
2025-11-07 12:30:03,207 [WARN] ModelIntegratedComponent:63 - No mode defined for component null
2025-11-07 12:30:03,207 [WARN] ModelIntegratedComponent:63 - No mode defined for component null
2025-11-07 12:30:03,207 [WARN] ModelIntegratedComponent:63 - No mode defined for component null
2025-11-07 12:30:03,207 [WARN] ModelIntegratedComponent:63 - No mode defined for component null
2025-11-07 12:30:03,207 [WARN] ModelIntegratedComponent:63 - No mode defined for component null
2025-11-07 12:30:03,208 [WARN] ModelIntegratedComponent:63 - No mode defined for component null
2025-11-07 12:30:03,208 [WARN] ModelIntegratedComponent:63 - No mode defined for component null
2025-11-07 12:30:03,208 [WARN] ModelIntegratedComponent:63 - No mode defined for component null
2025-11-07 12:30:03,208 [WARN] ModelIntegratedComponent:63 - No mode defined for component null
2025-11-07 12:30:03,208 [WARN] ModelIntegratedComponent:63 - No mode defined for component null
2025-11-07 12:30:03,208 [WARN] ModelIntegratedComponent:63 - No mode defined for component null
2025-11-07 12:30:03,208 [WARN] ModelIntegratedComponent:63 - No mode defined for component null
2025-11-07 12:30:03,208 [WARN] ModelIntegratedComponent:63 - No mode defined for component null
2025-11-07 12:30:03,208 [WARN] ModelIntegratedComponent:63 - No mode defined for component null
2025-11-07 12:30:03,208 [WARN] ModelIntegratedComponent:63 - No mode defined for component null
2025-11-07 12:30:03,208 [WARN] ModelIntegratedComponent:63 - No mode defined for component null
2025-11-07 12:30:03,208 [WARN] ModelIntegratedComponent:63 - No mode defined for component null
2025-11-07 12:30:03,208 [WARN] ModelIntegratedComponent:63 - No mode defined for component null
2025-11-07 12:30:03,208 [WARN] ModelIntegratedComponent:63 - No mode defined for component null
2025-11-07 12:30:03,208 [WARN] ModelIntegratedComponent:63 - No mode defined for component null
2025-11-07 12:30:03,208 [WARN] ModelIntegratedComponent:63 - No mode defined for component null
2025-11-07 12:30:03,209 [WARN] ModelIntegratedComponent:63 - No mode defined for component null
2025-11-07 12:30:03,209 [WARN] ModelIntegratedComponent:63 - No mode defined for component null
2025-11-07 12:30:03,209 [WARN] ModelIntegratedComponent:63 - No mode defined for component null
2025-11-07 12:30:03,209 [WARN] ModelIntegratedComponent:63 - No mode defined for component null
2025-11-07 12:30:03,209 [WARN] ModelIntegratedComponent:63 - No mode defined for component null
2025-11-07 12:30:03,209 [WARN] ModelIntegratedComponent:63 - No mode defined for component null
2025-11-07 12:30:03,209 [WARN] ModelIntegratedComponent:63 - No mode defined for component null
2025-11-07 12:30:03,209 [WARN] ModelIntegratedComponent:63 - No mode defined for component null
2025-11-07 12:30:03,209 [WARN] ModelIntegratedComponent:63 - No mode defined for component null
2025-11-07 12:30:03,209 [WARN] ModelIntegratedComponent:63 - No mode defined for component null
2025-11-07 12:30:03,209 [WARN] ModelIntegratedComponent:63 - No mode defined for component null
2025-11-07 12:30:03,209 [WARN] ModelIntegratedComponent:63 - No mode defined for component null
2025-11-07 12:30:03,209 [WARN] ModelIntegratedComponent:63 - No mode defined for component null
2025-11-07 12:30:03,209 [WARN] ModelIntegratedComponent:63 - No mode defined for component null
2025-11-07 12:30:03,210 [WARN] ModelPack:524 - Component already loaded: STMicroelectronics:HAL Drivers:0.0.0:STMicroelectronics:Device:STMicro_Driver:XSPI:HAL::0.0.1:HAL_XSPI
2025-11-07 12:30:03,281 [INFO] ThirdPartyModel:298 - Start build external matchings
2025-11-07 12:30:03,541 [INFO] ThirdPartyModel:316 - End build external matchings
2025-11-07 12:30:03,555 [INFO] RtosManager:1018 - Current active RTOS is FREERTOS [Cortex-M3NS]
2025-11-07 12:30:03,564 [INFO] ImportTextPane:234 - (OptionalMessage_ERROR) IP (DMA) : Parameter (Instance) has Id (ADC1) currently not set
2025-11-07 12:30:03,564 [INFO] ImportTextPane:234 - (OptionalMessage_ERROR) IP (DMA) : Parameter (Direction) has Id (ADC1) currently not set
2025-11-07 12:30:03,564 [INFO] ImportTextPane:234 - (OptionalMessage_ERROR) IP (DMA) : Parameter (PeriphInc) has Id (ADC1) currently not set
2025-11-07 12:30:03,564 [INFO] ImportTextPane:234 - (OptionalMessage_ERROR) IP (DMA) : Parameter (MemInc) has Id (ADC1) currently not set
2025-11-07 12:30:03,564 [INFO] ImportTextPane:234 - (OptionalMessage_ERROR) IP (DMA) : Parameter (PeriphDataAlignment) has Id (ADC1) currently not set
2025-11-07 12:30:03,564 [INFO] ImportTextPane:234 - (OptionalMessage_ERROR) IP (DMA) : Parameter (MemDataAlignment) has Id (ADC1) currently not set
2025-11-07 12:30:03,564 [INFO] ImportTextPane:234 - (OptionalMessage_ERROR) IP (DMA) : Parameter (Mode) has Id (ADC1) currently not set
2025-11-07 12:30:03,564 [INFO] ImportTextPane:234 - (OptionalMessage_ERROR) IP (DMA) : Parameter (Priority) has Id (ADC1) currently not set
2025-11-07 12:30:03,570 [INFO] ImportTextPane:234 - (OptionalMessage_ERROR) IP (RCC) : Invalid parameter (FamilyName)
2025-11-07 12:30:03,570 [INFO] ImportTextPane:234 - (OptionalMessage_ERROR) IP (RCC) : Parameter (MCOFreq_Value) has invalid value (72000000)
2025-11-07 12:30:03,570 [INFO] ImportTextPane:234 - (OptionalMessage_ERROR) IP (RCC) : Parameter (USBFreq_Value) has invalid value (72000000)
2025-11-07 12:30:03,773 [INFO] ApiDb:581 - Connected to CubeFinder SQLite database (C:\Users\USER\.stmcufinder\plugins\mcufinder\mcu\cube-finder-db.db)
2025-11-07 12:30:03,870 [INFO] ApiDb:668 - CubeFinder database Data Model version=2.1
2025-11-07 12:30:03,870 [INFO] ApiDb:669 - CubeFinder database Configuration version=3.0.39
2025-11-07 12:30:03,871 [INFO] ApiDb:670 - CubeFinder database generation date=2025-10-27 (1761571959)
2025-11-07 12:30:03,871 [INFO] ApiDb:671 - CubeFinder database FW Pack versions=[FP-ATR-ASTRA1_V2.0.0, FP-SNS-FLIGHT1_V5.1.0, FP-SNS-MOTENV1_V5.0.0, FP-SNS-MOTENVWB1_V1.4.0, FP-SNS-SMARTAG2_V1.2.0, FP-SNS-STBOX1_V2.1.0, STM32Cube_FW_C0_V1.4.0, STM32Cube_FW_F4_V1.28.3, STM32Cube_FW_F7_V1.17.4, STM32Cube_FW_G0_V1.6.2, STM32Cube_FW_G4_V1.6.1, STM32Cube_FW_H5_V1.5.0, STM32Cube_FW_H7RS_V1.2.0, STM32Cube_FW_H7_V1.12.1, STM32Cube_FW_L0_V1.12.2, STM32Cube_FW_L4_V1.18.1, STM32Cube_FW_L5_V1.5.1, STM32Cube_FW_N6_V1.2.0, STM32Cube_FW_U0_V1.3.0, STM32Cube_FW_U3_V1.2.1, STM32Cube_FW_U5_V1.8.0, STM32Cube_FW_WB0_V1.3.0, STM32Cube_FW_WBA_V1.7.0, STM32Cube_FW_WB_V1.23.0, STM32Cube_FW_WL3_V1.2.0, STM32Cube_FW_WL_V1.3.1, X-CUBE-ALGOBUILD_V1.4.0, X-CUBE-ALS_V1.0.2, X-CUBE-AZRTOS-F4_V1.1.0, X-CUBE-AZRTOS-F7_V1.1.0, X-CUBE-AZRTOS-G0_V1.1.0, X-CUBE-AZRTOS-G4_V2.0.0, X-CUBE-AZRTOS-H7RS_V1.1.0, X-CUBE-AZRTOS-H7_V3.4.0, X-CUBE-AZRTOS-L4_V2.0.0, X-CUBE-AZRTOS-L5_V2.0.0, X-CUBE-AZRTOS-WB_V2.0.0, X-CUBE-AZRTOS-WL_V2.0.0, X-CUBE-BLE1_V7.1.0, X-CUBE-BLE2_V3.3.0, X-CUBE-BLEMGR_V4.1.0, X-CUBE-EEPRMA1_V5.2.0, X-CUBE-FREERTOS_V1.3.1, X-CUBE-GNSS1_V6.0.0, X-CUBE-MEMS1_V11.3.0, X-CUBE-NFC4_V3.0.0, X-CUBE-NFC7_V2.0.0, X-CUBE-SFXS2LP1_V4.0.0, X-CUBE-ST67W61_V1.1.0, X-CUBE-SUBG2_V5.0.0, X-CUBE-TOF1_V3.4.3]
2025-11-07 12:30:03,977 [INFO] DbBoardsSqlite:226 - include board P-NUCLEO-WB55-NUCLEO as a kit item of type 'Nucleo-64'
2025-11-07 12:30:03,977 [INFO] DbBoardsSqlite:226 - include board P-NUCLEO-WB55-USBDONGLE as a kit item of type 'Nucleo USB Dongle'
2025-11-07 12:30:03,978 [INFO] DbBoardsSqlite:226 - include board STEVAL-IDP005V1 as a kit item of type 'Evaluation Board'
2025-11-07 12:30:03,979 [INFO] DbBoardsSqlite:226 - include board STEVAL-IDP005V2 as a kit item of type 'Evaluation Board'
2025-11-07 12:30:04,596 [INFO] ApiDb:240 - Found 880 in-development CPN: [B-G473E-ZEST1S, B-WB1M-WPAN1, B-WBA5M-WPAN, B-WL5M-SUBG1, NUCLEO-C031C6, NUCLEO-C051C8, NUCLEO-C071RB, NUCLEO-C092RC, NUCLEO-H503RB, NUCLEO-H533RE, NUCLEO-H563ZI, NUCLEO-H7S3L8, NUCLEO-N657X0-Q, NUCLEO-U031R8, NUCLEO-U083RC, NUCLEO-U385RG-Q, NUCLEO-U545RE-Q, NUCLEO-U5A5ZJ-Q, NUCLEO-WB05KZ, NUCLEO-WB07CC, NUCLEO-WB09KE, NUCLEO-WBA52CG, NUCLEO-WBA55CG, NUCLEO-WL33CC1, NUCLEO-WL33CC2, STEVAL-PROTEUS1, STEVAL-SMARTAG2, STEVAL-STWINBX1, STM320518-EVAL, STM32C0116-DK, STM32C011D6Y3TR, STM32C011D6Y6TR, STM32C011F4P3, STM32C011F4P6, STM32C011F4U3, STM32C011F4U6TR, STM32C011F6P3, STM32C011F6P6, STM32C011F6U3, STM32C011F6U6TR, STM32C011J4M3, STM32C011J4M6, STM32C011J6M3, STM32C011J6M6, STM32C0316-DK, STM32C031C4T3, STM32C031C4T6, STM32C031C4U3, STM32C031C4U6, STM32C031C6T3, STM32C031C6T6, STM32C031C6U3, STM32C031C6U6, STM32C031F4P3, STM32C031F4P6, STM32C031F6P3, STM32C031F6P6, STM32C031G4U3, STM32C031G4U6, STM32C031G6U3, STM32C031G6U6, STM32C031K4T3, STM32C031K4T6, STM32C031K4U3, STM32C031K4U6, STM32C031K6T3, STM32C031K6T6, STM32C031K6U3, STM32C031K6U6, STM32C051C6T6, STM32C051C6U6, STM32C051C8T6, STM32C051C8U6, STM32C051D8Y6TR, STM32C051F6P6, STM32C051F8P6, STM32C051G6U6, STM32C051G8U6, STM32C051K6T6, STM32C051K6U6, STM32C051K8T6, STM32C071C8T6, STM32C071C8T6N, STM32C071C8U6, STM32C071C8U6N, STM32C071CBT6, STM32C071CBT6N, STM32C071CBU6, STM32C071CBU6N, STM32C071F8P6, STM32C071F8P6N, STM32C071FBP6, STM32C071FBP6N, STM32C071FBY6TR, STM32C071G8U6, STM32C071G8U6N, STM32C071GBU6, STM32C071GBU6N, STM32C071K8T6, STM32C071K8T6N, STM32C071K8U6, STM32C071K8U6N, STM32C071KBT6, STM32C071KBT6N, STM32C071KBU6, STM32C071KBU6N, STM32C071R8T6, STM32C071R8T6N, STM32C071RBI6N, STM32C071RBT6, STM32C071RBT6N, STM32C091CBT6, STM32C091CBU6, STM32C091CCT6, STM32C091CCU6, STM32C091ECY6TR, STM32C091FBP6, STM32C091FCP6, STM32C091GBU6, STM32C091GCU6, STM32C091KBT6, STM32C091KBU6, STM32C091KCT6, STM32C091KCU6, STM32C091RBT6, STM32C091RCI6, STM32C091RCT6, STM32C092CBT6, STM32C092CBU6, STM32C092CCT6, STM32C092CCU6, STM32C092ECY6TR, STM32C092FBP6, STM32C092FCP6, STM32C092GBU6, STM32C092GCU6, STM32C092KBT6, STM32C092KBU6, STM32C092KCT6, STM32C092KCU6, STM32C092RBT6, STM32C092RCI6, STM32C092RCT6, STM32G071K8TXN, STM32G071K8UXN, STM32G081GBU6N, STM32G081KBT6N, STM32G081KBUXN, STM32G0B1CCT6N, STM32G0B1KCT6, STM32G0B1NEY6TR, STM32G0B1RCT6N, STM32G0C1CCT6, STM32G0C1CCT6N, STM32G0C1CCU6N, STM32G0C1CET6N, STM32G0C1CEU6N, STM32G0C1KCT6, STM32G0C1NEY6TR, STM32G0C1RCI6N, STM32G0C1RCT6N, STM32G0C1REI6N, STM32G0C1RET6N, STM32G0C1VCI6, STM32G0C1VEI6, STM32G411C6T3, STM32G411C6T6, STM32G411C6U3, STM32G411C6U6, STM32G411C8T3, STM32G411C8T6, STM32G411C8U3, STM32G411C8U6, STM32G411CBT3, STM32G411CBT6, STM32G411CBU3, STM32G411CBU6, STM32G411K6T3, STM32G411K6T6, STM32G411K6U3, STM32G411K6U6, STM32G411K8T3, STM32G411K8T6, STM32G411K8U3, STM32G411K8U6, STM32G411KBT3, STM32G411KBT6, STM32G411KBU3, STM32G411KBU6, STM32G411M6T3, STM32G411M6T6, STM32G411M8T3, STM32G411M8T6, STM32G411MBT3, STM32G411MBT6, STM32G411R6T3, STM32G411R6T6, STM32G411R8T3, STM32G411R8T6, STM32G411RBT3, STM32G411RBT6, STM32G414CBT3, STM32G414CBT6, STM32G414CBU3, STM32G414CBU6, STM32G414CCT3, STM32G414CCT6, STM32G414CCU3, STM32G414CCU6, STM32G414MBT3, STM32G414MBT6, STM32G414MCT3, STM32G414MCT6, STM32G414RBT3, STM32G414RBT6, STM32G414RCT3, STM32G414RCT6, STM32G414VBT3, STM32G414VBT6, STM32G414VCT3, STM32G414VCT6, STM32G431CBT3Z, STM32G431RBT3Z, STM32G471CCT6, STM32G471CCU6, STM32G471CET3, STM32G471CET6, STM32G471CEU3, STM32G471CEU6, STM32G471MCT6, STM32G471MET3, STM32G471MET6, STM32G471MEY6TR, STM32G471QCT6, STM32G471QET3, STM32G471RCT6, STM32G471RET3, STM32G471RET6, STM32G471VCH6, STM32G471VCI6, STM32G471VCT6, STM32G471VEH3, STM32G471VEH6, STM32G471VEI3, STM32G471VEI6, STM32G471VET3, STM32G471VET6, STM32G473QET3Z, STM32G473RET3Z, STM32G474CCT6, STM32G491RET3Z, STM32H503CBT6, STM32H503CBU6, STM32H503EBY6TR, STM32H503KBU6, STM32H503RBT6, STM32H523CCT6, STM32H523CCU6, STM32H523CET6, STM32H523CEU6, STM32H523HEY6TR, STM32H523RCT6, STM32H523RET6, STM32H523VCI6, STM32H523VCT6, STM32H523VEI6, STM32H523VET6, STM32H523ZCJ6, STM32H523ZCT6, STM32H523ZEJ6, STM32H523ZET6, STM32H533CET6, STM32H533CEU6, STM32H533HEY6TR, STM32H533RET6, STM32H533VEI6, STM32H533VET6, STM32H533ZEJ6, STM32H533ZET6, STM32H562AGI6, STM32H562AII6, STM32H562IGK6, STM32H562IGT6, STM32H562IIK6, STM32H562IIT6, STM32H562RGT6, STM32H562RGV6, STM32H562RIT6, STM32H562RIV6, STM32H562VGT6, STM32H562VIT6, STM32H562ZGT6, STM32H562ZIT6, STM32H563AGI6, STM32H563AII3Q, STM32H563AII6, STM32H563IGK6, STM32H563IGT6, STM32H563IIK3Q, STM32H563IIK6, STM32H563IIT3Q, STM32H563IIT6, STM32H563MIY3QTR, STM32H563RGT6, STM32H563RGV6, STM32H563RIT6, STM32H563RIV6, STM32H563VGT6, STM32H563VIT3Q, STM32H563VIT6, STM32H563ZGT6, STM32H563ZIT3Q, STM32H563ZIT6, STM32H573AII3Q, STM32H573AII6, STM32H573I-DK, STM32H573IIK3Q, STM32H573IIK6, STM32H573IIT3Q, STM32H573IIT6, STM32H573MIY3QTR, STM32H573RIT6, STM32H573RIV6, STM32H573VIT3Q, STM32H573VIT6, STM32H573ZIT3Q, STM32H573ZIT6, STM32H7R3A8I6, STM32H7R3I8K6, STM32H7R3I8T6, STM32H7R3L8H6, STM32H7R3L8H6H, STM32H7R3R8V6, STM32H7R3V8H6, STM32H7R3V8T6, STM32H7R3V8Y6TR, STM32H7R3Z8J6, STM32H7R3Z8T6, STM32H7R7A8I6, STM32H7R7I8K6, STM32H7R7I8T6, STM32H7R7L8H6, STM32H7R7L8H6H, STM32H7R7Z8J6, STM32H7S3A8I6, STM32H7S3I8K6, STM32H7S3I8T6, STM32H7S3L8H6, STM32H7S3L8H6H, STM32H7S3R8V6, STM32H7S3V8H6, STM32H7S3V8T6, STM32H7S3V8Y6TR, STM32H7S3Z8J6, STM32H7S3Z8T6, STM32H7S78-DK, STM32H7S7A8I6, STM32H7S7I8K6, STM32H7S7I8T6, STM32H7S7L8H6, STM32H7S7L8H6H, STM32H7S7Z8J6, STM32L4R5QGI6STR, STM32MP131AAE3, STM32MP131AAF3, STM32MP131AAG3, STM32MP131CAE3, STM32MP131CAF3, STM32MP131CAG3, STM32MP131DAE7, STM32MP131DAF7, STM32MP131DAG7, STM32MP131FAE7, STM32MP131FAF7, STM32MP131FAG7, STM32MP133AAE3, STM32MP133AAF3, STM32MP133AAG3, STM32MP133CAE3, STM32MP133CAF3, STM32MP133CAG3, STM32MP133DAE7, STM32MP133DAF7, STM32MP133DAG7, STM32MP133FAE7, STM32MP133FAF7, STM32MP133FAG7, STM32MP135AAE3, STM32MP135AAF3, STM32MP135AAG3, STM32MP135CAE3, STM32MP135CAF3, STM32MP135CAG3, STM32MP135DAE7, STM32MP135DAF7, STM32MP135DAG7, STM32MP135F-DK, STM32MP135FAE7, STM32MP135FAF7, STM32MP135FAF7T, STM32MP135FAF7U, STM32MP135FAG7, STM32MP211AAL3, STM32MP211AAM3, STM32MP211AAN3, STM32MP211AAO3, STM32MP211CAL3, STM32MP211CAM3, STM32MP211CAN3, STM32MP211CAO3, STM32MP211DAL3, STM32MP211DAM3, STM32MP211DAN3, STM32MP211DAO3, STM32MP211FAL3, STM32MP211FAM3, STM32MP211FAN3, STM32MP211FAO3, STM32MP213AAL3, STM32MP213AAM3, STM32MP213AAN3, STM32MP213AAO3, STM32MP213CAL3, STM32MP213CAM3, STM32MP213CAN3, STM32MP213CAO3, STM32MP213DAL3, STM32MP213DAM3, STM32MP213DAN3, STM32MP213DAO3, STM32MP213FAL3, STM32MP213FAM3, STM32MP213FAN3, STM32MP213FAO3, STM32MP215AAL3, STM32MP215AAM3, STM32MP215AAN3, STM32MP215AAO3, STM32MP215CAL3, STM32MP215CAM3, STM32MP215CAN3, STM32MP215CAO3, STM32MP215DAL3, STM32MP215DAM3, STM32MP215DAN3, STM32MP215DAO3, STM32MP215F-DK, STM32MP215FAL3, STM32MP215FAM3, STM32MP215FAN3, STM32MP215FAO3, STM32MP231AAJ3, STM32MP231AAK3, STM32MP231AAL3, STM32MP231CAJ3, STM32MP231CAK3, STM32MP231CAL3, STM32MP231DAJ3, STM32MP231DAK3, STM32MP231DAL3, STM32MP231FAJ3, STM32MP231FAK3, STM32MP231FAL3, STM32MP233AAJ3, STM32MP233AAK3, STM32MP233AAL3, STM32MP233CAJ3, STM32MP233CAK3, STM32MP233CAL3, STM32MP233DAJ3, STM32MP233DAK3, STM32MP233DAL3, STM32MP233FAJ3, STM32MP233FAK3, STM32MP233FAL3, STM32MP235AAJ3, STM32MP235AAK3, STM32MP235AAL3, STM32MP235CAJ3, STM32MP235CAK3, STM32MP235CAL3, STM32MP235DAJ3, STM32MP235DAK3, STM32MP235DAL3, STM32MP235FAJ3, STM32MP235FAK3, STM32MP235FAL3, STM32MP251AAI3, STM32MP251AAK3, STM32MP251AAL3, STM32MP251CAI3, STM32MP251CAK3, STM32MP251CAL3, STM32MP251DAI3, STM32MP251DAK3, STM32MP251DAL3, STM32MP251FAI3, STM32MP251FAK3, STM32MP251FAL3, STM32MP253AAI3, STM32MP253AAK3, STM32MP253AAL3, STM32MP253CAI3, STM32MP253CAK3, STM32MP253CAL3, STM32MP253DAI3, STM32MP253DAK3, STM32MP253DAL3, STM32MP253FAI3, STM32MP253FAK3, STM32MP253FAL3, STM32MP255AAI3, STM32MP255AAK3, STM32MP255AAL3, STM32MP255CAI3, STM32MP255CAK3, STM32MP255CAL3, STM32MP255DAI3, STM32MP255DAK3, STM32MP255DAL3, STM32MP255FAI3, STM32MP255FAK3, STM32MP255FAL3, STM32MP257AAI3, STM32MP257AAK3, STM32MP257AAL3, STM32MP257CAI3, STM32MP257CAK3, STM32MP257CAL3, STM32MP257DAI3, STM32MP257DAK3, STM32MP257DAL3, STM32MP257F-DK, STM32MP257F-EV1, STM32MP257FAI3, STM32MP257FAK3, STM32MP257FAL3, STM32N645A0H3Q, STM32N645B0H3Q, STM32N645I0H3Q, STM32N645L0H3Q, STM32N645X0H3Q, STM32N645Z0H3Q, STM32N647A0H3Q, STM32N647B0H3Q, STM32N647I0H3Q, STM32N647L0H3Q, STM32N647X0H3Q, STM32N647Z0H3Q, STM32N655A0H3Q, STM32N655B0H3Q, STM32N655I0H3Q, STM32N655L0H3Q, STM32N655X0H3Q, STM32N655Z0H3Q, STM32N6570-DK, STM32N657A0H3Q, STM32N657B0H3Q, STM32N657I0H3Q, STM32N657L0H3Q, STM32N657X0H3Q, STM32N657Z0H3Q, STM32U031C6T6, STM32U031C6U6, STM32U031C8T6, STM32U031C8U6, STM32U031F4P6, STM32U031F6P6, STM32U031F8P6, STM32U031G6Y6TR, STM32U031G8Y6TR, STM32U031K4U6, STM32U031K6U6, STM32U031K8U6, STM32U031R6I6, STM32U031R6T6, STM32U031R8I6, STM32U031R8T6, STM32U073C8T6, STM32U073C8U6, STM32U073CBT6, STM32U073CBU6, STM32U073CCT6, STM32U073CCU6, STM32U073H8Y6TR, STM32U073HBY6TR, STM32U073HCY6TR, STM32U073K8U6, STM32U073KBU6, STM32U073KCU6, STM32U073M8I6, STM32U073M8T6, STM32U073MBI6, STM32U073MBT6, STM32U073MCI6, STM32U073MCT6, STM32U073R8I6, STM32U073R8T6, STM32U073RBI6, STM32U073RBT6, STM32U073RCI6, STM32U073RCT6, STM32U083C-DK, STM32U083CCT6, STM32U083CCU6, STM32U083HCY6TR, STM32U083KCU6, STM32U083MCI6, STM32U083MCT6, STM32U083RCI6, STM32U083RCT6, STM32U375CET6, STM32U375CET6Q, STM32U375CEU6, STM32U375CEU6Q, STM32U375CEY6QTR, STM32U375CGT6, STM32U375CGT6Q, STM32U375CGU6, STM32U375CGU6Q, STM32U375CGY6QTR, STM32U375KEU6, STM32U375KGU6, STM32U375REI6, STM32U375REI6Q, STM32U375RET6, STM32U375RET6Q, STM32U375REY6GTR, STM32U375REY6QTR, STM32U375RGI6, STM32U375RGI6Q, STM32U375RGT6, STM32U375RGT6Q, STM32U375RGY6GTR, STM32U375RGY6QTR, STM32U375VEI6, STM32U375VEI6Q, STM32U375VET6, STM32U375VET6Q, STM32U375VGI6, STM32U375VGI6Q, STM32U375VGT6, STM32U375VGT6Q, STM32U385CGT6, STM32U385CGT6Q, STM32U385CGU6, STM32U385CGU6Q, STM32U385CGY6QTR, STM32U385KGU6, STM32U385RGI6, STM32U385RGI6Q, STM32U385RGT6, STM32U385RGT6Q, STM32U385RGY6GTR, STM32U385RGY6QTR, STM32U385VGI6, STM32U385VGI6Q, STM32U385VGT6, STM32U385VGT6Q, STM32U535CBT6, STM32U535CBT6Q, STM32U535CBU6, STM32U535CBU6Q, STM32U535CCT6, STM32U535CCT6Q, STM32U535CCU6, STM32U535CCU6Q, STM32U535CET6, STM32U535CET6Q, STM32U535CEU6, STM32U535CEU6Q, STM32U535JEY6QTR, STM32U535NCY6QTR, STM32U535NEY6QTR, STM32U535RBI6, STM32U535RBI6Q, STM32U535RBT6, STM32U535RBT6Q, STM32U535RCI6, STM32U535RCI6Q, STM32U535RCT6, STM32U535RCT6Q, STM32U535REI6, STM32U535REI6Q, STM32U535RET6, STM32U535RET6Q, STM32U535VCI6, STM32U535VCI6Q, STM32U535VCT6, STM32U535VCT6Q, STM32U535VEI6, STM32U535VEI6Q, STM32U535VET6, STM32U535VET6Q, STM32U545CET6, STM32U545CET6Q, STM32U545CEU6, STM32U545CEU6Q, STM32U545JEY6QTR, STM32U545NEY6QTR, STM32U545REI6, STM32U545REI6Q, STM32U545RET6, STM32U545RET6Q, STM32U545VEI6, STM32U545VEI6Q, STM32U545VET6, STM32U545VET6Q, STM32U595AIH6, STM32U595AIH6Q, STM32U595AJH6, STM32U595AJH6Q, STM32U595QII6, STM32U595QII6Q, STM32U595QJI6, STM32U595QJI6Q, STM32U595RIT6, STM32U595RIT6Q, STM32U595RJT6, STM32U595RJT6Q, STM32U595VIT6, STM32U595VIT6Q, STM32U595VJT6, STM32U595VJT6Q, STM32U595ZIT6, STM32U595ZIT6Q, STM32U595ZIY6QTR, STM32U595ZJT6, STM32U595ZJT6Q, STM32U595ZJY6QTR, STM32U599BJY6QTR, STM32U599NIH6Q, STM32U599NJH6Q, STM32U599VIT6Q, STM32U599VJT6, STM32U599VJT6Q, STM32U599ZIT6Q, STM32U599ZIY6QTR, STM32U599ZJT6Q, STM32U599ZJY6QTR, STM32U5A5AJH6, STM32U5A5AJH6Q, STM32U5A5QII3Q , STM32U5A5QJI6, STM32U5A5QJI6Q, STM32U5A5RJT6, STM32U5A5RJT6Q, STM32U5A5VJT6, STM32U5A5VJT6Q, STM32U5A5ZJT6, STM32U5A5ZJT6Q, STM32U5A5ZJY6QTR, STM32U5A9BJY6QTR, STM32U5A9J-DK, STM32U5A9NJH6Q, STM32U5A9VJT6Q, STM32U5A9ZJT6Q, STM32U5A9ZJY6QTR, STM32U5F7VIT6, STM32U5F7VIT6Q, STM32U5F7VJT6, STM32U5F7VJT6Q, STM32U5F9BJY6QTR, STM32U5F9NJH6Q, STM32U5F9VIT6Q, STM32U5F9VJT6Q, STM32U5F9ZIJ6QTR, STM32U5F9ZIT6Q, STM32U5F9ZJJ6QTR, STM32U5F9ZJT6Q, STM32U5G7VJT6, STM32U5G7VJT6Q, STM32U5G9BJY6QTR, STM32U5G9J-DK1, STM32U5G9J-DK2, STM32U5G9NJH6Q, STM32U5G9VJT6Q, STM32U5G9ZJJ6QTR, STM32U5G9ZJT6Q, STM32WB05KZV6TR, STM32WB05KZV7TR, STM32WB05TZF6TR, STM32WB05TZF7TR, STM32WB06CCF6TR, STM32WB06CCF7TR, STM32WB06CCV6TR, STM32WB06CCV7TR, STM32WB06KCV6TR, STM32WB06KCV7TR, STM32WB07CCF6TR, STM32WB07CCF7TR, STM32WB07CCV6TR, STM32WB07CCV7TR, STM32WB07KCV6TR, STM32WB07KCV7TR, STM32WB09KEV6TR, STM32WB09KEV7TR, STM32WB09TEF6TR, STM32WB09TEF7TR, STM32WB1MMCH6, STM32WBA50KGU6, STM32WBA50KGU6TR, STM32WBA52CEU6, STM32WBA52CEU6TR, STM32WBA52CEU7, STM32WBA52CEU7TR, STM32WBA52CGU6, STM32WBA52CGU6TR, STM32WBA52CGU6U, STM32WBA52CGU7, STM32WBA52CGU7TR, STM32WBA52KEU6, STM32WBA52KEU6TR, STM32WBA52KGU6, STM32WBA52KGU6TR, STM32WBA54CEU6, STM32WBA54CEU6TR, STM32WBA54CEU7, STM32WBA54CEU7TR, STM32WBA54CGU6, STM32WBA54CGU6TR, STM32WBA54CGU7, STM32WBA54CGU7TR, STM32WBA54KEU6, STM32WBA54KEU6TR, STM32WBA54KEU7, STM32WBA54KEU7TR, STM32WBA54KGU6, STM32WBA54KGU6TR, STM32WBA54KGU7, STM32WBA54KGU7TR, STM32WBA55CEU6, STM32WBA55CEU6TR, STM32WBA55CEU7, STM32WBA55CEU7TR, STM32WBA55CGU6, STM32WBA55CGU6TR, STM32WBA55CGU6U, STM32WBA55CGU7, STM32WBA55CGU7TR, STM32WBA55G-DK1, STM32WBA55HEF6, STM32WBA55HEF7, STM32WBA55HGF6, STM32WBA55HGF7, STM32WBA55UEI6, STM32WBA55UEI6TR, STM32WBA55UEI7, STM32WBA55UEI7TR, STM32WBA55UGI6, STM32WBA55UGI6TR, STM32WBA55UGI7, STM32WBA55UGI7TR, STM32WBA5MMGH6TR, STM32WBA62MGF6, STM32WBA62MIF6, STM32WBA65MGF7, STM32WBA65MIF6, STM32WBA65MIF7, STM32WL30K8V6, STM32WL30KBV6, STM32WL31C8V6, STM32WL31CBV6, STM32WL31K8V6, STM32WL31KBV6, STM32WL33C8V6, STM32WL33C8V6X, STM32WL33CBV6, STM32WL33CBV6X, STM32WL33CCV6, STM32WL33CCV6A, STM32WL33CCV6X, STM32WL33K8V7, STM32WL33K8V7X, STM32WL33KBV7 , STM32WL33KBV7X, STM32WL33KCV7, STM32WL33KCV7X, STM32WL5MOCH6, STM32WL5MOCH6TR]
2025-11-07 12:30:04,871 [INFO] BoardInfo:889 - No configuration file found for board P-NUCLEO-WB55
2025-11-07 12:30:04,872 [INFO] DbBoards:161 - Kit is not supported: P-NUCLEO-WB55
2025-11-07 12:30:04,881 [INFO] BoardInfo:889 - No configuration file found for board STEVAL-BFA001V1B
2025-11-07 12:30:04,882 [INFO] DbBoards:161 - Kit is not supported: STEVAL-BFA001V1B
2025-11-07 12:30:04,884 [INFO] BoardInfo:889 - No configuration file found for board STEVAL-BFA001V2B
2025-11-07 12:30:04,885 [INFO] DbBoards:161 - Kit is not supported: STEVAL-BFA001V2B
2025-11-07 12:30:05,154 [INFO] DbBoards:168 - Found 212 boards, 209 are supported
2025-11-07 12:30:05,154 [INFO] DbBoards:169 - Found 212 boards, 43 of them is supported for  Bsp
2025-11-07 12:30:05,158 [INFO] ApiDb:668 - CubeFinder database Data Model version=2.1
2025-11-07 12:30:05,158 [INFO] ApiDb:669 - CubeFinder database Configuration version=3.0.39
2025-11-07 12:30:05,158 [INFO] ApiDb:670 - CubeFinder database generation date=2025-10-27 (1761571959)
2025-11-07 12:30:05,158 [INFO] ApiDb:671 - CubeFinder database FW Pack versions=[FP-ATR-ASTRA1_V2.0.0, FP-SNS-FLIGHT1_V5.1.0, FP-SNS-MOTENV1_V5.0.0, FP-SNS-MOTENVWB1_V1.4.0, FP-SNS-SMARTAG2_V1.2.0, FP-SNS-STBOX1_V2.1.0, STM32Cube_FW_C0_V1.4.0, STM32Cube_FW_F4_V1.28.3, STM32Cube_FW_F7_V1.17.4, STM32Cube_FW_G0_V1.6.2, STM32Cube_FW_G4_V1.6.1, STM32Cube_FW_H5_V1.5.0, STM32Cube_FW_H7RS_V1.2.0, STM32Cube_FW_H7_V1.12.1, STM32Cube_FW_L0_V1.12.2, STM32Cube_FW_L4_V1.18.1, STM32Cube_FW_L5_V1.5.1, STM32Cube_FW_N6_V1.2.0, STM32Cube_FW_U0_V1.3.0, STM32Cube_FW_U3_V1.2.1, STM32Cube_FW_U5_V1.8.0, STM32Cube_FW_WB0_V1.3.0, STM32Cube_FW_WBA_V1.7.0, STM32Cube_FW_WB_V1.23.0, STM32Cube_FW_WL3_V1.2.0, STM32Cube_FW_WL_V1.3.1, X-CUBE-ALGOBUILD_V1.4.0, X-CUBE-ALS_V1.0.2, X-CUBE-AZRTOS-F4_V1.1.0, X-CUBE-AZRTOS-F7_V1.1.0, X-CUBE-AZRTOS-G0_V1.1.0, X-CUBE-AZRTOS-G4_V2.0.0, X-CUBE-AZRTOS-H7RS_V1.1.0, X-CUBE-AZRTOS-H7_V3.4.0, X-CUBE-AZRTOS-L4_V2.0.0, X-CUBE-AZRTOS-L5_V2.0.0, X-CUBE-AZRTOS-WB_V2.0.0, X-CUBE-AZRTOS-WL_V2.0.0, X-CUBE-BLE1_V7.1.0, X-CUBE-BLE2_V3.3.0, X-CUBE-BLEMGR_V4.1.0, X-CUBE-EEPRMA1_V5.2.0, X-CUBE-FREERTOS_V1.3.1, X-CUBE-GNSS1_V6.0.0, X-CUBE-MEMS1_V11.3.0, X-CUBE-NFC4_V3.0.0, X-CUBE-NFC7_V2.0.0, X-CUBE-SFXS2LP1_V4.0.0, X-CUBE-ST67W61_V1.1.0, X-CUBE-SUBG2_V5.0.0, X-CUBE-TOF1_V3.4.3]
2025-11-07 12:30:07,053 [INFO] ApiDb:240 - Found 880 in-development CPN: [B-G473E-ZEST1S, B-WB1M-WPAN1, B-WBA5M-WPAN, B-WL5M-SUBG1, NUCLEO-C031C6, NUCLEO-C051C8, NUCLEO-C071RB, NUCLEO-C092RC, NUCLEO-H503RB, NUCLEO-H533RE, NUCLEO-H563ZI, NUCLEO-H7S3L8, NUCLEO-N657X0-Q, NUCLEO-U031R8, NUCLEO-U083RC, NUCLEO-U385RG-Q, NUCLEO-U545RE-Q, NUCLEO-U5A5ZJ-Q, NUCLEO-WB05KZ, NUCLEO-WB07CC, NUCLEO-WB09KE, NUCLEO-WBA52CG, NUCLEO-WBA55CG, NUCLEO-WL33CC1, NUCLEO-WL33CC2, STEVAL-PROTEUS1, STEVAL-SMARTAG2, STEVAL-STWINBX1, STM320518-EVAL, STM32C0116-DK, STM32C011D6Y3TR, STM32C011D6Y6TR, STM32C011F4P3, STM32C011F4P6, STM32C011F4U3, STM32C011F4U6TR, STM32C011F6P3, STM32C011F6P6, STM32C011F6U3, STM32C011F6U6TR, STM32C011J4M3, STM32C011J4M6, STM32C011J6M3, STM32C011J6M6, STM32C0316-DK, STM32C031C4T3, STM32C031C4T6, STM32C031C4U3, STM32C031C4U6, STM32C031C6T3, STM32C031C6T6, STM32C031C6U3, STM32C031C6U6, STM32C031F4P3, STM32C031F4P6, STM32C031F6P3, STM32C031F6P6, STM32C031G4U3, STM32C031G4U6, STM32C031G6U3, STM32C031G6U6, STM32C031K4T3, STM32C031K4T6, STM32C031K4U3, STM32C031K4U6, STM32C031K6T3, STM32C031K6T6, STM32C031K6U3, STM32C031K6U6, STM32C051C6T6, STM32C051C6U6, STM32C051C8T6, STM32C051C8U6, STM32C051D8Y6TR, STM32C051F6P6, STM32C051F8P6, STM32C051G6U6, STM32C051G8U6, STM32C051K6T6, STM32C051K6U6, STM32C051K8T6, STM32C071C8T6, STM32C071C8T6N, STM32C071C8U6, STM32C071C8U6N, STM32C071CBT6, STM32C071CBT6N, STM32C071CBU6, STM32C071CBU6N, STM32C071F8P6, STM32C071F8P6N, STM32C071FBP6, STM32C071FBP6N, STM32C071FBY6TR, STM32C071G8U6, STM32C071G8U6N, STM32C071GBU6, STM32C071GBU6N, STM32C071K8T6, STM32C071K8T6N, STM32C071K8U6, STM32C071K8U6N, STM32C071KBT6, STM32C071KBT6N, STM32C071KBU6, STM32C071KBU6N, STM32C071R8T6, STM32C071R8T6N, STM32C071RBI6N, STM32C071RBT6, STM32C071RBT6N, STM32C091CBT6, STM32C091CBU6, STM32C091CCT6, STM32C091CCU6, STM32C091ECY6TR, STM32C091FBP6, STM32C091FCP6, STM32C091GBU6, STM32C091GCU6, STM32C091KBT6, STM32C091KBU6, STM32C091KCT6, STM32C091KCU6, STM32C091RBT6, STM32C091RCI6, STM32C091RCT6, STM32C092CBT6, STM32C092CBU6, STM32C092CCT6, STM32C092CCU6, STM32C092ECY6TR, STM32C092FBP6, STM32C092FCP6, STM32C092GBU6, STM32C092GCU6, STM32C092KBT6, STM32C092KBU6, STM32C092KCT6, STM32C092KCU6, STM32C092RBT6, STM32C092RCI6, STM32C092RCT6, STM32G071K8TXN, STM32G071K8UXN, STM32G081GBU6N, STM32G081KBT6N, STM32G081KBUXN, STM32G0B1CCT6N, STM32G0B1KCT6, STM32G0B1NEY6TR, STM32G0B1RCT6N, STM32G0C1CCT6, STM32G0C1CCT6N, STM32G0C1CCU6N, STM32G0C1CET6N, STM32G0C1CEU6N, STM32G0C1KCT6, STM32G0C1NEY6TR, STM32G0C1RCI6N, STM32G0C1RCT6N, STM32G0C1REI6N, STM32G0C1RET6N, STM32G0C1VCI6, STM32G0C1VEI6, STM32G411C6T3, STM32G411C6T6, STM32G411C6U3, STM32G411C6U6, STM32G411C8T3, STM32G411C8T6, STM32G411C8U3, STM32G411C8U6, STM32G411CBT3, STM32G411CBT6, STM32G411CBU3, STM32G411CBU6, STM32G411K6T3, STM32G411K6T6, STM32G411K6U3, STM32G411K6U6, STM32G411K8T3, STM32G411K8T6, STM32G411K8U3, STM32G411K8U6, STM32G411KBT3, STM32G411KBT6, STM32G411KBU3, STM32G411KBU6, STM32G411M6T3, STM32G411M6T6, STM32G411M8T3, STM32G411M8T6, STM32G411MBT3, STM32G411MBT6, STM32G411R6T3, STM32G411R6T6, STM32G411R8T3, STM32G411R8T6, STM32G411RBT3, STM32G411RBT6, STM32G414CBT3, STM32G414CBT6, STM32G414CBU3, STM32G414CBU6, STM32G414CCT3, STM32G414CCT6, STM32G414CCU3, STM32G414CCU6, STM32G414MBT3, STM32G414MBT6, STM32G414MCT3, STM32G414MCT6, STM32G414RBT3, STM32G414RBT6, STM32G414RCT3, STM32G414RCT6, STM32G414VBT3, STM32G414VBT6, STM32G414VCT3, STM32G414VCT6, STM32G431CBT3Z, STM32G431RBT3Z, STM32G471CCT6, STM32G471CCU6, STM32G471CET3, STM32G471CET6, STM32G471CEU3, STM32G471CEU6, STM32G471MCT6, STM32G471MET3, STM32G471MET6, STM32G471MEY6TR, STM32G471QCT6, STM32G471QET3, STM32G471RCT6, STM32G471RET3, STM32G471RET6, STM32G471VCH6, STM32G471VCI6, STM32G471VCT6, STM32G471VEH3, STM32G471VEH6, STM32G471VEI3, STM32G471VEI6, STM32G471VET3, STM32G471VET6, STM32G473QET3Z, STM32G473RET3Z, STM32G474CCT6, STM32G491RET3Z, STM32H503CBT6, STM32H503CBU6, STM32H503EBY6TR, STM32H503KBU6, STM32H503RBT6, STM32H523CCT6, STM32H523CCU6, STM32H523CET6, STM32H523CEU6, STM32H523HEY6TR, STM32H523RCT6, STM32H523RET6, STM32H523VCI6, STM32H523VCT6, STM32H523VEI6, STM32H523VET6, STM32H523ZCJ6, STM32H523ZCT6, STM32H523ZEJ6, STM32H523ZET6, STM32H533CET6, STM32H533CEU6, STM32H533HEY6TR, STM32H533RET6, STM32H533VEI6, STM32H533VET6, STM32H533ZEJ6, STM32H533ZET6, STM32H562AGI6, STM32H562AII6, STM32H562IGK6, STM32H562IGT6, STM32H562IIK6, STM32H562IIT6, STM32H562RGT6, STM32H562RGV6, STM32H562RIT6, STM32H562RIV6, STM32H562VGT6, STM32H562VIT6, STM32H562ZGT6, STM32H562ZIT6, STM32H563AGI6, STM32H563AII3Q, STM32H563AII6, STM32H563IGK6, STM32H563IGT6, STM32H563IIK3Q, STM32H563IIK6, STM32H563IIT3Q, STM32H563IIT6, STM32H563MIY3QTR, STM32H563RGT6, STM32H563RGV6, STM32H563RIT6, STM32H563RIV6, STM32H563VGT6, STM32H563VIT3Q, STM32H563VIT6, STM32H563ZGT6, STM32H563ZIT3Q, STM32H563ZIT6, STM32H573AII3Q, STM32H573AII6, STM32H573I-DK, STM32H573IIK3Q, STM32H573IIK6, STM32H573IIT3Q, STM32H573IIT6, STM32H573MIY3QTR, STM32H573RIT6, STM32H573RIV6, STM32H573VIT3Q, STM32H573VIT6, STM32H573ZIT3Q, STM32H573ZIT6, STM32H7R3A8I6, STM32H7R3I8K6, STM32H7R3I8T6, STM32H7R3L8H6, STM32H7R3L8H6H, STM32H7R3R8V6, STM32H7R3V8H6, STM32H7R3V8T6, STM32H7R3V8Y6TR, STM32H7R3Z8J6, STM32H7R3Z8T6, STM32H7R7A8I6, STM32H7R7I8K6, STM32H7R7I8T6, STM32H7R7L8H6, STM32H7R7L8H6H, STM32H7R7Z8J6, STM32H7S3A8I6, STM32H7S3I8K6, STM32H7S3I8T6, STM32H7S3L8H6, STM32H7S3L8H6H, STM32H7S3R8V6, STM32H7S3V8H6, STM32H7S3V8T6, STM32H7S3V8Y6TR, STM32H7S3Z8J6, STM32H7S3Z8T6, STM32H7S78-DK, STM32H7S7A8I6, STM32H7S7I8K6, STM32H7S7I8T6, STM32H7S7L8H6, STM32H7S7L8H6H, STM32H7S7Z8J6, STM32L4R5QGI6STR, STM32MP131AAE3, STM32MP131AAF3, STM32MP131AAG3, STM32MP131CAE3, STM32MP131CAF3, STM32MP131CAG3, STM32MP131DAE7, STM32MP131DAF7, STM32MP131DAG7, STM32MP131FAE7, STM32MP131FAF7, STM32MP131FAG7, STM32MP133AAE3, STM32MP133AAF3, STM32MP133AAG3, STM32MP133CAE3, STM32MP133CAF3, STM32MP133CAG3, STM32MP133DAE7, STM32MP133DAF7, STM32MP133DAG7, STM32MP133FAE7, STM32MP133FAF7, STM32MP133FAG7, STM32MP135AAE3, STM32MP135AAF3, STM32MP135AAG3, STM32MP135CAE3, STM32MP135CAF3, STM32MP135CAG3, STM32MP135DAE7, STM32MP135DAF7, STM32MP135DAG7, STM32MP135F-DK, STM32MP135FAE7, STM32MP135FAF7, STM32MP135FAF7T, STM32MP135FAF7U, STM32MP135FAG7, STM32MP211AAL3, STM32MP211AAM3, STM32MP211AAN3, STM32MP211AAO3, STM32MP211CAL3, STM32MP211CAM3, STM32MP211CAN3, STM32MP211CAO3, STM32MP211DAL3, STM32MP211DAM3, STM32MP211DAN3, STM32MP211DAO3, STM32MP211FAL3, STM32MP211FAM3, STM32MP211FAN3, STM32MP211FAO3, STM32MP213AAL3, STM32MP213AAM3, STM32MP213AAN3, STM32MP213AAO3, STM32MP213CAL3, STM32MP213CAM3, STM32MP213CAN3, STM32MP213CAO3, STM32MP213DAL3, STM32MP213DAM3, STM32MP213DAN3, STM32MP213DAO3, STM32MP213FAL3, STM32MP213FAM3, STM32MP213FAN3, STM32MP213FAO3, STM32MP215AAL3, STM32MP215AAM3, STM32MP215AAN3, STM32MP215AAO3, STM32MP215CAL3, STM32MP215CAM3, STM32MP215CAN3, STM32MP215CAO3, STM32MP215DAL3, STM32MP215DAM3, STM32MP215DAN3, STM32MP215DAO3, STM32MP215F-DK, STM32MP215FAL3, STM32MP215FAM3, STM32MP215FAN3, STM32MP215FAO3, STM32MP231AAJ3, STM32MP231AAK3, STM32MP231AAL3, STM32MP231CAJ3, STM32MP231CAK3, STM32MP231CAL3, STM32MP231DAJ3, STM32MP231DAK3, STM32MP231DAL3, STM32MP231FAJ3, STM32MP231FAK3, STM32MP231FAL3, STM32MP233AAJ3, STM32MP233AAK3, STM32MP233AAL3, STM32MP233CAJ3, STM32MP233CAK3, STM32MP233CAL3, STM32MP233DAJ3, STM32MP233DAK3, STM32MP233DAL3, STM32MP233FAJ3, STM32MP233FAK3, STM32MP233FAL3, STM32MP235AAJ3, STM32MP235AAK3, STM32MP235AAL3, STM32MP235CAJ3, STM32MP235CAK3, STM32MP235CAL3, STM32MP235DAJ3, STM32MP235DAK3, STM32MP235DAL3, STM32MP235FAJ3, STM32MP235FAK3, STM32MP235FAL3, STM32MP251AAI3, STM32MP251AAK3, STM32MP251AAL3, STM32MP251CAI3, STM32MP251CAK3, STM32MP251CAL3, STM32MP251DAI3, STM32MP251DAK3, STM32MP251DAL3, STM32MP251FAI3, STM32MP251FAK3, STM32MP251FAL3, STM32MP253AAI3, STM32MP253AAK3, STM32MP253AAL3, STM32MP253CAI3, STM32MP253CAK3, STM32MP253CAL3, STM32MP253DAI3, STM32MP253DAK3, STM32MP253DAL3, STM32MP253FAI3, STM32MP253FAK3, STM32MP253FAL3, STM32MP255AAI3, STM32MP255AAK3, STM32MP255AAL3, STM32MP255CAI3, STM32MP255CAK3, STM32MP255CAL3, STM32MP255DAI3, STM32MP255DAK3, STM32MP255DAL3, STM32MP255FAI3, STM32MP255FAK3, STM32MP255FAL3, STM32MP257AAI3, STM32MP257AAK3, STM32MP257AAL3, STM32MP257CAI3, STM32MP257CAK3, STM32MP257CAL3, STM32MP257DAI3, STM32MP257DAK3, STM32MP257DAL3, STM32MP257F-DK, STM32MP257F-EV1, STM32MP257FAI3, STM32MP257FAK3, STM32MP257FAL3, STM32N645A0H3Q, STM32N645B0H3Q, STM32N645I0H3Q, STM32N645L0H3Q, STM32N645X0H3Q, STM32N645Z0H3Q, STM32N647A0H3Q, STM32N647B0H3Q, STM32N647I0H3Q, STM32N647L0H3Q, STM32N647X0H3Q, STM32N647Z0H3Q, STM32N655A0H3Q, STM32N655B0H3Q, STM32N655I0H3Q, STM32N655L0H3Q, STM32N655X0H3Q, STM32N655Z0H3Q, STM32N6570-DK, STM32N657A0H3Q, STM32N657B0H3Q, STM32N657I0H3Q, STM32N657L0H3Q, STM32N657X0H3Q, STM32N657Z0H3Q, STM32U031C6T6, STM32U031C6U6, STM32U031C8T6, STM32U031C8U6, STM32U031F4P6, STM32U031F6P6, STM32U031F8P6, STM32U031G6Y6TR, STM32U031G8Y6TR, STM32U031K4U6, STM32U031K6U6, STM32U031K8U6, STM32U031R6I6, STM32U031R6T6, STM32U031R8I6, STM32U031R8T6, STM32U073C8T6, STM32U073C8U6, STM32U073CBT6, STM32U073CBU6, STM32U073CCT6, STM32U073CCU6, STM32U073H8Y6TR, STM32U073HBY6TR, STM32U073HCY6TR, STM32U073K8U6, STM32U073KBU6, STM32U073KCU6, STM32U073M8I6, STM32U073M8T6, STM32U073MBI6, STM32U073MBT6, STM32U073MCI6, STM32U073MCT6, STM32U073R8I6, STM32U073R8T6, STM32U073RBI6, STM32U073RBT6, STM32U073RCI6, STM32U073RCT6, STM32U083C-DK, STM32U083CCT6, STM32U083CCU6, STM32U083HCY6TR, STM32U083KCU6, STM32U083MCI6, STM32U083MCT6, STM32U083RCI6, STM32U083RCT6, STM32U375CET6, STM32U375CET6Q, STM32U375CEU6, STM32U375CEU6Q, STM32U375CEY6QTR, STM32U375CGT6, STM32U375CGT6Q, STM32U375CGU6, STM32U375CGU6Q, STM32U375CGY6QTR, STM32U375KEU6, STM32U375KGU6, STM32U375REI6, STM32U375REI6Q, STM32U375RET6, STM32U375RET6Q, STM32U375REY6GTR, STM32U375REY6QTR, STM32U375RGI6, STM32U375RGI6Q, STM32U375RGT6, STM32U375RGT6Q, STM32U375RGY6GTR, STM32U375RGY6QTR, STM32U375VEI6, STM32U375VEI6Q, STM32U375VET6, STM32U375VET6Q, STM32U375VGI6, STM32U375VGI6Q, STM32U375VGT6, STM32U375VGT6Q, STM32U385CGT6, STM32U385CGT6Q, STM32U385CGU6, STM32U385CGU6Q, STM32U385CGY6QTR, STM32U385KGU6, STM32U385RGI6, STM32U385RGI6Q, STM32U385RGT6, STM32U385RGT6Q, STM32U385RGY6GTR, STM32U385RGY6QTR, STM32U385VGI6, STM32U385VGI6Q, STM32U385VGT6, STM32U385VGT6Q, STM32U535CBT6, STM32U535CBT6Q, STM32U535CBU6, STM32U535CBU6Q, STM32U535CCT6, STM32U535CCT6Q, STM32U535CCU6, STM32U535CCU6Q, STM32U535CET6, STM32U535CET6Q, STM32U535CEU6, STM32U535CEU6Q, STM32U535JEY6QTR, STM32U535NCY6QTR, STM32U535NEY6QTR, STM32U535RBI6, STM32U535RBI6Q, STM32U535RBT6, STM32U535RBT6Q, STM32U535RCI6, STM32U535RCI6Q, STM32U535RCT6, STM32U535RCT6Q, STM32U535REI6, STM32U535REI6Q, STM32U535RET6, STM32U535RET6Q, STM32U535VCI6, STM32U535VCI6Q, STM32U535VCT6, STM32U535VCT6Q, STM32U535VEI6, STM32U535VEI6Q, STM32U535VET6, STM32U535VET6Q, STM32U545CET6, STM32U545CET6Q, STM32U545CEU6, STM32U545CEU6Q, STM32U545JEY6QTR, STM32U545NEY6QTR, STM32U545REI6, STM32U545REI6Q, STM32U545RET6, STM32U545RET6Q, STM32U545VEI6, STM32U545VEI6Q, STM32U545VET6, STM32U545VET6Q, STM32U595AIH6, STM32U595AIH6Q, STM32U595AJH6, STM32U595AJH6Q, STM32U595QII6, STM32U595QII6Q, STM32U595QJI6, STM32U595QJI6Q, STM32U595RIT6, STM32U595RIT6Q, STM32U595RJT6, STM32U595RJT6Q, STM32U595VIT6, STM32U595VIT6Q, STM32U595VJT6, STM32U595VJT6Q, STM32U595ZIT6, STM32U595ZIT6Q, STM32U595ZIY6QTR, STM32U595ZJT6, STM32U595ZJT6Q, STM32U595ZJY6QTR, STM32U599BJY6QTR, STM32U599NIH6Q, STM32U599NJH6Q, STM32U599VIT6Q, STM32U599VJT6, STM32U599VJT6Q, STM32U599ZIT6Q, STM32U599ZIY6QTR, STM32U599ZJT6Q, STM32U599ZJY6QTR, STM32U5A5AJH6, STM32U5A5AJH6Q, STM32U5A5QII3Q , STM32U5A5QJI6, STM32U5A5QJI6Q, STM32U5A5RJT6, STM32U5A5RJT6Q, STM32U5A5VJT6, STM32U5A5VJT6Q, STM32U5A5ZJT6, STM32U5A5ZJT6Q, STM32U5A5ZJY6QTR, STM32U5A9BJY6QTR, STM32U5A9J-DK, STM32U5A9NJH6Q, STM32U5A9VJT6Q, STM32U5A9ZJT6Q, STM32U5A9ZJY6QTR, STM32U5F7VIT6, STM32U5F7VIT6Q, STM32U5F7VJT6, STM32U5F7VJT6Q, STM32U5F9BJY6QTR, STM32U5F9NJH6Q, STM32U5F9VIT6Q, STM32U5F9VJT6Q, STM32U5F9ZIJ6QTR, STM32U5F9ZIT6Q, STM32U5F9ZJJ6QTR, STM32U5F9ZJT6Q, STM32U5G7VJT6, STM32U5G7VJT6Q, STM32U5G9BJY6QTR, STM32U5G9J-DK1, STM32U5G9J-DK2, STM32U5G9NJH6Q, STM32U5G9VJT6Q, STM32U5G9ZJJ6QTR, STM32U5G9ZJT6Q, STM32WB05KZV6TR, STM32WB05KZV7TR, STM32WB05TZF6TR, STM32WB05TZF7TR, STM32WB06CCF6TR, STM32WB06CCF7TR, STM32WB06CCV6TR, STM32WB06CCV7TR, STM32WB06KCV6TR, STM32WB06KCV7TR, STM32WB07CCF6TR, STM32WB07CCF7TR, STM32WB07CCV6TR, STM32WB07CCV7TR, STM32WB07KCV6TR, STM32WB07KCV7TR, STM32WB09KEV6TR, STM32WB09KEV7TR, STM32WB09TEF6TR, STM32WB09TEF7TR, STM32WB1MMCH6, STM32WBA50KGU6, STM32WBA50KGU6TR, STM32WBA52CEU6, STM32WBA52CEU6TR, STM32WBA52CEU7, STM32WBA52CEU7TR, STM32WBA52CGU6, STM32WBA52CGU6TR, STM32WBA52CGU6U, STM32WBA52CGU7, STM32WBA52CGU7TR, STM32WBA52KEU6, STM32WBA52KEU6TR, STM32WBA52KGU6, STM32WBA52KGU6TR, STM32WBA54CEU6, STM32WBA54CEU6TR, STM32WBA54CEU7, STM32WBA54CEU7TR, STM32WBA54CGU6, STM32WBA54CGU6TR, STM32WBA54CGU7, STM32WBA54CGU7TR, STM32WBA54KEU6, STM32WBA54KEU6TR, STM32WBA54KEU7, STM32WBA54KEU7TR, STM32WBA54KGU6, STM32WBA54KGU6TR, STM32WBA54KGU7, STM32WBA54KGU7TR, STM32WBA55CEU6, STM32WBA55CEU6TR, STM32WBA55CEU7, STM32WBA55CEU7TR, STM32WBA55CGU6, STM32WBA55CGU6TR, STM32WBA55CGU6U, STM32WBA55CGU7, STM32WBA55CGU7TR, STM32WBA55G-DK1, STM32WBA55HEF6, STM32WBA55HEF7, STM32WBA55HGF6, STM32WBA55HGF7, STM32WBA55UEI6, STM32WBA55UEI6TR, STM32WBA55UEI7, STM32WBA55UEI7TR, STM32WBA55UGI6, STM32WBA55UGI6TR, STM32WBA55UGI7, STM32WBA55UGI7TR, STM32WBA5MMGH6TR, STM32WBA62MGF6, STM32WBA62MIF6, STM32WBA65MGF7, STM32WBA65MIF6, STM32WBA65MIF7, STM32WL30K8V6, STM32WL30KBV6, STM32WL31C8V6, STM32WL31CBV6, STM32WL31K8V6, STM32WL31KBV6, STM32WL33C8V6, STM32WL33C8V6X, STM32WL33CBV6, STM32WL33CBV6X, STM32WL33CCV6, STM32WL33CCV6A, STM32WL33CCV6X, STM32WL33K8V7, STM32WL33K8V7X, STM32WL33KBV7 , STM32WL33KBV7X, STM32WL33KCV7, STM32WL33KCV7X, STM32WL5MOCH6, STM32WL5MOCH6TR]
2025-11-07 12:30:07,057 [INFO] DbMcus:218 - Found 4801 MCUs, 4801 are supported
2025-11-07 12:30:07,058 [INFO] ApiDb:423 - Load user favorites file C:\Users\USER/.stm32cubeide/favorites.mcus.txt: 0 item(s)
2025-11-07 12:30:07,058 [INFO] ApiDb:427 - User favorites MCUs=[]
2025-11-07 12:30:07,058 [INFO] DbMcus:224 - Set 0 / 0 favorites MCUs
2025-11-07 12:30:07,340 [INFO] ApiDb:423 - Load user favorites file C:\Users\USER/.stm32cubeide/favorites.boards.txt: 0 item(s)
2025-11-07 12:30:07,340 [INFO] ApiDb:427 - User favorites Boards=[]
2025-11-07 12:30:07,340 [INFO] DbBoards:198 - Set 0 / 0 favorites Boards
2025-11-07 12:30:07,399 [INFO] UtilMem:75 - End LoadConfig() Used Memory: 416607440 Bytes (618659840)
2025-11-07 12:30:07,524 [WARN] ThirdParty:833 - waiting for thirdparty lock release [change project]
2025-11-07 12:30:07,524 [INFO] ThirdParty:835 - entering critical section [change project]
2025-11-07 12:30:07,524 [INFO] ThirdParty:1030 - CMSIS Pack Vendor :STMicroelectronics X-CUBE-PM33A1 1.0.0
2025-11-07 12:30:07,524 [INFO] ThirdParty:1030 - CMSIS Pack Vendor :STMicroelectronics USBPD 4.1
2025-11-07 12:30:07,524 [INFO] ThirdParty:1030 - CMSIS Pack Vendor :STMicroelectronics X-CUBE-NFC9 1.0.0
2025-11-07 12:30:07,524 [INFO] ThirdParty:1030 - CMSIS Pack Vendor :STMicroelectronics USB_HOST 2.0.0
2025-11-07 12:30:07,524 [INFO] ThirdParty:1030 - CMSIS Pack Vendor :STMicroelectronics FP-SNS-MOTENVWB1 1.4.0
2025-11-07 12:30:07,524 [INFO] ThirdParty:1030 - CMSIS Pack Vendor :STMicroelectronics X-CUBE-AZRTOS-F4 1.1.0
2025-11-07 12:30:07,524 [INFO] ThirdParty:1030 - CMSIS Pack Vendor :STMicroelectronics LIBJPEG 8.0.0
2025-11-07 12:30:07,524 [INFO] ThirdParty:1030 - CMSIS Pack Vendor :STMicroelectronics FP-ATR-ASTRA1 2.0.2
2025-11-07 12:30:07,524 [INFO] ThirdParty:1030 - CMSIS Pack Vendor :wolfSSL I-CUBE-wolfSSL 5.8.2
2025-11-07 12:30:07,524 [INFO] ThirdParty:1030 - CMSIS Pack Vendor :STMicroelectronics X-CUBE-BLE1 7.1.0
2025-11-07 12:30:07,524 [INFO] ThirdParty:1030 - CMSIS Pack Vendor :STMicroelectronics X-CUBE-SMBUS 2.1.0
2025-11-07 12:30:07,524 [INFO] ThirdParty:1030 - CMSIS Pack Vendor :wolfSSL I-CUBE-wolfMQTT 1.19.2
2025-11-07 12:30:07,524 [INFO] ThirdParty:1030 - CMSIS Pack Vendor :STMicroelectronics USB_DEVICE 3.0.0
2025-11-07 12:30:07,524 [INFO] ThirdParty:1030 - CMSIS Pack Vendor :STMicroelectronics X-CUBE-ISPU 2.1.0
2025-11-07 12:30:07,524 [INFO] ThirdParty:1030 - CMSIS Pack Vendor :STMicroelectronics X-CUBE-EEPRMA1 5.2.0
2025-11-07 12:30:07,524 [INFO] ThirdParty:1030 - CMSIS Pack Vendor :STMicroelectronics X-CUBE-IPS 3.2.0
2025-11-07 12:30:07,524 [INFO] ThirdParty:1030 - CMSIS Pack Vendor :STMicroelectronics X-CUBE-BLEMGR 4.1.0
2025-11-07 12:30:07,524 [INFO] ThirdParty:1030 - CMSIS Pack Vendor :STMicroelectronics X-CUBE-AZRTOS-WB 2.0.0
2025-11-07 12:30:07,524 [INFO] ThirdParty:1030 - CMSIS Pack Vendor :STMicroelectronics X-CUBE-NFC12 1.0.0
2025-11-07 12:30:07,524 [INFO] ThirdParty:1030 - CMSIS Pack Vendor :STMicroelectronics X-CUBE-AZRTOS-F7 1.1.0
2025-11-07 12:30:07,524 [INFO] ThirdParty:1030 - CMSIS Pack Vendor :STMicroelectronics X-CUBE-AZRTOS-L5 2.0.0
2025-11-07 12:30:07,524 [INFO] ThirdParty:1030 - CMSIS Pack Vendor :STMicroelectronics USB_DEVICE 2.0.0
2025-11-07 12:30:07,526 [INFO] ThirdParty:1030 - CMSIS Pack Vendor :STMicroelectronics X-CUBE-NFC6 3.1.0
2025-11-07 12:30:07,526 [INFO] ThirdParty:1030 - CMSIS Pack Vendor :STMicroelectronics X-CUBE-ST67W61 1.1.0
2025-11-07 12:30:07,526 [INFO] ThirdParty:1030 - CMSIS Pack Vendor :Cesanta I-CUBE-Mongoose 7.19.0
2025-11-07 12:30:07,526 [INFO] ThirdParty:1030 - CMSIS Pack Vendor :quantropi X-CUBE-qispace-sdk-base 2.1.0
2025-11-07 12:30:07,526 [INFO] ThirdParty:1030 - CMSIS Pack Vendor :STMicroelectronics FP-SNS-MOTENV1 5.1.0
2025-11-07 12:30:07,526 [INFO] ThirdParty:1030 - CMSIS Pack Vendor :STMicroelectronics FreeRTOS 0.0.1
2025-11-07 12:30:07,526 [INFO] ThirdParty:1030 - CMSIS Pack Vendor :STMicroelectronics X-CUBE-AZRTOS-G0 1.1.0
2025-11-07 12:30:07,526 [INFO] ThirdParty:1030 - CMSIS Pack Vendor :STMicroelectronics X-CUBE-SAFEA1 1.2.2
2025-11-07 12:30:07,526 [INFO] ThirdParty:1030 - CMSIS Pack Vendor :STMicroelectronics X-CUBE-NFC4 3.0.0
2025-11-07 12:30:07,526 [INFO] ThirdParty:1030 - CMSIS Pack Vendor :STMicroelectronics X-CUBE-SUBG2 5.0.0
2025-11-07 12:30:07,526 [INFO] ThirdParty:1030 - CMSIS Pack Vendor :STMicroelectronics X-CUBE-AZRTOS-H7RS 1.1.0
2025-11-07 12:30:07,526 [INFO] ThirdParty:1030 - CMSIS Pack Vendor :STMicroelectronics STM32_WPAN 1.0.0
2025-11-07 12:30:07,526 [INFO] ThirdParty:1030 - CMSIS Pack Vendor :EmbeddedOffice I-CUBE-FS-RTOS 1.0.1
2025-11-07 12:30:07,526 [INFO] ThirdParty:1030 - CMSIS Pack Vendor :STMicroelectronics lwIP 2.0.3
2025-11-07 12:30:07,526 [INFO] ThirdParty:1030 - CMSIS Pack Vendor :WES I-CUBE-Cesium 1.4.0
2025-11-07 12:30:07,526 [INFO] ThirdParty:1030 - CMSIS Pack Vendor :STMicroelectronics USB_HOST 1.0.0
2025-11-07 12:30:07,526 [INFO] ThirdParty:1030 - CMSIS Pack Vendor :Infineon AIROC-Wi-Fi-Bluetooth-STM32 1.7.1
2025-11-07 12:30:07,526 [INFO] ThirdParty:1030 - CMSIS Pack Vendor :STMicroelectronics X-CUBE-AZRTOS-G4 2.0.0
2025-11-07 12:30:07,526 [INFO] ThirdParty:1030 - CMSIS Pack Vendor :STMicroelectronics X-CUBE-WB05N 2.0.0
2025-11-07 12:30:07,526 [INFO] ThirdParty:1030 - CMSIS Pack Vendor :STMicroelectronics PDM2PCM 3.1.0
2025-11-07 12:30:07,526 [INFO] ThirdParty:1030 - CMSIS Pack Vendor :STMicroelectronics PDM2PCM 3.3.0
2025-11-07 12:30:07,526 [INFO] ThirdParty:1030 - CMSIS Pack Vendor :wolfSSL I-CUBE-wolfTPM 3.8.0
2025-11-07 12:30:07,526 [INFO] ThirdParty:1030 - CMSIS Pack Vendor :STMicroelectronics X-CUBE-AZRTOS-H7 3.4.0
2025-11-07 12:30:07,526 [INFO] ThirdParty:1030 - CMSIS Pack Vendor :STMicroelectronics X-CUBE-DISPLAY 3.0.0
2025-11-07 12:30:07,526 [INFO] ThirdParty:1030 - CMSIS Pack Vendor :wolfSSL I-CUBE-wolfSSH 1.4.20
2025-11-07 12:30:07,526 [INFO] ThirdParty:1030 - CMSIS Pack Vendor :STMicroelectronics X-CUBE-NFC7 2.0.0
2025-11-07 12:30:07,526 [INFO] ThirdParty:1030 - CMSIS Pack Vendor :STMicroelectronics X-CUBE-TCPP 4.2.0
2025-11-07 12:30:07,526 [INFO] ThirdParty:1030 - CMSIS Pack Vendor :RealThread X-CUBE-RT-Thread_Nano 4.1.1
2025-11-07 12:30:07,526 [INFO] ThirdParty:1030 - CMSIS Pack Vendor :STMicroelectronics FP-ATR-SIGFOX1 3.2.0
2025-11-07 12:30:07,526 [INFO] ThirdParty:1030 - CMSIS Pack Vendor :STMicroelectronics X-CUBE-NFC10 1.0.0
2025-11-07 12:30:07,526 [INFO] ThirdParty:1030 - CMSIS Pack Vendor :STMicroelectronics X-CUBE-FREERTOS 1.3.1
2025-11-07 12:30:07,526 [INFO] ThirdParty:1030 - CMSIS Pack Vendor :STMicroelectronics HAL Drivers 0.0.0
2025-11-07 12:30:07,526 [INFO] ThirdParty:1030 - CMSIS Pack Vendor :STMicroelectronics MBEDTLS 2.16.2
2025-11-07 12:30:07,527 [INFO] ThirdParty:1030 - CMSIS Pack Vendor :STMicroelectronics X-CUBE-ST60 1.1.0
2025-11-07 12:30:07,527 [INFO] ThirdParty:1030 - CMSIS Pack Vendor :STMicroelectronics X-CUBE-ALS 1.0.2
2025-11-07 12:30:07,527 [INFO] ThirdParty:1030 - CMSIS Pack Vendor :emotas I-CUBE-CANOPEN 1.3.0
2025-11-07 12:30:07,527 [INFO] ThirdParty:1030 - CMSIS Pack Vendor :STMicroelectronics MBEDTLS 2.14.1
2025-11-07 12:30:07,527 [INFO] ThirdParty:1030 - CMSIS Pack Vendor :STMicroelectronics X-CUBE-GNSS1 7.1.0
2025-11-07 12:30:07,527 [INFO] ThirdParty:1030 - CMSIS Pack Vendor :ITTIA_DB I-CUBE-ITTIADB 8.9.0
2025-11-07 12:30:07,527 [INFO] ThirdParty:1030 - CMSIS Pack Vendor :STMicroelectronics X-CUBE-TOUCHGFX 4.26.0
2025-11-07 12:30:07,527 [INFO] ThirdParty:1030 - CMSIS Pack Vendor :STMicroelectronics X-CUBE-STSE01 1.0.0
2025-11-07 12:30:07,527 [INFO] ThirdParty:1030 - CMSIS Pack Vendor :STMicroelectronics FP-SNS-STBOX1 2.1.0
2025-11-07 12:30:07,527 [INFO] ThirdParty:1030 - CMSIS Pack Vendor :STMicroelectronics X-CUBE-AI 10.2.0
2025-11-07 12:30:07,527 [INFO] ThirdParty:1030 - CMSIS Pack Vendor :STMicroelectronics FP-SNS-STAIOTCFT 1.0.0
2025-11-07 12:30:07,527 [INFO] ThirdParty:1030 - CMSIS Pack Vendor :STMicroelectronics ThreadX 1.0.0
2025-11-07 12:30:07,527 [INFO] ThirdParty:1030 - CMSIS Pack Vendor :STMicroelectronics FP-SNS-SMARTAG2 1.2.0
2025-11-07 12:30:07,527 [INFO] ThirdParty:1030 - CMSIS Pack Vendor :STMicroelectronics FP-SNS-FLIGHT1 5.1.0
2025-11-07 12:30:07,527 [INFO] ThirdParty:1030 - CMSIS Pack Vendor :STMicroelectronics X-CUBE-AZRTOS-WL 2.0.0
2025-11-07 12:30:07,527 [INFO] ThirdParty:1030 - CMSIS Pack Vendor :SEGGER I-CUBE-embOS 1.3.1
2025-11-07 12:30:07,527 [INFO] ThirdParty:1030 - CMSIS Pack Vendor :STMicroelectronics X-CUBE-ALGOBUILD 1.4.0
2025-11-07 12:30:07,527 [INFO] ThirdParty:1030 - CMSIS Pack Vendor :STMicroelectronics X-CUBE-DPower 1.3.0
2025-11-07 12:30:07,527 [INFO] ThirdParty:1030 - CMSIS Pack Vendor :STMicroelectronics X-CUBE-MEMS1 11.3.0
2025-11-07 12:30:07,527 [INFO] ThirdParty:1030 - CMSIS Pack Vendor :STMicroelectronics USB_DEVICE 1.0.0
2025-11-07 12:30:07,527 [INFO] ThirdParty:1030 - CMSIS Pack Vendor :STMicroelectronics X-CUBE-AZRTOS-L4 2.0.0
2025-11-07 12:30:07,527 [INFO] ThirdParty:1030 - CMSIS Pack Vendor :STMicroelectronics ThreadX 0.0.2
2025-11-07 12:30:07,527 [INFO] ThirdParty:1030 - CMSIS Pack Vendor :STMicroelectronics lwIP 2.1.2
2025-11-07 12:30:07,527 [INFO] ThirdParty:1030 - CMSIS Pack Vendor :STMicroelectronics X-CUBE-SFXS2LP1 4.0.0
2025-11-07 12:30:07,527 [INFO] ThirdParty:1030 - CMSIS Pack Vendor :STMicroelectronics X-CUBE-BLE2 3.3.0
2025-11-07 12:30:07,527 [INFO] ThirdParty:1030 - CMSIS Pack Vendor :STMicroelectronics X-CUBE-TOF1 3.4.3
2025-11-07 12:30:07,527 [INFO] ThirdParty:1030 - CMSIS Pack Vendor :STMicroelectronics PDM2PCM 3.2.0
2025-11-07 12:30:07,527 [INFO] ThirdParty:841 - exiting critical section [change project]
2025-11-07 12:30:07,817 [INFO] PinOutPanel:1589 - setPackage(No Configuration,No Configuration)
2025-11-07 12:30:07,818 [INFO] PinOutPanel:1589 - setPackage(STM32F103RCTx,LQFP64)
2025-11-07 12:30:08,224 [INFO] UtilMem:75 - Before build in PCC Used Memory: 266633088 Bytes (618659840)
2025-11-07 12:30:08,817 [INFO] UtilMem:75 - After build in PCC Used Memory: 339509104 Bytes (618659840)
2025-11-07 12:30:08,890 [INFO] ApiDbMcu:532 - Load IP Config File for FREERTOS
2025-11-07 12:30:08,912 [INFO] IPUIPlugin:80 - create IPUIPlugin
2025-11-07 12:30:08,912 [INFO] IPUIPlugin:80 - create IPUIPlugin
2025-11-07 12:30:08,912 [INFO] IPUIPlugin:80 - create IPUIPlugin
2025-11-07 12:30:08,912 [INFO] IPUIPlugin:80 - create IPUIPlugin
2025-11-07 12:30:08,912 [INFO] IPUIPlugin:80 - create IPUIPlugin
2025-11-07 12:30:08,913 [INFO] IPUIPlugin:80 - create IPUIPlugin
2025-11-07 12:30:08,913 [INFO] IPUIPlugin:80 - create IPUIPlugin
2025-11-07 12:30:08,913 [INFO] IPUIPlugin:80 - create IPUIPlugin
2025-11-07 12:30:08,913 [INFO] IPUIPlugin:80 - create IPUIPlugin
2025-11-07 12:30:08,913 [INFO] IPUIPlugin:80 - create IPUIPlugin
2025-11-07 12:30:08,913 [INFO] IPUIPlugin:80 - create IPUIPlugin
2025-11-07 12:30:08,913 [INFO] IPUIPlugin:80 - create IPUIPlugin
2025-11-07 12:30:08,913 [INFO] IPUIPlugin:80 - create IPUIPlugin
2025-11-07 12:30:08,913 [INFO] IPUIPlugin:80 - create IPUIPlugin
2025-11-07 12:30:08,914 [INFO] IPUIPlugin:80 - create IPUIPlugin
2025-11-07 12:30:08,914 [INFO] IPUIPlugin:80 - create IPUIPlugin
2025-11-07 12:30:08,914 [INFO] IPUIPlugin:80 - create IPUIPlugin
2025-11-07 12:30:08,914 [INFO] IPUIPlugin:80 - create IPUIPlugin
2025-11-07 12:30:08,914 [INFO] IPUIPlugin:80 - create IPUIPlugin
2025-11-07 12:30:08,914 [INFO] IPUIPlugin:80 - create IPUIPlugin
2025-11-07 12:30:08,915 [INFO] IPUIPlugin:80 - create IPUIPlugin
2025-11-07 12:30:08,916 [INFO] IPUIPlugin:80 - create IPUIPlugin
2025-11-07 12:30:08,916 [INFO] IPUIPlugin:80 - create IPUIPlugin
2025-11-07 12:30:08,916 [INFO] IPUIPlugin:80 - create IPUIPlugin
2025-11-07 12:30:08,916 [INFO] IPUIPlugin:80 - create IPUIPlugin
2025-11-07 12:30:08,916 [INFO] IPUIPlugin:80 - create IPUIPlugin
2025-11-07 12:30:08,917 [INFO] IPUIPlugin:80 - create IPUIPlugin
2025-11-07 12:30:08,917 [INFO] IPUIPlugin:80 - create IPUIPlugin
2025-11-07 12:30:08,917 [INFO] IPUIPlugin:80 - create IPUIPlugin
2025-11-07 12:30:08,917 [INFO] IPUIPlugin:80 - create IPUIPlugin
2025-11-07 12:30:08,917 [INFO] IPUIPlugin:80 - create IPUIPlugin
2025-11-07 12:30:08,917 [INFO] IPUIPlugin:80 - create IPUIPlugin
2025-11-07 12:30:08,917 [INFO] IPUIPlugin:80 - create IPUIPlugin
2025-11-07 12:30:08,918 [INFO] IPUIPlugin:80 - create IPUIPlugin
2025-11-07 12:30:08,918 [INFO] IPUIPlugin:80 - create IPUIPlugin
2025-11-07 12:30:08,918 [INFO] IPUIPlugin:80 - create IPUIPlugin
2025-11-07 12:30:08,918 [INFO] IPUIPlugin:80 - create IPUIPlugin
2025-11-07 12:30:08,918 [INFO] IPUIPlugin:80 - create IPUIPlugin
2025-11-07 12:30:08,918 [INFO] IPUIPlugin:80 - create IPUIPlugin
2025-11-07 12:30:08,926 [WARN] IP:2250 - I2C_Coeff_DF not found: check if there is a RefParameter without a condition.
2025-11-07 12:30:08,927 [WARN] IP:2250 - Analog_Filter not found: check if there is a RefParameter without a condition.
2025-11-07 12:30:08,930 [WARN] IP:2250 - I2C_Coeff_DF not found: check if there is a RefParameter without a condition.
2025-11-07 12:30:08,930 [WARN] IP:2250 - Analog_Filter not found: check if there is a RefParameter without a condition.
2025-11-07 12:30:08,950 [WARN] FreeRTOS:1023 - Null or empty value: should not occur! (nothing added to the table)
2025-11-07 12:30:09,105 [INFO] CADModel:165 - CPN selected for project levelSTM32F103RCT6TR
2025-11-07 12:30:09,105 [INFO] CADModel:114 - Register for checkConnection events
2025-11-07 12:30:09,107 [INFO] RtosManager:728 - Active RTOS found at IOC load: FREERTOS [Cortex-M3NS]
2025-11-07 12:30:09,165 [INFO] OpenFileManager:386 - Restore cursor
2025-11-07 12:30:09,333 [WARN] IP:2250 - I2C_Coeff_DF not found: check if there is a RefParameter without a condition.
2025-11-07 12:30:09,333 [WARN] IP:2250 - Analog_Filter not found: check if there is a RefParameter without a condition.
2025-11-07 12:30:09,333 [WARN] IP:2250 - I2C_Coeff_DF not found: check if there is a RefParameter without a condition.
2025-11-07 12:30:09,333 [WARN] IP:2250 - Analog_Filter not found: check if there is a RefParameter without a condition.
2025-11-07 12:30:09,338 [WARN] IP:2250 - I2C_Coeff_DF not found: check if there is a RefParameter without a condition.
2025-11-07 12:30:09,338 [WARN] IP:2250 - Analog_Filter not found: check if there is a RefParameter without a condition.
2025-11-07 12:30:09,338 [WARN] IP:2250 - I2C_Coeff_DF not found: check if there is a RefParameter without a condition.
2025-11-07 12:30:09,338 [WARN] IP:2250 - Analog_Filter not found: check if there is a RefParameter without a condition.
2025-11-07 12:30:45,995 [INFO] ADCParametersView:116 -                Rank 1 : false
2025-11-07 12:30:46,103 [INFO] ADCParametersView:116 -                Rank 1 : false
2025-11-07 12:30:46,104 [INFO] ADCParametersView:116 -                Rank 1 : false
2025-11-07 12:30:46,104 [INFO] ADCParametersView:116 -                Rank 1 : false
2025-11-07 12:30:46,104 [INFO] ADCParametersView:116 -                Rank 1 : false
2025-11-07 12:30:46,104 [INFO] ADCParametersView:116 -                Rank 1 : false
2025-11-07 12:30:46,104 [INFO] ADCParametersView:116 -                Rank 1 : false
2025-11-07 12:30:46,105 [INFO] ADCParametersView:116 -                Rank 1 : false
2025-11-07 12:30:46,105 [INFO] ADCParametersView:116 -                Rank 1 : false
2025-11-07 12:30:46,105 [INFO] ADCParametersView:116 -                Rank 1 : false
2025-11-07 12:30:46,105 [INFO] ADCParametersView:116 -                Rank 1 : false
2025-11-07 12:30:46,112 [INFO] ADCParametersView:116 -                Rank 1 : false
2025-11-07 12:31:00,711 [INFO] NvicIntPanel:101 - NVIC parent = com.st.microxplorer.plugins.ip.nvic.MultiNvicIntPanel[,0,0,0x0,invalid,layout=javax.swing.BoxLayout,alignmentX=0.0,alignmentY=0.0,border=,flags=9,maximumSize=,minimumSize=,preferredSize=]
2025-11-07 12:31:00,753 [INFO] ADCParametersView:116 -                Rank 1 : false
2025-11-07 12:31:00,757 [INFO] ADCParametersView:116 -                Rank 1 : false
2025-11-07 12:31:00,757 [INFO] ADCParametersView:116 -                Rank 1 : false
2025-11-07 12:31:00,757 [INFO] ADCParametersView:116 -                Rank 1 : false
2025-11-07 12:31:00,758 [INFO] ADCParametersView:116 -                Rank 1 : false
2025-11-07 12:31:00,758 [INFO] ADCParametersView:116 -                Rank 1 : false
2025-11-07 12:31:00,758 [INFO] ADCParametersView:116 -                Rank 1 : false
2025-11-07 12:31:00,758 [INFO] ADCParametersView:116 -                Rank 1 : false
2025-11-07 12:31:00,758 [INFO] ADCParametersView:116 -                Rank 1 : false
2025-11-07 12:31:00,758 [INFO] ADCParametersView:116 -                Rank 1 : false
2025-11-07 12:31:00,765 [INFO] ADCParametersView:116 -                Rank 1 : false
2025-11-07 12:31:15,348 [INFO] ADCParametersView:116 -                Rank 1 : true
2025-11-07 12:31:20,311 [INFO] NvicIntPanel:101 - NVIC parent = com.st.microxplorer.plugins.ip.nvic.MultiNvicIntPanel[,0,0,0x0,invalid,layout=javax.swing.BoxLayout,alignmentX=0.0,alignmentY=0.0,border=,flags=9,maximumSize=,minimumSize=,preferredSize=]
2025-11-07 12:31:20,348 [INFO] ADCParametersView:116 -                Rank 1 : true
2025-11-07 12:31:20,351 [INFO] ADCParametersView:116 -                Rank 1 : true
2025-11-07 12:31:20,351 [INFO] ADCParametersView:116 -                Rank 1 : true
2025-11-07 12:31:20,351 [INFO] ADCParametersView:116 -                Rank 1 : true
2025-11-07 12:31:20,351 [INFO] ADCParametersView:116 -                Rank 1 : true
2025-11-07 12:31:20,352 [INFO] ADCParametersView:116 -                Rank 1 : true
2025-11-07 12:31:20,352 [INFO] ADCParametersView:116 -                Rank 1 : true
2025-11-07 12:31:20,352 [INFO] ADCParametersView:116 -                Rank 1 : true
2025-11-07 12:31:20,352 [INFO] ADCParametersView:116 -                Rank 1 : true
2025-11-07 12:31:20,352 [INFO] ADCParametersView:116 -                Rank 1 : true
2025-11-07 12:31:20,358 [INFO] ADCParametersView:116 -                Rank 1 : true
2025-11-07 12:32:45,879 [INFO] ADCParametersView:116 -                Rank 1 : true
2025-11-07 12:32:45,882 [INFO] ADCParametersView:116 -                Rank 1 : true
2025-11-07 12:32:45,882 [INFO] ADCParametersView:116 -                Rank 1 : true
2025-11-07 12:32:45,883 [INFO] ADCParametersView:116 -                Rank 1 : true
2025-11-07 12:32:45,883 [INFO] ADCParametersView:116 -                Rank 1 : true
2025-11-07 12:32:45,883 [INFO] ADCParametersView:116 -                Rank 1 : true
2025-11-07 12:32:45,883 [INFO] ADCParametersView:116 -                Rank 1 : true
2025-11-07 12:32:45,883 [INFO] ADCParametersView:116 -                Rank 1 : true
2025-11-07 12:32:45,883 [INFO] ADCParametersView:116 -                Rank 1 : true
2025-11-07 12:32:45,883 [INFO] ADCParametersView:116 -                Rank 1 : true
2025-11-07 12:32:45,889 [INFO] ADCParametersView:116 -                Rank 1 : true
2025-11-07 12:32:45,918 [INFO] ADCParametersView:116 -                Rank 1 : true
2025-11-07 12:32:45,920 [INFO] ADCParametersView:116 -                Rank 1 : true
2025-11-07 12:32:45,920 [INFO] ADCParametersView:116 -                Rank 1 : true
2025-11-07 12:32:45,920 [INFO] ADCParametersView:116 -                Rank 1 : true
2025-11-07 12:32:45,921 [INFO] ADCParametersView:116 -                Rank 1 : true
2025-11-07 12:32:45,921 [INFO] ADCParametersView:116 -                Rank 1 : true
2025-11-07 12:32:45,921 [INFO] ADCParametersView:116 -                Rank 1 : true
2025-11-07 12:32:45,921 [INFO] ADCParametersView:116 -                Rank 1 : true
2025-11-07 12:32:45,921 [INFO] ADCParametersView:116 -                Rank 1 : true
2025-11-07 12:32:45,921 [INFO] ADCParametersView:116 -                Rank 1 : true
2025-11-07 12:32:45,930 [INFO] ADCParametersView:116 -                Rank 1 : true
2025-11-07 12:32:46,023 [WARN] IP:2250 - I2C_Coeff_DF not found: check if there is a RefParameter without a condition.
2025-11-07 12:32:46,024 [WARN] IP:2250 - Analog_Filter not found: check if there is a RefParameter without a condition.
2025-11-07 12:32:46,024 [WARN] IP:2250 - I2C_Coeff_DF not found: check if there is a RefParameter without a condition.
2025-11-07 12:32:46,024 [WARN] IP:2250 - Analog_Filter not found: check if there is a RefParameter without a condition.
2025-11-07 12:32:46,028 [WARN] IP:2250 - I2C_Coeff_DF not found: check if there is a RefParameter without a condition.
2025-11-07 12:32:46,028 [WARN] IP:2250 - Analog_Filter not found: check if there is a RefParameter without a condition.
2025-11-07 12:32:46,028 [WARN] IP:2250 - I2C_Coeff_DF not found: check if there is a RefParameter without a condition.
2025-11-07 12:32:46,028 [WARN] IP:2250 - Analog_Filter not found: check if there is a RefParameter without a condition.
2025-11-07 12:32:46,063 [WARN] IP:2250 - I2C_Coeff_DF not found: check if there is a RefParameter without a condition.
2025-11-07 12:32:46,063 [WARN] IP:2250 - Analog_Filter not found: check if there is a RefParameter without a condition.
2025-11-07 12:32:46,065 [WARN] IP:2250 - I2C_Coeff_DF not found: check if there is a RefParameter without a condition.
2025-11-07 12:32:46,065 [WARN] IP:2250 - Analog_Filter not found: check if there is a RefParameter without a condition.
2025-11-07 12:32:46,104 [WARN] IP:2250 - I2C_Coeff_DF not found: check if there is a RefParameter without a condition.
2025-11-07 12:32:46,104 [WARN] IP:2250 - Analog_Filter not found: check if there is a RefParameter without a condition.
2025-11-07 12:32:46,106 [WARN] IP:2250 - I2C_Coeff_DF not found: check if there is a RefParameter without a condition.
2025-11-07 12:32:46,106 [WARN] IP:2250 - Analog_Filter not found: check if there is a RefParameter without a condition.
2025-11-07 12:32:46,129 [INFO] ADCParametersView:116 -                Rank 1 : true
2025-11-07 12:32:46,131 [INFO] ADCParametersView:116 -                Rank 1 : true
2025-11-07 12:32:46,132 [INFO] ADCParametersView:116 -                Rank 1 : true
2025-11-07 12:32:46,132 [INFO] ADCParametersView:116 -                Rank 1 : true
2025-11-07 12:32:46,132 [INFO] ADCParametersView:116 -                Rank 1 : true
2025-11-07 12:32:46,132 [INFO] ADCParametersView:116 -                Rank 1 : true
2025-11-07 12:32:46,132 [INFO] ADCParametersView:116 -                Rank 1 : true
2025-11-07 12:32:46,133 [INFO] ADCParametersView:116 -                Rank 1 : true
2025-11-07 12:32:46,133 [INFO] ADCParametersView:116 -                Rank 1 : true
2025-11-07 12:32:46,133 [INFO] ADCParametersView:116 -                Rank 1 : true
2025-11-07 12:32:46,138 [INFO] ADCParametersView:116 -                Rank 1 : true
2025-11-07 12:32:46,162 [INFO] ADCParametersView:116 -                Rank 1 : true
2025-11-07 12:32:46,164 [INFO] ADCParametersView:116 -                Rank 1 : true
2025-11-07 12:32:46,165 [INFO] ADCParametersView:116 -                Rank 1 : true
2025-11-07 12:32:46,165 [INFO] ADCParametersView:116 -                Rank 1 : true
2025-11-07 12:32:46,165 [INFO] ADCParametersView:116 -                Rank 1 : true
2025-11-07 12:32:46,165 [INFO] ADCParametersView:116 -                Rank 1 : true
2025-11-07 12:32:46,165 [INFO] ADCParametersView:116 -                Rank 1 : true
2025-11-07 12:32:46,166 [INFO] ADCParametersView:116 -                Rank 1 : true
2025-11-07 12:32:46,166 [INFO] ADCParametersView:116 -                Rank 1 : true
2025-11-07 12:32:46,166 [INFO] ADCParametersView:116 -                Rank 1 : true
2025-11-07 12:32:46,171 [INFO] ADCParametersView:116 -                Rank 1 : true
2025-11-07 12:33:10,998 [INFO] UtilMem:75 - End SaveConfig() Used Memory: 342258264 Bytes (618659840)
2025-11-07 12:33:12,641 [INFO] UtilMem:75 - End SaveConfig() Used Memory: 223018792 Bytes (618659840)
2025-11-07 12:33:13,490 [INFO] UtilMem:75 - End SaveConfig() Used Memory: 275406392 Bytes (618659840)
2025-11-07 12:33:14,229 [INFO] BlockDiagram:2775 - set Specific Code input for plugin: NVIC
2025-11-07 12:33:14,229 [INFO] BlockDiagram:2775 - set Specific Code input for plugin: FREERTOS
2025-11-07 12:33:14,230 [INFO] BlockDiagram:2775 - set Specific Code input for plugin: IWDG
2025-11-07 12:33:14,230 [INFO] BlockDiagram:2775 - set Specific Code input for plugin: DMA
2025-11-07 12:33:14,230 [INFO] BlockDiagram:2775 - set Specific Code input for plugin: ADC
2025-11-07 12:33:14,230 [INFO] BlockDiagram:2775 - set Specific Code input for plugin: SYS
2025-11-07 12:33:14,230 [INFO] BlockDiagram:2775 - set Specific Code input for plugin: GPIO
2025-11-07 12:33:14,230 [INFO] BlockDiagram:2775 - set Specific Code input for plugin: ADC
2025-11-07 12:33:14,230 [INFO] BlockDiagram:2775 - set Specific Code input for plugin: RCC
2025-11-07 12:33:14,230 [INFO] BlockDiagram:2775 - set Specific Code input for plugin: I2C
2025-11-07 12:33:14,230 [INFO] BlockDiagram:2775 - set Specific Code input for plugin: I2C
2025-11-07 12:33:14,232 [INFO] CodeGenerator:892 - code generatio: config db path: C:\ST\STM32CubeIDE_1.19.0\STM32CubeIDE\plugins\com.st.stm32cube.common.mx_6.15.0.202507011659\\db\
2025-11-07 12:33:14,249 [WARN] IP:2250 - I2C_Coeff_DF not found: check if there is a RefParameter without a condition.
2025-11-07 12:33:14,249 [WARN] IP:2250 - Analog_Filter not found: check if there is a RefParameter without a condition.
2025-11-07 12:33:14,249 [WARN] IP:2250 - I2C_Coeff_DF not found: check if there is a RefParameter without a condition.
2025-11-07 12:33:14,249 [WARN] IP:2250 - Analog_Filter not found: check if there is a RefParameter without a condition.
2025-11-07 12:33:14,480 [INFO] CodeEngine:265 - oldGeneratedFile, C:\Users\USER\STM32CubeIDE\workspace_1.19.0\Hip-Pro_Hardware_V1.2\HardwareV1.2\MXTmpFiles\license.tmp_save
2025-11-07 12:33:14,825 [INFO] CodeEngine:289 - Generated code: C:\Users\USER\STM32CubeIDE\workspace_1.19.0\Hip-Pro_Hardware_V1.2\HardwareV1.2\MXTmpFiles\license.tmp
2025-11-07 12:33:14,919 [INFO] CodeEngine:265 - oldGeneratedFile, C:\Users\USER\STM32CubeIDE\workspace_1.19.0\Hip-Pro_Hardware_V1.2\HardwareV1.2\MXTmpFiles\gpio.tmp_save
2025-11-07 12:33:15,067 [INFO] CodeEngine:289 - Generated code: C:\Users\USER\STM32CubeIDE\workspace_1.19.0\Hip-Pro_Hardware_V1.2\HardwareV1.2\MXTmpFiles\gpio.tmp
2025-11-07 12:33:15,369 [INFO] Middleware:1452 - No code input for Bsp Dependency
2025-11-07 12:33:15,380 [INFO] CodeEngine:265 - oldGeneratedFile, C:\Users\USER\STM32CubeIDE\workspace_1.19.0\Hip-Pro_Hardware_V1.2\HardwareV1.2\MXTmpFiles\rtos_inc.tmp_save
2025-11-07 12:33:15,454 [INFO] CodeEngine:289 - Generated code: C:\Users\USER\STM32CubeIDE\workspace_1.19.0\Hip-Pro_Hardware_V1.2\HardwareV1.2\MXTmpFiles\rtos_inc.tmp
2025-11-07 12:33:15,461 [INFO] CodeEngine:265 - oldGeneratedFile, C:\Users\USER\STM32CubeIDE\workspace_1.19.0\Hip-Pro_Hardware_V1.2\HardwareV1.2\MXTmpFiles\rtos_vars.tmp_save
2025-11-07 12:33:15,536 [INFO] CodeEngine:289 - Generated code: C:\Users\USER\STM32CubeIDE\workspace_1.19.0\Hip-Pro_Hardware_V1.2\HardwareV1.2\MXTmpFiles\rtos_vars.tmp
2025-11-07 12:33:15,542 [INFO] CodeEngine:265 - oldGeneratedFile, C:\Users\USER\STM32CubeIDE\workspace_1.19.0\Hip-Pro_Hardware_V1.2\HardwareV1.2\MXTmpFiles\rtos_pfp.tmp_save
2025-11-07 12:33:15,608 [INFO] CodeEngine:289 - Generated code: C:\Users\USER\STM32CubeIDE\workspace_1.19.0\Hip-Pro_Hardware_V1.2\HardwareV1.2\MXTmpFiles\rtos_pfp.tmp
2025-11-07 12:33:15,617 [INFO] CodeEngine:265 - oldGeneratedFile, C:\Users\USER\STM32CubeIDE\workspace_1.19.0\Hip-Pro_Hardware_V1.2\HardwareV1.2\MXTmpFiles\rtos_obj_creat.tmp_save
2025-11-07 12:33:15,683 [INFO] CodeEngine:289 - Generated code: C:\Users\USER\STM32CubeIDE\workspace_1.19.0\Hip-Pro_Hardware_V1.2\HardwareV1.2\MXTmpFiles\rtos_obj_creat.tmp
2025-11-07 12:33:15,689 [INFO] CodeEngine:265 - oldGeneratedFile, C:\Users\USER\STM32CubeIDE\workspace_1.19.0\Hip-Pro_Hardware_V1.2\HardwareV1.2\MXTmpFiles\rtos_kernelStart.tmp_save
2025-11-07 12:33:15,745 [INFO] CodeEngine:289 - Generated code: C:\Users\USER\STM32CubeIDE\workspace_1.19.0\Hip-Pro_Hardware_V1.2\HardwareV1.2\MXTmpFiles\rtos_kernelStart.tmp
2025-11-07 12:33:15,752 [INFO] CodeEngine:265 - oldGeneratedFile, C:\Users\USER\STM32CubeIDE\workspace_1.19.0\Hip-Pro_Hardware_V1.2\HardwareV1.2\MXTmpFiles\rtos_default_thread.tmp_save
2025-11-07 12:33:15,847 [INFO] CodeEngine:289 - Generated code: C:\Users\USER\STM32CubeIDE\workspace_1.19.0\Hip-Pro_Hardware_V1.2\HardwareV1.2\MXTmpFiles\rtos_default_thread.tmp
2025-11-07 12:33:15,851 [INFO] CodeEngine:265 - oldGeneratedFile, C:\Users\USER\STM32CubeIDE\workspace_1.19.0\Hip-Pro_Hardware_V1.2\HardwareV1.2\MXTmpFiles\rtos_threads.tmp_save
2025-11-07 12:33:15,900 [INFO] CodeEngine:289 - Generated code: C:\Users\USER\STM32CubeIDE\workspace_1.19.0\Hip-Pro_Hardware_V1.2\HardwareV1.2\MXTmpFiles\rtos_threads.tmp
2025-11-07 12:33:15,917 [INFO] Middleware:1452 - No code input for Bsp Dependency
2025-11-07 12:33:15,924 [INFO] CodeEngine:265 - oldGeneratedFile, C:\Users\USER\STM32CubeIDE\workspace_1.19.0\Hip-Pro_Hardware_V1.2\HardwareV1.2\MXTmpFiles\rtos_inc.tmp_save
2025-11-07 12:33:15,973 [INFO] CodeEngine:289 - Generated code: C:\Users\USER\STM32CubeIDE\workspace_1.19.0\Hip-Pro_Hardware_V1.2\HardwareV1.2\MXTmpFiles\rtos_inc.tmp
2025-11-07 12:33:15,979 [INFO] CodeEngine:265 - oldGeneratedFile, C:\Users\USER\STM32CubeIDE\workspace_1.19.0\Hip-Pro_Hardware_V1.2\HardwareV1.2\MXTmpFiles\rtos_vars.tmp_save
2025-11-07 12:33:16,030 [INFO] CodeEngine:289 - Generated code: C:\Users\USER\STM32CubeIDE\workspace_1.19.0\Hip-Pro_Hardware_V1.2\HardwareV1.2\MXTmpFiles\rtos_vars.tmp
2025-11-07 12:33:16,035 [INFO] CodeEngine:265 - oldGeneratedFile, C:\Users\USER\STM32CubeIDE\workspace_1.19.0\Hip-Pro_Hardware_V1.2\HardwareV1.2\MXTmpFiles\rtos_pfp.tmp_save
2025-11-07 12:33:16,085 [INFO] CodeEngine:289 - Generated code: C:\Users\USER\STM32CubeIDE\workspace_1.19.0\Hip-Pro_Hardware_V1.2\HardwareV1.2\MXTmpFiles\rtos_pfp.tmp
2025-11-07 12:33:16,091 [INFO] CodeEngine:265 - oldGeneratedFile, C:\Users\USER\STM32CubeIDE\workspace_1.19.0\Hip-Pro_Hardware_V1.2\HardwareV1.2\MXTmpFiles\rtos_obj_creat.tmp_save
2025-11-07 12:33:16,143 [INFO] CodeEngine:289 - Generated code: C:\Users\USER\STM32CubeIDE\workspace_1.19.0\Hip-Pro_Hardware_V1.2\HardwareV1.2\MXTmpFiles\rtos_obj_creat.tmp
2025-11-07 12:33:16,149 [INFO] CodeEngine:265 - oldGeneratedFile, C:\Users\USER\STM32CubeIDE\workspace_1.19.0\Hip-Pro_Hardware_V1.2\HardwareV1.2\MXTmpFiles\rtos_kernelStart.tmp_save
2025-11-07 12:33:16,199 [INFO] CodeEngine:289 - Generated code: C:\Users\USER\STM32CubeIDE\workspace_1.19.0\Hip-Pro_Hardware_V1.2\HardwareV1.2\MXTmpFiles\rtos_kernelStart.tmp
2025-11-07 12:33:16,205 [INFO] CodeEngine:265 - oldGeneratedFile, C:\Users\USER\STM32CubeIDE\workspace_1.19.0\Hip-Pro_Hardware_V1.2\HardwareV1.2\MXTmpFiles\rtos_default_thread.tmp_save
2025-11-07 12:33:16,255 [INFO] CodeEngine:289 - Generated code: C:\Users\USER\STM32CubeIDE\workspace_1.19.0\Hip-Pro_Hardware_V1.2\HardwareV1.2\MXTmpFiles\rtos_default_thread.tmp
2025-11-07 12:33:16,261 [INFO] CodeEngine:265 - oldGeneratedFile, C:\Users\USER\STM32CubeIDE\workspace_1.19.0\Hip-Pro_Hardware_V1.2\HardwareV1.2\MXTmpFiles\rtos_threads.tmp_save
2025-11-07 12:33:16,311 [INFO] CodeEngine:289 - Generated code: C:\Users\USER\STM32CubeIDE\workspace_1.19.0\Hip-Pro_Hardware_V1.2\HardwareV1.2\MXTmpFiles\rtos_threads.tmp
2025-11-07 12:33:16,317 [INFO] CodeEngine:265 - oldGeneratedFile, C:\Users\USER\STM32CubeIDE\workspace_1.19.0\Hip-Pro_Hardware_V1.2\HardwareV1.2\Core\Inc\FreeRTOSConfig.h_save
2025-11-07 12:33:16,384 [INFO] CodeEngine:289 - Generated code: C:\Users\USER\STM32CubeIDE\workspace_1.19.0\Hip-Pro_Hardware_V1.2\HardwareV1.2\Core\Inc\FreeRTOSConfig.h
2025-11-07 12:33:16,391 [INFO] CodeEngine:265 - oldGeneratedFile, C:\Users\USER\STM32CubeIDE\workspace_1.19.0\Hip-Pro_Hardware_V1.2\HardwareV1.2\Core\Src\freertos.c_save
2025-11-07 12:33:16,448 [INFO] CodeEngine:289 - Generated code: C:\Users\USER\STM32CubeIDE\workspace_1.19.0\Hip-Pro_Hardware_V1.2\HardwareV1.2\Core\Src\freertos.c
2025-11-07 12:33:16,465 [INFO] CodeEngine:265 - oldGeneratedFile, C:\Users\USER\STM32CubeIDE\workspace_1.19.0\Hip-Pro_Hardware_V1.2\HardwareV1.2\MXTmpFiles\dma.tmp_save
2025-11-07 12:33:16,516 [INFO] CodeEngine:289 - Generated code: C:\Users\USER\STM32CubeIDE\workspace_1.19.0\Hip-Pro_Hardware_V1.2\HardwareV1.2\MXTmpFiles\dma.tmp
2025-11-07 12:33:16,520 [INFO] CodeEngine:265 - oldGeneratedFile, C:\Users\USER\STM32CubeIDE\workspace_1.19.0\Hip-Pro_Hardware_V1.2\HardwareV1.2\MXTmpFiles\dma_GV.tmp_save
2025-11-07 12:33:16,567 [INFO] CodeEngine:289 - Generated code: C:\Users\USER\STM32CubeIDE\workspace_1.19.0\Hip-Pro_Hardware_V1.2\HardwareV1.2\MXTmpFiles\dma_GV.tmp
2025-11-07 12:33:16,579 [INFO] CodeEngine:265 - oldGeneratedFile, C:\Users\USER\STM32CubeIDE\workspace_1.19.0\Hip-Pro_Hardware_V1.2\HardwareV1.2\Core\Src\stm32f1xx_it.c_save
2025-11-07 12:33:16,664 [INFO] CodeEngine:289 - Generated code: C:\Users\USER\STM32CubeIDE\workspace_1.19.0\Hip-Pro_Hardware_V1.2\HardwareV1.2\Core\Src\stm32f1xx_it.c
2025-11-07 12:33:16,670 [INFO] CodeEngine:265 - oldGeneratedFile, C:\Users\USER\STM32CubeIDE\workspace_1.19.0\Hip-Pro_Hardware_V1.2\HardwareV1.2\Core\Inc\stm32f1xx_it.h_save
2025-11-07 12:33:16,722 [INFO] CodeEngine:289 - Generated code: C:\Users\USER\STM32CubeIDE\workspace_1.19.0\Hip-Pro_Hardware_V1.2\HardwareV1.2\Core\Inc\stm32f1xx_it.h
2025-11-07 12:33:16,738 [INFO] CodeEngine:265 - oldGeneratedFile, C:\Users\USER\STM32CubeIDE\workspace_1.19.0\Hip-Pro_Hardware_V1.2\HardwareV1.2\Core\Src\stm32f1xx_hal_msp.c_save
2025-11-07 12:33:16,851 [INFO] CodeEngine:289 - Generated code: C:\Users\USER\STM32CubeIDE\workspace_1.19.0\Hip-Pro_Hardware_V1.2\HardwareV1.2\Core\Src\stm32f1xx_hal_msp.c
2025-11-07 12:33:16,856 [INFO] CodeEngine:265 - oldGeneratedFile, C:\Users\USER\STM32CubeIDE\workspace_1.19.0\Hip-Pro_Hardware_V1.2\HardwareV1.2\MXTmpFiles\system.tmp_save
2025-11-07 12:33:16,906 [INFO] CodeEngine:289 - Generated code: C:\Users\USER\STM32CubeIDE\workspace_1.19.0\Hip-Pro_Hardware_V1.2\HardwareV1.2\MXTmpFiles\system.tmp
2025-11-07 12:33:16,913 [INFO] CodeEngine:265 - oldGeneratedFile, C:\Users\USER\STM32CubeIDE\workspace_1.19.0\Hip-Pro_Hardware_V1.2\HardwareV1.2\Core\Src\stm32f1xx_hal_timebase_tim.c_save
2025-11-07 12:33:16,967 [INFO] CodeEngine:289 - Generated code: C:\Users\USER\STM32CubeIDE\workspace_1.19.0\Hip-Pro_Hardware_V1.2\HardwareV1.2\Core\Src\stm32f1xx_hal_timebase_tim.c
2025-11-07 12:33:16,978 [INFO] CodeEngine:321 - oldGeneratedFile, C:\Users\USER\STM32CubeIDE\workspace_1.19.0\Hip-Pro_Hardware_V1.2\HardwareV1.2\Core\Inc\stm32f1xx_hal_conf.h_save
2025-11-07 12:33:17,034 [INFO] CodeEngine:345 - Generated code: C:\Users\USER\STM32CubeIDE\workspace_1.19.0\Hip-Pro_Hardware_V1.2\HardwareV1.2\Core\Inc\stm32f1xx_hal_conf.h
2025-11-07 12:33:17,058 [INFO] ApiDbMcu:532 - Load IP Config File for ADC1
2025-11-07 12:33:17,063 [INFO] ApiDbMcu:532 - Load IP Config File for ADC2
2025-11-07 12:33:17,066 [INFO] ApiDbMcu:532 - Load IP Config File for I2C1
2025-11-07 12:33:17,068 [INFO] ApiDbMcu:532 - Load IP Config File for I2C2
2025-11-07 12:33:17,070 [INFO] ApiDbMcu:532 - Load IP Config File for IWDG
2025-11-07 12:33:17,071 [INFO] ApiDbMcu:532 - Load IP Config File for RCC
2025-11-07 12:33:17,085 [INFO] CodeEngine:265 - oldGeneratedFile, C:\Users\USER\STM32CubeIDE\workspace_1.19.0\Hip-Pro_Hardware_V1.2\HardwareV1.2\Core\Inc\main.h_save
2025-11-07 12:33:17,164 [INFO] CodeEngine:289 - Generated code: C:\Users\USER\STM32CubeIDE\workspace_1.19.0\Hip-Pro_Hardware_V1.2\HardwareV1.2\Core\Inc\main.h
2025-11-07 12:33:17,170 [INFO] CodeEngine:265 - oldGeneratedFile, C:\Users\USER\STM32CubeIDE\workspace_1.19.0\Hip-Pro_Hardware_V1.2\HardwareV1.2\Core\Src\main.c_save
2025-11-07 12:33:17,312 [INFO] CodeEngine:289 - Generated code: C:\Users\USER\STM32CubeIDE\workspace_1.19.0\Hip-Pro_Hardware_V1.2\HardwareV1.2\Core\Src\main.c
2025-11-07 12:33:17,802 [INFO] ProjectBuilder:3606 - Time for Copy HAL[1] : 229mS.
2025-11-07 12:33:17,809 [INFO] ProjectBuilder:5216 - Project Generator version: 4.7.0-B52
2025-11-07 12:33:17,884 [INFO] ConfigFileManager:1595 - The Die is : DIE414
2025-11-07 12:33:17,890 [INFO] ApiDbMcu:532 - Load IP Config File for FATFS
2025-11-07 12:33:17,897 [INFO] ApiDbMcu:532 - Load IP Config File for USB_DEVICE
2025-11-07 12:33:18,277 [INFO] LogOutputStream:77 - [STDOUT_REDIRECT] 
2025-11-07 12:33:19,617 [INFO] ProjectBuilder:5496 - Time for Generating toolchain IDE Files: 1807mS.
2025-11-07 12:33:19,618 [INFO] ProjectBuilder:3463 - Time for Copy CMSIS : 1mS.
2025-11-07 12:33:19,623 [INFO] ProjectBuilder:3463 - Time for Copy CMSIS : 0mS.
2025-11-07 12:36:10,196 [INFO] ADCParametersView:116 -                Rank 1 : true
2025-11-07 12:36:10,201 [INFO] ADCParametersView:116 -                Rank 1 : true
2025-11-07 12:36:10,202 [INFO] ADCParametersView:116 -                Rank 1 : true
2025-11-07 12:36:10,202 [INFO] ADCParametersView:116 -                Rank 1 : true
2025-11-07 12:36:10,203 [INFO] ADCParametersView:116 -                Rank 1 : true
2025-11-07 12:36:10,203 [INFO] ADCParametersView:116 -                Rank 1 : true
2025-11-07 12:36:10,203 [INFO] ADCParametersView:116 -                Rank 1 : true
2025-11-07 12:36:10,203 [INFO] ADCParametersView:116 -                Rank 1 : true
2025-11-07 12:36:10,204 [INFO] ADCParametersView:116 -                Rank 1 : true
2025-11-07 12:36:10,204 [INFO] ADCParametersView:116 -                Rank 1 : true
2025-11-07 12:36:10,219 [INFO] ADCParametersView:116 -                Rank 1 : true
2025-11-07 12:36:10,268 [INFO] ADCParametersView:116 -                Rank 1 : true
2025-11-07 12:36:10,270 [INFO] ADCParametersView:116 -                Rank 1 : true
2025-11-07 12:36:10,271 [INFO] ADCParametersView:116 -                Rank 1 : true
2025-11-07 12:36:10,271 [INFO] ADCParametersView:116 -                Rank 1 : true
2025-11-07 12:36:10,271 [INFO] ADCParametersView:116 -                Rank 1 : true
2025-11-07 12:36:10,272 [INFO] ADCParametersView:116 -                Rank 1 : true
2025-11-07 12:36:10,272 [INFO] ADCParametersView:116 -                Rank 1 : true
2025-11-07 12:36:10,272 [INFO] ADCParametersView:116 -                Rank 1 : true
2025-11-07 12:36:10,273 [INFO] ADCParametersView:116 -                Rank 1 : true
2025-11-07 12:36:10,273 [INFO] ADCParametersView:116 -                Rank 1 : true
2025-11-07 12:36:10,282 [INFO] ADCParametersView:116 -                Rank 1 : true
2025-11-07 12:36:10,378 [INFO] ADCParametersView:116 -                Rank 1 : true
2025-11-07 12:36:10,382 [INFO] ADCParametersView:116 -                Rank 1 : true
2025-11-07 12:36:10,382 [INFO] ADCParametersView:116 -                Rank 1 : true
2025-11-07 12:36:10,382 [INFO] ADCParametersView:116 -                Rank 1 : true
2025-11-07 12:36:10,382 [INFO] ADCParametersView:116 -                Rank 1 : true
2025-11-07 12:36:10,383 [INFO] ADCParametersView:116 -                Rank 1 : true
2025-11-07 12:36:10,383 [INFO] ADCParametersView:116 -                Rank 1 : true
2025-11-07 12:36:10,383 [INFO] ADCParametersView:116 -                Rank 1 : true
2025-11-07 12:36:10,383 [INFO] ADCParametersView:116 -                Rank 1 : true
2025-11-07 12:36:10,383 [INFO] ADCParametersView:116 -                Rank 1 : true
2025-11-07 12:36:10,394 [INFO] ADCParametersView:116 -                Rank 1 : true
2025-11-07 12:36:10,435 [INFO] ADCParametersView:116 -                Rank 1 : true
2025-11-07 12:36:10,441 [INFO] ADCParametersView:116 -                Rank 1 : true
2025-11-07 12:36:10,442 [INFO] ADCParametersView:116 -                Rank 1 : true
2025-11-07 12:36:10,442 [INFO] ADCParametersView:116 -                Rank 1 : true
2025-11-07 12:36:10,442 [INFO] ADCParametersView:116 -                Rank 1 : true
2025-11-07 12:36:10,442 [INFO] ADCParametersView:116 -                Rank 1 : true
2025-11-07 12:36:10,442 [INFO] ADCParametersView:116 -                Rank 1 : true
2025-11-07 12:36:10,442 [INFO] ADCParametersView:116 -                Rank 1 : true
2025-11-07 12:36:10,442 [INFO] ADCParametersView:116 -                Rank 1 : true
2025-11-07 12:36:10,442 [INFO] ADCParametersView:116 -                Rank 1 : true
2025-11-07 12:36:10,449 [INFO] ADCParametersView:116 -                Rank 1 : true
2025-11-07 12:36:10,559 [WARN] IP:2250 - I2C_Coeff_DF not found: check if there is a RefParameter without a condition.
2025-11-07 12:36:10,559 [WARN] IP:2250 - Analog_Filter not found: check if there is a RefParameter without a condition.
2025-11-07 12:36:10,560 [WARN] IP:2250 - I2C_Coeff_DF not found: check if there is a RefParameter without a condition.
2025-11-07 12:36:10,560 [WARN] IP:2250 - Analog_Filter not found: check if there is a RefParameter without a condition.
2025-11-07 12:36:10,563 [WARN] IP:2250 - I2C_Coeff_DF not found: check if there is a RefParameter without a condition.
2025-11-07 12:36:10,563 [WARN] IP:2250 - Analog_Filter not found: check if there is a RefParameter without a condition.
2025-11-07 12:36:10,563 [WARN] IP:2250 - I2C_Coeff_DF not found: check if there is a RefParameter without a condition.
2025-11-07 12:36:10,563 [WARN] IP:2250 - Analog_Filter not found: check if there is a RefParameter without a condition.
2025-11-07 12:36:10,604 [WARN] IP:2250 - I2C_Coeff_DF not found: check if there is a RefParameter without a condition.
2025-11-07 12:36:10,604 [WARN] IP:2250 - Analog_Filter not found: check if there is a RefParameter without a condition.
2025-11-07 12:36:10,606 [WARN] IP:2250 - I2C_Coeff_DF not found: check if there is a RefParameter without a condition.
2025-11-07 12:36:10,607 [WARN] IP:2250 - Analog_Filter not found: check if there is a RefParameter without a condition.
2025-11-07 12:36:10,644 [WARN] IP:2250 - I2C_Coeff_DF not found: check if there is a RefParameter without a condition.
2025-11-07 12:36:10,644 [WARN] IP:2250 - Analog_Filter not found: check if there is a RefParameter without a condition.
2025-11-07 12:36:10,646 [WARN] IP:2250 - I2C_Coeff_DF not found: check if there is a RefParameter without a condition.
2025-11-07 12:36:10,646 [WARN] IP:2250 - Analog_Filter not found: check if there is a RefParameter without a condition.
2025-11-07 12:36:10,667 [INFO] ADCParametersView:116 -                Rank 1 : true
2025-11-07 12:36:10,670 [INFO] ADCParametersView:116 -                Rank 1 : true
2025-11-07 12:36:10,670 [INFO] ADCParametersView:116 -                Rank 1 : true
2025-11-07 12:36:10,670 [INFO] ADCParametersView:116 -                Rank 1 : true
2025-11-07 12:36:10,670 [INFO] ADCParametersView:116 -                Rank 1 : true
2025-11-07 12:36:10,671 [INFO] ADCParametersView:116 -                Rank 1 : true
2025-11-07 12:36:10,671 [INFO] ADCParametersView:116 -                Rank 1 : true
2025-11-07 12:36:10,671 [INFO] ADCParametersView:116 -                Rank 1 : true
2025-11-07 12:36:10,671 [INFO] ADCParametersView:116 -                Rank 1 : true
2025-11-07 12:36:10,671 [INFO] ADCParametersView:116 -                Rank 1 : true
2025-11-07 12:36:10,678 [INFO] ADCParametersView:116 -                Rank 1 : true
2025-11-07 12:36:10,710 [INFO] ADCParametersView:116 -                Rank 1 : true
2025-11-07 12:36:10,712 [INFO] ADCParametersView:116 -                Rank 1 : true
2025-11-07 12:36:10,712 [INFO] ADCParametersView:116 -                Rank 1 : true
2025-11-07 12:36:10,712 [INFO] ADCParametersView:116 -                Rank 1 : true
2025-11-07 12:36:10,712 [INFO] ADCParametersView:116 -                Rank 1 : true
2025-11-07 12:36:10,712 [INFO] ADCParametersView:116 -                Rank 1 : true
2025-11-07 12:36:10,712 [INFO] ADCParametersView:116 -                Rank 1 : true
2025-11-07 12:36:10,712 [INFO] ADCParametersView:116 -                Rank 1 : true
2025-11-07 12:36:10,712 [INFO] ADCParametersView:116 -                Rank 1 : true
2025-11-07 12:36:10,712 [INFO] ADCParametersView:116 -                Rank 1 : true
2025-11-07 12:36:10,717 [INFO] ADCParametersView:116 -                Rank 1 : true
2025-11-07 12:36:14,188 [INFO] ADCParametersView:116 -                Rank 1 : true
2025-11-07 12:36:14,192 [INFO] ADCParametersView:116 -                Rank 1 : true
2025-11-07 12:36:14,193 [INFO] ADCParametersView:116 -                Rank 1 : true
2025-11-07 12:36:14,193 [INFO] ADCParametersView:116 -                Rank 1 : true
2025-11-07 12:36:14,193 [INFO] ADCParametersView:116 -                Rank 1 : true
2025-11-07 12:36:14,193 [INFO] ADCParametersView:116 -                Rank 1 : true
2025-11-07 12:36:14,193 [INFO] ADCParametersView:116 -                Rank 1 : true
2025-11-07 12:36:14,193 [INFO] ADCParametersView:116 -                Rank 1 : true
2025-11-07 12:36:14,193 [INFO] ADCParametersView:116 -                Rank 1 : true
2025-11-07 12:36:14,194 [INFO] ADCParametersView:116 -                Rank 1 : true
2025-11-07 12:36:14,200 [INFO] ADCParametersView:116 -                Rank 1 : true
2025-11-07 12:36:14,226 [INFO] ADCParametersView:116 -                Rank 1 : true
2025-11-07 12:36:14,228 [INFO] ADCParametersView:116 -                Rank 1 : true
2025-11-07 12:36:14,228 [INFO] ADCParametersView:116 -                Rank 1 : true
2025-11-07 12:36:14,228 [INFO] ADCParametersView:116 -                Rank 1 : true
2025-11-07 12:36:14,228 [INFO] ADCParametersView:116 -                Rank 1 : true
2025-11-07 12:36:14,228 [INFO] ADCParametersView:116 -                Rank 1 : true
2025-11-07 12:36:14,228 [INFO] ADCParametersView:116 -                Rank 1 : true
2025-11-07 12:36:14,229 [INFO] ADCParametersView:116 -                Rank 1 : true
2025-11-07 12:36:14,229 [INFO] ADCParametersView:116 -                Rank 1 : true
2025-11-07 12:36:14,229 [INFO] ADCParametersView:116 -                Rank 1 : true
2025-11-07 12:36:14,234 [INFO] ADCParametersView:116 -                Rank 1 : true
2025-11-07 12:36:21,853 [INFO] ADCParametersView:116 -                Rank 1 : true
2025-11-07 12:36:21,856 [INFO] ADCParametersView:116 -                Rank 1 : true
2025-11-07 12:36:21,857 [INFO] ADCParametersView:116 -                Rank 1 : true
2025-11-07 12:36:21,857 [INFO] ADCParametersView:116 -                Rank 1 : true
2025-11-07 12:36:21,857 [INFO] ADCParametersView:116 -                Rank 1 : true
2025-11-07 12:36:21,857 [INFO] ADCParametersView:116 -                Rank 1 : true
2025-11-07 12:36:21,857 [INFO] ADCParametersView:116 -                Rank 1 : true
2025-11-07 12:36:21,857 [INFO] ADCParametersView:116 -                Rank 1 : true
2025-11-07 12:36:21,857 [INFO] ADCParametersView:116 -                Rank 1 : true
2025-11-07 12:36:21,857 [INFO] ADCParametersView:116 -                Rank 1 : true
2025-11-07 12:36:21,863 [INFO] ADCParametersView:116 -                Rank 1 : true
2025-11-07 12:36:21,883 [INFO] ADCParametersView:116 -                Rank 1 : true
2025-11-07 12:36:21,884 [INFO] ADCParametersView:116 -                Rank 1 : true
2025-11-07 12:36:21,884 [INFO] ADCParametersView:116 -                Rank 1 : true
2025-11-07 12:36:21,884 [INFO] ADCParametersView:116 -                Rank 1 : true
2025-11-07 12:36:21,884 [INFO] ADCParametersView:116 -                Rank 1 : true
2025-11-07 12:36:21,884 [INFO] ADCParametersView:116 -                Rank 1 : true
2025-11-07 12:36:21,884 [INFO] ADCParametersView:116 -                Rank 1 : true
2025-11-07 12:36:21,884 [INFO] ADCParametersView:116 -                Rank 1 : true
2025-11-07 12:36:21,884 [INFO] ADCParametersView:116 -                Rank 1 : true
2025-11-07 12:36:21,884 [INFO] ADCParametersView:116 -                Rank 1 : true
2025-11-07 12:36:21,887 [INFO] ADCParametersView:116 -                Rank 1 : true
2025-11-07 12:36:21,945 [INFO] ADCParametersView:116 -                Rank 1 : true
2025-11-07 12:36:21,947 [INFO] ADCParametersView:116 -                Rank 1 : true
2025-11-07 12:36:21,947 [INFO] ADCParametersView:116 -                Rank 1 : true
2025-11-07 12:36:21,947 [INFO] ADCParametersView:116 -                Rank 1 : true
2025-11-07 12:36:21,948 [INFO] ADCParametersView:116 -                Rank 1 : true
2025-11-07 12:36:21,948 [INFO] ADCParametersView:116 -                Rank 1 : true
2025-11-07 12:36:21,948 [INFO] ADCParametersView:116 -                Rank 1 : true
2025-11-07 12:36:21,948 [INFO] ADCParametersView:116 -                Rank 1 : true
2025-11-07 12:36:21,948 [INFO] ADCParametersView:116 -                Rank 1 : true
2025-11-07 12:36:21,948 [INFO] ADCParametersView:116 -                Rank 1 : true
2025-11-07 12:36:21,953 [INFO] ADCParametersView:116 -                Rank 1 : true
2025-11-07 12:36:21,978 [INFO] ADCParametersView:116 -                Rank 1 : true
2025-11-07 12:36:21,980 [INFO] ADCParametersView:116 -                Rank 1 : true
2025-11-07 12:36:21,980 [INFO] ADCParametersView:116 -                Rank 1 : true
2025-11-07 12:36:21,980 [INFO] ADCParametersView:116 -                Rank 1 : true
2025-11-07 12:36:21,980 [INFO] ADCParametersView:116 -                Rank 1 : true
2025-11-07 12:36:21,980 [INFO] ADCParametersView:116 -                Rank 1 : true
2025-11-07 12:36:21,980 [INFO] ADCParametersView:116 -                Rank 1 : true
2025-11-07 12:36:21,980 [INFO] ADCParametersView:116 -                Rank 1 : true
2025-11-07 12:36:21,980 [INFO] ADCParametersView:116 -                Rank 1 : true
2025-11-07 12:36:21,980 [INFO] ADCParametersView:116 -                Rank 1 : true
2025-11-07 12:36:21,985 [INFO] ADCParametersView:116 -                Rank 1 : true
2025-11-07 12:36:22,061 [WARN] IP:2250 - I2C_Coeff_DF not found: check if there is a RefParameter without a condition.
2025-11-07 12:36:22,061 [WARN] IP:2250 - Analog_Filter not found: check if there is a RefParameter without a condition.
2025-11-07 12:36:22,061 [WARN] IP:2250 - I2C_Coeff_DF not found: check if there is a RefParameter without a condition.
2025-11-07 12:36:22,061 [WARN] IP:2250 - Analog_Filter not found: check if there is a RefParameter without a condition.
2025-11-07 12:36:22,063 [WARN] IP:2250 - I2C_Coeff_DF not found: check if there is a RefParameter without a condition.
2025-11-07 12:36:22,063 [WARN] IP:2250 - Analog_Filter not found: check if there is a RefParameter without a condition.
2025-11-07 12:36:22,063 [WARN] IP:2250 - I2C_Coeff_DF not found: check if there is a RefParameter without a condition.
2025-11-07 12:36:22,063 [WARN] IP:2250 - Analog_Filter not found: check if there is a RefParameter without a condition.
2025-11-07 12:36:22,094 [WARN] IP:2250 - I2C_Coeff_DF not found: check if there is a RefParameter without a condition.
2025-11-07 12:36:22,094 [WARN] IP:2250 - Analog_Filter not found: check if there is a RefParameter without a condition.
2025-11-07 12:36:22,095 [WARN] IP:2250 - I2C_Coeff_DF not found: check if there is a RefParameter without a condition.
2025-11-07 12:36:22,095 [WARN] IP:2250 - Analog_Filter not found: check if there is a RefParameter without a condition.
2025-11-07 12:36:22,127 [WARN] IP:2250 - I2C_Coeff_DF not found: check if there is a RefParameter without a condition.
2025-11-07 12:36:22,128 [WARN] IP:2250 - Analog_Filter not found: check if there is a RefParameter without a condition.
2025-11-07 12:36:22,129 [WARN] IP:2250 - I2C_Coeff_DF not found: check if there is a RefParameter without a condition.
2025-11-07 12:36:22,130 [WARN] IP:2250 - Analog_Filter not found: check if there is a RefParameter without a condition.
2025-11-07 12:36:22,151 [INFO] ADCParametersView:116 -                Rank 1 : true
2025-11-07 12:36:22,154 [INFO] ADCParametersView:116 -                Rank 1 : true
2025-11-07 12:36:22,154 [INFO] ADCParametersView:116 -                Rank 1 : true
2025-11-07 12:36:22,154 [INFO] ADCParametersView:116 -                Rank 1 : true
2025-11-07 12:36:22,154 [INFO] ADCParametersView:116 -                Rank 1 : true
2025-11-07 12:36:22,154 [INFO] ADCParametersView:116 -                Rank 1 : true
2025-11-07 12:36:22,154 [INFO] ADCParametersView:116 -                Rank 1 : true
2025-11-07 12:36:22,154 [INFO] ADCParametersView:116 -                Rank 1 : true
2025-11-07 12:36:22,154 [INFO] ADCParametersView:116 -                Rank 1 : true
2025-11-07 12:36:22,155 [INFO] ADCParametersView:116 -                Rank 1 : true
2025-11-07 12:36:22,161 [INFO] ADCParametersView:116 -                Rank 1 : true
2025-11-07 12:36:22,186 [INFO] ADCParametersView:116 -                Rank 1 : true
2025-11-07 12:36:22,188 [INFO] ADCParametersView:116 -                Rank 1 : true
2025-11-07 12:36:22,188 [INFO] ADCParametersView:116 -                Rank 1 : true
2025-11-07 12:36:22,188 [INFO] ADCParametersView:116 -                Rank 1 : true
2025-11-07 12:36:22,188 [INFO] ADCParametersView:116 -                Rank 1 : true
2025-11-07 12:36:22,188 [INFO] ADCParametersView:116 -                Rank 1 : true
2025-11-07 12:36:22,188 [INFO] ADCParametersView:116 -                Rank 1 : true
2025-11-07 12:36:22,188 [INFO] ADCParametersView:116 -                Rank 1 : true
2025-11-07 12:36:22,188 [INFO] ADCParametersView:116 -                Rank 1 : true
2025-11-07 12:36:22,188 [INFO] ADCParametersView:116 -                Rank 1 : true
2025-11-07 12:36:22,194 [INFO] ADCParametersView:116 -                Rank 1 : true
2025-11-07 12:36:24,751 [INFO] ADCParametersView:116 -                Rank 1 : true
2025-11-07 12:36:24,753 [INFO] ADCParametersView:116 -                Rank 1 : true
2025-11-07 12:36:24,753 [INFO] ADCParametersView:116 -                Rank 1 : true
2025-11-07 12:36:24,753 [INFO] ADCParametersView:116 -                Rank 1 : true
2025-11-07 12:36:24,753 [INFO] ADCParametersView:116 -                Rank 1 : true
2025-11-07 12:36:24,753 [INFO] ADCParametersView:116 -                Rank 1 : true
2025-11-07 12:36:24,753 [INFO] ADCParametersView:116 -                Rank 1 : true
2025-11-07 12:36:24,753 [INFO] ADCParametersView:116 -                Rank 1 : true
2025-11-07 12:36:24,753 [INFO] ADCParametersView:116 -                Rank 1 : true
2025-11-07 12:36:24,753 [INFO] ADCParametersView:116 -                Rank 1 : true
2025-11-07 12:36:24,757 [INFO] ADCParametersView:116 -                Rank 1 : true
2025-11-07 12:36:24,772 [INFO] ADCParametersView:116 -                Rank 1 : true
2025-11-07 12:36:24,773 [INFO] ADCParametersView:116 -                Rank 1 : true
2025-11-07 12:36:24,773 [INFO] ADCParametersView:116 -                Rank 1 : true
2025-11-07 12:36:24,773 [INFO] ADCParametersView:116 -                Rank 1 : true
2025-11-07 12:36:24,773 [INFO] ADCParametersView:116 -                Rank 1 : true
2025-11-07 12:36:24,773 [INFO] ADCParametersView:116 -                Rank 1 : true
2025-11-07 12:36:24,773 [INFO] ADCParametersView:116 -                Rank 1 : true
2025-11-07 12:36:24,773 [INFO] ADCParametersView:116 -                Rank 1 : true
2025-11-07 12:36:24,773 [INFO] ADCParametersView:116 -                Rank 1 : true
2025-11-07 12:36:24,773 [INFO] ADCParametersView:116 -                Rank 1 : true
2025-11-07 12:36:24,776 [INFO] ADCParametersView:116 -                Rank 1 : true
2025-11-07 12:36:24,820 [INFO] ADCParametersView:116 -                Rank 1 : true
2025-11-07 12:36:24,822 [INFO] ADCParametersView:116 -                Rank 1 : true
2025-11-07 12:36:24,822 [INFO] ADCParametersView:116 -                Rank 1 : true
2025-11-07 12:36:24,822 [INFO] ADCParametersView:116 -                Rank 1 : true
2025-11-07 12:36:24,822 [INFO] ADCParametersView:116 -                Rank 1 : true
2025-11-07 12:36:24,822 [INFO] ADCParametersView:116 -                Rank 1 : true
2025-11-07 12:36:24,822 [INFO] ADCParametersView:116 -                Rank 1 : true
2025-11-07 12:36:24,822 [INFO] ADCParametersView:116 -                Rank 1 : true
2025-11-07 12:36:24,822 [INFO] ADCParametersView:116 -                Rank 1 : true
2025-11-07 12:36:24,822 [INFO] ADCParametersView:116 -                Rank 1 : true
2025-11-07 12:36:24,827 [INFO] ADCParametersView:116 -                Rank 1 : true
2025-11-07 12:36:24,849 [INFO] ADCParametersView:116 -                Rank 1 : true
2025-11-07 12:36:24,851 [INFO] ADCParametersView:116 -                Rank 1 : true
2025-11-07 12:36:24,851 [INFO] ADCParametersView:116 -                Rank 1 : true
2025-11-07 12:36:24,851 [INFO] ADCParametersView:116 -                Rank 1 : true
2025-11-07 12:36:24,851 [INFO] ADCParametersView:116 -                Rank 1 : true
2025-11-07 12:36:24,851 [INFO] ADCParametersView:116 -                Rank 1 : true
2025-11-07 12:36:24,851 [INFO] ADCParametersView:116 -                Rank 1 : true
2025-11-07 12:36:24,851 [INFO] ADCParametersView:116 -                Rank 1 : true
2025-11-07 12:36:24,851 [INFO] ADCParametersView:116 -                Rank 1 : true
2025-11-07 12:36:24,851 [INFO] ADCParametersView:116 -                Rank 1 : true
2025-11-07 12:36:24,854 [INFO] ADCParametersView:116 -                Rank 1 : true
2025-11-07 12:36:24,927 [WARN] IP:2250 - I2C_Coeff_DF not found: check if there is a RefParameter without a condition.
2025-11-07 12:36:24,927 [WARN] IP:2250 - Analog_Filter not found: check if there is a RefParameter without a condition.
2025-11-07 12:36:24,928 [WARN] IP:2250 - I2C_Coeff_DF not found: check if there is a RefParameter without a condition.
2025-11-07 12:36:24,928 [WARN] IP:2250 - Analog_Filter not found: check if there is a RefParameter without a condition.
2025-11-07 12:36:24,929 [WARN] IP:2250 - I2C_Coeff_DF not found: check if there is a RefParameter without a condition.
2025-11-07 12:36:24,929 [WARN] IP:2250 - Analog_Filter not found: check if there is a RefParameter without a condition.
2025-11-07 12:36:24,929 [WARN] IP:2250 - I2C_Coeff_DF not found: check if there is a RefParameter without a condition.
2025-11-07 12:36:24,929 [WARN] IP:2250 - Analog_Filter not found: check if there is a RefParameter without a condition.
2025-11-07 12:36:24,956 [WARN] IP:2250 - I2C_Coeff_DF not found: check if there is a RefParameter without a condition.
2025-11-07 12:36:24,956 [WARN] IP:2250 - Analog_Filter not found: check if there is a RefParameter without a condition.
2025-11-07 12:36:24,959 [WARN] IP:2250 - I2C_Coeff_DF not found: check if there is a RefParameter without a condition.
2025-11-07 12:36:24,959 [WARN] IP:2250 - Analog_Filter not found: check if there is a RefParameter without a condition.
2025-11-07 12:36:24,983 [WARN] IP:2250 - I2C_Coeff_DF not found: check if there is a RefParameter without a condition.
2025-11-07 12:36:24,983 [WARN] IP:2250 - Analog_Filter not found: check if there is a RefParameter without a condition.
2025-11-07 12:36:24,988 [WARN] IP:2250 - I2C_Coeff_DF not found: check if there is a RefParameter without a condition.
2025-11-07 12:36:24,988 [WARN] IP:2250 - Analog_Filter not found: check if there is a RefParameter without a condition.
2025-11-07 12:36:25,005 [INFO] ADCParametersView:116 -                Rank 1 : true
2025-11-07 12:36:25,009 [INFO] ADCParametersView:116 -                Rank 1 : true
2025-11-07 12:36:25,009 [INFO] ADCParametersView:116 -                Rank 1 : true
2025-11-07 12:36:25,009 [INFO] ADCParametersView:116 -                Rank 1 : true
2025-11-07 12:36:25,009 [INFO] ADCParametersView:116 -                Rank 1 : true
2025-11-07 12:36:25,010 [INFO] ADCParametersView:116 -                Rank 1 : true
2025-11-07 12:36:25,010 [INFO] ADCParametersView:116 -                Rank 1 : true
2025-11-07 12:36:25,010 [INFO] ADCParametersView:116 -                Rank 1 : true
2025-11-07 12:36:25,010 [INFO] ADCParametersView:116 -                Rank 1 : true
2025-11-07 12:36:25,010 [INFO] ADCParametersView:116 -                Rank 1 : true
2025-11-07 12:36:25,014 [INFO] ADCParametersView:116 -                Rank 1 : true
2025-11-07 12:36:25,034 [INFO] ADCParametersView:116 -                Rank 1 : true
2025-11-07 12:36:25,035 [INFO] ADCParametersView:116 -                Rank 1 : true
2025-11-07 12:36:25,035 [INFO] ADCParametersView:116 -                Rank 1 : true
2025-11-07 12:36:25,035 [INFO] ADCParametersView:116 -                Rank 1 : true
2025-11-07 12:36:25,035 [INFO] ADCParametersView:116 -                Rank 1 : true
2025-11-07 12:36:25,035 [INFO] ADCParametersView:116 -                Rank 1 : true
2025-11-07 12:36:25,035 [INFO] ADCParametersView:116 -                Rank 1 : true
2025-11-07 12:36:25,035 [INFO] ADCParametersView:116 -                Rank 1 : true
2025-11-07 12:36:25,035 [INFO] ADCParametersView:116 -                Rank 1 : true
2025-11-07 12:36:25,035 [INFO] ADCParametersView:116 -                Rank 1 : true
2025-11-07 12:36:25,041 [INFO] ADCParametersView:116 -                Rank 1 : true
2025-11-07 12:36:42,252 [INFO] Gpio:278 - dependency for GPIO [ADC1, ADC2, I2C1, I2C2, RCC, SYS]
2025-11-07 12:37:08,637 [INFO] UtilMem:75 - End SaveConfig() Used Memory: 448349208 Bytes (655360000)
2025-11-07 12:37:10,109 [INFO] UtilMem:75 - End SaveConfig() Used Memory: 274354864 Bytes (655360000)
2025-11-07 12:37:14,089 [INFO] UtilMem:75 - End SaveConfig() Used Memory: 393410536 Bytes (655360000)
2025-11-07 12:37:14,472 [INFO] BlockDiagram:2775 - set Specific Code input for plugin: NVIC
2025-11-07 12:37:14,472 [INFO] BlockDiagram:2775 - set Specific Code input for plugin: FREERTOS
2025-11-07 12:37:14,472 [INFO] BlockDiagram:2775 - set Specific Code input for plugin: IWDG
2025-11-07 12:37:14,472 [INFO] BlockDiagram:2775 - set Specific Code input for plugin: DMA
2025-11-07 12:37:14,472 [INFO] BlockDiagram:2775 - set Specific Code input for plugin: ADC
2025-11-07 12:37:14,472 [INFO] BlockDiagram:2775 - set Specific Code input for plugin: SYS
2025-11-07 12:37:14,473 [INFO] BlockDiagram:2775 - set Specific Code input for plugin: GPIO
2025-11-07 12:37:14,473 [INFO] BlockDiagram:2775 - set Specific Code input for plugin: ADC
2025-11-07 12:37:14,473 [INFO] BlockDiagram:2775 - set Specific Code input for plugin: RCC
2025-11-07 12:37:14,473 [INFO] BlockDiagram:2775 - set Specific Code input for plugin: I2C
2025-11-07 12:37:14,473 [INFO] BlockDiagram:2775 - set Specific Code input for plugin: I2C
2025-11-07 12:37:14,474 [INFO] CodeGenerator:892 - code generatio: config db path: C:\ST\STM32CubeIDE_1.19.0\STM32CubeIDE\plugins\com.st.stm32cube.common.mx_6.15.0.202507011659\\db\
2025-11-07 12:37:14,481 [INFO] Argument:325 - Argument : hdmavalue: null
2025-11-07 12:37:14,481 [INFO] Argument:327 - 	 sub Args: 
2025-11-07 12:37:14,481 [INFO] Argument:325 - Argument : Instancevalue: DMA1_Channel1
2025-11-07 12:37:14,481 [INFO] Argument:335 - Argument : Instancevalue: DMA1_Channel1
2025-11-07 12:37:14,481 [INFO] Argument:325 - Argument : Initvalue: null
2025-11-07 12:37:14,481 [INFO] Argument:327 - 	 sub Args: 
2025-11-07 12:37:14,481 [INFO] Argument:325 - Argument : Directionvalue: DMA_PERIPH_TO_MEMORY
2025-11-07 12:37:14,481 [INFO] Argument:335 - Argument : Directionvalue: DMA_PERIPH_TO_MEMORY
2025-11-07 12:37:14,481 [INFO] Argument:325 - Argument : PeriphIncvalue: DMA_PINC_DISABLE
2025-11-07 12:37:14,481 [INFO] Argument:335 - Argument : PeriphIncvalue: DMA_PINC_DISABLE
2025-11-07 12:37:14,481 [INFO] Argument:325 - Argument : MemIncvalue: DMA_MINC_ENABLE
2025-11-07 12:37:14,481 [INFO] Argument:335 - Argument : MemIncvalue: DMA_MINC_ENABLE
2025-11-07 12:37:14,482 [INFO] Argument:325 - Argument : PeriphDataAlignmentvalue: DMA_PDATAALIGN_HALFWORD
2025-11-07 12:37:14,482 [INFO] Argument:335 - Argument : PeriphDataAlignmentvalue: DMA_PDATAALIGN_HALFWORD
2025-11-07 12:37:14,482 [INFO] Argument:325 - Argument : MemDataAlignmentvalue: DMA_MDATAALIGN_HALFWORD
2025-11-07 12:37:14,482 [INFO] Argument:335 - Argument : MemDataAlignmentvalue: DMA_MDATAALIGN_HALFWORD
2025-11-07 12:37:14,482 [INFO] Argument:325 - Argument : Modevalue: DMA_CIRCULAR
2025-11-07 12:37:14,482 [INFO] Argument:335 - Argument : Modevalue: DMA_CIRCULAR
2025-11-07 12:37:14,482 [INFO] Argument:325 - Argument : Priorityvalue: DMA_PRIORITY_LOW
2025-11-07 12:37:14,482 [INFO] Argument:335 - Argument : Priorityvalue: DMA_PRIORITY_LOW
2025-11-07 12:37:14,482 [INFO] Argument:325 - Argument : Lockvalue: null
2025-11-07 12:37:14,482 [INFO] Argument:335 - Argument : Lockvalue: null
2025-11-07 12:37:14,482 [INFO] Argument:325 - Argument : Statevalue: null
2025-11-07 12:37:14,482 [INFO] Argument:335 - Argument : Statevalue: null
2025-11-07 12:37:14,482 [INFO] Argument:325 - Argument : Parentvalue: null
2025-11-07 12:37:14,482 [INFO] Argument:335 - Argument : Parentvalue: null
2025-11-07 12:37:14,482 [INFO] Argument:325 - Argument : XferCpltCallbackvalue: null
2025-11-07 12:37:14,482 [INFO] Argument:335 - Argument : XferCpltCallbackvalue: null
2025-11-07 12:37:14,482 [INFO] Argument:325 - Argument : XferHalfCpltCallbackvalue: null
2025-11-07 12:37:14,482 [INFO] Argument:335 - Argument : XferHalfCpltCallbackvalue: null
2025-11-07 12:37:14,482 [INFO] Argument:325 - Argument : XferErrorCallbackvalue: null
2025-11-07 12:37:14,482 [INFO] Argument:335 - Argument : XferErrorCallbackvalue: null
2025-11-07 12:37:14,482 [INFO] Argument:325 - Argument : ErrorCodevalue: null
2025-11-07 12:37:14,482 [INFO] Argument:335 - Argument : ErrorCodevalue: null
2025-11-07 12:37:14,488 [WARN] IP:2250 - I2C_Coeff_DF not found: check if there is a RefParameter without a condition.
2025-11-07 12:37:14,488 [WARN] IP:2250 - Analog_Filter not found: check if there is a RefParameter without a condition.
2025-11-07 12:37:14,488 [WARN] IP:2250 - I2C_Coeff_DF not found: check if there is a RefParameter without a condition.
2025-11-07 12:37:14,489 [WARN] IP:2250 - Analog_Filter not found: check if there is a RefParameter without a condition.
2025-11-07 12:37:14,602 [INFO] CodeEngine:265 - oldGeneratedFile, C:\Users\USER\STM32CubeIDE\workspace_1.19.0\Hip-Pro_Hardware_V1.2\HardwareV1.2\MXTmpFiles\license.tmp_save
2025-11-07 12:37:14,730 [INFO] CodeEngine:289 - Generated code: C:\Users\USER\STM32CubeIDE\workspace_1.19.0\Hip-Pro_Hardware_V1.2\HardwareV1.2\MXTmpFiles\license.tmp
2025-11-07 12:37:14,788 [INFO] CodeEngine:265 - oldGeneratedFile, C:\Users\USER\STM32CubeIDE\workspace_1.19.0\Hip-Pro_Hardware_V1.2\HardwareV1.2\MXTmpFiles\gpio.tmp_save
2025-11-07 12:37:14,874 [INFO] CodeEngine:289 - Generated code: C:\Users\USER\STM32CubeIDE\workspace_1.19.0\Hip-Pro_Hardware_V1.2\HardwareV1.2\MXTmpFiles\gpio.tmp
2025-11-07 12:37:15,179 [INFO] Middleware:1452 - No code input for Bsp Dependency
2025-11-07 12:37:15,189 [INFO] CodeEngine:265 - oldGeneratedFile, C:\Users\USER\STM32CubeIDE\workspace_1.19.0\Hip-Pro_Hardware_V1.2\HardwareV1.2\MXTmpFiles\rtos_inc.tmp_save
2025-11-07 12:37:15,259 [INFO] CodeEngine:289 - Generated code: C:\Users\USER\STM32CubeIDE\workspace_1.19.0\Hip-Pro_Hardware_V1.2\HardwareV1.2\MXTmpFiles\rtos_inc.tmp
2025-11-07 12:37:15,265 [INFO] CodeEngine:265 - oldGeneratedFile, C:\Users\USER\STM32CubeIDE\workspace_1.19.0\Hip-Pro_Hardware_V1.2\HardwareV1.2\MXTmpFiles\rtos_vars.tmp_save
2025-11-07 12:37:15,334 [INFO] CodeEngine:289 - Generated code: C:\Users\USER\STM32CubeIDE\workspace_1.19.0\Hip-Pro_Hardware_V1.2\HardwareV1.2\MXTmpFiles\rtos_vars.tmp
2025-11-07 12:37:15,339 [INFO] CodeEngine:265 - oldGeneratedFile, C:\Users\USER\STM32CubeIDE\workspace_1.19.0\Hip-Pro_Hardware_V1.2\HardwareV1.2\MXTmpFiles\rtos_pfp.tmp_save
2025-11-07 12:37:15,398 [INFO] CodeEngine:289 - Generated code: C:\Users\USER\STM32CubeIDE\workspace_1.19.0\Hip-Pro_Hardware_V1.2\HardwareV1.2\MXTmpFiles\rtos_pfp.tmp
2025-11-07 12:37:15,403 [INFO] CodeEngine:265 - oldGeneratedFile, C:\Users\USER\STM32CubeIDE\workspace_1.19.0\Hip-Pro_Hardware_V1.2\HardwareV1.2\MXTmpFiles\rtos_obj_creat.tmp_save
2025-11-07 12:37:15,466 [INFO] CodeEngine:289 - Generated code: C:\Users\USER\STM32CubeIDE\workspace_1.19.0\Hip-Pro_Hardware_V1.2\HardwareV1.2\MXTmpFiles\rtos_obj_creat.tmp
2025-11-07 12:37:15,471 [INFO] CodeEngine:265 - oldGeneratedFile, C:\Users\USER\STM32CubeIDE\workspace_1.19.0\Hip-Pro_Hardware_V1.2\HardwareV1.2\MXTmpFiles\rtos_kernelStart.tmp_save
2025-11-07 12:37:15,532 [INFO] CodeEngine:289 - Generated code: C:\Users\USER\STM32CubeIDE\workspace_1.19.0\Hip-Pro_Hardware_V1.2\HardwareV1.2\MXTmpFiles\rtos_kernelStart.tmp
2025-11-07 12:37:15,538 [INFO] CodeEngine:265 - oldGeneratedFile, C:\Users\USER\STM32CubeIDE\workspace_1.19.0\Hip-Pro_Hardware_V1.2\HardwareV1.2\MXTmpFiles\rtos_default_thread.tmp_save
2025-11-07 12:37:15,602 [INFO] CodeEngine:289 - Generated code: C:\Users\USER\STM32CubeIDE\workspace_1.19.0\Hip-Pro_Hardware_V1.2\HardwareV1.2\MXTmpFiles\rtos_default_thread.tmp
2025-11-07 12:37:15,607 [INFO] CodeEngine:265 - oldGeneratedFile, C:\Users\USER\STM32CubeIDE\workspace_1.19.0\Hip-Pro_Hardware_V1.2\HardwareV1.2\MXTmpFiles\rtos_threads.tmp_save
2025-11-07 12:37:15,668 [INFO] CodeEngine:289 - Generated code: C:\Users\USER\STM32CubeIDE\workspace_1.19.0\Hip-Pro_Hardware_V1.2\HardwareV1.2\MXTmpFiles\rtos_threads.tmp
2025-11-07 12:37:15,691 [INFO] Middleware:1452 - No code input for Bsp Dependency
2025-11-07 12:37:15,704 [INFO] CodeEngine:265 - oldGeneratedFile, C:\Users\USER\STM32CubeIDE\workspace_1.19.0\Hip-Pro_Hardware_V1.2\HardwareV1.2\MXTmpFiles\rtos_inc.tmp_save
2025-11-07 12:37:15,767 [INFO] CodeEngine:289 - Generated code: C:\Users\USER\STM32CubeIDE\workspace_1.19.0\Hip-Pro_Hardware_V1.2\HardwareV1.2\MXTmpFiles\rtos_inc.tmp
2025-11-07 12:37:15,773 [INFO] CodeEngine:265 - oldGeneratedFile, C:\Users\USER\STM32CubeIDE\workspace_1.19.0\Hip-Pro_Hardware_V1.2\HardwareV1.2\MXTmpFiles\rtos_vars.tmp_save
2025-11-07 12:37:15,832 [INFO] CodeEngine:289 - Generated code: C:\Users\USER\STM32CubeIDE\workspace_1.19.0\Hip-Pro_Hardware_V1.2\HardwareV1.2\MXTmpFiles\rtos_vars.tmp
2025-11-07 12:37:15,837 [INFO] CodeEngine:265 - oldGeneratedFile, C:\Users\USER\STM32CubeIDE\workspace_1.19.0\Hip-Pro_Hardware_V1.2\HardwareV1.2\MXTmpFiles\rtos_pfp.tmp_save
2025-11-07 12:37:15,896 [INFO] CodeEngine:289 - Generated code: C:\Users\USER\STM32CubeIDE\workspace_1.19.0\Hip-Pro_Hardware_V1.2\HardwareV1.2\MXTmpFiles\rtos_pfp.tmp
2025-11-07 12:37:15,902 [INFO] CodeEngine:265 - oldGeneratedFile, C:\Users\USER\STM32CubeIDE\workspace_1.19.0\Hip-Pro_Hardware_V1.2\HardwareV1.2\MXTmpFiles\rtos_obj_creat.tmp_save
2025-11-07 12:37:15,956 [INFO] CodeEngine:289 - Generated code: C:\Users\USER\STM32CubeIDE\workspace_1.19.0\Hip-Pro_Hardware_V1.2\HardwareV1.2\MXTmpFiles\rtos_obj_creat.tmp
2025-11-07 12:37:15,965 [INFO] CodeEngine:265 - oldGeneratedFile, C:\Users\USER\STM32CubeIDE\workspace_1.19.0\Hip-Pro_Hardware_V1.2\HardwareV1.2\MXTmpFiles\rtos_kernelStart.tmp_save
2025-11-07 12:37:16,022 [INFO] CodeEngine:289 - Generated code: C:\Users\USER\STM32CubeIDE\workspace_1.19.0\Hip-Pro_Hardware_V1.2\HardwareV1.2\MXTmpFiles\rtos_kernelStart.tmp
2025-11-07 12:37:16,030 [INFO] CodeEngine:265 - oldGeneratedFile, C:\Users\USER\STM32CubeIDE\workspace_1.19.0\Hip-Pro_Hardware_V1.2\HardwareV1.2\MXTmpFiles\rtos_default_thread.tmp_save
2025-11-07 12:37:16,087 [INFO] CodeEngine:289 - Generated code: C:\Users\USER\STM32CubeIDE\workspace_1.19.0\Hip-Pro_Hardware_V1.2\HardwareV1.2\MXTmpFiles\rtos_default_thread.tmp
2025-11-07 12:37:16,095 [INFO] CodeEngine:265 - oldGeneratedFile, C:\Users\USER\STM32CubeIDE\workspace_1.19.0\Hip-Pro_Hardware_V1.2\HardwareV1.2\MXTmpFiles\rtos_threads.tmp_save
2025-11-07 12:37:16,152 [INFO] CodeEngine:289 - Generated code: C:\Users\USER\STM32CubeIDE\workspace_1.19.0\Hip-Pro_Hardware_V1.2\HardwareV1.2\MXTmpFiles\rtos_threads.tmp
2025-11-07 12:37:16,159 [INFO] CodeEngine:265 - oldGeneratedFile, C:\Users\USER\STM32CubeIDE\workspace_1.19.0\Hip-Pro_Hardware_V1.2\HardwareV1.2\Core\Inc\FreeRTOSConfig.h_save
2025-11-07 12:37:16,232 [INFO] CodeEngine:289 - Generated code: C:\Users\USER\STM32CubeIDE\workspace_1.19.0\Hip-Pro_Hardware_V1.2\HardwareV1.2\Core\Inc\FreeRTOSConfig.h
2025-11-07 12:37:16,238 [INFO] CodeEngine:265 - oldGeneratedFile, C:\Users\USER\STM32CubeIDE\workspace_1.19.0\Hip-Pro_Hardware_V1.2\HardwareV1.2\Core\Src\freertos.c_save
2025-11-07 12:37:16,302 [INFO] CodeEngine:289 - Generated code: C:\Users\USER\STM32CubeIDE\workspace_1.19.0\Hip-Pro_Hardware_V1.2\HardwareV1.2\Core\Src\freertos.c
2025-11-07 12:37:16,319 [INFO] CodeEngine:265 - oldGeneratedFile, C:\Users\USER\STM32CubeIDE\workspace_1.19.0\Hip-Pro_Hardware_V1.2\HardwareV1.2\MXTmpFiles\dma.tmp_save
2025-11-07 12:37:16,370 [INFO] CodeEngine:289 - Generated code: C:\Users\USER\STM32CubeIDE\workspace_1.19.0\Hip-Pro_Hardware_V1.2\HardwareV1.2\MXTmpFiles\dma.tmp
2025-11-07 12:37:16,374 [INFO] CodeEngine:265 - oldGeneratedFile, C:\Users\USER\STM32CubeIDE\workspace_1.19.0\Hip-Pro_Hardware_V1.2\HardwareV1.2\MXTmpFiles\dma_GV.tmp_save
2025-11-07 12:37:16,421 [INFO] CodeEngine:289 - Generated code: C:\Users\USER\STM32CubeIDE\workspace_1.19.0\Hip-Pro_Hardware_V1.2\HardwareV1.2\MXTmpFiles\dma_GV.tmp
2025-11-07 12:37:16,432 [INFO] CodeEngine:265 - oldGeneratedFile, C:\Users\USER\STM32CubeIDE\workspace_1.19.0\Hip-Pro_Hardware_V1.2\HardwareV1.2\Core\Src\stm32f1xx_it.c_save
2025-11-07 12:37:16,497 [INFO] CodeEngine:289 - Generated code: C:\Users\USER\STM32CubeIDE\workspace_1.19.0\Hip-Pro_Hardware_V1.2\HardwareV1.2\Core\Src\stm32f1xx_it.c
2025-11-07 12:37:16,503 [INFO] CodeEngine:265 - oldGeneratedFile, C:\Users\USER\STM32CubeIDE\workspace_1.19.0\Hip-Pro_Hardware_V1.2\HardwareV1.2\Core\Inc\stm32f1xx_it.h_save
2025-11-07 12:37:16,555 [INFO] CodeEngine:289 - Generated code: C:\Users\USER\STM32CubeIDE\workspace_1.19.0\Hip-Pro_Hardware_V1.2\HardwareV1.2\Core\Inc\stm32f1xx_it.h
2025-11-07 12:37:16,568 [INFO] CodeEngine:265 - oldGeneratedFile, C:\Users\USER\STM32CubeIDE\workspace_1.19.0\Hip-Pro_Hardware_V1.2\HardwareV1.2\Core\Src\stm32f1xx_hal_msp.c_save
2025-11-07 12:37:16,653 [INFO] CodeEngine:289 - Generated code: C:\Users\USER\STM32CubeIDE\workspace_1.19.0\Hip-Pro_Hardware_V1.2\HardwareV1.2\Core\Src\stm32f1xx_hal_msp.c
2025-11-07 12:37:16,657 [INFO] CodeEngine:265 - oldGeneratedFile, C:\Users\USER\STM32CubeIDE\workspace_1.19.0\Hip-Pro_Hardware_V1.2\HardwareV1.2\MXTmpFiles\system.tmp_save
2025-11-07 12:37:16,707 [INFO] CodeEngine:289 - Generated code: C:\Users\USER\STM32CubeIDE\workspace_1.19.0\Hip-Pro_Hardware_V1.2\HardwareV1.2\MXTmpFiles\system.tmp
2025-11-07 12:37:16,713 [INFO] CodeEngine:265 - oldGeneratedFile, C:\Users\USER\STM32CubeIDE\workspace_1.19.0\Hip-Pro_Hardware_V1.2\HardwareV1.2\Core\Src\stm32f1xx_hal_timebase_tim.c_save
2025-11-07 12:37:16,767 [INFO] CodeEngine:289 - Generated code: C:\Users\USER\STM32CubeIDE\workspace_1.19.0\Hip-Pro_Hardware_V1.2\HardwareV1.2\Core\Src\stm32f1xx_hal_timebase_tim.c
2025-11-07 12:37:16,776 [INFO] CodeEngine:321 - oldGeneratedFile, C:\Users\USER\STM32CubeIDE\workspace_1.19.0\Hip-Pro_Hardware_V1.2\HardwareV1.2\Core\Inc\stm32f1xx_hal_conf.h_save
2025-11-07 12:37:16,832 [INFO] CodeEngine:345 - Generated code: C:\Users\USER\STM32CubeIDE\workspace_1.19.0\Hip-Pro_Hardware_V1.2\HardwareV1.2\Core\Inc\stm32f1xx_hal_conf.h
2025-11-07 12:37:16,859 [INFO] CodeEngine:265 - oldGeneratedFile, C:\Users\USER\STM32CubeIDE\workspace_1.19.0\Hip-Pro_Hardware_V1.2\HardwareV1.2\Core\Inc\main.h_save
2025-11-07 12:37:16,916 [INFO] CodeEngine:289 - Generated code: C:\Users\USER\STM32CubeIDE\workspace_1.19.0\Hip-Pro_Hardware_V1.2\HardwareV1.2\Core\Inc\main.h
2025-11-07 12:37:16,922 [INFO] CodeEngine:265 - oldGeneratedFile, C:\Users\USER\STM32CubeIDE\workspace_1.19.0\Hip-Pro_Hardware_V1.2\HardwareV1.2\Core\Src\main.c_save
2025-11-07 12:37:17,042 [INFO] CodeEngine:289 - Generated code: C:\Users\USER\STM32CubeIDE\workspace_1.19.0\Hip-Pro_Hardware_V1.2\HardwareV1.2\Core\Src\main.c
2025-11-07 12:37:17,403 [INFO] ProjectBuilder:3606 - Time for Copy HAL[1] : 159mS.
2025-11-07 12:37:17,407 [INFO] ProjectBuilder:5216 - Project Generator version: 4.7.0-B52
2025-11-07 12:37:17,473 [INFO] ConfigFileManager:1595 - The Die is : DIE414
2025-11-07 12:37:18,717 [INFO] ProjectBuilder:5496 - Time for Generating toolchain IDE Files: 1309mS.
2025-11-07 12:37:18,717 [INFO] ProjectBuilder:3463 - Time for Copy CMSIS : 0mS.
2025-11-07 12:37:18,723 [INFO] ProjectBuilder:3463 - Time for Copy CMSIS : 0mS.
2025-11-07 12:45:58,217 [INFO] Gpio:278 - dependency for GPIO [ADC1, ADC2, I2C1, I2C2, RCC, SYS]
2025-11-07 12:45:58,294 [INFO] Gpio:278 - dependency for GPIO [ADC1, ADC2, I2C1, I2C2, RCC, SYS]
2025-11-07 12:45:58,431 [INFO] NvicIntPanel:101 - NVIC parent = com.st.microxplorer.plugins.ip.nvic.MultiNvicIntPanel[,0,0,0x0,invalid,layout=javax.swing.BoxLayout,alignmentX=0.0,alignmentY=0.0,border=,flags=9,maximumSize=,minimumSize=,preferredSize=]
2025-11-07 12:45:58,555 [INFO] Gpio:278 - dependency for GPIO [ADC1, ADC2, I2C1, I2C2, RCC, SYS]
2025-11-07 12:45:58,644 [INFO] NvicIntPanel:101 - NVIC parent = com.st.microxplorer.plugins.ip.nvic.MultiNvicIntPanel[,0,0,0x0,invalid,layout=javax.swing.BoxLayout,alignmentX=0.0,alignmentY=0.0,border=,flags=9,maximumSize=,minimumSize=,preferredSize=]
2025-11-07 12:45:58,733 [INFO] Gpio:278 - dependency for GPIO [ADC1, ADC2, I2C1, I2C2, RCC, SYS]
2025-11-07 12:45:58,809 [INFO] NvicIntPanel:101 - NVIC parent = com.st.microxplorer.plugins.ip.nvic.MultiNvicIntPanel[,0,0,0x0,invalid,layout=javax.swing.BoxLayout,alignmentX=0.0,alignmentY=0.0,border=,flags=9,maximumSize=,minimumSize=,preferredSize=]
2025-11-07 12:45:58,932 [WARN] IP:2250 - I2C_Coeff_DF not found: check if there is a RefParameter without a condition.
2025-11-07 12:45:58,932 [WARN] IP:2250 - Analog_Filter not found: check if there is a RefParameter without a condition.
2025-11-07 12:45:58,933 [WARN] IP:2250 - I2C_Coeff_DF not found: check if there is a RefParameter without a condition.
2025-11-07 12:45:58,933 [WARN] IP:2250 - Analog_Filter not found: check if there is a RefParameter without a condition.
2025-11-07 12:45:58,935 [WARN] IP:2250 - I2C_Coeff_DF not found: check if there is a RefParameter without a condition.
2025-11-07 12:45:58,935 [WARN] IP:2250 - Analog_Filter not found: check if there is a RefParameter without a condition.
2025-11-07 12:45:58,936 [WARN] IP:2250 - I2C_Coeff_DF not found: check if there is a RefParameter without a condition.
2025-11-07 12:45:58,936 [WARN] IP:2250 - Analog_Filter not found: check if there is a RefParameter without a condition.
2025-11-07 12:45:58,976 [WARN] IP:2250 - I2C_Coeff_DF not found: check if there is a RefParameter without a condition.
2025-11-07 12:45:58,977 [WARN] IP:2250 - Analog_Filter not found: check if there is a RefParameter without a condition.
2025-11-07 12:45:58,980 [WARN] IP:2250 - I2C_Coeff_DF not found: check if there is a RefParameter without a condition.
2025-11-07 12:45:58,980 [WARN] IP:2250 - Analog_Filter not found: check if there is a RefParameter without a condition.
2025-11-07 12:45:59,021 [WARN] IP:2250 - I2C_Coeff_DF not found: check if there is a RefParameter without a condition.
2025-11-07 12:45:59,022 [WARN] IP:2250 - Analog_Filter not found: check if there is a RefParameter without a condition.
2025-11-07 12:45:59,024 [WARN] IP:2250 - I2C_Coeff_DF not found: check if there is a RefParameter without a condition.
2025-11-07 12:45:59,024 [WARN] IP:2250 - Analog_Filter not found: check if there is a RefParameter without a condition.
2025-11-07 12:45:59,048 [INFO] Gpio:278 - dependency for GPIO [ADC1, ADC2, I2C1, I2C2, RCC, SYS]
2025-11-07 12:45:59,122 [INFO] NvicIntPanel:101 - NVIC parent = com.st.microxplorer.plugins.ip.nvic.MultiNvicIntPanel[,0,0,0x0,invalid,layout=javax.swing.BoxLayout,alignmentX=0.0,alignmentY=0.0,border=,flags=9,maximumSize=,minimumSize=,preferredSize=]
2025-11-07 12:46:55,461 [INFO] ADCParametersView:116 -                Rank 1 : false
2025-11-07 12:46:55,462 [INFO] ADCParametersView:116 -                Rank 1 : false
2025-11-07 12:46:55,462 [INFO] ADCParametersView:116 -                Rank 2 : false
2025-11-07 12:46:55,462 [INFO] ADCParametersView:116 -                Rank 1 : false
2025-11-07 12:46:55,462 [INFO] ADCParametersView:116 -                Rank 2 : false
2025-11-07 12:46:55,462 [INFO] ADCParametersView:116 -                Rank 3 : false
2025-11-07 12:46:55,463 [INFO] ADCParametersView:116 -                Rank 1 : false
2025-11-07 12:46:55,463 [INFO] ADCParametersView:116 -                Rank 2 : false
2025-11-07 12:46:55,463 [INFO] ADCParametersView:116 -                Rank 3 : false
2025-11-07 12:46:55,463 [INFO] ADCParametersView:116 -                Rank 4 : false
2025-11-07 12:46:55,538 [INFO] ADCParametersView:116 -                Rank 1 : false
2025-11-07 12:46:55,539 [INFO] ADCParametersView:116 -                Rank 2 : false
2025-11-07 12:46:55,539 [INFO] ADCParametersView:116 -                Rank 3 : false
2025-11-07 12:46:55,539 [INFO] ADCParametersView:116 -                Rank 4 : false
2025-11-07 12:46:55,540 [INFO] ADCParametersView:116 -                Rank 1 : false
2025-11-07 12:46:55,540 [INFO] ADCParametersView:116 -                Rank 2 : false
2025-11-07 12:46:55,540 [INFO] ADCParametersView:116 -                Rank 3 : false
2025-11-07 12:46:55,540 [INFO] ADCParametersView:116 -                Rank 4 : false
2025-11-07 12:46:55,540 [INFO] ADCParametersView:116 -                Rank 1 : false
2025-11-07 12:46:55,540 [INFO] ADCParametersView:116 -                Rank 2 : false
2025-11-07 12:46:55,540 [INFO] ADCParametersView:116 -                Rank 3 : false
2025-11-07 12:46:55,540 [INFO] ADCParametersView:116 -                Rank 4 : false
2025-11-07 12:46:55,540 [INFO] ADCParametersView:116 -                Rank 1 : false
2025-11-07 12:46:55,540 [INFO] ADCParametersView:116 -                Rank 2 : false
2025-11-07 12:46:55,541 [INFO] ADCParametersView:116 -                Rank 3 : false
2025-11-07 12:46:55,541 [INFO] ADCParametersView:116 -                Rank 4 : false
2025-11-07 12:46:55,541 [INFO] ADCParametersView:116 -                Rank 1 : false
2025-11-07 12:46:55,541 [INFO] ADCParametersView:116 -                Rank 2 : false
2025-11-07 12:46:55,541 [INFO] ADCParametersView:116 -                Rank 3 : false
2025-11-07 12:46:55,541 [INFO] ADCParametersView:116 -                Rank 4 : false
2025-11-07 12:46:55,541 [INFO] ADCParametersView:116 -                Rank 1 : false
2025-11-07 12:46:55,541 [INFO] ADCParametersView:116 -                Rank 2 : false
2025-11-07 12:46:55,541 [INFO] ADCParametersView:116 -                Rank 3 : false
2025-11-07 12:46:55,541 [INFO] ADCParametersView:116 -                Rank 4 : false
2025-11-07 12:46:55,542 [INFO] ADCParametersView:116 -                Rank 1 : false
2025-11-07 12:46:55,542 [INFO] ADCParametersView:116 -                Rank 2 : false
2025-11-07 12:46:55,542 [INFO] ADCParametersView:116 -                Rank 3 : false
2025-11-07 12:46:55,542 [INFO] ADCParametersView:116 -                Rank 4 : false
2025-11-07 12:46:55,542 [INFO] ADCParametersView:116 -                Rank 1 : false
2025-11-07 12:46:55,542 [INFO] ADCParametersView:116 -                Rank 2 : false
2025-11-07 12:46:55,542 [INFO] ADCParametersView:116 -                Rank 3 : false
2025-11-07 12:46:55,542 [INFO] ADCParametersView:116 -                Rank 4 : false
2025-11-07 12:46:55,543 [INFO] ADCParametersView:116 -                Rank 1 : false
2025-11-07 12:46:55,543 [INFO] ADCParametersView:116 -                Rank 2 : false
2025-11-07 12:46:55,543 [INFO] ADCParametersView:116 -                Rank 3 : false
2025-11-07 12:46:55,543 [INFO] ADCParametersView:116 -                Rank 4 : false
2025-11-07 12:46:55,543 [INFO] ADCParametersView:116 -                Rank 1 : false
2025-11-07 12:46:55,543 [INFO] ADCParametersView:116 -                Rank 2 : false
2025-11-07 12:46:55,543 [INFO] ADCParametersView:116 -                Rank 3 : false
2025-11-07 12:46:55,544 [INFO] ADCParametersView:116 -                Rank 4 : false
2025-11-07 12:46:55,544 [INFO] ADCParametersView:116 -                Rank 1 : false
2025-11-07 12:46:55,544 [INFO] ADCParametersView:116 -                Rank 2 : false
2025-11-07 12:46:55,544 [INFO] ADCParametersView:116 -                Rank 3 : false
2025-11-07 12:46:55,544 [INFO] ADCParametersView:116 -                Rank 4 : false
2025-11-07 12:46:55,544 [INFO] ADCParametersView:116 -                Rank 1 : false
2025-11-07 12:46:55,544 [INFO] ADCParametersView:116 -                Rank 2 : false
2025-11-07 12:46:55,544 [INFO] ADCParametersView:116 -                Rank 3 : false
2025-11-07 12:46:55,544 [INFO] ADCParametersView:116 -                Rank 4 : false
2025-11-07 12:46:55,544 [INFO] ADCParametersView:116 -                Rank 1 : false
2025-11-07 12:46:55,545 [INFO] ADCParametersView:116 -                Rank 2 : false
2025-11-07 12:46:55,545 [INFO] ADCParametersView:116 -                Rank 3 : false
2025-11-07 12:46:55,545 [INFO] ADCParametersView:116 -                Rank 4 : false
2025-11-07 12:46:55,545 [INFO] ADCParametersView:116 -                Rank 1 : false
2025-11-07 12:46:55,545 [INFO] ADCParametersView:116 -                Rank 2 : false
2025-11-07 12:46:55,545 [INFO] ADCParametersView:116 -                Rank 3 : false
2025-11-07 12:46:55,545 [INFO] ADCParametersView:116 -                Rank 4 : false
2025-11-07 12:46:55,545 [INFO] ADCParametersView:116 -                Rank 1 : false
2025-11-07 12:46:55,545 [INFO] ADCParametersView:116 -                Rank 2 : false
2025-11-07 12:46:55,546 [INFO] ADCParametersView:116 -                Rank 3 : false
2025-11-07 12:46:55,546 [INFO] ADCParametersView:116 -                Rank 4 : false
2025-11-07 12:46:55,546 [INFO] ADCParametersView:116 -                Rank 2 : false
2025-11-07 12:46:55,546 [INFO] ADCParametersView:116 -                Rank 3 : false
2025-11-07 12:46:55,546 [INFO] ADCParametersView:116 -                Rank 4 : false
2025-11-07 12:46:55,546 [INFO] ADCParametersView:116 -                Rank 3 : false
2025-11-07 12:46:55,546 [INFO] ADCParametersView:116 -                Rank 4 : false
2025-11-07 12:46:55,546 [INFO] ADCParametersView:116 -                Rank 4 : false
2025-11-07 12:46:55,559 [INFO] ADCParametersView:116 -                Rank 1 : false
2025-11-07 12:46:55,560 [INFO] ADCParametersView:116 -                Rank 1 : false
2025-11-07 12:46:55,560 [INFO] ADCParametersView:116 -                Rank 2 : false
2025-11-07 12:46:55,560 [INFO] ADCParametersView:116 -                Rank 1 : false
2025-11-07 12:46:55,560 [INFO] ADCParametersView:116 -                Rank 2 : false
2025-11-07 12:46:55,560 [INFO] ADCParametersView:116 -                Rank 3 : false
2025-11-07 12:46:55,561 [INFO] ADCParametersView:116 -                Rank 1 : false
2025-11-07 12:46:55,561 [INFO] ADCParametersView:116 -                Rank 2 : false
2025-11-07 12:46:55,561 [INFO] ADCParametersView:116 -                Rank 3 : false
2025-11-07 12:46:55,561 [INFO] ADCParametersView:116 -                Rank 4 : false
2025-11-07 12:47:08,413 [INFO] UtilMem:75 - End SaveConfig() Used Memory: 330033888 Bytes (736100352)
2025-11-07 12:47:18,360 [INFO] ADCParametersView:116 -                Rank 1 : false
2025-11-07 12:47:18,361 [INFO] ADCParametersView:116 -                Rank 2 : false
2025-11-07 12:47:18,361 [INFO] ADCParametersView:116 -                Rank 3 : false
2025-11-07 12:47:18,361 [INFO] ADCParametersView:116 -                Rank 4 : false
2025-11-07 12:47:18,361 [INFO] ADCParametersView:116 -                Rank 1 : false
2025-11-07 12:47:18,361 [INFO] ADCParametersView:116 -                Rank 2 : false
2025-11-07 12:47:18,361 [INFO] ADCParametersView:116 -                Rank 3 : false
2025-11-07 12:47:18,362 [INFO] ADCParametersView:116 -                Rank 4 : false
2025-11-07 12:47:18,362 [INFO] ADCParametersView:116 -                Rank 1 : false
2025-11-07 12:47:18,362 [INFO] ADCParametersView:116 -                Rank 2 : false
2025-11-07 12:47:18,362 [INFO] ADCParametersView:116 -                Rank 3 : false
2025-11-07 12:47:18,362 [INFO] ADCParametersView:116 -                Rank 4 : false
2025-11-07 12:47:18,362 [INFO] ADCParametersView:116 -                Rank 1 : false
2025-11-07 12:47:18,362 [INFO] ADCParametersView:116 -                Rank 2 : false
2025-11-07 12:47:18,362 [INFO] ADCParametersView:116 -                Rank 3 : false
2025-11-07 12:47:18,363 [INFO] ADCParametersView:116 -                Rank 4 : false
2025-11-07 12:47:18,363 [INFO] ADCParametersView:116 -                Rank 1 : false
2025-11-07 12:47:18,363 [INFO] ADCParametersView:116 -                Rank 2 : false
2025-11-07 12:47:18,363 [INFO] ADCParametersView:116 -                Rank 3 : false
2025-11-07 12:47:18,363 [INFO] ADCParametersView:116 -                Rank 4 : false
2025-11-07 12:47:18,363 [INFO] ADCParametersView:116 -                Rank 1 : false
2025-11-07 12:47:18,363 [INFO] ADCParametersView:116 -                Rank 2 : false
2025-11-07 12:47:18,363 [INFO] ADCParametersView:116 -                Rank 3 : false
2025-11-07 12:47:18,363 [INFO] ADCParametersView:116 -                Rank 4 : false
2025-11-07 12:47:18,363 [INFO] ADCParametersView:116 -                Rank 1 : false
2025-11-07 12:47:18,364 [INFO] ADCParametersView:116 -                Rank 2 : false
2025-11-07 12:47:18,364 [INFO] ADCParametersView:116 -                Rank 3 : false
2025-11-07 12:47:18,364 [INFO] ADCParametersView:116 -                Rank 4 : false
2025-11-07 12:47:18,364 [INFO] ADCParametersView:116 -                Rank 1 : false
2025-11-07 12:47:18,364 [INFO] ADCParametersView:116 -                Rank 2 : false
2025-11-07 12:47:18,364 [INFO] ADCParametersView:116 -                Rank 3 : false
2025-11-07 12:47:18,364 [INFO] ADCParametersView:116 -                Rank 4 : false
2025-11-07 12:47:18,364 [INFO] ADCParametersView:116 -                Rank 1 : false
2025-11-07 12:47:18,364 [INFO] ADCParametersView:116 -                Rank 2 : false
2025-11-07 12:47:18,364 [INFO] ADCParametersView:116 -                Rank 3 : false
2025-11-07 12:47:18,364 [INFO] ADCParametersView:116 -                Rank 4 : false
2025-11-07 12:47:18,364 [INFO] ADCParametersView:116 -                Rank 1 : false
2025-11-07 12:47:18,364 [INFO] ADCParametersView:116 -                Rank 2 : false
2025-11-07 12:47:18,364 [INFO] ADCParametersView:116 -                Rank 3 : false
2025-11-07 12:47:18,364 [INFO] ADCParametersView:116 -                Rank 4 : false
2025-11-07 12:47:18,364 [INFO] ADCParametersView:116 -                Rank 1 : false
2025-11-07 12:47:18,364 [INFO] ADCParametersView:116 -                Rank 2 : false
2025-11-07 12:47:18,364 [INFO] ADCParametersView:116 -                Rank 3 : false
2025-11-07 12:47:18,364 [INFO] ADCParametersView:116 -                Rank 4 : false
2025-11-07 12:47:18,364 [INFO] ADCParametersView:116 -                Rank 1 : false
2025-11-07 12:47:18,364 [INFO] ADCParametersView:116 -                Rank 2 : false
2025-11-07 12:47:18,364 [INFO] ADCParametersView:116 -                Rank 3 : false
2025-11-07 12:47:18,364 [INFO] ADCParametersView:116 -                Rank 4 : false
2025-11-07 12:47:18,366 [INFO] ADCParametersView:116 -                Rank 1 : false
2025-11-07 12:47:18,366 [INFO] ADCParametersView:116 -                Rank 2 : false
2025-11-07 12:47:18,366 [INFO] ADCParametersView:116 -                Rank 3 : false
2025-11-07 12:47:18,366 [INFO] ADCParametersView:116 -                Rank 4 : false
2025-11-07 12:47:18,366 [INFO] ADCParametersView:116 -                Rank 1 : false
2025-11-07 12:47:18,366 [INFO] ADCParametersView:116 -                Rank 2 : false
2025-11-07 12:47:18,366 [INFO] ADCParametersView:116 -                Rank 3 : false
2025-11-07 12:47:18,366 [INFO] ADCParametersView:116 -                Rank 4 : false
2025-11-07 12:47:18,366 [INFO] ADCParametersView:116 -                Rank 1 : false
2025-11-07 12:47:18,366 [INFO] ADCParametersView:116 -                Rank 2 : false
2025-11-07 12:47:18,366 [INFO] ADCParametersView:116 -                Rank 3 : false
2025-11-07 12:47:18,366 [INFO] ADCParametersView:116 -                Rank 4 : false
2025-11-07 12:47:18,366 [INFO] ADCParametersView:116 -                Rank 2 : false
2025-11-07 12:47:18,366 [INFO] ADCParametersView:116 -                Rank 3 : false
2025-11-07 12:47:18,366 [INFO] ADCParametersView:116 -                Rank 4 : false
2025-11-07 12:47:18,366 [INFO] ADCParametersView:116 -                Rank 3 : false
2025-11-07 12:47:18,366 [INFO] ADCParametersView:116 -                Rank 4 : false
2025-11-07 12:47:18,366 [INFO] ADCParametersView:116 -                Rank 4 : false
2025-11-07 12:47:18,377 [INFO] ADCParametersView:116 -                Rank 1 : false
2025-11-07 12:47:18,378 [INFO] ADCParametersView:116 -                Rank 1 : false
2025-11-07 12:47:18,378 [INFO] ADCParametersView:116 -                Rank 2 : false
2025-11-07 12:47:18,378 [INFO] ADCParametersView:116 -                Rank 1 : false
2025-11-07 12:47:18,378 [INFO] ADCParametersView:116 -                Rank 2 : false
2025-11-07 12:47:18,378 [INFO] ADCParametersView:116 -                Rank 3 : false
2025-11-07 12:47:18,378 [INFO] ADCParametersView:116 -                Rank 1 : false
2025-11-07 12:47:18,378 [INFO] ADCParametersView:116 -                Rank 2 : false
2025-11-07 12:47:18,378 [INFO] ADCParametersView:116 -                Rank 3 : false
2025-11-07 12:47:18,378 [INFO] ADCParametersView:116 -                Rank 4 : false
2025-11-07 12:47:18,416 [INFO] ADCParametersView:116 -                Rank 1 : false
2025-11-07 12:47:18,416 [INFO] ADCParametersView:116 -                Rank 2 : false
2025-11-07 12:47:18,416 [INFO] ADCParametersView:116 -                Rank 3 : false
2025-11-07 12:47:18,416 [INFO] ADCParametersView:116 -                Rank 4 : false
2025-11-07 12:47:18,416 [INFO] ADCParametersView:116 -                Rank 1 : false
2025-11-07 12:47:18,416 [INFO] ADCParametersView:116 -                Rank 2 : false
2025-11-07 12:47:18,416 [INFO] ADCParametersView:116 -                Rank 3 : false
2025-11-07 12:47:18,416 [INFO] ADCParametersView:116 -                Rank 4 : false
2025-11-07 12:47:18,416 [INFO] ADCParametersView:116 -                Rank 1 : false
2025-11-07 12:47:18,416 [INFO] ADCParametersView:116 -                Rank 2 : false
2025-11-07 12:47:18,416 [INFO] ADCParametersView:116 -                Rank 3 : false
2025-11-07 12:47:18,416 [INFO] ADCParametersView:116 -                Rank 4 : false
2025-11-07 12:47:18,417 [INFO] ADCParametersView:116 -                Rank 1 : false
2025-11-07 12:47:18,417 [INFO] ADCParametersView:116 -                Rank 2 : false
2025-11-07 12:47:18,417 [INFO] ADCParametersView:116 -                Rank 3 : false
2025-11-07 12:47:18,417 [INFO] ADCParametersView:116 -                Rank 4 : false
2025-11-07 12:47:18,417 [INFO] ADCParametersView:116 -                Rank 1 : false
2025-11-07 12:47:18,417 [INFO] ADCParametersView:116 -                Rank 2 : false
2025-11-07 12:47:18,417 [INFO] ADCParametersView:116 -                Rank 3 : false
2025-11-07 12:47:18,417 [INFO] ADCParametersView:116 -                Rank 4 : false
2025-11-07 12:47:18,417 [INFO] ADCParametersView:116 -                Rank 1 : false
2025-11-07 12:47:18,417 [INFO] ADCParametersView:116 -                Rank 2 : false
2025-11-07 12:47:18,417 [INFO] ADCParametersView:116 -                Rank 3 : false
2025-11-07 12:47:18,417 [INFO] ADCParametersView:116 -                Rank 4 : false
2025-11-07 12:47:18,417 [INFO] ADCParametersView:116 -                Rank 1 : false
2025-11-07 12:47:18,417 [INFO] ADCParametersView:116 -                Rank 2 : false
2025-11-07 12:47:18,417 [INFO] ADCParametersView:116 -                Rank 3 : false
2025-11-07 12:47:18,417 [INFO] ADCParametersView:116 -                Rank 4 : false
2025-11-07 12:47:18,417 [INFO] ADCParametersView:116 -                Rank 1 : false
2025-11-07 12:47:18,417 [INFO] ADCParametersView:116 -                Rank 2 : false
2025-11-07 12:47:18,417 [INFO] ADCParametersView:116 -                Rank 3 : false
2025-11-07 12:47:18,417 [INFO] ADCParametersView:116 -                Rank 4 : false
2025-11-07 12:47:18,418 [INFO] ADCParametersView:116 -                Rank 1 : false
2025-11-07 12:47:18,418 [INFO] ADCParametersView:116 -                Rank 2 : false
2025-11-07 12:47:18,418 [INFO] ADCParametersView:116 -                Rank 3 : false
2025-11-07 12:47:18,418 [INFO] ADCParametersView:116 -                Rank 4 : false
2025-11-07 12:47:18,418 [INFO] ADCParametersView:116 -                Rank 1 : false
2025-11-07 12:47:18,418 [INFO] ADCParametersView:116 -                Rank 2 : false
2025-11-07 12:47:18,418 [INFO] ADCParametersView:116 -                Rank 3 : false
2025-11-07 12:47:18,418 [INFO] ADCParametersView:116 -                Rank 4 : false
2025-11-07 12:47:18,418 [INFO] ADCParametersView:116 -                Rank 1 : false
2025-11-07 12:47:18,418 [INFO] ADCParametersView:116 -                Rank 2 : false
2025-11-07 12:47:18,418 [INFO] ADCParametersView:116 -                Rank 3 : false
2025-11-07 12:47:18,418 [INFO] ADCParametersView:116 -                Rank 4 : false
2025-11-07 12:47:18,418 [INFO] ADCParametersView:116 -                Rank 1 : false
2025-11-07 12:47:18,418 [INFO] ADCParametersView:116 -                Rank 2 : false
2025-11-07 12:47:18,418 [INFO] ADCParametersView:116 -                Rank 3 : false
2025-11-07 12:47:18,418 [INFO] ADCParametersView:116 -                Rank 4 : false
2025-11-07 12:47:18,418 [INFO] ADCParametersView:116 -                Rank 1 : false
2025-11-07 12:47:18,418 [INFO] ADCParametersView:116 -                Rank 2 : false
2025-11-07 12:47:18,418 [INFO] ADCParametersView:116 -                Rank 3 : false
2025-11-07 12:47:18,418 [INFO] ADCParametersView:116 -                Rank 4 : false
2025-11-07 12:47:18,418 [INFO] ADCParametersView:116 -                Rank 1 : false
2025-11-07 12:47:18,418 [INFO] ADCParametersView:116 -                Rank 2 : false
2025-11-07 12:47:18,418 [INFO] ADCParametersView:116 -                Rank 3 : false
2025-11-07 12:47:18,418 [INFO] ADCParametersView:116 -                Rank 4 : false
2025-11-07 12:47:18,418 [INFO] ADCParametersView:116 -                Rank 1 : false
2025-11-07 12:47:18,418 [INFO] ADCParametersView:116 -                Rank 2 : false
2025-11-07 12:47:18,418 [INFO] ADCParametersView:116 -                Rank 3 : false
2025-11-07 12:47:18,418 [INFO] ADCParametersView:116 -                Rank 4 : false
2025-11-07 12:47:18,418 [INFO] ADCParametersView:116 -                Rank 2 : false
2025-11-07 12:47:18,418 [INFO] ADCParametersView:116 -                Rank 3 : false
2025-11-07 12:47:18,418 [INFO] ADCParametersView:116 -                Rank 4 : false
2025-11-07 12:47:18,418 [INFO] ADCParametersView:116 -                Rank 3 : false
2025-11-07 12:47:18,418 [INFO] ADCParametersView:116 -                Rank 4 : false
2025-11-07 12:47:18,418 [INFO] ADCParametersView:116 -                Rank 4 : false
2025-11-07 12:47:18,428 [INFO] ADCParametersView:116 -                Rank 1 : false
2025-11-07 12:47:18,428 [INFO] ADCParametersView:116 -                Rank 1 : false
2025-11-07 12:47:18,428 [INFO] ADCParametersView:116 -                Rank 2 : false
2025-11-07 12:47:18,428 [INFO] ADCParametersView:116 -                Rank 1 : false
2025-11-07 12:47:18,428 [INFO] ADCParametersView:116 -                Rank 2 : false
2025-11-07 12:47:18,428 [INFO] ADCParametersView:116 -                Rank 3 : false
2025-11-07 12:47:18,428 [INFO] ADCParametersView:116 -                Rank 1 : false
2025-11-07 12:47:18,428 [INFO] ADCParametersView:116 -                Rank 2 : false
2025-11-07 12:47:18,428 [INFO] ADCParametersView:116 -                Rank 3 : false
2025-11-07 12:47:18,428 [INFO] ADCParametersView:116 -                Rank 4 : false
2025-11-07 12:47:35,375 [WARN] IP:2250 - I2C_Coeff_DF not found: check if there is a RefParameter without a condition.
2025-11-07 12:47:35,376 [WARN] IP:2250 - Analog_Filter not found: check if there is a RefParameter without a condition.
2025-11-07 12:47:35,376 [WARN] IP:2250 - I2C_Coeff_DF not found: check if there is a RefParameter without a condition.
2025-11-07 12:47:35,376 [WARN] IP:2250 - Analog_Filter not found: check if there is a RefParameter without a condition.
2025-11-07 12:47:35,377 [WARN] IP:2250 - I2C_Coeff_DF not found: check if there is a RefParameter without a condition.
2025-11-07 12:47:35,377 [WARN] IP:2250 - Analog_Filter not found: check if there is a RefParameter without a condition.
2025-11-07 12:47:35,377 [WARN] IP:2250 - I2C_Coeff_DF not found: check if there is a RefParameter without a condition.
2025-11-07 12:47:35,377 [WARN] IP:2250 - Analog_Filter not found: check if there is a RefParameter without a condition.
2025-11-07 12:47:35,398 [WARN] IP:2250 - I2C_Coeff_DF not found: check if there is a RefParameter without a condition.
2025-11-07 12:47:35,399 [WARN] IP:2250 - Analog_Filter not found: check if there is a RefParameter without a condition.
2025-11-07 12:47:35,401 [WARN] IP:2250 - I2C_Coeff_DF not found: check if there is a RefParameter without a condition.
2025-11-07 12:47:35,401 [WARN] IP:2250 - Analog_Filter not found: check if there is a RefParameter without a condition.
2025-11-07 12:47:35,424 [WARN] IP:2250 - I2C_Coeff_DF not found: check if there is a RefParameter without a condition.
2025-11-07 12:47:35,424 [WARN] IP:2250 - Analog_Filter not found: check if there is a RefParameter without a condition.
2025-11-07 12:47:35,425 [WARN] IP:2250 - I2C_Coeff_DF not found: check if there is a RefParameter without a condition.
2025-11-07 12:47:35,425 [WARN] IP:2250 - Analog_Filter not found: check if there is a RefParameter without a condition.
2025-11-07 12:47:43,732 [WARN] IP:2250 - I2C_Coeff_DF not found: check if there is a RefParameter without a condition.
2025-11-07 12:47:43,732 [WARN] IP:2250 - Analog_Filter not found: check if there is a RefParameter without a condition.
2025-11-07 12:47:43,732 [WARN] IP:2250 - I2C_Coeff_DF not found: check if there is a RefParameter without a condition.
2025-11-07 12:47:43,732 [WARN] IP:2250 - Analog_Filter not found: check if there is a RefParameter without a condition.
2025-11-07 12:47:43,733 [WARN] IP:2250 - I2C_Coeff_DF not found: check if there is a RefParameter without a condition.
2025-11-07 12:47:43,733 [WARN] IP:2250 - Analog_Filter not found: check if there is a RefParameter without a condition.
2025-11-07 12:47:43,734 [WARN] IP:2250 - I2C_Coeff_DF not found: check if there is a RefParameter without a condition.
2025-11-07 12:47:43,734 [WARN] IP:2250 - Analog_Filter not found: check if there is a RefParameter without a condition.
2025-11-07 12:47:43,751 [WARN] IP:2250 - I2C_Coeff_DF not found: check if there is a RefParameter without a condition.
2025-11-07 12:47:43,752 [WARN] IP:2250 - Analog_Filter not found: check if there is a RefParameter without a condition.
2025-11-07 12:47:43,753 [WARN] IP:2250 - I2C_Coeff_DF not found: check if there is a RefParameter without a condition.
2025-11-07 12:47:43,753 [WARN] IP:2250 - Analog_Filter not found: check if there is a RefParameter without a condition.
2025-11-07 12:47:43,770 [WARN] IP:2250 - I2C_Coeff_DF not found: check if there is a RefParameter without a condition.
2025-11-07 12:47:43,771 [WARN] IP:2250 - Analog_Filter not found: check if there is a RefParameter without a condition.
2025-11-07 12:47:43,772 [WARN] IP:2250 - I2C_Coeff_DF not found: check if there is a RefParameter without a condition.
2025-11-07 12:47:43,772 [WARN] IP:2250 - Analog_Filter not found: check if there is a RefParameter without a condition.
2025-11-07 12:48:14,369 [INFO] UtilMem:75 - End SaveConfig() Used Memory: 480303072 Bytes (736100352)
2025-11-07 12:48:15,683 [INFO] UtilMem:75 - End SaveConfig() Used Memory: 273372632 Bytes (736100352)
2025-11-07 12:48:18,628 [INFO] UtilMem:75 - End SaveConfig() Used Memory: 359355864 Bytes (736100352)
2025-11-07 12:48:18,949 [INFO] BlockDiagram:2775 - set Specific Code input for plugin: NVIC
2025-11-07 12:48:18,949 [INFO] BlockDiagram:2775 - set Specific Code input for plugin: FREERTOS
2025-11-07 12:48:18,949 [INFO] BlockDiagram:2775 - set Specific Code input for plugin: IWDG
2025-11-07 12:48:18,949 [INFO] BlockDiagram:2775 - set Specific Code input for plugin: DMA
2025-11-07 12:48:18,949 [INFO] BlockDiagram:2775 - set Specific Code input for plugin: SYS
2025-11-07 12:48:18,950 [INFO] BlockDiagram:2775 - set Specific Code input for plugin: GPIO
2025-11-07 12:48:18,950 [INFO] BlockDiagram:2775 - set Specific Code input for plugin: ADC
2025-11-07 12:48:18,950 [INFO] BlockDiagram:2775 - set Specific Code input for plugin: RCC
2025-11-07 12:48:18,950 [INFO] BlockDiagram:2775 - set Specific Code input for plugin: I2C
2025-11-07 12:48:18,950 [INFO] BlockDiagram:2775 - set Specific Code input for plugin: I2C
2025-11-07 12:48:18,958 [INFO] CodeGenerator:892 - code generatio: config db path: C:\ST\STM32CubeIDE_1.19.0\STM32CubeIDE\plugins\com.st.stm32cube.common.mx_6.15.0.202507011659\\db\
2025-11-07 12:48:18,967 [INFO] Argument:325 - Argument : hdmavalue: null
2025-11-07 12:48:18,968 [INFO] Argument:327 - 	 sub Args: 
2025-11-07 12:48:18,968 [INFO] Argument:325 - Argument : Instancevalue: DMA1_Channel1
2025-11-07 12:48:18,968 [INFO] Argument:335 - Argument : Instancevalue: DMA1_Channel1
2025-11-07 12:48:18,968 [INFO] Argument:325 - Argument : Initvalue: null
2025-11-07 12:48:18,968 [INFO] Argument:327 - 	 sub Args: 
2025-11-07 12:48:18,968 [INFO] Argument:325 - Argument : Directionvalue: DMA_PERIPH_TO_MEMORY
2025-11-07 12:48:18,968 [INFO] Argument:335 - Argument : Directionvalue: DMA_PERIPH_TO_MEMORY
2025-11-07 12:48:18,968 [INFO] Argument:325 - Argument : PeriphIncvalue: DMA_PINC_DISABLE
2025-11-07 12:48:18,968 [INFO] Argument:335 - Argument : PeriphIncvalue: DMA_PINC_DISABLE
2025-11-07 12:48:18,970 [INFO] Argument:325 - Argument : MemIncvalue: DMA_MINC_ENABLE
2025-11-07 12:48:18,970 [INFO] Argument:335 - Argument : MemIncvalue: DMA_MINC_ENABLE
2025-11-07 12:48:18,971 [INFO] Argument:325 - Argument : PeriphDataAlignmentvalue: DMA_PDATAALIGN_HALFWORD
2025-11-07 12:48:18,971 [INFO] Argument:335 - Argument : PeriphDataAlignmentvalue: DMA_PDATAALIGN_HALFWORD
2025-11-07 12:48:18,971 [INFO] Argument:325 - Argument : MemDataAlignmentvalue: DMA_MDATAALIGN_HALFWORD
2025-11-07 12:48:18,971 [INFO] Argument:335 - Argument : MemDataAlignmentvalue: DMA_MDATAALIGN_HALFWORD
2025-11-07 12:48:18,971 [INFO] Argument:325 - Argument : Modevalue: DMA_CIRCULAR
2025-11-07 12:48:18,971 [INFO] Argument:335 - Argument : Modevalue: DMA_CIRCULAR
2025-11-07 12:48:18,971 [INFO] Argument:325 - Argument : Priorityvalue: DMA_PRIORITY_LOW
2025-11-07 12:48:18,971 [INFO] Argument:335 - Argument : Priorityvalue: DMA_PRIORITY_LOW
2025-11-07 12:48:18,971 [INFO] Argument:325 - Argument : Lockvalue: null
2025-11-07 12:48:18,971 [INFO] Argument:335 - Argument : Lockvalue: null
2025-11-07 12:48:18,971 [INFO] Argument:325 - Argument : Statevalue: null
2025-11-07 12:48:18,971 [INFO] Argument:335 - Argument : Statevalue: null
2025-11-07 12:48:18,971 [INFO] Argument:325 - Argument : Parentvalue: null
2025-11-07 12:48:18,972 [INFO] Argument:335 - Argument : Parentvalue: null
2025-11-07 12:48:18,972 [INFO] Argument:325 - Argument : XferCpltCallbackvalue: null
2025-11-07 12:48:18,972 [INFO] Argument:335 - Argument : XferCpltCallbackvalue: null
2025-11-07 12:48:18,972 [INFO] Argument:325 - Argument : XferHalfCpltCallbackvalue: null
2025-11-07 12:48:18,972 [INFO] Argument:335 - Argument : XferHalfCpltCallbackvalue: null
2025-11-07 12:48:18,972 [INFO] Argument:325 - Argument : XferErrorCallbackvalue: null
2025-11-07 12:48:18,973 [INFO] Argument:335 - Argument : XferErrorCallbackvalue: null
2025-11-07 12:48:18,973 [INFO] Argument:325 - Argument : ErrorCodevalue: null
2025-11-07 12:48:18,973 [INFO] Argument:335 - Argument : ErrorCodevalue: null
2025-11-07 12:48:18,978 [WARN] IP:2250 - I2C_Coeff_DF not found: check if there is a RefParameter without a condition.
2025-11-07 12:48:18,978 [WARN] IP:2250 - Analog_Filter not found: check if there is a RefParameter without a condition.
2025-11-07 12:48:18,979 [WARN] IP:2250 - I2C_Coeff_DF not found: check if there is a RefParameter without a condition.
2025-11-07 12:48:18,979 [WARN] IP:2250 - Analog_Filter not found: check if there is a RefParameter without a condition.
2025-11-07 12:48:19,093 [INFO] CodeEngine:265 - oldGeneratedFile, C:\Users\USER\STM32CubeIDE\workspace_1.19.0\Hip-Pro_Hardware_V1.2\HardwareV1.2\MXTmpFiles\license.tmp_save
2025-11-07 12:48:19,228 [INFO] CodeEngine:289 - Generated code: C:\Users\USER\STM32CubeIDE\workspace_1.19.0\Hip-Pro_Hardware_V1.2\HardwareV1.2\MXTmpFiles\license.tmp
2025-11-07 12:48:19,282 [INFO] CodeEngine:265 - oldGeneratedFile, C:\Users\USER\STM32CubeIDE\workspace_1.19.0\Hip-Pro_Hardware_V1.2\HardwareV1.2\MXTmpFiles\gpio.tmp_save
2025-11-07 12:48:19,398 [INFO] CodeEngine:289 - Generated code: C:\Users\USER\STM32CubeIDE\workspace_1.19.0\Hip-Pro_Hardware_V1.2\HardwareV1.2\MXTmpFiles\gpio.tmp
2025-11-07 12:48:19,647 [INFO] Middleware:1452 - No code input for Bsp Dependency
2025-11-07 12:48:19,657 [INFO] CodeEngine:265 - oldGeneratedFile, C:\Users\USER\STM32CubeIDE\workspace_1.19.0\Hip-Pro_Hardware_V1.2\HardwareV1.2\MXTmpFiles\rtos_inc.tmp_save
2025-11-07 12:48:19,741 [INFO] CodeEngine:289 - Generated code: C:\Users\USER\STM32CubeIDE\workspace_1.19.0\Hip-Pro_Hardware_V1.2\HardwareV1.2\MXTmpFiles\rtos_inc.tmp
2025-11-07 12:48:19,747 [INFO] CodeEngine:265 - oldGeneratedFile, C:\Users\USER\STM32CubeIDE\workspace_1.19.0\Hip-Pro_Hardware_V1.2\HardwareV1.2\MXTmpFiles\rtos_vars.tmp_save
2025-11-07 12:48:19,847 [INFO] CodeEngine:289 - Generated code: C:\Users\USER\STM32CubeIDE\workspace_1.19.0\Hip-Pro_Hardware_V1.2\HardwareV1.2\MXTmpFiles\rtos_vars.tmp
2025-11-07 12:48:19,856 [INFO] CodeEngine:265 - oldGeneratedFile, C:\Users\USER\STM32CubeIDE\workspace_1.19.0\Hip-Pro_Hardware_V1.2\HardwareV1.2\MXTmpFiles\rtos_pfp.tmp_save
2025-11-07 12:48:19,951 [INFO] CodeEngine:289 - Generated code: C:\Users\USER\STM32CubeIDE\workspace_1.19.0\Hip-Pro_Hardware_V1.2\HardwareV1.2\MXTmpFiles\rtos_pfp.tmp
2025-11-07 12:48:19,960 [INFO] CodeEngine:265 - oldGeneratedFile, C:\Users\USER\STM32CubeIDE\workspace_1.19.0\Hip-Pro_Hardware_V1.2\HardwareV1.2\MXTmpFiles\rtos_obj_creat.tmp_save
2025-11-07 12:48:20,039 [INFO] CodeEngine:289 - Generated code: C:\Users\USER\STM32CubeIDE\workspace_1.19.0\Hip-Pro_Hardware_V1.2\HardwareV1.2\MXTmpFiles\rtos_obj_creat.tmp
2025-11-07 12:48:20,045 [INFO] CodeEngine:265 - oldGeneratedFile, C:\Users\USER\STM32CubeIDE\workspace_1.19.0\Hip-Pro_Hardware_V1.2\HardwareV1.2\MXTmpFiles\rtos_kernelStart.tmp_save
2025-11-07 12:48:20,121 [INFO] CodeEngine:289 - Generated code: C:\Users\USER\STM32CubeIDE\workspace_1.19.0\Hip-Pro_Hardware_V1.2\HardwareV1.2\MXTmpFiles\rtos_kernelStart.tmp
2025-11-07 12:48:20,127 [INFO] CodeEngine:265 - oldGeneratedFile, C:\Users\USER\STM32CubeIDE\workspace_1.19.0\Hip-Pro_Hardware_V1.2\HardwareV1.2\MXTmpFiles\rtos_default_thread.tmp_save
2025-11-07 12:48:20,199 [INFO] CodeEngine:289 - Generated code: C:\Users\USER\STM32CubeIDE\workspace_1.19.0\Hip-Pro_Hardware_V1.2\HardwareV1.2\MXTmpFiles\rtos_default_thread.tmp
2025-11-07 12:48:20,206 [INFO] CodeEngine:265 - oldGeneratedFile, C:\Users\USER\STM32CubeIDE\workspace_1.19.0\Hip-Pro_Hardware_V1.2\HardwareV1.2\MXTmpFiles\rtos_threads.tmp_save
2025-11-07 12:48:20,267 [INFO] CodeEngine:289 - Generated code: C:\Users\USER\STM32CubeIDE\workspace_1.19.0\Hip-Pro_Hardware_V1.2\HardwareV1.2\MXTmpFiles\rtos_threads.tmp
2025-11-07 12:48:20,290 [INFO] Middleware:1452 - No code input for Bsp Dependency
2025-11-07 12:48:20,300 [INFO] CodeEngine:265 - oldGeneratedFile, C:\Users\USER\STM32CubeIDE\workspace_1.19.0\Hip-Pro_Hardware_V1.2\HardwareV1.2\MXTmpFiles\rtos_inc.tmp_save
2025-11-07 12:48:20,361 [INFO] CodeEngine:289 - Generated code: C:\Users\USER\STM32CubeIDE\workspace_1.19.0\Hip-Pro_Hardware_V1.2\HardwareV1.2\MXTmpFiles\rtos_inc.tmp
2025-11-07 12:48:20,368 [INFO] CodeEngine:265 - oldGeneratedFile, C:\Users\USER\STM32CubeIDE\workspace_1.19.0\Hip-Pro_Hardware_V1.2\HardwareV1.2\MXTmpFiles\rtos_vars.tmp_save
2025-11-07 12:48:20,429 [INFO] CodeEngine:289 - Generated code: C:\Users\USER\STM32CubeIDE\workspace_1.19.0\Hip-Pro_Hardware_V1.2\HardwareV1.2\MXTmpFiles\rtos_vars.tmp
2025-11-07 12:48:20,437 [INFO] CodeEngine:265 - oldGeneratedFile, C:\Users\USER\STM32CubeIDE\workspace_1.19.0\Hip-Pro_Hardware_V1.2\HardwareV1.2\MXTmpFiles\rtos_pfp.tmp_save
2025-11-07 12:48:20,497 [INFO] CodeEngine:289 - Generated code: C:\Users\USER\STM32CubeIDE\workspace_1.19.0\Hip-Pro_Hardware_V1.2\HardwareV1.2\MXTmpFiles\rtos_pfp.tmp
2025-11-07 12:48:20,506 [INFO] CodeEngine:265 - oldGeneratedFile, C:\Users\USER\STM32CubeIDE\workspace_1.19.0\Hip-Pro_Hardware_V1.2\HardwareV1.2\MXTmpFiles\rtos_obj_creat.tmp_save
2025-11-07 12:48:20,569 [INFO] CodeEngine:289 - Generated code: C:\Users\USER\STM32CubeIDE\workspace_1.19.0\Hip-Pro_Hardware_V1.2\HardwareV1.2\MXTmpFiles\rtos_obj_creat.tmp
2025-11-07 12:48:20,576 [INFO] CodeEngine:265 - oldGeneratedFile, C:\Users\USER\STM32CubeIDE\workspace_1.19.0\Hip-Pro_Hardware_V1.2\HardwareV1.2\MXTmpFiles\rtos_kernelStart.tmp_save
2025-11-07 12:48:20,633 [INFO] CodeEngine:289 - Generated code: C:\Users\USER\STM32CubeIDE\workspace_1.19.0\Hip-Pro_Hardware_V1.2\HardwareV1.2\MXTmpFiles\rtos_kernelStart.tmp
2025-11-07 12:48:20,641 [INFO] CodeEngine:265 - oldGeneratedFile, C:\Users\USER\STM32CubeIDE\workspace_1.19.0\Hip-Pro_Hardware_V1.2\HardwareV1.2\MXTmpFiles\rtos_default_thread.tmp_save
2025-11-07 12:48:20,702 [INFO] CodeEngine:289 - Generated code: C:\Users\USER\STM32CubeIDE\workspace_1.19.0\Hip-Pro_Hardware_V1.2\HardwareV1.2\MXTmpFiles\rtos_default_thread.tmp
2025-11-07 12:48:20,711 [INFO] CodeEngine:265 - oldGeneratedFile, C:\Users\USER\STM32CubeIDE\workspace_1.19.0\Hip-Pro_Hardware_V1.2\HardwareV1.2\MXTmpFiles\rtos_threads.tmp_save
2025-11-07 12:48:20,776 [INFO] CodeEngine:289 - Generated code: C:\Users\USER\STM32CubeIDE\workspace_1.19.0\Hip-Pro_Hardware_V1.2\HardwareV1.2\MXTmpFiles\rtos_threads.tmp
2025-11-07 12:48:20,782 [INFO] CodeEngine:265 - oldGeneratedFile, C:\Users\USER\STM32CubeIDE\workspace_1.19.0\Hip-Pro_Hardware_V1.2\HardwareV1.2\Core\Inc\FreeRTOSConfig.h_save
2025-11-07 12:48:20,864 [INFO] CodeEngine:289 - Generated code: C:\Users\USER\STM32CubeIDE\workspace_1.19.0\Hip-Pro_Hardware_V1.2\HardwareV1.2\Core\Inc\FreeRTOSConfig.h
2025-11-07 12:48:20,873 [INFO] CodeEngine:265 - oldGeneratedFile, C:\Users\USER\STM32CubeIDE\workspace_1.19.0\Hip-Pro_Hardware_V1.2\HardwareV1.2\Core\Src\freertos.c_save
2025-11-07 12:48:20,939 [INFO] CodeEngine:289 - Generated code: C:\Users\USER\STM32CubeIDE\workspace_1.19.0\Hip-Pro_Hardware_V1.2\HardwareV1.2\Core\Src\freertos.c
2025-11-07 12:48:20,964 [INFO] CodeEngine:265 - oldGeneratedFile, C:\Users\USER\STM32CubeIDE\workspace_1.19.0\Hip-Pro_Hardware_V1.2\HardwareV1.2\MXTmpFiles\dma.tmp_save
2025-11-07 12:48:21,027 [INFO] CodeEngine:289 - Generated code: C:\Users\USER\STM32CubeIDE\workspace_1.19.0\Hip-Pro_Hardware_V1.2\HardwareV1.2\MXTmpFiles\dma.tmp
2025-11-07 12:48:21,032 [INFO] CodeEngine:265 - oldGeneratedFile, C:\Users\USER\STM32CubeIDE\workspace_1.19.0\Hip-Pro_Hardware_V1.2\HardwareV1.2\MXTmpFiles\dma_GV.tmp_save
2025-11-07 12:48:21,085 [INFO] CodeEngine:289 - Generated code: C:\Users\USER\STM32CubeIDE\workspace_1.19.0\Hip-Pro_Hardware_V1.2\HardwareV1.2\MXTmpFiles\dma_GV.tmp
2025-11-07 12:48:21,098 [INFO] CodeEngine:265 - oldGeneratedFile, C:\Users\USER\STM32CubeIDE\workspace_1.19.0\Hip-Pro_Hardware_V1.2\HardwareV1.2\Core\Src\stm32f1xx_it.c_save
2025-11-07 12:48:21,173 [INFO] CodeEngine:289 - Generated code: C:\Users\USER\STM32CubeIDE\workspace_1.19.0\Hip-Pro_Hardware_V1.2\HardwareV1.2\Core\Src\stm32f1xx_it.c
2025-11-07 12:48:21,180 [INFO] CodeEngine:265 - oldGeneratedFile, C:\Users\USER\STM32CubeIDE\workspace_1.19.0\Hip-Pro_Hardware_V1.2\HardwareV1.2\Core\Inc\stm32f1xx_it.h_save
2025-11-07 12:48:21,252 [INFO] CodeEngine:289 - Generated code: C:\Users\USER\STM32CubeIDE\workspace_1.19.0\Hip-Pro_Hardware_V1.2\HardwareV1.2\Core\Inc\stm32f1xx_it.h
2025-11-07 12:48:21,267 [INFO] CodeEngine:265 - oldGeneratedFile, C:\Users\USER\STM32CubeIDE\workspace_1.19.0\Hip-Pro_Hardware_V1.2\HardwareV1.2\Core\Src\stm32f1xx_hal_msp.c_save
2025-11-07 12:48:21,372 [INFO] CodeEngine:289 - Generated code: C:\Users\USER\STM32CubeIDE\workspace_1.19.0\Hip-Pro_Hardware_V1.2\HardwareV1.2\Core\Src\stm32f1xx_hal_msp.c
2025-11-07 12:48:21,378 [INFO] CodeEngine:265 - oldGeneratedFile, C:\Users\USER\STM32CubeIDE\workspace_1.19.0\Hip-Pro_Hardware_V1.2\HardwareV1.2\MXTmpFiles\system.tmp_save
2025-11-07 12:48:21,432 [INFO] CodeEngine:289 - Generated code: C:\Users\USER\STM32CubeIDE\workspace_1.19.0\Hip-Pro_Hardware_V1.2\HardwareV1.2\MXTmpFiles\system.tmp
2025-11-07 12:48:21,439 [INFO] CodeEngine:265 - oldGeneratedFile, C:\Users\USER\STM32CubeIDE\workspace_1.19.0\Hip-Pro_Hardware_V1.2\HardwareV1.2\Core\Src\stm32f1xx_hal_timebase_tim.c_save
2025-11-07 12:48:21,495 [INFO] CodeEngine:289 - Generated code: C:\Users\USER\STM32CubeIDE\workspace_1.19.0\Hip-Pro_Hardware_V1.2\HardwareV1.2\Core\Src\stm32f1xx_hal_timebase_tim.c
2025-11-07 12:48:21,506 [INFO] CodeEngine:321 - oldGeneratedFile, C:\Users\USER\STM32CubeIDE\workspace_1.19.0\Hip-Pro_Hardware_V1.2\HardwareV1.2\Core\Inc\stm32f1xx_hal_conf.h_save
2025-11-07 12:48:21,561 [INFO] CodeEngine:345 - Generated code: C:\Users\USER\STM32CubeIDE\workspace_1.19.0\Hip-Pro_Hardware_V1.2\HardwareV1.2\Core\Inc\stm32f1xx_hal_conf.h
2025-11-07 12:48:21,587 [INFO] CodeEngine:265 - oldGeneratedFile, C:\Users\USER\STM32CubeIDE\workspace_1.19.0\Hip-Pro_Hardware_V1.2\HardwareV1.2\Core\Inc\main.h_save
2025-11-07 12:48:21,648 [INFO] CodeEngine:289 - Generated code: C:\Users\USER\STM32CubeIDE\workspace_1.19.0\Hip-Pro_Hardware_V1.2\HardwareV1.2\Core\Inc\main.h
2025-11-07 12:48:21,656 [INFO] CodeEngine:265 - oldGeneratedFile, C:\Users\USER\STM32CubeIDE\workspace_1.19.0\Hip-Pro_Hardware_V1.2\HardwareV1.2\Core\Src\main.c_save
2025-11-07 12:48:21,758 [INFO] CodeEngine:289 - Generated code: C:\Users\USER\STM32CubeIDE\workspace_1.19.0\Hip-Pro_Hardware_V1.2\HardwareV1.2\Core\Src\main.c
2025-11-07 12:48:22,071 [INFO] ProjectBuilder:3606 - Time for Copy HAL[1] : 153mS.
2025-11-07 12:48:22,074 [INFO] ProjectBuilder:5216 - Project Generator version: 4.7.0-B52
2025-11-07 12:48:22,141 [INFO] ConfigFileManager:1595 - The Die is : DIE414
2025-11-07 12:48:23,431 [INFO] ProjectBuilder:5496 - Time for Generating toolchain IDE Files: 1357mS.
2025-11-07 12:48:23,432 [INFO] ProjectBuilder:3463 - Time for Copy CMSIS : 1mS.
2025-11-07 12:48:23,440 [INFO] ProjectBuilder:3463 - Time for Copy CMSIS : 0mS.
2025-11-07 13:02:04,655 [INFO] ADCParametersView:116 -                Rank 1 : false
2025-11-07 13:02:04,656 [INFO] ADCParametersView:116 -                Rank 2 : false
2025-11-07 13:02:04,656 [INFO] ADCParametersView:116 -                Rank 3 : false
2025-11-07 13:02:04,656 [INFO] ADCParametersView:116 -                Rank 4 : false
2025-11-07 13:02:04,656 [INFO] ADCParametersView:116 -                Rank 1 : false
2025-11-07 13:02:04,656 [INFO] ADCParametersView:116 -                Rank 2 : false
2025-11-07 13:02:04,656 [INFO] ADCParametersView:116 -                Rank 3 : false
2025-11-07 13:02:04,656 [INFO] ADCParametersView:116 -                Rank 4 : false
2025-11-07 13:02:04,656 [INFO] ADCParametersView:116 -                Rank 1 : false
2025-11-07 13:02:04,656 [INFO] ADCParametersView:116 -                Rank 2 : false
2025-11-07 13:02:04,656 [INFO] ADCParametersView:116 -                Rank 3 : false
2025-11-07 13:02:04,656 [INFO] ADCParametersView:116 -                Rank 4 : false
2025-11-07 13:02:04,656 [INFO] ADCParametersView:116 -                Rank 1 : false
2025-11-07 13:02:04,656 [INFO] ADCParametersView:116 -                Rank 2 : false
2025-11-07 13:02:04,656 [INFO] ADCParametersView:116 -                Rank 3 : false
2025-11-07 13:02:04,656 [INFO] ADCParametersView:116 -                Rank 4 : false
2025-11-07 13:02:04,657 [INFO] ADCParametersView:116 -                Rank 1 : false
2025-11-07 13:02:04,657 [INFO] ADCParametersView:116 -                Rank 2 : false
2025-11-07 13:02:04,657 [INFO] ADCParametersView:116 -                Rank 3 : false
2025-11-07 13:02:04,657 [INFO] ADCParametersView:116 -                Rank 4 : false
2025-11-07 13:02:04,657 [INFO] ADCParametersView:116 -                Rank 1 : false
2025-11-07 13:02:04,657 [INFO] ADCParametersView:116 -                Rank 2 : false
2025-11-07 13:02:04,657 [INFO] ADCParametersView:116 -                Rank 3 : false
2025-11-07 13:02:04,657 [INFO] ADCParametersView:116 -                Rank 4 : false
2025-11-07 13:02:04,657 [INFO] ADCParametersView:116 -                Rank 1 : false
2025-11-07 13:02:04,657 [INFO] ADCParametersView:116 -                Rank 2 : false
2025-11-07 13:02:04,657 [INFO] ADCParametersView:116 -                Rank 3 : false
2025-11-07 13:02:04,657 [INFO] ADCParametersView:116 -                Rank 4 : false
2025-11-07 13:02:04,657 [INFO] ADCParametersView:116 -                Rank 1 : false
2025-11-07 13:02:04,657 [INFO] ADCParametersView:116 -                Rank 2 : false
2025-11-07 13:02:04,657 [INFO] ADCParametersView:116 -                Rank 3 : false
2025-11-07 13:02:04,657 [INFO] ADCParametersView:116 -                Rank 4 : false
2025-11-07 13:02:04,658 [INFO] ADCParametersView:116 -                Rank 1 : false
2025-11-07 13:02:04,658 [INFO] ADCParametersView:116 -                Rank 2 : false
2025-11-07 13:02:04,658 [INFO] ADCParametersView:116 -                Rank 3 : false
2025-11-07 13:02:04,658 [INFO] ADCParametersView:116 -                Rank 4 : false
2025-11-07 13:02:04,658 [INFO] ADCParametersView:116 -                Rank 1 : false
2025-11-07 13:02:04,658 [INFO] ADCParametersView:116 -                Rank 2 : false
2025-11-07 13:02:04,658 [INFO] ADCParametersView:116 -                Rank 3 : false
2025-11-07 13:02:04,658 [INFO] ADCParametersView:116 -                Rank 4 : false
2025-11-07 13:02:04,658 [INFO] ADCParametersView:116 -                Rank 1 : false
2025-11-07 13:02:04,658 [INFO] ADCParametersView:116 -                Rank 2 : false
2025-11-07 13:02:04,658 [INFO] ADCParametersView:116 -                Rank 3 : false
2025-11-07 13:02:04,658 [INFO] ADCParametersView:116 -                Rank 4 : false
2025-11-07 13:02:04,658 [INFO] ADCParametersView:116 -                Rank 1 : false
2025-11-07 13:02:04,658 [INFO] ADCParametersView:116 -                Rank 2 : false
2025-11-07 13:02:04,658 [INFO] ADCParametersView:116 -                Rank 3 : false
2025-11-07 13:02:04,658 [INFO] ADCParametersView:116 -                Rank 4 : false
2025-11-07 13:02:04,658 [INFO] ADCParametersView:116 -                Rank 1 : false
2025-11-07 13:02:04,658 [INFO] ADCParametersView:116 -                Rank 2 : false
2025-11-07 13:02:04,658 [INFO] ADCParametersView:116 -                Rank 3 : false
2025-11-07 13:02:04,658 [INFO] ADCParametersView:116 -                Rank 4 : false
2025-11-07 13:02:04,658 [INFO] ADCParametersView:116 -                Rank 1 : false
2025-11-07 13:02:04,658 [INFO] ADCParametersView:116 -                Rank 2 : false
2025-11-07 13:02:04,658 [INFO] ADCParametersView:116 -                Rank 3 : false
2025-11-07 13:02:04,658 [INFO] ADCParametersView:116 -                Rank 4 : false
2025-11-07 13:02:04,658 [INFO] ADCParametersView:116 -                Rank 1 : false
2025-11-07 13:02:04,658 [INFO] ADCParametersView:116 -                Rank 2 : false
2025-11-07 13:02:04,658 [INFO] ADCParametersView:116 -                Rank 3 : false
2025-11-07 13:02:04,658 [INFO] ADCParametersView:116 -                Rank 4 : false
2025-11-07 13:02:04,659 [INFO] ADCParametersView:116 -                Rank 2 : false
2025-11-07 13:02:04,659 [INFO] ADCParametersView:116 -                Rank 3 : false
2025-11-07 13:02:04,659 [INFO] ADCParametersView:116 -                Rank 4 : false
2025-11-07 13:02:04,659 [INFO] ADCParametersView:116 -                Rank 3 : false
2025-11-07 13:02:04,659 [INFO] ADCParametersView:116 -                Rank 4 : false
2025-11-07 13:02:04,659 [INFO] ADCParametersView:116 -                Rank 4 : false
2025-11-07 13:02:04,667 [INFO] ADCParametersView:116 -                Rank 1 : false
2025-11-07 13:02:04,667 [INFO] ADCParametersView:116 -                Rank 1 : false
2025-11-07 13:02:04,667 [INFO] ADCParametersView:116 -                Rank 2 : false
2025-11-07 13:02:04,667 [INFO] ADCParametersView:116 -                Rank 1 : false
2025-11-07 13:02:04,667 [INFO] ADCParametersView:116 -                Rank 2 : false
2025-11-07 13:02:04,667 [INFO] ADCParametersView:116 -                Rank 3 : false
2025-11-07 13:02:04,667 [INFO] ADCParametersView:116 -                Rank 1 : false
2025-11-07 13:02:04,667 [INFO] ADCParametersView:116 -                Rank 2 : false
2025-11-07 13:02:04,668 [INFO] ADCParametersView:116 -                Rank 3 : false
2025-11-07 13:02:04,668 [INFO] ADCParametersView:116 -                Rank 4 : false
2025-11-07 13:02:04,686 [INFO] ADCParametersView:116 -                Rank 1 : false
2025-11-07 13:02:04,687 [INFO] ADCParametersView:116 -                Rank 2 : false
2025-11-07 13:02:04,687 [INFO] ADCParametersView:116 -                Rank 3 : false
2025-11-07 13:02:04,687 [INFO] ADCParametersView:116 -                Rank 4 : false
2025-11-07 13:02:04,687 [INFO] ADCParametersView:116 -                Rank 1 : false
2025-11-07 13:02:04,687 [INFO] ADCParametersView:116 -                Rank 2 : false
2025-11-07 13:02:04,687 [INFO] ADCParametersView:116 -                Rank 3 : false
2025-11-07 13:02:04,687 [INFO] ADCParametersView:116 -                Rank 4 : false
2025-11-07 13:02:04,687 [INFO] ADCParametersView:116 -                Rank 1 : false
2025-11-07 13:02:04,687 [INFO] ADCParametersView:116 -                Rank 2 : false
2025-11-07 13:02:04,687 [INFO] ADCParametersView:116 -                Rank 3 : false
2025-11-07 13:02:04,687 [INFO] ADCParametersView:116 -                Rank 4 : false
2025-11-07 13:02:04,687 [INFO] ADCParametersView:116 -                Rank 1 : false
2025-11-07 13:02:04,687 [INFO] ADCParametersView:116 -                Rank 2 : false
2025-11-07 13:02:04,687 [INFO] ADCParametersView:116 -                Rank 3 : false
2025-11-07 13:02:04,687 [INFO] ADCParametersView:116 -                Rank 4 : false
2025-11-07 13:02:04,687 [INFO] ADCParametersView:116 -                Rank 1 : false
2025-11-07 13:02:04,687 [INFO] ADCParametersView:116 -                Rank 2 : false
2025-11-07 13:02:04,687 [INFO] ADCParametersView:116 -                Rank 3 : false
2025-11-07 13:02:04,687 [INFO] ADCParametersView:116 -                Rank 4 : false
2025-11-07 13:02:04,687 [INFO] ADCParametersView:116 -                Rank 1 : false
2025-11-07 13:02:04,687 [INFO] ADCParametersView:116 -                Rank 2 : false
2025-11-07 13:02:04,687 [INFO] ADCParametersView:116 -                Rank 3 : false
2025-11-07 13:02:04,687 [INFO] ADCParametersView:116 -                Rank 4 : false
2025-11-07 13:02:04,687 [INFO] ADCParametersView:116 -                Rank 1 : false
2025-11-07 13:02:04,687 [INFO] ADCParametersView:116 -                Rank 2 : false
2025-11-07 13:02:04,687 [INFO] ADCParametersView:116 -                Rank 3 : false
2025-11-07 13:02:04,687 [INFO] ADCParametersView:116 -                Rank 4 : false
2025-11-07 13:02:04,688 [INFO] ADCParametersView:116 -                Rank 1 : false
2025-11-07 13:02:04,688 [INFO] ADCParametersView:116 -                Rank 2 : false
2025-11-07 13:02:04,688 [INFO] ADCParametersView:116 -                Rank 3 : false
2025-11-07 13:02:04,688 [INFO] ADCParametersView:116 -                Rank 4 : false
2025-11-07 13:02:04,688 [INFO] ADCParametersView:116 -                Rank 1 : false
2025-11-07 13:02:04,688 [INFO] ADCParametersView:116 -                Rank 2 : false
2025-11-07 13:02:04,688 [INFO] ADCParametersView:116 -                Rank 3 : false
2025-11-07 13:02:04,688 [INFO] ADCParametersView:116 -                Rank 4 : false
2025-11-07 13:02:04,688 [INFO] ADCParametersView:116 -                Rank 1 : false
2025-11-07 13:02:04,688 [INFO] ADCParametersView:116 -                Rank 2 : false
2025-11-07 13:02:04,688 [INFO] ADCParametersView:116 -                Rank 3 : false
2025-11-07 13:02:04,688 [INFO] ADCParametersView:116 -                Rank 4 : false
2025-11-07 13:02:04,688 [INFO] ADCParametersView:116 -                Rank 1 : false
2025-11-07 13:02:04,688 [INFO] ADCParametersView:116 -                Rank 2 : false
2025-11-07 13:02:04,688 [INFO] ADCParametersView:116 -                Rank 3 : false
2025-11-07 13:02:04,688 [INFO] ADCParametersView:116 -                Rank 4 : false
2025-11-07 13:02:04,688 [INFO] ADCParametersView:116 -                Rank 1 : false
2025-11-07 13:02:04,688 [INFO] ADCParametersView:116 -                Rank 2 : false
2025-11-07 13:02:04,688 [INFO] ADCParametersView:116 -                Rank 3 : false
2025-11-07 13:02:04,688 [INFO] ADCParametersView:116 -                Rank 4 : false
2025-11-07 13:02:04,688 [INFO] ADCParametersView:116 -                Rank 1 : false
2025-11-07 13:02:04,688 [INFO] ADCParametersView:116 -                Rank 2 : false
2025-11-07 13:02:04,688 [INFO] ADCParametersView:116 -                Rank 3 : false
2025-11-07 13:02:04,688 [INFO] ADCParametersView:116 -                Rank 4 : false
2025-11-07 13:02:04,688 [INFO] ADCParametersView:116 -                Rank 1 : false
2025-11-07 13:02:04,688 [INFO] ADCParametersView:116 -                Rank 2 : false
2025-11-07 13:02:04,688 [INFO] ADCParametersView:116 -                Rank 3 : false
2025-11-07 13:02:04,688 [INFO] ADCParametersView:116 -                Rank 4 : false
2025-11-07 13:02:04,688 [INFO] ADCParametersView:116 -                Rank 1 : false
2025-11-07 13:02:04,688 [INFO] ADCParametersView:116 -                Rank 2 : false
2025-11-07 13:02:04,688 [INFO] ADCParametersView:116 -                Rank 3 : false
2025-11-07 13:02:04,688 [INFO] ADCParametersView:116 -                Rank 4 : false
2025-11-07 13:02:04,688 [INFO] ADCParametersView:116 -                Rank 2 : false
2025-11-07 13:02:04,688 [INFO] ADCParametersView:116 -                Rank 3 : false
2025-11-07 13:02:04,688 [INFO] ADCParametersView:116 -                Rank 4 : false
2025-11-07 13:02:04,688 [INFO] ADCParametersView:116 -                Rank 3 : false
2025-11-07 13:02:04,688 [INFO] ADCParametersView:116 -                Rank 4 : false
2025-11-07 13:02:04,688 [INFO] ADCParametersView:116 -                Rank 4 : false
2025-11-07 13:02:04,694 [INFO] ADCParametersView:116 -                Rank 1 : false
2025-11-07 13:02:04,694 [INFO] ADCParametersView:116 -                Rank 1 : false
2025-11-07 13:02:04,694 [INFO] ADCParametersView:116 -                Rank 2 : false
2025-11-07 13:02:04,694 [INFO] ADCParametersView:116 -                Rank 1 : false
2025-11-07 13:02:04,694 [INFO] ADCParametersView:116 -                Rank 2 : false
2025-11-07 13:02:04,694 [INFO] ADCParametersView:116 -                Rank 3 : false
2025-11-07 13:02:04,694 [INFO] ADCParametersView:116 -                Rank 1 : false
2025-11-07 13:02:04,695 [INFO] ADCParametersView:116 -                Rank 2 : false
2025-11-07 13:02:04,695 [INFO] ADCParametersView:116 -                Rank 3 : false
2025-11-07 13:02:04,695 [INFO] ADCParametersView:116 -                Rank 4 : false
2025-11-07 13:02:17,746 [INFO] ADCParametersView:116 -                Rank 1 : false
2025-11-07 13:02:17,746 [INFO] ADCParametersView:116 -                Rank 2 : false
2025-11-07 13:02:17,746 [INFO] ADCParametersView:116 -                Rank 3 : false
2025-11-07 13:02:17,746 [INFO] ADCParametersView:116 -                Rank 4 : false
2025-11-07 13:02:17,747 [INFO] ADCParametersView:116 -                Rank 1 : false
2025-11-07 13:02:17,747 [INFO] ADCParametersView:116 -                Rank 2 : false
2025-11-07 13:02:17,747 [INFO] ADCParametersView:116 -                Rank 3 : false
2025-11-07 13:02:17,748 [INFO] ADCParametersView:116 -                Rank 4 : false
2025-11-07 13:02:17,748 [INFO] ADCParametersView:116 -                Rank 1 : false
2025-11-07 13:02:17,748 [INFO] ADCParametersView:116 -                Rank 2 : false
2025-11-07 13:02:17,748 [INFO] ADCParametersView:116 -                Rank 3 : false
2025-11-07 13:02:17,748 [INFO] ADCParametersView:116 -                Rank 4 : false
2025-11-07 13:02:17,749 [INFO] ADCParametersView:116 -                Rank 1 : false
2025-11-07 13:02:17,750 [INFO] ADCParametersView:116 -                Rank 2 : false
2025-11-07 13:02:17,750 [INFO] ADCParametersView:116 -                Rank 3 : false
2025-11-07 13:02:17,750 [INFO] ADCParametersView:116 -                Rank 4 : false
2025-11-07 13:02:17,751 [INFO] ADCParametersView:116 -                Rank 1 : false
2025-11-07 13:02:17,751 [INFO] ADCParametersView:116 -                Rank 2 : false
2025-11-07 13:02:17,751 [INFO] ADCParametersView:116 -                Rank 3 : false
2025-11-07 13:02:17,751 [INFO] ADCParametersView:116 -                Rank 4 : false
2025-11-07 13:02:17,751 [INFO] ADCParametersView:116 -                Rank 1 : false
2025-11-07 13:02:17,752 [INFO] ADCParametersView:116 -                Rank 2 : false
2025-11-07 13:02:17,752 [INFO] ADCParametersView:116 -                Rank 3 : false
2025-11-07 13:02:17,752 [INFO] ADCParametersView:116 -                Rank 4 : false
2025-11-07 13:02:17,752 [INFO] ADCParametersView:116 -                Rank 1 : false
2025-11-07 13:02:17,752 [INFO] ADCParametersView:116 -                Rank 2 : false
2025-11-07 13:02:17,753 [INFO] ADCParametersView:116 -                Rank 3 : false
2025-11-07 13:02:17,753 [INFO] ADCParametersView:116 -                Rank 4 : false
2025-11-07 13:02:17,753 [INFO] ADCParametersView:116 -                Rank 1 : false
2025-11-07 13:02:17,753 [INFO] ADCParametersView:116 -                Rank 2 : false
2025-11-07 13:02:17,753 [INFO] ADCParametersView:116 -                Rank 3 : false
2025-11-07 13:02:17,754 [INFO] ADCParametersView:116 -                Rank 4 : false
2025-11-07 13:02:17,754 [INFO] ADCParametersView:116 -                Rank 1 : false
2025-11-07 13:02:17,754 [INFO] ADCParametersView:116 -                Rank 2 : false
2025-11-07 13:02:17,754 [INFO] ADCParametersView:116 -                Rank 3 : false
2025-11-07 13:02:17,754 [INFO] ADCParametersView:116 -                Rank 4 : false
2025-11-07 13:02:17,755 [INFO] ADCParametersView:116 -                Rank 1 : false
2025-11-07 13:02:17,755 [INFO] ADCParametersView:116 -                Rank 2 : false
2025-11-07 13:02:17,755 [INFO] ADCParametersView:116 -                Rank 3 : false
2025-11-07 13:02:17,755 [INFO] ADCParametersView:116 -                Rank 4 : false
2025-11-07 13:02:17,756 [INFO] ADCParametersView:116 -                Rank 1 : false
2025-11-07 13:02:17,756 [INFO] ADCParametersView:116 -                Rank 2 : false
2025-11-07 13:02:17,756 [INFO] ADCParametersView:116 -                Rank 3 : false
2025-11-07 13:02:17,756 [INFO] ADCParametersView:116 -                Rank 4 : false
2025-11-07 13:02:17,757 [INFO] ADCParametersView:116 -                Rank 1 : false
2025-11-07 13:02:17,757 [INFO] ADCParametersView:116 -                Rank 2 : false
2025-11-07 13:02:17,757 [INFO] ADCParametersView:116 -                Rank 3 : false
2025-11-07 13:02:17,757 [INFO] ADCParametersView:116 -                Rank 4 : false
2025-11-07 13:02:17,758 [INFO] ADCParametersView:116 -                Rank 1 : false
2025-11-07 13:02:17,758 [INFO] ADCParametersView:116 -                Rank 2 : false
2025-11-07 13:02:17,758 [INFO] ADCParametersView:116 -                Rank 3 : false
2025-11-07 13:02:17,758 [INFO] ADCParametersView:116 -                Rank 4 : false
2025-11-07 13:02:17,758 [INFO] ADCParametersView:116 -                Rank 1 : false
2025-11-07 13:02:17,758 [INFO] ADCParametersView:116 -                Rank 2 : false
2025-11-07 13:02:17,758 [INFO] ADCParametersView:116 -                Rank 3 : false
2025-11-07 13:02:17,758 [INFO] ADCParametersView:116 -                Rank 4 : false
2025-11-07 13:02:17,759 [INFO] ADCParametersView:116 -                Rank 1 : false
2025-11-07 13:02:17,759 [INFO] ADCParametersView:116 -                Rank 2 : false
2025-11-07 13:02:17,759 [INFO] ADCParametersView:116 -                Rank 3 : false
2025-11-07 13:02:17,760 [INFO] ADCParametersView:116 -                Rank 4 : false
2025-11-07 13:02:17,760 [INFO] ADCParametersView:116 -                Rank 2 : false
2025-11-07 13:02:17,760 [INFO] ADCParametersView:116 -                Rank 3 : false
2025-11-07 13:02:17,760 [INFO] ADCParametersView:116 -                Rank 4 : false
2025-11-07 13:02:17,760 [INFO] ADCParametersView:116 -                Rank 3 : false
2025-11-07 13:02:17,760 [INFO] ADCParametersView:116 -                Rank 4 : false
2025-11-07 13:02:17,761 [INFO] ADCParametersView:116 -                Rank 4 : false
2025-11-07 13:02:17,783 [INFO] ADCParametersView:116 -                Rank 1 : false
2025-11-07 13:02:17,784 [INFO] ADCParametersView:116 -                Rank 1 : false
2025-11-07 13:02:17,784 [INFO] ADCParametersView:116 -                Rank 2 : false
2025-11-07 13:02:17,785 [INFO] ADCParametersView:116 -                Rank 1 : false
2025-11-07 13:02:17,785 [INFO] ADCParametersView:116 -                Rank 2 : false
2025-11-07 13:02:17,785 [INFO] ADCParametersView:116 -                Rank 3 : false
2025-11-07 13:02:17,785 [INFO] ADCParametersView:116 -                Rank 1 : false
2025-11-07 13:02:17,785 [INFO] ADCParametersView:116 -                Rank 2 : false
2025-11-07 13:02:17,785 [INFO] ADCParametersView:116 -                Rank 3 : false
2025-11-07 13:02:17,786 [INFO] ADCParametersView:116 -                Rank 4 : false
2025-11-07 13:02:17,851 [INFO] ADCParametersView:116 -                Rank 1 : false
2025-11-07 13:02:17,851 [INFO] ADCParametersView:116 -                Rank 2 : false
2025-11-07 13:02:17,851 [INFO] ADCParametersView:116 -                Rank 3 : false
2025-11-07 13:02:17,851 [INFO] ADCParametersView:116 -                Rank 4 : false
2025-11-07 13:02:17,852 [INFO] ADCParametersView:116 -                Rank 1 : false
2025-11-07 13:02:17,852 [INFO] ADCParametersView:116 -                Rank 2 : false
2025-11-07 13:02:17,852 [INFO] ADCParametersView:116 -                Rank 3 : false
2025-11-07 13:02:17,852 [INFO] ADCParametersView:116 -                Rank 4 : false
2025-11-07 13:02:17,852 [INFO] ADCParametersView:116 -                Rank 1 : false
2025-11-07 13:02:17,852 [INFO] ADCParametersView:116 -                Rank 2 : false
2025-11-07 13:02:17,852 [INFO] ADCParametersView:116 -                Rank 3 : false
2025-11-07 13:02:17,852 [INFO] ADCParametersView:116 -                Rank 4 : false
2025-11-07 13:02:17,853 [INFO] ADCParametersView:116 -                Rank 1 : false
2025-11-07 13:02:17,853 [INFO] ADCParametersView:116 -                Rank 2 : false
2025-11-07 13:02:17,853 [INFO] ADCParametersView:116 -                Rank 3 : false
2025-11-07 13:02:17,853 [INFO] ADCParametersView:116 -                Rank 4 : false
2025-11-07 13:02:17,853 [INFO] ADCParametersView:116 -                Rank 1 : false
2025-11-07 13:02:17,853 [INFO] ADCParametersView:116 -                Rank 2 : false
2025-11-07 13:02:17,853 [INFO] ADCParametersView:116 -                Rank 3 : false
2025-11-07 13:02:17,853 [INFO] ADCParametersView:116 -                Rank 4 : false
2025-11-07 13:02:17,853 [INFO] ADCParametersView:116 -                Rank 1 : false
2025-11-07 13:02:17,854 [INFO] ADCParametersView:116 -                Rank 2 : false
2025-11-07 13:02:17,854 [INFO] ADCParametersView:116 -                Rank 3 : false
2025-11-07 13:02:17,854 [INFO] ADCParametersView:116 -                Rank 4 : false
2025-11-07 13:02:17,854 [INFO] ADCParametersView:116 -                Rank 1 : false
2025-11-07 13:02:17,854 [INFO] ADCParametersView:116 -                Rank 2 : false
2025-11-07 13:02:17,854 [INFO] ADCParametersView:116 -                Rank 3 : false
2025-11-07 13:02:17,854 [INFO] ADCParametersView:116 -                Rank 4 : false
2025-11-07 13:02:17,854 [INFO] ADCParametersView:116 -                Rank 1 : false
2025-11-07 13:02:17,854 [INFO] ADCParametersView:116 -                Rank 2 : false
2025-11-07 13:02:17,855 [INFO] ADCParametersView:116 -                Rank 3 : false
2025-11-07 13:02:17,855 [INFO] ADCParametersView:116 -                Rank 4 : false
2025-11-07 13:02:17,856 [INFO] ADCParametersView:116 -                Rank 1 : false
2025-11-07 13:02:17,856 [INFO] ADCParametersView:116 -                Rank 2 : false
2025-11-07 13:02:17,856 [INFO] ADCParametersView:116 -                Rank 3 : false
2025-11-07 13:02:17,856 [INFO] ADCParametersView:116 -                Rank 4 : false
2025-11-07 13:02:17,856 [INFO] ADCParametersView:116 -                Rank 1 : false
2025-11-07 13:02:17,857 [INFO] ADCParametersView:116 -                Rank 2 : false
2025-11-07 13:02:17,857 [INFO] ADCParametersView:116 -                Rank 3 : false
2025-11-07 13:02:17,857 [INFO] ADCParametersView:116 -                Rank 4 : false
2025-11-07 13:02:17,857 [INFO] ADCParametersView:116 -                Rank 1 : false
2025-11-07 13:02:17,857 [INFO] ADCParametersView:116 -                Rank 2 : false
2025-11-07 13:02:17,857 [INFO] ADCParametersView:116 -                Rank 3 : false
2025-11-07 13:02:17,857 [INFO] ADCParametersView:116 -                Rank 4 : false
2025-11-07 13:02:17,858 [INFO] ADCParametersView:116 -                Rank 1 : false
2025-11-07 13:02:17,858 [INFO] ADCParametersView:116 -                Rank 2 : false
2025-11-07 13:02:17,858 [INFO] ADCParametersView:116 -                Rank 3 : false
2025-11-07 13:02:17,858 [INFO] ADCParametersView:116 -                Rank 4 : false
2025-11-07 13:02:17,858 [INFO] ADCParametersView:116 -                Rank 1 : false
2025-11-07 13:02:17,858 [INFO] ADCParametersView:116 -                Rank 2 : false
2025-11-07 13:02:17,859 [INFO] ADCParametersView:116 -                Rank 3 : false
2025-11-07 13:02:17,859 [INFO] ADCParametersView:116 -                Rank 4 : false
2025-11-07 13:02:17,859 [INFO] ADCParametersView:116 -                Rank 1 : false
2025-11-07 13:02:17,859 [INFO] ADCParametersView:116 -                Rank 2 : false
2025-11-07 13:02:17,859 [INFO] ADCParametersView:116 -                Rank 3 : false
2025-11-07 13:02:17,859 [INFO] ADCParametersView:116 -                Rank 4 : false
2025-11-07 13:02:17,860 [INFO] ADCParametersView:116 -                Rank 1 : false
2025-11-07 13:02:17,860 [INFO] ADCParametersView:116 -                Rank 2 : false
2025-11-07 13:02:17,860 [INFO] ADCParametersView:116 -                Rank 3 : false
2025-11-07 13:02:17,860 [INFO] ADCParametersView:116 -                Rank 4 : false
2025-11-07 13:02:17,860 [INFO] ADCParametersView:116 -                Rank 2 : false
2025-11-07 13:02:17,860 [INFO] ADCParametersView:116 -                Rank 3 : false
2025-11-07 13:02:17,860 [INFO] ADCParametersView:116 -                Rank 4 : false
2025-11-07 13:02:17,860 [INFO] ADCParametersView:116 -                Rank 3 : false
2025-11-07 13:02:17,860 [INFO] ADCParametersView:116 -                Rank 4 : false
2025-11-07 13:02:17,861 [INFO] ADCParametersView:116 -                Rank 4 : false
2025-11-07 13:02:17,878 [INFO] ADCParametersView:116 -                Rank 1 : false
2025-11-07 13:02:17,879 [INFO] ADCParametersView:116 -                Rank 1 : false
2025-11-07 13:02:17,879 [INFO] ADCParametersView:116 -                Rank 2 : false
2025-11-07 13:02:17,879 [INFO] ADCParametersView:116 -                Rank 1 : false
2025-11-07 13:02:17,879 [INFO] ADCParametersView:116 -                Rank 2 : false
2025-11-07 13:02:17,879 [INFO] ADCParametersView:116 -                Rank 3 : false
2025-11-07 13:02:17,880 [INFO] ADCParametersView:116 -                Rank 1 : false
2025-11-07 13:02:17,880 [INFO] ADCParametersView:116 -                Rank 2 : false
2025-11-07 13:02:17,880 [INFO] ADCParametersView:116 -                Rank 3 : false
2025-11-07 13:02:17,880 [INFO] ADCParametersView:116 -                Rank 4 : false
2025-11-07 13:02:18,006 [WARN] IP:2250 - I2C_Coeff_DF not found: check if there is a RefParameter without a condition.
2025-11-07 13:02:18,007 [WARN] IP:2250 - Analog_Filter not found: check if there is a RefParameter without a condition.
2025-11-07 13:02:18,007 [WARN] IP:2250 - I2C_Coeff_DF not found: check if there is a RefParameter without a condition.
2025-11-07 13:02:18,007 [WARN] IP:2250 - Analog_Filter not found: check if there is a RefParameter without a condition.
2025-11-07 13:02:18,010 [WARN] IP:2250 - I2C_Coeff_DF not found: check if there is a RefParameter without a condition.
2025-11-07 13:02:18,011 [WARN] IP:2250 - Analog_Filter not found: check if there is a RefParameter without a condition.
2025-11-07 13:02:18,011 [WARN] IP:2250 - I2C_Coeff_DF not found: check if there is a RefParameter without a condition.
2025-11-07 13:02:18,011 [WARN] IP:2250 - Analog_Filter not found: check if there is a RefParameter without a condition.
2025-11-07 13:02:18,062 [WARN] IP:2250 - I2C_Coeff_DF not found: check if there is a RefParameter without a condition.
2025-11-07 13:02:18,062 [WARN] IP:2250 - Analog_Filter not found: check if there is a RefParameter without a condition.
2025-11-07 13:02:18,065 [WARN] IP:2250 - I2C_Coeff_DF not found: check if there is a RefParameter without a condition.
2025-11-07 13:02:18,065 [WARN] IP:2250 - Analog_Filter not found: check if there is a RefParameter without a condition.
2025-11-07 13:02:18,105 [WARN] IP:2250 - I2C_Coeff_DF not found: check if there is a RefParameter without a condition.
2025-11-07 13:02:18,106 [WARN] IP:2250 - Analog_Filter not found: check if there is a RefParameter without a condition.
2025-11-07 13:02:18,109 [WARN] IP:2250 - I2C_Coeff_DF not found: check if there is a RefParameter without a condition.
2025-11-07 13:02:18,109 [WARN] IP:2250 - Analog_Filter not found: check if there is a RefParameter without a condition.
2025-11-07 13:02:18,136 [INFO] ADCParametersView:116 -                Rank 1 : false
2025-11-07 13:02:18,136 [INFO] ADCParametersView:116 -                Rank 2 : false
2025-11-07 13:02:18,136 [INFO] ADCParametersView:116 -                Rank 3 : false
2025-11-07 13:02:18,136 [INFO] ADCParametersView:116 -                Rank 4 : false
2025-11-07 13:02:18,137 [INFO] ADCParametersView:116 -                Rank 1 : false
2025-11-07 13:02:18,137 [INFO] ADCParametersView:116 -                Rank 2 : false
2025-11-07 13:02:18,137 [INFO] ADCParametersView:116 -                Rank 3 : false
2025-11-07 13:02:18,137 [INFO] ADCParametersView:116 -                Rank 4 : false
2025-11-07 13:02:18,137 [INFO] ADCParametersView:116 -                Rank 1 : false
2025-11-07 13:02:18,137 [INFO] ADCParametersView:116 -                Rank 2 : false
2025-11-07 13:02:18,138 [INFO] ADCParametersView:116 -                Rank 3 : false
2025-11-07 13:02:18,138 [INFO] ADCParametersView:116 -                Rank 4 : false
2025-11-07 13:02:18,138 [INFO] ADCParametersView:116 -                Rank 1 : false
2025-11-07 13:02:18,138 [INFO] ADCParametersView:116 -                Rank 2 : false
2025-11-07 13:02:18,138 [INFO] ADCParametersView:116 -                Rank 3 : false
2025-11-07 13:02:18,138 [INFO] ADCParametersView:116 -                Rank 4 : false
2025-11-07 13:02:18,139 [INFO] ADCParametersView:116 -                Rank 1 : false
2025-11-07 13:02:18,139 [INFO] ADCParametersView:116 -                Rank 2 : false
2025-11-07 13:02:18,139 [INFO] ADCParametersView:116 -                Rank 3 : false
2025-11-07 13:02:18,139 [INFO] ADCParametersView:116 -                Rank 4 : false
2025-11-07 13:02:18,139 [INFO] ADCParametersView:116 -                Rank 1 : false
2025-11-07 13:02:18,139 [INFO] ADCParametersView:116 -                Rank 2 : false
2025-11-07 13:02:18,139 [INFO] ADCParametersView:116 -                Rank 3 : false
2025-11-07 13:02:18,140 [INFO] ADCParametersView:116 -                Rank 4 : false
2025-11-07 13:02:18,140 [INFO] ADCParametersView:116 -                Rank 1 : false
2025-11-07 13:02:18,140 [INFO] ADCParametersView:116 -                Rank 2 : false
2025-11-07 13:02:18,140 [INFO] ADCParametersView:116 -                Rank 3 : false
2025-11-07 13:02:18,140 [INFO] ADCParametersView:116 -                Rank 4 : false
2025-11-07 13:02:18,140 [INFO] ADCParametersView:116 -                Rank 1 : false
2025-11-07 13:02:18,141 [INFO] ADCParametersView:116 -                Rank 2 : false
2025-11-07 13:02:18,141 [INFO] ADCParametersView:116 -                Rank 3 : false
2025-11-07 13:02:18,141 [INFO] ADCParametersView:116 -                Rank 4 : false
2025-11-07 13:02:18,141 [INFO] ADCParametersView:116 -                Rank 1 : false
2025-11-07 13:02:18,141 [INFO] ADCParametersView:116 -                Rank 2 : false
2025-11-07 13:02:18,141 [INFO] ADCParametersView:116 -                Rank 3 : false
2025-11-07 13:02:18,142 [INFO] ADCParametersView:116 -                Rank 4 : false
2025-11-07 13:02:18,142 [INFO] ADCParametersView:116 -                Rank 1 : false
2025-11-07 13:02:18,142 [INFO] ADCParametersView:116 -                Rank 2 : false
2025-11-07 13:02:18,142 [INFO] ADCParametersView:116 -                Rank 3 : false
2025-11-07 13:02:18,142 [INFO] ADCParametersView:116 -                Rank 4 : false
2025-11-07 13:02:18,142 [INFO] ADCParametersView:116 -                Rank 1 : false
2025-11-07 13:02:18,142 [INFO] ADCParametersView:116 -                Rank 2 : false
2025-11-07 13:02:18,143 [INFO] ADCParametersView:116 -                Rank 3 : false
2025-11-07 13:02:18,143 [INFO] ADCParametersView:116 -                Rank 4 : false
2025-11-07 13:02:18,143 [INFO] ADCParametersView:116 -                Rank 1 : false
2025-11-07 13:02:18,143 [INFO] ADCParametersView:116 -                Rank 2 : false
2025-11-07 13:02:18,143 [INFO] ADCParametersView:116 -                Rank 3 : false
2025-11-07 13:02:18,143 [INFO] ADCParametersView:116 -                Rank 4 : false
2025-11-07 13:02:18,143 [INFO] ADCParametersView:116 -                Rank 1 : false
2025-11-07 13:02:18,143 [INFO] ADCParametersView:116 -                Rank 2 : false
2025-11-07 13:02:18,143 [INFO] ADCParametersView:116 -                Rank 3 : false
2025-11-07 13:02:18,143 [INFO] ADCParametersView:116 -                Rank 4 : false
2025-11-07 13:02:18,144 [INFO] ADCParametersView:116 -                Rank 1 : false
2025-11-07 13:02:18,144 [INFO] ADCParametersView:116 -                Rank 2 : false
2025-11-07 13:02:18,144 [INFO] ADCParametersView:116 -                Rank 3 : false
2025-11-07 13:02:18,144 [INFO] ADCParametersView:116 -                Rank 4 : false
2025-11-07 13:02:18,144 [INFO] ADCParametersView:116 -                Rank 1 : false
2025-11-07 13:02:18,144 [INFO] ADCParametersView:116 -                Rank 2 : false
2025-11-07 13:02:18,144 [INFO] ADCParametersView:116 -                Rank 3 : false
2025-11-07 13:02:18,144 [INFO] ADCParametersView:116 -                Rank 4 : false
2025-11-07 13:02:18,144 [INFO] ADCParametersView:116 -                Rank 2 : false
2025-11-07 13:02:18,144 [INFO] ADCParametersView:116 -                Rank 3 : false
2025-11-07 13:02:18,144 [INFO] ADCParametersView:116 -                Rank 4 : false
2025-11-07 13:02:18,144 [INFO] ADCParametersView:116 -                Rank 3 : false
2025-11-07 13:02:18,144 [INFO] ADCParametersView:116 -                Rank 4 : false
2025-11-07 13:02:18,144 [INFO] ADCParametersView:116 -                Rank 4 : false
2025-11-07 13:02:18,172 [INFO] ADCParametersView:116 -                Rank 1 : false
2025-11-07 13:02:18,175 [INFO] ADCParametersView:116 -                Rank 1 : false
2025-11-07 13:02:18,176 [INFO] ADCParametersView:116 -                Rank 2 : false
2025-11-07 13:02:18,177 [INFO] ADCParametersView:116 -                Rank 1 : false
2025-11-07 13:02:18,177 [INFO] ADCParametersView:116 -                Rank 2 : false
2025-11-07 13:02:18,177 [INFO] ADCParametersView:116 -                Rank 3 : false
2025-11-07 13:02:18,177 [INFO] ADCParametersView:116 -                Rank 1 : false
2025-11-07 13:02:18,177 [INFO] ADCParametersView:116 -                Rank 2 : false
2025-11-07 13:02:18,177 [INFO] ADCParametersView:116 -                Rank 3 : false
2025-11-07 13:02:18,177 [INFO] ADCParametersView:116 -                Rank 4 : false
2025-11-07 13:02:18,234 [INFO] ADCParametersView:116 -                Rank 1 : false
2025-11-07 13:02:18,234 [INFO] ADCParametersView:116 -                Rank 2 : false
2025-11-07 13:02:18,234 [INFO] ADCParametersView:116 -                Rank 3 : false
2025-11-07 13:02:18,234 [INFO] ADCParametersView:116 -                Rank 4 : false
2025-11-07 13:02:18,234 [INFO] ADCParametersView:116 -                Rank 1 : false
2025-11-07 13:02:18,234 [INFO] ADCParametersView:116 -                Rank 2 : false
2025-11-07 13:02:18,234 [INFO] ADCParametersView:116 -                Rank 3 : false
2025-11-07 13:02:18,234 [INFO] ADCParametersView:116 -                Rank 4 : false
2025-11-07 13:02:18,234 [INFO] ADCParametersView:116 -                Rank 1 : false
2025-11-07 13:02:18,234 [INFO] ADCParametersView:116 -                Rank 2 : false
2025-11-07 13:02:18,234 [INFO] ADCParametersView:116 -                Rank 3 : false
2025-11-07 13:02:18,234 [INFO] ADCParametersView:116 -                Rank 4 : false
2025-11-07 13:02:18,234 [INFO] ADCParametersView:116 -                Rank 1 : false
2025-11-07 13:02:18,234 [INFO] ADCParametersView:116 -                Rank 2 : false
2025-11-07 13:02:18,235 [INFO] ADCParametersView:116 -                Rank 3 : false
2025-11-07 13:02:18,235 [INFO] ADCParametersView:116 -                Rank 4 : false
2025-11-07 13:02:18,235 [INFO] ADCParametersView:116 -                Rank 1 : false
2025-11-07 13:02:18,235 [INFO] ADCParametersView:116 -                Rank 2 : false
2025-11-07 13:02:18,235 [INFO] ADCParametersView:116 -                Rank 3 : false
2025-11-07 13:02:18,235 [INFO] ADCParametersView:116 -                Rank 4 : false
2025-11-07 13:02:18,235 [INFO] ADCParametersView:116 -                Rank 1 : false
2025-11-07 13:02:18,235 [INFO] ADCParametersView:116 -                Rank 2 : false
2025-11-07 13:02:18,235 [INFO] ADCParametersView:116 -                Rank 3 : false
2025-11-07 13:02:18,235 [INFO] ADCParametersView:116 -                Rank 4 : false
2025-11-07 13:02:18,235 [INFO] ADCParametersView:116 -                Rank 1 : false
2025-11-07 13:02:18,235 [INFO] ADCParametersView:116 -                Rank 2 : false
2025-11-07 13:02:18,235 [INFO] ADCParametersView:116 -                Rank 3 : false
2025-11-07 13:02:18,235 [INFO] ADCParametersView:116 -                Rank 4 : false
2025-11-07 13:02:18,235 [INFO] ADCParametersView:116 -                Rank 1 : false
2025-11-07 13:02:18,235 [INFO] ADCParametersView:116 -                Rank 2 : false
2025-11-07 13:02:18,235 [INFO] ADCParametersView:116 -                Rank 3 : false
2025-11-07 13:02:18,235 [INFO] ADCParametersView:116 -                Rank 4 : false
2025-11-07 13:02:18,235 [INFO] ADCParametersView:116 -                Rank 1 : false
2025-11-07 13:02:18,236 [INFO] ADCParametersView:116 -                Rank 2 : false
2025-11-07 13:02:18,236 [INFO] ADCParametersView:116 -                Rank 3 : false
2025-11-07 13:02:18,236 [INFO] ADCParametersView:116 -                Rank 4 : false
2025-11-07 13:02:18,236 [INFO] ADCParametersView:116 -                Rank 1 : false
2025-11-07 13:02:18,236 [INFO] ADCParametersView:116 -                Rank 2 : false
2025-11-07 13:02:18,236 [INFO] ADCParametersView:116 -                Rank 3 : false
2025-11-07 13:02:18,236 [INFO] ADCParametersView:116 -                Rank 4 : false
2025-11-07 13:02:18,236 [INFO] ADCParametersView:116 -                Rank 1 : false
2025-11-07 13:02:18,236 [INFO] ADCParametersView:116 -                Rank 2 : false
2025-11-07 13:02:18,236 [INFO] ADCParametersView:116 -                Rank 3 : false
2025-11-07 13:02:18,236 [INFO] ADCParametersView:116 -                Rank 4 : false
2025-11-07 13:02:18,236 [INFO] ADCParametersView:116 -                Rank 1 : false
2025-11-07 13:02:18,236 [INFO] ADCParametersView:116 -                Rank 2 : false
2025-11-07 13:02:18,236 [INFO] ADCParametersView:116 -                Rank 3 : false
2025-11-07 13:02:18,236 [INFO] ADCParametersView:116 -                Rank 4 : false
2025-11-07 13:02:18,236 [INFO] ADCParametersView:116 -                Rank 1 : false
2025-11-07 13:02:18,236 [INFO] ADCParametersView:116 -                Rank 2 : false
2025-11-07 13:02:18,236 [INFO] ADCParametersView:116 -                Rank 3 : false
2025-11-07 13:02:18,236 [INFO] ADCParametersView:116 -                Rank 4 : false
2025-11-07 13:02:18,236 [INFO] ADCParametersView:116 -                Rank 1 : false
2025-11-07 13:02:18,236 [INFO] ADCParametersView:116 -                Rank 2 : false
2025-11-07 13:02:18,236 [INFO] ADCParametersView:116 -                Rank 3 : false
2025-11-07 13:02:18,236 [INFO] ADCParametersView:116 -                Rank 4 : false
2025-11-07 13:02:18,236 [INFO] ADCParametersView:116 -                Rank 1 : false
2025-11-07 13:02:18,236 [INFO] ADCParametersView:116 -                Rank 2 : false
2025-11-07 13:02:18,236 [INFO] ADCParametersView:116 -                Rank 3 : false
2025-11-07 13:02:18,236 [INFO] ADCParametersView:116 -                Rank 4 : false
2025-11-07 13:02:18,236 [INFO] ADCParametersView:116 -                Rank 2 : false
2025-11-07 13:02:18,237 [INFO] ADCParametersView:116 -                Rank 3 : false
2025-11-07 13:02:18,237 [INFO] ADCParametersView:116 -                Rank 4 : false
2025-11-07 13:02:18,237 [INFO] ADCParametersView:116 -                Rank 3 : false
2025-11-07 13:02:18,237 [INFO] ADCParametersView:116 -                Rank 4 : false
2025-11-07 13:02:18,237 [INFO] ADCParametersView:116 -                Rank 4 : false
2025-11-07 13:02:18,249 [INFO] ADCParametersView:116 -                Rank 1 : false
2025-11-07 13:02:18,250 [INFO] ADCParametersView:116 -                Rank 1 : false
2025-11-07 13:02:18,250 [INFO] ADCParametersView:116 -                Rank 2 : false
2025-11-07 13:02:18,250 [INFO] ADCParametersView:116 -                Rank 1 : false
2025-11-07 13:02:18,250 [INFO] ADCParametersView:116 -                Rank 2 : false
2025-11-07 13:02:18,250 [INFO] ADCParametersView:116 -                Rank 3 : false
2025-11-07 13:02:18,250 [INFO] ADCParametersView:116 -                Rank 1 : false
2025-11-07 13:02:18,250 [INFO] ADCParametersView:116 -                Rank 2 : false
2025-11-07 13:02:18,250 [INFO] ADCParametersView:116 -                Rank 3 : false
2025-11-07 13:02:18,250 [INFO] ADCParametersView:116 -                Rank 4 : false
2025-11-07 13:02:23,013 [INFO] NvicIntPanel:101 - NVIC parent = com.st.microxplorer.plugins.ip.nvic.MultiNvicIntPanel[,0,0,0x0,invalid,layout=javax.swing.BoxLayout,alignmentX=0.0,alignmentY=0.0,border=,flags=9,maximumSize=,minimumSize=,preferredSize=]
2025-11-07 13:02:23,077 [INFO] ADCParametersView:116 -                Rank 1 : false
2025-11-07 13:02:23,077 [INFO] ADCParametersView:116 -                Rank 2 : false
2025-11-07 13:02:23,077 [INFO] ADCParametersView:116 -                Rank 3 : false
2025-11-07 13:02:23,077 [INFO] ADCParametersView:116 -                Rank 4 : false
2025-11-07 13:02:23,078 [INFO] ADCParametersView:116 -                Rank 1 : false
2025-11-07 13:02:23,078 [INFO] ADCParametersView:116 -                Rank 2 : false
2025-11-07 13:02:23,078 [INFO] ADCParametersView:116 -                Rank 3 : false
2025-11-07 13:02:23,078 [INFO] ADCParametersView:116 -                Rank 4 : false
2025-11-07 13:02:23,078 [INFO] ADCParametersView:116 -                Rank 1 : false
2025-11-07 13:02:23,078 [INFO] ADCParametersView:116 -                Rank 2 : false
2025-11-07 13:02:23,078 [INFO] ADCParametersView:116 -                Rank 3 : false
2025-11-07 13:02:23,078 [INFO] ADCParametersView:116 -                Rank 4 : false
2025-11-07 13:02:23,078 [INFO] ADCParametersView:116 -                Rank 1 : false
2025-11-07 13:02:23,078 [INFO] ADCParametersView:116 -                Rank 2 : false
2025-11-07 13:02:23,078 [INFO] ADCParametersView:116 -                Rank 3 : false
2025-11-07 13:02:23,078 [INFO] ADCParametersView:116 -                Rank 4 : false
2025-11-07 13:02:23,078 [INFO] ADCParametersView:116 -                Rank 1 : false
2025-11-07 13:02:23,078 [INFO] ADCParametersView:116 -                Rank 2 : false
2025-11-07 13:02:23,078 [INFO] ADCParametersView:116 -                Rank 3 : false
2025-11-07 13:02:23,078 [INFO] ADCParametersView:116 -                Rank 4 : false
2025-11-07 13:02:23,078 [INFO] ADCParametersView:116 -                Rank 1 : false
2025-11-07 13:02:23,078 [INFO] ADCParametersView:116 -                Rank 2 : false
2025-11-07 13:02:23,078 [INFO] ADCParametersView:116 -                Rank 3 : false
2025-11-07 13:02:23,078 [INFO] ADCParametersView:116 -                Rank 4 : false
2025-11-07 13:02:23,078 [INFO] ADCParametersView:116 -                Rank 1 : false
2025-11-07 13:02:23,078 [INFO] ADCParametersView:116 -                Rank 2 : false
2025-11-07 13:02:23,078 [INFO] ADCParametersView:116 -                Rank 3 : false
2025-11-07 13:02:23,078 [INFO] ADCParametersView:116 -                Rank 4 : false
2025-11-07 13:02:23,079 [INFO] ADCParametersView:116 -                Rank 1 : false
2025-11-07 13:02:23,079 [INFO] ADCParametersView:116 -                Rank 2 : false
2025-11-07 13:02:23,079 [INFO] ADCParametersView:116 -                Rank 3 : false
2025-11-07 13:02:23,079 [INFO] ADCParametersView:116 -                Rank 4 : false
2025-11-07 13:02:23,079 [INFO] ADCParametersView:116 -                Rank 1 : false
2025-11-07 13:02:23,079 [INFO] ADCParametersView:116 -                Rank 2 : false
2025-11-07 13:02:23,079 [INFO] ADCParametersView:116 -                Rank 3 : false
2025-11-07 13:02:23,079 [INFO] ADCParametersView:116 -                Rank 4 : false
2025-11-07 13:02:23,079 [INFO] ADCParametersView:116 -                Rank 1 : false
2025-11-07 13:02:23,079 [INFO] ADCParametersView:116 -                Rank 2 : false
2025-11-07 13:02:23,079 [INFO] ADCParametersView:116 -                Rank 3 : false
2025-11-07 13:02:23,079 [INFO] ADCParametersView:116 -                Rank 4 : false
2025-11-07 13:02:23,079 [INFO] ADCParametersView:116 -                Rank 1 : false
2025-11-07 13:02:23,079 [INFO] ADCParametersView:116 -                Rank 2 : false
2025-11-07 13:02:23,079 [INFO] ADCParametersView:116 -                Rank 3 : false
2025-11-07 13:02:23,079 [INFO] ADCParametersView:116 -                Rank 4 : false
2025-11-07 13:02:23,079 [INFO] ADCParametersView:116 -                Rank 1 : false
2025-11-07 13:02:23,079 [INFO] ADCParametersView:116 -                Rank 2 : false
2025-11-07 13:02:23,079 [INFO] ADCParametersView:116 -                Rank 3 : false
2025-11-07 13:02:23,079 [INFO] ADCParametersView:116 -                Rank 4 : false
2025-11-07 13:02:23,079 [INFO] ADCParametersView:116 -                Rank 1 : false
2025-11-07 13:02:23,079 [INFO] ADCParametersView:116 -                Rank 2 : false
2025-11-07 13:02:23,079 [INFO] ADCParametersView:116 -                Rank 3 : false
2025-11-07 13:02:23,079 [INFO] ADCParametersView:116 -                Rank 4 : false
2025-11-07 13:02:23,079 [INFO] ADCParametersView:116 -                Rank 1 : false
2025-11-07 13:02:23,079 [INFO] ADCParametersView:116 -                Rank 2 : false
2025-11-07 13:02:23,079 [INFO] ADCParametersView:116 -                Rank 3 : false
2025-11-07 13:02:23,079 [INFO] ADCParametersView:116 -                Rank 4 : false
2025-11-07 13:02:23,079 [INFO] ADCParametersView:116 -                Rank 1 : false
2025-11-07 13:02:23,079 [INFO] ADCParametersView:116 -                Rank 2 : false
2025-11-07 13:02:23,079 [INFO] ADCParametersView:116 -                Rank 3 : false
2025-11-07 13:02:23,079 [INFO] ADCParametersView:116 -                Rank 4 : false
2025-11-07 13:02:23,079 [INFO] ADCParametersView:116 -                Rank 2 : false
2025-11-07 13:02:23,079 [INFO] ADCParametersView:116 -                Rank 3 : false
2025-11-07 13:02:23,080 [INFO] ADCParametersView:116 -                Rank 4 : false
2025-11-07 13:02:23,080 [INFO] ADCParametersView:116 -                Rank 3 : false
2025-11-07 13:02:23,080 [INFO] ADCParametersView:116 -                Rank 4 : false
2025-11-07 13:02:23,080 [INFO] ADCParametersView:116 -                Rank 4 : false
2025-11-07 13:02:23,090 [INFO] ADCParametersView:116 -                Rank 1 : false
2025-11-07 13:02:23,090 [INFO] ADCParametersView:116 -                Rank 1 : false
2025-11-07 13:02:23,090 [INFO] ADCParametersView:116 -                Rank 2 : false
2025-11-07 13:02:23,090 [INFO] ADCParametersView:116 -                Rank 1 : false
2025-11-07 13:02:23,090 [INFO] ADCParametersView:116 -                Rank 2 : false
2025-11-07 13:02:23,090 [INFO] ADCParametersView:116 -                Rank 3 : false
2025-11-07 13:02:23,091 [INFO] ADCParametersView:116 -                Rank 1 : false
2025-11-07 13:02:23,091 [INFO] ADCParametersView:116 -                Rank 2 : false
2025-11-07 13:02:23,091 [INFO] ADCParametersView:116 -                Rank 3 : false
2025-11-07 13:02:23,091 [INFO] ADCParametersView:116 -                Rank 4 : false
2025-11-07 13:02:23,127 [INFO] ADCParametersView:116 -                Rank 1 : false
2025-11-07 13:02:23,127 [INFO] ADCParametersView:116 -                Rank 2 : false
2025-11-07 13:02:23,127 [INFO] ADCParametersView:116 -                Rank 3 : false
2025-11-07 13:02:23,127 [INFO] ADCParametersView:116 -                Rank 4 : false
2025-11-07 13:02:23,128 [INFO] ADCParametersView:116 -                Rank 1 : false
2025-11-07 13:02:23,128 [INFO] ADCParametersView:116 -                Rank 2 : false
2025-11-07 13:02:23,128 [INFO] ADCParametersView:116 -                Rank 3 : false
2025-11-07 13:02:23,128 [INFO] ADCParametersView:116 -                Rank 4 : false
2025-11-07 13:02:23,128 [INFO] ADCParametersView:116 -                Rank 1 : false
2025-11-07 13:02:23,128 [INFO] ADCParametersView:116 -                Rank 2 : false
2025-11-07 13:02:23,128 [INFO] ADCParametersView:116 -                Rank 3 : false
2025-11-07 13:02:23,128 [INFO] ADCParametersView:116 -                Rank 4 : false
2025-11-07 13:02:23,128 [INFO] ADCParametersView:116 -                Rank 1 : false
2025-11-07 13:02:23,128 [INFO] ADCParametersView:116 -                Rank 2 : false
2025-11-07 13:02:23,128 [INFO] ADCParametersView:116 -                Rank 3 : false
2025-11-07 13:02:23,128 [INFO] ADCParametersView:116 -                Rank 4 : false
2025-11-07 13:02:23,128 [INFO] ADCParametersView:116 -                Rank 1 : false
2025-11-07 13:02:23,128 [INFO] ADCParametersView:116 -                Rank 2 : false
2025-11-07 13:02:23,128 [INFO] ADCParametersView:116 -                Rank 3 : false
2025-11-07 13:02:23,128 [INFO] ADCParametersView:116 -                Rank 4 : false
2025-11-07 13:02:23,128 [INFO] ADCParametersView:116 -                Rank 1 : false
2025-11-07 13:02:23,128 [INFO] ADCParametersView:116 -                Rank 2 : false
2025-11-07 13:02:23,128 [INFO] ADCParametersView:116 -                Rank 3 : false
2025-11-07 13:02:23,128 [INFO] ADCParametersView:116 -                Rank 4 : false
2025-11-07 13:02:23,128 [INFO] ADCParametersView:116 -                Rank 1 : false
2025-11-07 13:02:23,128 [INFO] ADCParametersView:116 -                Rank 2 : false
2025-11-07 13:02:23,128 [INFO] ADCParametersView:116 -                Rank 3 : false
2025-11-07 13:02:23,128 [INFO] ADCParametersView:116 -                Rank 4 : false
2025-11-07 13:02:23,129 [INFO] ADCParametersView:116 -                Rank 1 : false
2025-11-07 13:02:23,129 [INFO] ADCParametersView:116 -                Rank 2 : false
2025-11-07 13:02:23,129 [INFO] ADCParametersView:116 -                Rank 3 : false
2025-11-07 13:02:23,129 [INFO] ADCParametersView:116 -                Rank 4 : false
2025-11-07 13:02:23,129 [INFO] ADCParametersView:116 -                Rank 1 : false
2025-11-07 13:02:23,129 [INFO] ADCParametersView:116 -                Rank 2 : false
2025-11-07 13:02:23,129 [INFO] ADCParametersView:116 -                Rank 3 : false
2025-11-07 13:02:23,129 [INFO] ADCParametersView:116 -                Rank 4 : false
2025-11-07 13:02:23,129 [INFO] ADCParametersView:116 -                Rank 1 : false
2025-11-07 13:02:23,129 [INFO] ADCParametersView:116 -                Rank 2 : false
2025-11-07 13:02:23,129 [INFO] ADCParametersView:116 -                Rank 3 : false
2025-11-07 13:02:23,129 [INFO] ADCParametersView:116 -                Rank 4 : false
2025-11-07 13:02:23,129 [INFO] ADCParametersView:116 -                Rank 1 : false
2025-11-07 13:02:23,129 [INFO] ADCParametersView:116 -                Rank 2 : false
2025-11-07 13:02:23,129 [INFO] ADCParametersView:116 -                Rank 3 : false
2025-11-07 13:02:23,129 [INFO] ADCParametersView:116 -                Rank 4 : false
2025-11-07 13:02:23,129 [INFO] ADCParametersView:116 -                Rank 1 : false
2025-11-07 13:02:23,129 [INFO] ADCParametersView:116 -                Rank 2 : false
2025-11-07 13:02:23,129 [INFO] ADCParametersView:116 -                Rank 3 : false
2025-11-07 13:02:23,129 [INFO] ADCParametersView:116 -                Rank 4 : false
2025-11-07 13:02:23,129 [INFO] ADCParametersView:116 -                Rank 1 : false
2025-11-07 13:02:23,129 [INFO] ADCParametersView:116 -                Rank 2 : false
2025-11-07 13:02:23,129 [INFO] ADCParametersView:116 -                Rank 3 : false
2025-11-07 13:02:23,129 [INFO] ADCParametersView:116 -                Rank 4 : false
2025-11-07 13:02:23,129 [INFO] ADCParametersView:116 -                Rank 1 : false
2025-11-07 13:02:23,129 [INFO] ADCParametersView:116 -                Rank 2 : false
2025-11-07 13:02:23,129 [INFO] ADCParametersView:116 -                Rank 3 : false
2025-11-07 13:02:23,129 [INFO] ADCParametersView:116 -                Rank 4 : false
2025-11-07 13:02:23,130 [INFO] ADCParametersView:116 -                Rank 1 : false
2025-11-07 13:02:23,130 [INFO] ADCParametersView:116 -                Rank 2 : false
2025-11-07 13:02:23,130 [INFO] ADCParametersView:116 -                Rank 3 : false
2025-11-07 13:02:23,130 [INFO] ADCParametersView:116 -                Rank 4 : false
2025-11-07 13:02:23,130 [INFO] ADCParametersView:116 -                Rank 2 : false
2025-11-07 13:02:23,130 [INFO] ADCParametersView:116 -                Rank 3 : false
2025-11-07 13:02:23,130 [INFO] ADCParametersView:116 -                Rank 4 : false
2025-11-07 13:02:23,130 [INFO] ADCParametersView:116 -                Rank 3 : false
2025-11-07 13:02:23,130 [INFO] ADCParametersView:116 -                Rank 4 : false
2025-11-07 13:02:23,130 [INFO] ADCParametersView:116 -                Rank 4 : false
2025-11-07 13:02:23,141 [INFO] ADCParametersView:116 -                Rank 1 : false
2025-11-07 13:02:23,141 [INFO] ADCParametersView:116 -                Rank 1 : false
2025-11-07 13:02:23,141 [INFO] ADCParametersView:116 -                Rank 2 : false
2025-11-07 13:02:23,141 [INFO] ADCParametersView:116 -                Rank 1 : false
2025-11-07 13:02:23,141 [INFO] ADCParametersView:116 -                Rank 2 : false
2025-11-07 13:02:23,141 [INFO] ADCParametersView:116 -                Rank 3 : false
2025-11-07 13:02:23,141 [INFO] ADCParametersView:116 -                Rank 1 : false
2025-11-07 13:02:23,141 [INFO] ADCParametersView:116 -                Rank 2 : false
2025-11-07 13:02:23,141 [INFO] ADCParametersView:116 -                Rank 3 : false
2025-11-07 13:02:23,142 [INFO] ADCParametersView:116 -                Rank 4 : false
2025-11-07 13:02:23,246 [INFO] ADCParametersView:116 -                Rank 1 : false
2025-11-07 13:02:23,246 [INFO] ADCParametersView:116 -                Rank 2 : false
2025-11-07 13:02:23,246 [INFO] ADCParametersView:116 -                Rank 3 : false
2025-11-07 13:02:23,246 [INFO] ADCParametersView:116 -                Rank 4 : false
2025-11-07 13:02:23,246 [INFO] ADCParametersView:116 -                Rank 1 : false
2025-11-07 13:02:23,246 [INFO] ADCParametersView:116 -                Rank 2 : false
2025-11-07 13:02:23,246 [INFO] ADCParametersView:116 -                Rank 3 : false
2025-11-07 13:02:23,246 [INFO] ADCParametersView:116 -                Rank 4 : false
2025-11-07 13:02:23,246 [INFO] ADCParametersView:116 -                Rank 1 : false
2025-11-07 13:02:23,246 [INFO] ADCParametersView:116 -                Rank 2 : false
2025-11-07 13:02:23,246 [INFO] ADCParametersView:116 -                Rank 3 : false
2025-11-07 13:02:23,246 [INFO] ADCParametersView:116 -                Rank 4 : false
2025-11-07 13:02:23,246 [INFO] ADCParametersView:116 -                Rank 1 : false
2025-11-07 13:02:23,246 [INFO] ADCParametersView:116 -                Rank 2 : false
2025-11-07 13:02:23,246 [INFO] ADCParametersView:116 -                Rank 3 : false
2025-11-07 13:02:23,246 [INFO] ADCParametersView:116 -                Rank 4 : false
2025-11-07 13:02:23,246 [INFO] ADCParametersView:116 -                Rank 1 : false
2025-11-07 13:02:23,247 [INFO] ADCParametersView:116 -                Rank 2 : false
2025-11-07 13:02:23,247 [INFO] ADCParametersView:116 -                Rank 3 : false
2025-11-07 13:02:23,247 [INFO] ADCParametersView:116 -                Rank 4 : false
2025-11-07 13:02:23,247 [INFO] ADCParametersView:116 -                Rank 1 : false
2025-11-07 13:02:23,247 [INFO] ADCParametersView:116 -                Rank 2 : false
2025-11-07 13:02:23,247 [INFO] ADCParametersView:116 -                Rank 3 : false
2025-11-07 13:02:23,247 [INFO] ADCParametersView:116 -                Rank 4 : false
2025-11-07 13:02:23,247 [INFO] ADCParametersView:116 -                Rank 1 : false
2025-11-07 13:02:23,247 [INFO] ADCParametersView:116 -                Rank 2 : false
2025-11-07 13:02:23,247 [INFO] ADCParametersView:116 -                Rank 3 : false
2025-11-07 13:02:23,247 [INFO] ADCParametersView:116 -                Rank 4 : false
2025-11-07 13:02:23,247 [INFO] ADCParametersView:116 -                Rank 1 : false
2025-11-07 13:02:23,247 [INFO] ADCParametersView:116 -                Rank 2 : false
2025-11-07 13:02:23,247 [INFO] ADCParametersView:116 -                Rank 3 : false
2025-11-07 13:02:23,247 [INFO] ADCParametersView:116 -                Rank 4 : false
2025-11-07 13:02:23,247 [INFO] ADCParametersView:116 -                Rank 1 : false
2025-11-07 13:02:23,247 [INFO] ADCParametersView:116 -                Rank 2 : false
2025-11-07 13:02:23,247 [INFO] ADCParametersView:116 -                Rank 3 : false
2025-11-07 13:02:23,247 [INFO] ADCParametersView:116 -                Rank 4 : false
2025-11-07 13:02:23,247 [INFO] ADCParametersView:116 -                Rank 1 : false
2025-11-07 13:02:23,247 [INFO] ADCParametersView:116 -                Rank 2 : false
2025-11-07 13:02:23,247 [INFO] ADCParametersView:116 -                Rank 3 : false
2025-11-07 13:02:23,247 [INFO] ADCParametersView:116 -                Rank 4 : false
2025-11-07 13:02:23,248 [INFO] ADCParametersView:116 -                Rank 1 : false
2025-11-07 13:02:23,248 [INFO] ADCParametersView:116 -                Rank 2 : false
2025-11-07 13:02:23,248 [INFO] ADCParametersView:116 -                Rank 3 : false
2025-11-07 13:02:23,248 [INFO] ADCParametersView:116 -                Rank 4 : false
2025-11-07 13:02:23,248 [INFO] ADCParametersView:116 -                Rank 1 : false
2025-11-07 13:02:23,248 [INFO] ADCParametersView:116 -                Rank 2 : false
2025-11-07 13:02:23,248 [INFO] ADCParametersView:116 -                Rank 3 : false
2025-11-07 13:02:23,248 [INFO] ADCParametersView:116 -                Rank 4 : false
2025-11-07 13:02:23,248 [INFO] ADCParametersView:116 -                Rank 1 : false
2025-11-07 13:02:23,248 [INFO] ADCParametersView:116 -                Rank 2 : false
2025-11-07 13:02:23,248 [INFO] ADCParametersView:116 -                Rank 3 : false
2025-11-07 13:02:23,248 [INFO] ADCParametersView:116 -                Rank 4 : false
2025-11-07 13:02:23,248 [INFO] ADCParametersView:116 -                Rank 1 : false
2025-11-07 13:02:23,248 [INFO] ADCParametersView:116 -                Rank 2 : false
2025-11-07 13:02:23,248 [INFO] ADCParametersView:116 -                Rank 3 : false
2025-11-07 13:02:23,248 [INFO] ADCParametersView:116 -                Rank 4 : false
2025-11-07 13:02:23,248 [INFO] ADCParametersView:116 -                Rank 1 : false
2025-11-07 13:02:23,248 [INFO] ADCParametersView:116 -                Rank 2 : false
2025-11-07 13:02:23,248 [INFO] ADCParametersView:116 -                Rank 3 : false
2025-11-07 13:02:23,248 [INFO] ADCParametersView:116 -                Rank 4 : false
2025-11-07 13:02:23,248 [INFO] ADCParametersView:116 -                Rank 2 : false
2025-11-07 13:02:23,248 [INFO] ADCParametersView:116 -                Rank 3 : false
2025-11-07 13:02:23,248 [INFO] ADCParametersView:116 -                Rank 4 : false
2025-11-07 13:02:23,248 [INFO] ADCParametersView:116 -                Rank 3 : false
2025-11-07 13:02:23,248 [INFO] ADCParametersView:116 -                Rank 4 : false
2025-11-07 13:02:23,248 [INFO] ADCParametersView:116 -                Rank 4 : false
2025-11-07 13:02:23,258 [INFO] ADCParametersView:116 -                Rank 1 : false
2025-11-07 13:02:23,258 [INFO] ADCParametersView:116 -                Rank 1 : false
2025-11-07 13:02:23,258 [INFO] ADCParametersView:116 -                Rank 2 : false
2025-11-07 13:02:23,258 [INFO] ADCParametersView:116 -                Rank 1 : false
2025-11-07 13:02:23,258 [INFO] ADCParametersView:116 -                Rank 2 : false
2025-11-07 13:02:23,258 [INFO] ADCParametersView:116 -                Rank 3 : false
2025-11-07 13:02:23,258 [INFO] ADCParametersView:116 -                Rank 1 : false
2025-11-07 13:02:23,258 [INFO] ADCParametersView:116 -                Rank 2 : false
2025-11-07 13:02:23,258 [INFO] ADCParametersView:116 -                Rank 3 : false
2025-11-07 13:02:23,258 [INFO] ADCParametersView:116 -                Rank 4 : false
2025-11-07 13:02:23,292 [INFO] ADCParametersView:116 -                Rank 1 : false
2025-11-07 13:02:23,293 [INFO] ADCParametersView:116 -                Rank 2 : false
2025-11-07 13:02:23,293 [INFO] ADCParametersView:116 -                Rank 3 : false
2025-11-07 13:02:23,293 [INFO] ADCParametersView:116 -                Rank 4 : false
2025-11-07 13:02:23,293 [INFO] ADCParametersView:116 -                Rank 1 : false
2025-11-07 13:02:23,293 [INFO] ADCParametersView:116 -                Rank 2 : false
2025-11-07 13:02:23,293 [INFO] ADCParametersView:116 -                Rank 3 : false
2025-11-07 13:02:23,293 [INFO] ADCParametersView:116 -                Rank 4 : false
2025-11-07 13:02:23,293 [INFO] ADCParametersView:116 -                Rank 1 : false
2025-11-07 13:02:23,293 [INFO] ADCParametersView:116 -                Rank 2 : false
2025-11-07 13:02:23,293 [INFO] ADCParametersView:116 -                Rank 3 : false
2025-11-07 13:02:23,293 [INFO] ADCParametersView:116 -                Rank 4 : false
2025-11-07 13:02:23,293 [INFO] ADCParametersView:116 -                Rank 1 : false
2025-11-07 13:02:23,293 [INFO] ADCParametersView:116 -                Rank 2 : false
2025-11-07 13:02:23,293 [INFO] ADCParametersView:116 -                Rank 3 : false
2025-11-07 13:02:23,293 [INFO] ADCParametersView:116 -                Rank 4 : false
2025-11-07 13:02:23,293 [INFO] ADCParametersView:116 -                Rank 1 : false
2025-11-07 13:02:23,293 [INFO] ADCParametersView:116 -                Rank 2 : false
2025-11-07 13:02:23,293 [INFO] ADCParametersView:116 -                Rank 3 : false
2025-11-07 13:02:23,293 [INFO] ADCParametersView:116 -                Rank 4 : false
2025-11-07 13:02:23,293 [INFO] ADCParametersView:116 -                Rank 1 : false
2025-11-07 13:02:23,293 [INFO] ADCParametersView:116 -                Rank 2 : false
2025-11-07 13:02:23,293 [INFO] ADCParametersView:116 -                Rank 3 : false
2025-11-07 13:02:23,293 [INFO] ADCParametersView:116 -                Rank 4 : false
2025-11-07 13:02:23,293 [INFO] ADCParametersView:116 -                Rank 1 : false
2025-11-07 13:02:23,293 [INFO] ADCParametersView:116 -                Rank 2 : false
2025-11-07 13:02:23,293 [INFO] ADCParametersView:116 -                Rank 3 : false
2025-11-07 13:02:23,293 [INFO] ADCParametersView:116 -                Rank 4 : false
2025-11-07 13:02:23,293 [INFO] ADCParametersView:116 -                Rank 1 : false
2025-11-07 13:02:23,293 [INFO] ADCParametersView:116 -                Rank 2 : false
2025-11-07 13:02:23,293 [INFO] ADCParametersView:116 -                Rank 3 : false
2025-11-07 13:02:23,293 [INFO] ADCParametersView:116 -                Rank 4 : false
2025-11-07 13:02:23,294 [INFO] ADCParametersView:116 -                Rank 1 : false
2025-11-07 13:02:23,294 [INFO] ADCParametersView:116 -                Rank 2 : false
2025-11-07 13:02:23,294 [INFO] ADCParametersView:116 -                Rank 3 : false
2025-11-07 13:02:23,294 [INFO] ADCParametersView:116 -                Rank 4 : false
2025-11-07 13:02:23,294 [INFO] ADCParametersView:116 -                Rank 1 : false
2025-11-07 13:02:23,294 [INFO] ADCParametersView:116 -                Rank 2 : false
2025-11-07 13:02:23,294 [INFO] ADCParametersView:116 -                Rank 3 : false
2025-11-07 13:02:23,294 [INFO] ADCParametersView:116 -                Rank 4 : false
2025-11-07 13:02:23,294 [INFO] ADCParametersView:116 -                Rank 1 : false
2025-11-07 13:02:23,294 [INFO] ADCParametersView:116 -                Rank 2 : false
2025-11-07 13:02:23,294 [INFO] ADCParametersView:116 -                Rank 3 : false
2025-11-07 13:02:23,294 [INFO] ADCParametersView:116 -                Rank 4 : false
2025-11-07 13:02:23,294 [INFO] ADCParametersView:116 -                Rank 1 : false
2025-11-07 13:02:23,294 [INFO] ADCParametersView:116 -                Rank 2 : false
2025-11-07 13:02:23,294 [INFO] ADCParametersView:116 -                Rank 3 : false
2025-11-07 13:02:23,294 [INFO] ADCParametersView:116 -                Rank 4 : false
2025-11-07 13:02:23,294 [INFO] ADCParametersView:116 -                Rank 1 : false
2025-11-07 13:02:23,294 [INFO] ADCParametersView:116 -                Rank 2 : false
2025-11-07 13:02:23,294 [INFO] ADCParametersView:116 -                Rank 3 : false
2025-11-07 13:02:23,294 [INFO] ADCParametersView:116 -                Rank 4 : false
2025-11-07 13:02:23,294 [INFO] ADCParametersView:116 -                Rank 1 : false
2025-11-07 13:02:23,294 [INFO] ADCParametersView:116 -                Rank 2 : false
2025-11-07 13:02:23,294 [INFO] ADCParametersView:116 -                Rank 3 : false
2025-11-07 13:02:23,294 [INFO] ADCParametersView:116 -                Rank 4 : false
2025-11-07 13:02:23,294 [INFO] ADCParametersView:116 -                Rank 1 : false
2025-11-07 13:02:23,294 [INFO] ADCParametersView:116 -                Rank 2 : false
2025-11-07 13:02:23,294 [INFO] ADCParametersView:116 -                Rank 3 : false
2025-11-07 13:02:23,294 [INFO] ADCParametersView:116 -                Rank 4 : false
2025-11-07 13:02:23,294 [INFO] ADCParametersView:116 -                Rank 2 : false
2025-11-07 13:02:23,294 [INFO] ADCParametersView:116 -                Rank 3 : false
2025-11-07 13:02:23,294 [INFO] ADCParametersView:116 -                Rank 4 : false
2025-11-07 13:02:23,294 [INFO] ADCParametersView:116 -                Rank 3 : false
2025-11-07 13:02:23,294 [INFO] ADCParametersView:116 -                Rank 4 : false
2025-11-07 13:02:23,294 [INFO] ADCParametersView:116 -                Rank 4 : false
2025-11-07 13:02:23,302 [INFO] ADCParametersView:116 -                Rank 1 : false
2025-11-07 13:02:23,303 [INFO] ADCParametersView:116 -                Rank 1 : false
2025-11-07 13:02:23,303 [INFO] ADCParametersView:116 -                Rank 2 : false
2025-11-07 13:02:23,303 [INFO] ADCParametersView:116 -                Rank 1 : false
2025-11-07 13:02:23,303 [INFO] ADCParametersView:116 -                Rank 2 : false
2025-11-07 13:02:23,303 [INFO] ADCParametersView:116 -                Rank 3 : false
2025-11-07 13:02:23,303 [INFO] ADCParametersView:116 -                Rank 1 : false
2025-11-07 13:02:23,303 [INFO] ADCParametersView:116 -                Rank 2 : false
2025-11-07 13:02:23,303 [INFO] ADCParametersView:116 -                Rank 3 : false
2025-11-07 13:02:23,303 [INFO] ADCParametersView:116 -                Rank 4 : false
2025-11-07 13:02:38,488 [INFO] SpinnerEditorADC:65 - is string kkkk
2025-11-07 13:02:42,871 [INFO] ParamManager:905 - [Generic UI] PropertyChangeEvent: TAB_STATUS_CHANGED , "dont care", "never mind"
2025-11-07 13:02:42,881 [INFO] ADCParametersView:116 -                Rank 1 : false
2025-11-07 13:02:42,881 [INFO] ADCParametersView:116 -                Rank 2 : false
2025-11-07 13:02:42,881 [INFO] ADCParametersView:116 -                Rank 3 : false
2025-11-07 13:02:42,881 [INFO] ADCParametersView:116 -                Rank 4 : false
2025-11-07 13:02:42,885 [INFO] ADCParametersView:116 -                Rank 1 : false
2025-11-07 13:02:42,885 [INFO] ADCParametersView:116 -                Rank 2 : false
2025-11-07 13:02:42,885 [INFO] ADCParametersView:116 -                Rank 3 : false
2025-11-07 13:02:42,885 [INFO] ADCParametersView:116 -                Rank 4 : false
2025-11-07 13:02:42,885 [INFO] ADCParametersView:116 -                Rank 1 : false
2025-11-07 13:02:42,885 [INFO] ADCParametersView:116 -                Rank 2 : false
2025-11-07 13:02:42,885 [INFO] ADCParametersView:116 -                Rank 3 : false
2025-11-07 13:02:42,885 [INFO] ADCParametersView:116 -                Rank 4 : false
2025-11-07 13:02:42,885 [INFO] ADCParametersView:116 -                Rank 1 : false
2025-11-07 13:02:42,885 [INFO] ADCParametersView:116 -                Rank 2 : false
2025-11-07 13:02:42,885 [INFO] ADCParametersView:116 -                Rank 3 : false
2025-11-07 13:02:42,885 [INFO] ADCParametersView:116 -                Rank 4 : false
2025-11-07 13:02:42,886 [INFO] ADCParametersView:116 -                Rank 1 : false
2025-11-07 13:02:42,886 [INFO] ADCParametersView:116 -                Rank 2 : false
2025-11-07 13:02:42,886 [INFO] ADCParametersView:116 -                Rank 3 : false
2025-11-07 13:02:42,886 [INFO] ADCParametersView:116 -                Rank 4 : false
2025-11-07 13:02:42,886 [INFO] ADCParametersView:116 -                Rank 1 : false
2025-11-07 13:02:42,886 [INFO] ADCParametersView:116 -                Rank 2 : false
2025-11-07 13:02:42,886 [INFO] ADCParametersView:116 -                Rank 3 : false
2025-11-07 13:02:42,886 [INFO] ADCParametersView:116 -                Rank 4 : false
2025-11-07 13:02:42,886 [INFO] ADCParametersView:116 -                Rank 1 : false
2025-11-07 13:02:42,886 [INFO] ADCParametersView:116 -                Rank 2 : false
2025-11-07 13:02:42,886 [INFO] ADCParametersView:116 -                Rank 3 : false
2025-11-07 13:02:42,886 [INFO] ADCParametersView:116 -                Rank 4 : false
2025-11-07 13:02:42,886 [INFO] ADCParametersView:116 -                Rank 1 : false
2025-11-07 13:02:42,886 [INFO] ADCParametersView:116 -                Rank 2 : false
2025-11-07 13:02:42,886 [INFO] ADCParametersView:116 -                Rank 3 : false
2025-11-07 13:02:42,886 [INFO] ADCParametersView:116 -                Rank 4 : false
2025-11-07 13:02:42,886 [INFO] ADCParametersView:116 -                Rank 1 : false
2025-11-07 13:02:42,886 [INFO] ADCParametersView:116 -                Rank 2 : false
2025-11-07 13:02:42,886 [INFO] ADCParametersView:116 -                Rank 3 : false
2025-11-07 13:02:42,886 [INFO] ADCParametersView:116 -                Rank 4 : false
2025-11-07 13:02:42,886 [INFO] ADCParametersView:116 -                Rank 1 : false
2025-11-07 13:02:42,886 [INFO] ADCParametersView:116 -                Rank 2 : false
2025-11-07 13:02:42,886 [INFO] ADCParametersView:116 -                Rank 3 : false
2025-11-07 13:02:42,886 [INFO] ADCParametersView:116 -                Rank 4 : false
2025-11-07 13:02:42,886 [INFO] ADCParametersView:116 -                Rank 1 : false
2025-11-07 13:02:42,887 [INFO] ADCParametersView:116 -                Rank 2 : false
2025-11-07 13:02:42,887 [INFO] ADCParametersView:116 -                Rank 3 : false
2025-11-07 13:02:42,887 [INFO] ADCParametersView:116 -                Rank 4 : false
2025-11-07 13:02:42,887 [INFO] ADCParametersView:116 -                Rank 1 : false
2025-11-07 13:02:42,887 [INFO] ADCParametersView:116 -                Rank 2 : false
2025-11-07 13:02:42,887 [INFO] ADCParametersView:116 -                Rank 3 : false
2025-11-07 13:02:42,887 [INFO] ADCParametersView:116 -                Rank 4 : false
2025-11-07 13:02:42,887 [INFO] ADCParametersView:116 -                Rank 1 : false
2025-11-07 13:02:42,887 [INFO] ADCParametersView:116 -                Rank 2 : false
2025-11-07 13:02:42,887 [INFO] ADCParametersView:116 -                Rank 3 : false
2025-11-07 13:02:42,887 [INFO] ADCParametersView:116 -                Rank 4 : false
2025-11-07 13:02:42,887 [INFO] ADCParametersView:116 -                Rank 1 : false
2025-11-07 13:02:42,887 [INFO] ADCParametersView:116 -                Rank 2 : false
2025-11-07 13:02:42,887 [INFO] ADCParametersView:116 -                Rank 3 : false
2025-11-07 13:02:42,887 [INFO] ADCParametersView:116 -                Rank 4 : false
2025-11-07 13:02:42,887 [INFO] ADCParametersView:116 -                Rank 1 : false
2025-11-07 13:02:42,887 [INFO] ADCParametersView:116 -                Rank 2 : false
2025-11-07 13:02:42,887 [INFO] ADCParametersView:116 -                Rank 3 : false
2025-11-07 13:02:42,887 [INFO] ADCParametersView:116 -                Rank 4 : false
2025-11-07 13:02:42,887 [INFO] ADCParametersView:116 -                Rank 2 : false
2025-11-07 13:02:42,887 [INFO] ADCParametersView:116 -                Rank 3 : false
2025-11-07 13:02:42,887 [INFO] ADCParametersView:116 -                Rank 4 : false
2025-11-07 13:02:42,887 [INFO] ADCParametersView:116 -                Rank 3 : false
2025-11-07 13:02:42,887 [INFO] ADCParametersView:116 -                Rank 4 : false
2025-11-07 13:02:42,887 [INFO] ADCParametersView:116 -                Rank 4 : false
2025-11-07 13:02:42,902 [INFO] ADCParametersView:116 -                Rank 1 : false
2025-11-07 13:02:42,902 [INFO] ADCParametersView:116 -                Rank 1 : false
2025-11-07 13:02:42,902 [INFO] ADCParametersView:116 -                Rank 2 : false
2025-11-07 13:02:42,902 [INFO] ADCParametersView:116 -                Rank 1 : false
2025-11-07 13:02:42,902 [INFO] ADCParametersView:116 -                Rank 2 : false
2025-11-07 13:02:42,902 [INFO] ADCParametersView:116 -                Rank 3 : false
2025-11-07 13:02:42,902 [INFO] ADCParametersView:116 -                Rank 1 : false
2025-11-07 13:02:42,902 [INFO] ADCParametersView:116 -                Rank 2 : false
2025-11-07 13:02:42,902 [INFO] ADCParametersView:116 -                Rank 3 : false
2025-11-07 13:02:42,902 [INFO] ADCParametersView:116 -                Rank 4 : false
2025-11-07 13:02:42,903 [INFO] ADCParametersView:116 -                Rank 1 : false
2025-11-07 13:02:42,903 [INFO] ADCParametersView:116 -                Rank 2 : false
2025-11-07 13:02:42,903 [INFO] ADCParametersView:116 -                Rank 3 : false
2025-11-07 13:02:42,903 [INFO] ADCParametersView:116 -                Rank 4 : false
2025-11-07 13:02:42,903 [INFO] ADCParametersView:116 -        *      Rank 5 : false
2025-11-07 13:02:42,903 [INFO] ADCParametersView:116 -                Rank 1 : false
2025-11-07 13:02:42,903 [INFO] ADCParametersView:116 -                Rank 2 : false
2025-11-07 13:02:42,903 [INFO] ADCParametersView:116 -                Rank 3 : false
2025-11-07 13:02:42,903 [INFO] ADCParametersView:116 -                Rank 4 : false
2025-11-07 13:02:42,903 [INFO] ADCParametersView:116 -        *      Rank 5 : true
2025-11-07 13:02:42,938 [INFO] ADCParametersView:116 -                Rank 1 : false
2025-11-07 13:02:42,938 [INFO] ADCParametersView:116 -                Rank 2 : false
2025-11-07 13:02:42,938 [INFO] ADCParametersView:116 -                Rank 3 : false
2025-11-07 13:02:42,938 [INFO] ADCParametersView:116 -                Rank 4 : false
2025-11-07 13:02:42,938 [INFO] ADCParametersView:116 -        *      Rank 5 : true
2025-11-07 13:02:42,942 [INFO] ADCParametersView:116 -                Rank 1 : false
2025-11-07 13:02:42,942 [INFO] ADCParametersView:116 -                Rank 2 : false
2025-11-07 13:02:42,942 [INFO] ADCParametersView:116 -                Rank 3 : false
2025-11-07 13:02:42,942 [INFO] ADCParametersView:116 -                Rank 4 : false
2025-11-07 13:02:42,942 [INFO] ADCParametersView:116 -        *      Rank 5 : true
2025-11-07 13:02:42,942 [INFO] ADCParametersView:116 -                Rank 1 : false
2025-11-07 13:02:42,942 [INFO] ADCParametersView:116 -                Rank 2 : false
2025-11-07 13:02:42,942 [INFO] ADCParametersView:116 -                Rank 3 : false
2025-11-07 13:02:42,942 [INFO] ADCParametersView:116 -                Rank 4 : false
2025-11-07 13:02:42,942 [INFO] ADCParametersView:116 -        *      Rank 5 : true
2025-11-07 13:02:42,942 [INFO] ADCParametersView:116 -                Rank 1 : false
2025-11-07 13:02:42,942 [INFO] ADCParametersView:116 -                Rank 2 : false
2025-11-07 13:02:42,942 [INFO] ADCParametersView:116 -                Rank 3 : false
2025-11-07 13:02:42,942 [INFO] ADCParametersView:116 -                Rank 4 : false
2025-11-07 13:02:42,943 [INFO] ADCParametersView:116 -        *      Rank 5 : true
2025-11-07 13:02:42,943 [INFO] ADCParametersView:116 -                Rank 1 : false
2025-11-07 13:02:42,943 [INFO] ADCParametersView:116 -                Rank 2 : false
2025-11-07 13:02:42,943 [INFO] ADCParametersView:116 -                Rank 3 : false
2025-11-07 13:02:42,943 [INFO] ADCParametersView:116 -                Rank 4 : false
2025-11-07 13:02:42,943 [INFO] ADCParametersView:116 -        *      Rank 5 : true
2025-11-07 13:02:42,943 [INFO] ADCParametersView:116 -                Rank 1 : false
2025-11-07 13:02:42,943 [INFO] ADCParametersView:116 -                Rank 2 : false
2025-11-07 13:02:42,943 [INFO] ADCParametersView:116 -                Rank 3 : false
2025-11-07 13:02:42,943 [INFO] ADCParametersView:116 -                Rank 4 : false
2025-11-07 13:02:42,943 [INFO] ADCParametersView:116 -        *      Rank 5 : true
2025-11-07 13:02:42,943 [INFO] ADCParametersView:116 -                Rank 1 : false
2025-11-07 13:02:42,943 [INFO] ADCParametersView:116 -                Rank 2 : false
2025-11-07 13:02:42,943 [INFO] ADCParametersView:116 -                Rank 3 : false
2025-11-07 13:02:42,943 [INFO] ADCParametersView:116 -                Rank 4 : false
2025-11-07 13:02:42,943 [INFO] ADCParametersView:116 -        *      Rank 5 : true
2025-11-07 13:02:42,943 [INFO] ADCParametersView:116 -                Rank 1 : false
2025-11-07 13:02:42,943 [INFO] ADCParametersView:116 -                Rank 2 : false
2025-11-07 13:02:42,944 [INFO] ADCParametersView:116 -                Rank 3 : false
2025-11-07 13:02:42,944 [INFO] ADCParametersView:116 -                Rank 4 : false
2025-11-07 13:02:42,944 [INFO] ADCParametersView:116 -        *      Rank 5 : true
2025-11-07 13:02:42,944 [INFO] ADCParametersView:116 -                Rank 1 : false
2025-11-07 13:02:42,944 [INFO] ADCParametersView:116 -                Rank 2 : false
2025-11-07 13:02:42,944 [INFO] ADCParametersView:116 -                Rank 3 : false
2025-11-07 13:02:42,944 [INFO] ADCParametersView:116 -                Rank 4 : false
2025-11-07 13:02:42,944 [INFO] ADCParametersView:116 -        *      Rank 5 : true
2025-11-07 13:02:42,944 [INFO] ADCParametersView:116 -                Rank 1 : false
2025-11-07 13:02:42,944 [INFO] ADCParametersView:116 -                Rank 2 : false
2025-11-07 13:02:42,944 [INFO] ADCParametersView:116 -                Rank 3 : false
2025-11-07 13:02:42,944 [INFO] ADCParametersView:116 -                Rank 4 : false
2025-11-07 13:02:42,944 [INFO] ADCParametersView:116 -        *      Rank 5 : true
2025-11-07 13:02:42,944 [INFO] ADCParametersView:116 -                Rank 1 : false
2025-11-07 13:02:42,944 [INFO] ADCParametersView:116 -                Rank 2 : false
2025-11-07 13:02:42,944 [INFO] ADCParametersView:116 -                Rank 3 : false
2025-11-07 13:02:42,944 [INFO] ADCParametersView:116 -                Rank 4 : false
2025-11-07 13:02:42,944 [INFO] ADCParametersView:116 -        *      Rank 5 : true
2025-11-07 13:02:42,944 [INFO] ADCParametersView:116 -                Rank 1 : false
2025-11-07 13:02:42,944 [INFO] ADCParametersView:116 -                Rank 2 : false
2025-11-07 13:02:42,944 [INFO] ADCParametersView:116 -                Rank 3 : false
2025-11-07 13:02:42,944 [INFO] ADCParametersView:116 -                Rank 4 : false
2025-11-07 13:02:42,945 [INFO] ADCParametersView:116 -        *      Rank 5 : true
2025-11-07 13:02:42,945 [INFO] ADCParametersView:116 -                Rank 1 : false
2025-11-07 13:02:42,945 [INFO] ADCParametersView:116 -                Rank 2 : false
2025-11-07 13:02:42,945 [INFO] ADCParametersView:116 -                Rank 3 : false
2025-11-07 13:02:42,945 [INFO] ADCParametersView:116 -                Rank 4 : false
2025-11-07 13:02:42,945 [INFO] ADCParametersView:116 -        *      Rank 5 : true
2025-11-07 13:02:42,945 [INFO] ADCParametersView:116 -                Rank 1 : false
2025-11-07 13:02:42,945 [INFO] ADCParametersView:116 -                Rank 2 : false
2025-11-07 13:02:42,945 [INFO] ADCParametersView:116 -                Rank 3 : false
2025-11-07 13:02:42,945 [INFO] ADCParametersView:116 -                Rank 4 : false
2025-11-07 13:02:42,945 [INFO] ADCParametersView:116 -        *      Rank 5 : true
2025-11-07 13:02:42,945 [INFO] ADCParametersView:116 -                Rank 1 : false
2025-11-07 13:02:42,945 [INFO] ADCParametersView:116 -                Rank 2 : false
2025-11-07 13:02:42,945 [INFO] ADCParametersView:116 -                Rank 3 : false
2025-11-07 13:02:42,945 [INFO] ADCParametersView:116 -                Rank 4 : false
2025-11-07 13:02:42,945 [INFO] ADCParametersView:116 -        *      Rank 5 : true
2025-11-07 13:02:42,945 [INFO] ADCParametersView:116 -                Rank 2 : false
2025-11-07 13:02:42,945 [INFO] ADCParametersView:116 -                Rank 3 : false
2025-11-07 13:02:42,945 [INFO] ADCParametersView:116 -                Rank 4 : false
2025-11-07 13:02:42,945 [INFO] ADCParametersView:116 -        *      Rank 5 : true
2025-11-07 13:02:42,945 [INFO] ADCParametersView:116 -                Rank 3 : false
2025-11-07 13:02:42,945 [INFO] ADCParametersView:116 -                Rank 4 : false
2025-11-07 13:02:42,945 [INFO] ADCParametersView:116 -        *      Rank 5 : true
2025-11-07 13:02:42,945 [INFO] ADCParametersView:116 -                Rank 4 : false
2025-11-07 13:02:42,945 [INFO] ADCParametersView:116 -        *      Rank 5 : true
2025-11-07 13:02:42,945 [INFO] ADCParametersView:116 -        *      Rank 5 : true
2025-11-07 13:02:42,955 [INFO] ADCParametersView:116 -                Rank 1 : false
2025-11-07 13:02:42,956 [INFO] ADCParametersView:116 -                Rank 1 : false
2025-11-07 13:02:42,956 [INFO] ADCParametersView:116 -                Rank 2 : false
2025-11-07 13:02:42,956 [INFO] ADCParametersView:116 -                Rank 1 : false
2025-11-07 13:02:42,956 [INFO] ADCParametersView:116 -                Rank 2 : false
2025-11-07 13:02:42,956 [INFO] ADCParametersView:116 -                Rank 3 : false
2025-11-07 13:02:42,956 [INFO] ADCParametersView:116 -                Rank 1 : false
2025-11-07 13:02:42,956 [INFO] ADCParametersView:116 -                Rank 2 : false
2025-11-07 13:02:42,956 [INFO] ADCParametersView:116 -                Rank 3 : false
2025-11-07 13:02:42,956 [INFO] ADCParametersView:116 -                Rank 4 : false
2025-11-07 13:02:42,956 [INFO] ADCParametersView:116 -                Rank 1 : false
2025-11-07 13:02:42,956 [INFO] ADCParametersView:116 -                Rank 2 : false
2025-11-07 13:02:42,956 [INFO] ADCParametersView:116 -                Rank 3 : false
2025-11-07 13:02:42,956 [INFO] ADCParametersView:116 -                Rank 4 : false
2025-11-07 13:02:42,957 [INFO] ADCParametersView:116 -        *      Rank 5 : true
2025-11-07 13:02:43,031 [INFO] ParamManager:905 - [Generic UI] PropertyChangeEvent: TAB_STATUS_CHANGED , "dont care", "never mind"
2025-11-07 13:02:43,059 [INFO] NvicIntPanel:101 - NVIC parent = com.st.microxplorer.plugins.ip.nvic.MultiNvicIntPanel[,0,0,0x0,invalid,layout=javax.swing.BoxLayout,alignmentX=0.0,alignmentY=0.0,border=,flags=9,maximumSize=,minimumSize=,preferredSize=]
2025-11-07 13:02:43,143 [INFO] NvicIntPanel:101 - NVIC parent = com.st.microxplorer.plugins.ip.nvic.MultiNvicIntPanel[,0,0,0x0,invalid,layout=javax.swing.BoxLayout,alignmentX=0.0,alignmentY=0.0,border=,flags=9,maximumSize=,minimumSize=,preferredSize=]
2025-11-07 13:02:43,248 [INFO] NvicIntPanel:101 - NVIC parent = com.st.microxplorer.plugins.ip.nvic.MultiNvicIntPanel[,0,0,0x0,invalid,layout=javax.swing.BoxLayout,alignmentX=0.0,alignmentY=0.0,border=,flags=9,maximumSize=,minimumSize=,preferredSize=]
2025-11-07 13:02:43,282 [INFO] ADCParametersView:116 -                Rank 1 : false
2025-11-07 13:02:43,282 [INFO] ADCParametersView:116 -                Rank 2 : false
2025-11-07 13:02:43,282 [INFO] ADCParametersView:116 -                Rank 3 : false
2025-11-07 13:02:43,282 [INFO] ADCParametersView:116 -                Rank 4 : false
2025-11-07 13:02:43,282 [INFO] ADCParametersView:116 -        *      Rank 5 : true
2025-11-07 13:02:43,284 [INFO] ADCParametersView:116 -                Rank 1 : false
2025-11-07 13:02:43,284 [INFO] ADCParametersView:116 -                Rank 2 : false
2025-11-07 13:02:43,284 [INFO] ADCParametersView:116 -                Rank 3 : false
2025-11-07 13:02:43,284 [INFO] ADCParametersView:116 -                Rank 4 : false
2025-11-07 13:02:43,284 [INFO] ADCParametersView:116 -        *      Rank 5 : true
2025-11-07 13:02:43,284 [INFO] ADCParametersView:116 -                Rank 1 : false
2025-11-07 13:02:43,284 [INFO] ADCParametersView:116 -                Rank 2 : false
2025-11-07 13:02:43,284 [INFO] ADCParametersView:116 -                Rank 3 : false
2025-11-07 13:02:43,285 [INFO] ADCParametersView:116 -                Rank 4 : false
2025-11-07 13:02:43,285 [INFO] ADCParametersView:116 -        *      Rank 5 : true
2025-11-07 13:02:43,285 [INFO] ADCParametersView:116 -                Rank 1 : false
2025-11-07 13:02:43,285 [INFO] ADCParametersView:116 -                Rank 2 : false
2025-11-07 13:02:43,285 [INFO] ADCParametersView:116 -                Rank 3 : false
2025-11-07 13:02:43,285 [INFO] ADCParametersView:116 -                Rank 4 : false
2025-11-07 13:02:43,285 [INFO] ADCParametersView:116 -        *      Rank 5 : true
2025-11-07 13:02:43,285 [INFO] ADCParametersView:116 -                Rank 1 : false
2025-11-07 13:02:43,285 [INFO] ADCParametersView:116 -                Rank 2 : false
2025-11-07 13:02:43,285 [INFO] ADCParametersView:116 -                Rank 3 : false
2025-11-07 13:02:43,285 [INFO] ADCParametersView:116 -                Rank 4 : false
2025-11-07 13:02:43,285 [INFO] ADCParametersView:116 -        *      Rank 5 : true
2025-11-07 13:02:43,285 [INFO] ADCParametersView:116 -                Rank 1 : false
2025-11-07 13:02:43,285 [INFO] ADCParametersView:116 -                Rank 2 : false
2025-11-07 13:02:43,285 [INFO] ADCParametersView:116 -                Rank 3 : false
2025-11-07 13:02:43,285 [INFO] ADCParametersView:116 -                Rank 4 : false
2025-11-07 13:02:43,285 [INFO] ADCParametersView:116 -        *      Rank 5 : true
2025-11-07 13:02:43,285 [INFO] ADCParametersView:116 -                Rank 1 : false
2025-11-07 13:02:43,285 [INFO] ADCParametersView:116 -                Rank 2 : false
2025-11-07 13:02:43,285 [INFO] ADCParametersView:116 -                Rank 3 : false
2025-11-07 13:02:43,285 [INFO] ADCParametersView:116 -                Rank 4 : false
2025-11-07 13:02:43,285 [INFO] ADCParametersView:116 -        *      Rank 5 : true
2025-11-07 13:02:43,285 [INFO] ADCParametersView:116 -                Rank 1 : false
2025-11-07 13:02:43,285 [INFO] ADCParametersView:116 -                Rank 2 : false
2025-11-07 13:02:43,285 [INFO] ADCParametersView:116 -                Rank 3 : false
2025-11-07 13:02:43,285 [INFO] ADCParametersView:116 -                Rank 4 : false
2025-11-07 13:02:43,285 [INFO] ADCParametersView:116 -        *      Rank 5 : true
2025-11-07 13:02:43,286 [INFO] ADCParametersView:116 -                Rank 1 : false
2025-11-07 13:02:43,286 [INFO] ADCParametersView:116 -                Rank 2 : false
2025-11-07 13:02:43,286 [INFO] ADCParametersView:116 -                Rank 3 : false
2025-11-07 13:02:43,286 [INFO] ADCParametersView:116 -                Rank 4 : false
2025-11-07 13:02:43,286 [INFO] ADCParametersView:116 -        *      Rank 5 : true
2025-11-07 13:02:43,286 [INFO] ADCParametersView:116 -                Rank 1 : false
2025-11-07 13:02:43,286 [INFO] ADCParametersView:116 -                Rank 2 : false
2025-11-07 13:02:43,286 [INFO] ADCParametersView:116 -                Rank 3 : false
2025-11-07 13:02:43,286 [INFO] ADCParametersView:116 -                Rank 4 : false
2025-11-07 13:02:43,286 [INFO] ADCParametersView:116 -        *      Rank 5 : true
2025-11-07 13:02:43,286 [INFO] ADCParametersView:116 -                Rank 1 : false
2025-11-07 13:02:43,286 [INFO] ADCParametersView:116 -                Rank 2 : false
2025-11-07 13:02:43,286 [INFO] ADCParametersView:116 -                Rank 3 : false
2025-11-07 13:02:43,286 [INFO] ADCParametersView:116 -                Rank 4 : false
2025-11-07 13:02:43,286 [INFO] ADCParametersView:116 -        *      Rank 5 : true
2025-11-07 13:02:43,286 [INFO] ADCParametersView:116 -                Rank 1 : false
2025-11-07 13:02:43,286 [INFO] ADCParametersView:116 -                Rank 2 : false
2025-11-07 13:02:43,286 [INFO] ADCParametersView:116 -                Rank 3 : false
2025-11-07 13:02:43,286 [INFO] ADCParametersView:116 -                Rank 4 : false
2025-11-07 13:02:43,286 [INFO] ADCParametersView:116 -        *      Rank 5 : true
2025-11-07 13:02:43,286 [INFO] ADCParametersView:116 -                Rank 1 : false
2025-11-07 13:02:43,286 [INFO] ADCParametersView:116 -                Rank 2 : false
2025-11-07 13:02:43,286 [INFO] ADCParametersView:116 -                Rank 3 : false
2025-11-07 13:02:43,286 [INFO] ADCParametersView:116 -                Rank 4 : false
2025-11-07 13:02:43,286 [INFO] ADCParametersView:116 -        *      Rank 5 : true
2025-11-07 13:02:43,286 [INFO] ADCParametersView:116 -                Rank 1 : false
2025-11-07 13:02:43,286 [INFO] ADCParametersView:116 -                Rank 2 : false
2025-11-07 13:02:43,286 [INFO] ADCParametersView:116 -                Rank 3 : false
2025-11-07 13:02:43,286 [INFO] ADCParametersView:116 -                Rank 4 : false
2025-11-07 13:02:43,286 [INFO] ADCParametersView:116 -        *      Rank 5 : true
2025-11-07 13:02:43,286 [INFO] ADCParametersView:116 -                Rank 1 : false
2025-11-07 13:02:43,286 [INFO] ADCParametersView:116 -                Rank 2 : false
2025-11-07 13:02:43,286 [INFO] ADCParametersView:116 -                Rank 3 : false
2025-11-07 13:02:43,286 [INFO] ADCParametersView:116 -                Rank 4 : false
2025-11-07 13:02:43,286 [INFO] ADCParametersView:116 -        *      Rank 5 : true
2025-11-07 13:02:43,287 [INFO] ADCParametersView:116 -                Rank 2 : false
2025-11-07 13:02:43,287 [INFO] ADCParametersView:116 -                Rank 3 : false
2025-11-07 13:02:43,287 [INFO] ADCParametersView:116 -                Rank 4 : false
2025-11-07 13:02:43,287 [INFO] ADCParametersView:116 -        *      Rank 5 : true
2025-11-07 13:02:43,287 [INFO] ADCParametersView:116 -                Rank 3 : false
2025-11-07 13:02:43,287 [INFO] ADCParametersView:116 -                Rank 4 : false
2025-11-07 13:02:43,287 [INFO] ADCParametersView:116 -        *      Rank 5 : true
2025-11-07 13:02:43,287 [INFO] ADCParametersView:116 -                Rank 4 : false
2025-11-07 13:02:43,287 [INFO] ADCParametersView:116 -        *      Rank 5 : true
2025-11-07 13:02:43,287 [INFO] ADCParametersView:116 -        *      Rank 5 : true
2025-11-07 13:02:43,297 [INFO] ADCParametersView:116 -                Rank 1 : false
2025-11-07 13:02:43,297 [INFO] ADCParametersView:116 -                Rank 1 : false
2025-11-07 13:02:43,297 [INFO] ADCParametersView:116 -                Rank 2 : false
2025-11-07 13:02:43,297 [INFO] ADCParametersView:116 -                Rank 1 : false
2025-11-07 13:02:43,297 [INFO] ADCParametersView:116 -                Rank 2 : false
2025-11-07 13:02:43,297 [INFO] ADCParametersView:116 -                Rank 3 : false
2025-11-07 13:02:43,297 [INFO] ADCParametersView:116 -                Rank 1 : false
2025-11-07 13:02:43,298 [INFO] ADCParametersView:116 -                Rank 2 : false
2025-11-07 13:02:43,298 [INFO] ADCParametersView:116 -                Rank 3 : false
2025-11-07 13:02:43,298 [INFO] ADCParametersView:116 -                Rank 4 : false
2025-11-07 13:02:43,298 [INFO] ADCParametersView:116 -                Rank 1 : false
2025-11-07 13:02:43,298 [INFO] ADCParametersView:116 -                Rank 2 : false
2025-11-07 13:02:43,298 [INFO] ADCParametersView:116 -                Rank 3 : false
2025-11-07 13:02:43,298 [INFO] ADCParametersView:116 -                Rank 4 : false
2025-11-07 13:02:43,298 [INFO] ADCParametersView:116 -        *      Rank 5 : true
2025-11-07 13:02:47,628 [INFO] NvicIntPanel:101 - NVIC parent = com.st.microxplorer.plugins.ip.nvic.MultiNvicIntPanel[,0,0,0x0,invalid,layout=javax.swing.BoxLayout,alignmentX=0.0,alignmentY=0.0,border=,flags=9,maximumSize=,minimumSize=,preferredSize=]
2025-11-07 13:02:47,660 [INFO] ADCParametersView:116 -                Rank 1 : false
2025-11-07 13:02:47,660 [INFO] ADCParametersView:116 -                Rank 2 : false
2025-11-07 13:02:47,660 [INFO] ADCParametersView:116 -                Rank 3 : false
2025-11-07 13:02:47,660 [INFO] ADCParametersView:116 -                Rank 4 : false
2025-11-07 13:02:47,660 [INFO] ADCParametersView:116 -        *      Rank 5 : true
2025-11-07 13:02:47,662 [INFO] ADCParametersView:116 -                Rank 1 : false
2025-11-07 13:02:47,662 [INFO] ADCParametersView:116 -                Rank 2 : false
2025-11-07 13:02:47,662 [INFO] ADCParametersView:116 -                Rank 3 : false
2025-11-07 13:02:47,662 [INFO] ADCParametersView:116 -                Rank 4 : false
2025-11-07 13:02:47,662 [INFO] ADCParametersView:116 -        *      Rank 5 : true
2025-11-07 13:02:47,662 [INFO] ADCParametersView:116 -                Rank 1 : false
2025-11-07 13:02:47,662 [INFO] ADCParametersView:116 -                Rank 2 : false
2025-11-07 13:02:47,662 [INFO] ADCParametersView:116 -                Rank 3 : false
2025-11-07 13:02:47,662 [INFO] ADCParametersView:116 -                Rank 4 : false
2025-11-07 13:02:47,662 [INFO] ADCParametersView:116 -        *      Rank 5 : true
2025-11-07 13:02:47,662 [INFO] ADCParametersView:116 -                Rank 1 : false
2025-11-07 13:02:47,662 [INFO] ADCParametersView:116 -                Rank 2 : false
2025-11-07 13:02:47,662 [INFO] ADCParametersView:116 -                Rank 3 : false
2025-11-07 13:02:47,662 [INFO] ADCParametersView:116 -                Rank 4 : false
2025-11-07 13:02:47,662 [INFO] ADCParametersView:116 -        *      Rank 5 : true
2025-11-07 13:02:47,662 [INFO] ADCParametersView:116 -                Rank 1 : false
2025-11-07 13:02:47,662 [INFO] ADCParametersView:116 -                Rank 2 : false
2025-11-07 13:02:47,662 [INFO] ADCParametersView:116 -                Rank 3 : false
2025-11-07 13:02:47,663 [INFO] ADCParametersView:116 -                Rank 4 : false
2025-11-07 13:02:47,663 [INFO] ADCParametersView:116 -        *      Rank 5 : true
2025-11-07 13:02:47,663 [INFO] ADCParametersView:116 -                Rank 1 : false
2025-11-07 13:02:47,663 [INFO] ADCParametersView:116 -                Rank 2 : false
2025-11-07 13:02:47,663 [INFO] ADCParametersView:116 -                Rank 3 : false
2025-11-07 13:02:47,663 [INFO] ADCParametersView:116 -                Rank 4 : false
2025-11-07 13:02:47,663 [INFO] ADCParametersView:116 -        *      Rank 5 : true
2025-11-07 13:02:47,663 [INFO] ADCParametersView:116 -                Rank 1 : false
2025-11-07 13:02:47,663 [INFO] ADCParametersView:116 -                Rank 2 : false
2025-11-07 13:02:47,663 [INFO] ADCParametersView:116 -                Rank 3 : false
2025-11-07 13:02:47,663 [INFO] ADCParametersView:116 -                Rank 4 : false
2025-11-07 13:02:47,663 [INFO] ADCParametersView:116 -        *      Rank 5 : true
2025-11-07 13:02:47,663 [INFO] ADCParametersView:116 -                Rank 1 : false
2025-11-07 13:02:47,663 [INFO] ADCParametersView:116 -                Rank 2 : false
2025-11-07 13:02:47,663 [INFO] ADCParametersView:116 -                Rank 3 : false
2025-11-07 13:02:47,663 [INFO] ADCParametersView:116 -                Rank 4 : false
2025-11-07 13:02:47,663 [INFO] ADCParametersView:116 -        *      Rank 5 : true
2025-11-07 13:02:47,663 [INFO] ADCParametersView:116 -                Rank 1 : false
2025-11-07 13:02:47,663 [INFO] ADCParametersView:116 -                Rank 2 : false
2025-11-07 13:02:47,663 [INFO] ADCParametersView:116 -                Rank 3 : false
2025-11-07 13:02:47,663 [INFO] ADCParametersView:116 -                Rank 4 : false
2025-11-07 13:02:47,663 [INFO] ADCParametersView:116 -        *      Rank 5 : true
2025-11-07 13:02:47,663 [INFO] ADCParametersView:116 -                Rank 1 : false
2025-11-07 13:02:47,663 [INFO] ADCParametersView:116 -                Rank 2 : false
2025-11-07 13:02:47,663 [INFO] ADCParametersView:116 -                Rank 3 : false
2025-11-07 13:02:47,663 [INFO] ADCParametersView:116 -                Rank 4 : false
2025-11-07 13:02:47,663 [INFO] ADCParametersView:116 -        *      Rank 5 : true
2025-11-07 13:02:47,664 [INFO] ADCParametersView:116 -                Rank 1 : false
2025-11-07 13:02:47,664 [INFO] ADCParametersView:116 -                Rank 2 : false
2025-11-07 13:02:47,664 [INFO] ADCParametersView:116 -                Rank 3 : false
2025-11-07 13:02:47,664 [INFO] ADCParametersView:116 -                Rank 4 : false
2025-11-07 13:02:47,664 [INFO] ADCParametersView:116 -        *      Rank 5 : true
2025-11-07 13:02:47,664 [INFO] ADCParametersView:116 -                Rank 1 : false
2025-11-07 13:02:47,664 [INFO] ADCParametersView:116 -                Rank 2 : false
2025-11-07 13:02:47,664 [INFO] ADCParametersView:116 -                Rank 3 : false
2025-11-07 13:02:47,664 [INFO] ADCParametersView:116 -                Rank 4 : false
2025-11-07 13:02:47,664 [INFO] ADCParametersView:116 -        *      Rank 5 : true
2025-11-07 13:02:47,664 [INFO] ADCParametersView:116 -                Rank 1 : false
2025-11-07 13:02:47,664 [INFO] ADCParametersView:116 -                Rank 2 : false
2025-11-07 13:02:47,664 [INFO] ADCParametersView:116 -                Rank 3 : false
2025-11-07 13:02:47,664 [INFO] ADCParametersView:116 -                Rank 4 : false
2025-11-07 13:02:47,664 [INFO] ADCParametersView:116 -        *      Rank 5 : true
2025-11-07 13:02:47,664 [INFO] ADCParametersView:116 -                Rank 1 : false
2025-11-07 13:02:47,664 [INFO] ADCParametersView:116 -                Rank 2 : false
2025-11-07 13:02:47,664 [INFO] ADCParametersView:116 -                Rank 3 : false
2025-11-07 13:02:47,664 [INFO] ADCParametersView:116 -                Rank 4 : false
2025-11-07 13:02:47,664 [INFO] ADCParametersView:116 -        *      Rank 5 : true
2025-11-07 13:02:47,664 [INFO] ADCParametersView:116 -                Rank 1 : false
2025-11-07 13:02:47,664 [INFO] ADCParametersView:116 -                Rank 2 : false
2025-11-07 13:02:47,664 [INFO] ADCParametersView:116 -                Rank 3 : false
2025-11-07 13:02:47,664 [INFO] ADCParametersView:116 -                Rank 4 : false
2025-11-07 13:02:47,664 [INFO] ADCParametersView:116 -        *      Rank 5 : true
2025-11-07 13:02:47,664 [INFO] ADCParametersView:116 -                Rank 2 : false
2025-11-07 13:02:47,664 [INFO] ADCParametersView:116 -                Rank 3 : false
2025-11-07 13:02:47,664 [INFO] ADCParametersView:116 -                Rank 4 : false
2025-11-07 13:02:47,664 [INFO] ADCParametersView:116 -        *      Rank 5 : true
2025-11-07 13:02:47,664 [INFO] ADCParametersView:116 -                Rank 3 : false
2025-11-07 13:02:47,664 [INFO] ADCParametersView:116 -                Rank 4 : false
2025-11-07 13:02:47,664 [INFO] ADCParametersView:116 -        *      Rank 5 : true
2025-11-07 13:02:47,664 [INFO] ADCParametersView:116 -                Rank 4 : false
2025-11-07 13:02:47,664 [INFO] ADCParametersView:116 -        *      Rank 5 : true
2025-11-07 13:02:47,664 [INFO] ADCParametersView:116 -        *      Rank 5 : true
2025-11-07 13:02:47,670 [INFO] ADCParametersView:116 -                Rank 1 : false
2025-11-07 13:02:47,670 [INFO] ADCParametersView:116 -                Rank 1 : false
2025-11-07 13:02:47,670 [INFO] ADCParametersView:116 -                Rank 2 : false
2025-11-07 13:02:47,670 [INFO] ADCParametersView:116 -                Rank 1 : false
2025-11-07 13:02:47,671 [INFO] ADCParametersView:116 -                Rank 2 : false
2025-11-07 13:02:47,671 [INFO] ADCParametersView:116 -                Rank 3 : false
2025-11-07 13:02:47,671 [INFO] ADCParametersView:116 -                Rank 1 : false
2025-11-07 13:02:47,671 [INFO] ADCParametersView:116 -                Rank 2 : false
2025-11-07 13:02:47,671 [INFO] ADCParametersView:116 -                Rank 3 : false
2025-11-07 13:02:47,671 [INFO] ADCParametersView:116 -                Rank 4 : false
2025-11-07 13:02:47,671 [INFO] ADCParametersView:116 -                Rank 1 : false
2025-11-07 13:02:47,671 [INFO] ADCParametersView:116 -                Rank 2 : false
2025-11-07 13:02:47,671 [INFO] ADCParametersView:116 -                Rank 3 : false
2025-11-07 13:02:47,671 [INFO] ADCParametersView:116 -                Rank 4 : false
2025-11-07 13:02:47,671 [INFO] ADCParametersView:116 -                Rank 5 : true
2025-11-07 13:02:50,105 [INFO] NvicIntPanel:101 - NVIC parent = com.st.microxplorer.plugins.ip.nvic.MultiNvicIntPanel[,0,0,0x0,invalid,layout=javax.swing.BoxLayout,alignmentX=0.0,alignmentY=0.0,border=,flags=9,maximumSize=,minimumSize=,preferredSize=]
2025-11-07 13:02:50,126 [INFO] ADCParametersView:116 -                Rank 1 : false
2025-11-07 13:02:50,126 [INFO] ADCParametersView:116 -                Rank 2 : false
2025-11-07 13:02:50,126 [INFO] ADCParametersView:116 -                Rank 3 : false
2025-11-07 13:02:50,126 [INFO] ADCParametersView:116 -                Rank 4 : false
2025-11-07 13:02:50,126 [INFO] ADCParametersView:116 -                Rank 5 : true
2025-11-07 13:02:50,127 [INFO] ADCParametersView:116 -                Rank 1 : false
2025-11-07 13:02:50,127 [INFO] ADCParametersView:116 -                Rank 2 : false
2025-11-07 13:02:50,127 [INFO] ADCParametersView:116 -                Rank 3 : false
2025-11-07 13:02:50,127 [INFO] ADCParametersView:116 -                Rank 4 : false
2025-11-07 13:02:50,127 [INFO] ADCParametersView:116 -                Rank 5 : true
2025-11-07 13:02:50,128 [INFO] ADCParametersView:116 -                Rank 1 : false
2025-11-07 13:02:50,128 [INFO] ADCParametersView:116 -                Rank 2 : false
2025-11-07 13:02:50,128 [INFO] ADCParametersView:116 -                Rank 3 : false
2025-11-07 13:02:50,128 [INFO] ADCParametersView:116 -                Rank 4 : false
2025-11-07 13:02:50,128 [INFO] ADCParametersView:116 -                Rank 5 : true
2025-11-07 13:02:50,128 [INFO] ADCParametersView:116 -                Rank 1 : false
2025-11-07 13:02:50,128 [INFO] ADCParametersView:116 -                Rank 2 : false
2025-11-07 13:02:50,128 [INFO] ADCParametersView:116 -                Rank 3 : false
2025-11-07 13:02:50,128 [INFO] ADCParametersView:116 -                Rank 4 : false
2025-11-07 13:02:50,128 [INFO] ADCParametersView:116 -                Rank 5 : true
2025-11-07 13:02:50,128 [INFO] ADCParametersView:116 -                Rank 1 : false
2025-11-07 13:02:50,128 [INFO] ADCParametersView:116 -                Rank 2 : false
2025-11-07 13:02:50,128 [INFO] ADCParametersView:116 -                Rank 3 : false
2025-11-07 13:02:50,128 [INFO] ADCParametersView:116 -                Rank 4 : false
2025-11-07 13:02:50,128 [INFO] ADCParametersView:116 -                Rank 5 : true
2025-11-07 13:02:50,128 [INFO] ADCParametersView:116 -                Rank 1 : false
2025-11-07 13:02:50,128 [INFO] ADCParametersView:116 -                Rank 2 : false
2025-11-07 13:02:50,128 [INFO] ADCParametersView:116 -                Rank 3 : false
2025-11-07 13:02:50,128 [INFO] ADCParametersView:116 -                Rank 4 : false
2025-11-07 13:02:50,128 [INFO] ADCParametersView:116 -                Rank 5 : true
2025-11-07 13:02:50,128 [INFO] ADCParametersView:116 -                Rank 1 : false
2025-11-07 13:02:50,128 [INFO] ADCParametersView:116 -                Rank 2 : false
2025-11-07 13:02:50,128 [INFO] ADCParametersView:116 -                Rank 3 : false
2025-11-07 13:02:50,128 [INFO] ADCParametersView:116 -                Rank 4 : false
2025-11-07 13:02:50,128 [INFO] ADCParametersView:116 -                Rank 5 : true
2025-11-07 13:02:50,128 [INFO] ADCParametersView:116 -                Rank 1 : false
2025-11-07 13:02:50,128 [INFO] ADCParametersView:116 -                Rank 2 : false
2025-11-07 13:02:50,129 [INFO] ADCParametersView:116 -                Rank 3 : false
2025-11-07 13:02:50,129 [INFO] ADCParametersView:116 -                Rank 4 : false
2025-11-07 13:02:50,129 [INFO] ADCParametersView:116 -                Rank 5 : true
2025-11-07 13:02:50,129 [INFO] ADCParametersView:116 -                Rank 1 : false
2025-11-07 13:02:50,129 [INFO] ADCParametersView:116 -                Rank 2 : false
2025-11-07 13:02:50,129 [INFO] ADCParametersView:116 -                Rank 3 : false
2025-11-07 13:02:50,129 [INFO] ADCParametersView:116 -                Rank 4 : false
2025-11-07 13:02:50,129 [INFO] ADCParametersView:116 -                Rank 5 : true
2025-11-07 13:02:50,129 [INFO] ADCParametersView:116 -                Rank 1 : false
2025-11-07 13:02:50,129 [INFO] ADCParametersView:116 -                Rank 2 : false
2025-11-07 13:02:50,129 [INFO] ADCParametersView:116 -                Rank 3 : false
2025-11-07 13:02:50,129 [INFO] ADCParametersView:116 -                Rank 4 : false
2025-11-07 13:02:50,129 [INFO] ADCParametersView:116 -                Rank 5 : true
2025-11-07 13:02:50,129 [INFO] ADCParametersView:116 -                Rank 1 : false
2025-11-07 13:02:50,129 [INFO] ADCParametersView:116 -                Rank 2 : false
2025-11-07 13:02:50,129 [INFO] ADCParametersView:116 -                Rank 3 : false
2025-11-07 13:02:50,129 [INFO] ADCParametersView:116 -                Rank 4 : false
2025-11-07 13:02:50,129 [INFO] ADCParametersView:116 -                Rank 5 : true
2025-11-07 13:02:50,129 [INFO] ADCParametersView:116 -                Rank 1 : false
2025-11-07 13:02:50,129 [INFO] ADCParametersView:116 -                Rank 2 : false
2025-11-07 13:02:50,129 [INFO] ADCParametersView:116 -                Rank 3 : false
2025-11-07 13:02:50,129 [INFO] ADCParametersView:116 -                Rank 4 : false
2025-11-07 13:02:50,129 [INFO] ADCParametersView:116 -                Rank 5 : true
2025-11-07 13:02:50,129 [INFO] ADCParametersView:116 -                Rank 1 : false
2025-11-07 13:02:50,129 [INFO] ADCParametersView:116 -                Rank 2 : false
2025-11-07 13:02:50,129 [INFO] ADCParametersView:116 -                Rank 3 : false
2025-11-07 13:02:50,129 [INFO] ADCParametersView:116 -                Rank 4 : false
2025-11-07 13:02:50,129 [INFO] ADCParametersView:116 -                Rank 5 : true
2025-11-07 13:02:50,129 [INFO] ADCParametersView:116 -                Rank 1 : false
2025-11-07 13:02:50,129 [INFO] ADCParametersView:116 -                Rank 2 : false
2025-11-07 13:02:50,129 [INFO] ADCParametersView:116 -                Rank 3 : false
2025-11-07 13:02:50,129 [INFO] ADCParametersView:116 -                Rank 4 : false
2025-11-07 13:02:50,130 [INFO] ADCParametersView:116 -                Rank 5 : true
2025-11-07 13:02:50,130 [INFO] ADCParametersView:116 -                Rank 1 : false
2025-11-07 13:02:50,130 [INFO] ADCParametersView:116 -                Rank 2 : false
2025-11-07 13:02:50,130 [INFO] ADCParametersView:116 -                Rank 3 : false
2025-11-07 13:02:50,130 [INFO] ADCParametersView:116 -                Rank 4 : false
2025-11-07 13:02:50,130 [INFO] ADCParametersView:116 -                Rank 5 : true
2025-11-07 13:02:50,130 [INFO] ADCParametersView:116 -                Rank 2 : false
2025-11-07 13:02:50,130 [INFO] ADCParametersView:116 -                Rank 3 : false
2025-11-07 13:02:50,130 [INFO] ADCParametersView:116 -                Rank 4 : false
2025-11-07 13:02:50,130 [INFO] ADCParametersView:116 -                Rank 5 : true
2025-11-07 13:02:50,130 [INFO] ADCParametersView:116 -                Rank 3 : false
2025-11-07 13:02:50,130 [INFO] ADCParametersView:116 -                Rank 4 : false
2025-11-07 13:02:50,130 [INFO] ADCParametersView:116 -                Rank 5 : true
2025-11-07 13:02:50,130 [INFO] ADCParametersView:116 -                Rank 4 : false
2025-11-07 13:02:50,130 [INFO] ADCParametersView:116 -                Rank 5 : true
2025-11-07 13:02:50,130 [INFO] ADCParametersView:116 -                Rank 5 : true
2025-11-07 13:02:50,135 [INFO] ADCParametersView:116 -                Rank 1 : false
2025-11-07 13:02:50,135 [INFO] ADCParametersView:116 -                Rank 1 : false
2025-11-07 13:02:50,135 [INFO] ADCParametersView:116 -                Rank 2 : false
2025-11-07 13:02:50,135 [INFO] ADCParametersView:116 -                Rank 1 : false
2025-11-07 13:02:50,135 [INFO] ADCParametersView:116 -                Rank 2 : false
2025-11-07 13:02:50,135 [INFO] ADCParametersView:116 -                Rank 3 : false
2025-11-07 13:02:50,135 [INFO] ADCParametersView:116 -                Rank 1 : false
2025-11-07 13:02:50,135 [INFO] ADCParametersView:116 -                Rank 2 : false
2025-11-07 13:02:50,135 [INFO] ADCParametersView:116 -                Rank 3 : false
2025-11-07 13:02:50,135 [INFO] ADCParametersView:116 -                Rank 4 : false
2025-11-07 13:02:50,135 [INFO] ADCParametersView:116 -                Rank 1 : false
2025-11-07 13:02:50,135 [INFO] ADCParametersView:116 -                Rank 2 : false
2025-11-07 13:02:50,135 [INFO] ADCParametersView:116 -                Rank 3 : false
2025-11-07 13:02:50,135 [INFO] ADCParametersView:116 -                Rank 4 : false
2025-11-07 13:02:50,135 [INFO] ADCParametersView:116 -                Rank 5 : true
2025-11-07 13:03:22,920 [INFO] NvicIntPanel:101 - NVIC parent = com.st.microxplorer.plugins.ip.nvic.MultiNvicIntPanel[,0,0,0x0,invalid,layout=javax.swing.BoxLayout,alignmentX=0.0,alignmentY=0.0,border=,flags=9,maximumSize=,minimumSize=,preferredSize=]
2025-11-07 13:03:22,945 [INFO] ADCParametersView:116 -                Rank 1 : false
2025-11-07 13:03:22,945 [INFO] ADCParametersView:116 -                Rank 2 : false
2025-11-07 13:03:22,945 [INFO] ADCParametersView:116 -                Rank 3 : false
2025-11-07 13:03:22,945 [INFO] ADCParametersView:116 -                Rank 4 : false
2025-11-07 13:03:22,945 [INFO] ADCParametersView:116 -                Rank 5 : true
2025-11-07 13:03:22,946 [INFO] ADCParametersView:116 -                Rank 1 : false
2025-11-07 13:03:22,946 [INFO] ADCParametersView:116 -                Rank 2 : false
2025-11-07 13:03:22,946 [INFO] ADCParametersView:116 -                Rank 3 : false
2025-11-07 13:03:22,946 [INFO] ADCParametersView:116 -                Rank 4 : false
2025-11-07 13:03:22,946 [INFO] ADCParametersView:116 -                Rank 5 : true
2025-11-07 13:03:22,947 [INFO] ADCParametersView:116 -                Rank 1 : false
2025-11-07 13:03:22,947 [INFO] ADCParametersView:116 -                Rank 2 : false
2025-11-07 13:03:22,947 [INFO] ADCParametersView:116 -                Rank 3 : false
2025-11-07 13:03:22,947 [INFO] ADCParametersView:116 -                Rank 4 : false
2025-11-07 13:03:22,947 [INFO] ADCParametersView:116 -                Rank 5 : true
2025-11-07 13:03:22,947 [INFO] ADCParametersView:116 -                Rank 1 : false
2025-11-07 13:03:22,947 [INFO] ADCParametersView:116 -                Rank 2 : false
2025-11-07 13:03:22,947 [INFO] ADCParametersView:116 -                Rank 3 : false
2025-11-07 13:03:22,947 [INFO] ADCParametersView:116 -                Rank 4 : false
2025-11-07 13:03:22,947 [INFO] ADCParametersView:116 -                Rank 5 : true
2025-11-07 13:03:22,947 [INFO] ADCParametersView:116 -                Rank 1 : false
2025-11-07 13:03:22,947 [INFO] ADCParametersView:116 -                Rank 2 : false
2025-11-07 13:03:22,947 [INFO] ADCParametersView:116 -                Rank 3 : false
2025-11-07 13:03:22,947 [INFO] ADCParametersView:116 -                Rank 4 : false
2025-11-07 13:03:22,947 [INFO] ADCParametersView:116 -                Rank 5 : true
2025-11-07 13:03:22,947 [INFO] ADCParametersView:116 -                Rank 1 : false
2025-11-07 13:03:22,947 [INFO] ADCParametersView:116 -                Rank 2 : false
2025-11-07 13:03:22,947 [INFO] ADCParametersView:116 -                Rank 3 : false
2025-11-07 13:03:22,947 [INFO] ADCParametersView:116 -                Rank 4 : false
2025-11-07 13:03:22,947 [INFO] ADCParametersView:116 -                Rank 5 : true
2025-11-07 13:03:22,947 [INFO] ADCParametersView:116 -                Rank 1 : false
2025-11-07 13:03:22,947 [INFO] ADCParametersView:116 -                Rank 2 : false
2025-11-07 13:03:22,947 [INFO] ADCParametersView:116 -                Rank 3 : false
2025-11-07 13:03:22,947 [INFO] ADCParametersView:116 -                Rank 4 : false
2025-11-07 13:03:22,947 [INFO] ADCParametersView:116 -                Rank 5 : true
2025-11-07 13:03:22,947 [INFO] ADCParametersView:116 -                Rank 1 : false
2025-11-07 13:03:22,947 [INFO] ADCParametersView:116 -                Rank 2 : false
2025-11-07 13:03:22,947 [INFO] ADCParametersView:116 -                Rank 3 : false
2025-11-07 13:03:22,947 [INFO] ADCParametersView:116 -                Rank 4 : false
2025-11-07 13:03:22,947 [INFO] ADCParametersView:116 -                Rank 5 : true
2025-11-07 13:03:22,947 [INFO] ADCParametersView:116 -                Rank 1 : false
2025-11-07 13:03:22,947 [INFO] ADCParametersView:116 -                Rank 2 : false
2025-11-07 13:03:22,947 [INFO] ADCParametersView:116 -                Rank 3 : false
2025-11-07 13:03:22,947 [INFO] ADCParametersView:116 -                Rank 4 : false
2025-11-07 13:03:22,948 [INFO] ADCParametersView:116 -                Rank 5 : true
2025-11-07 13:03:22,948 [INFO] ADCParametersView:116 -                Rank 1 : false
2025-11-07 13:03:22,948 [INFO] ADCParametersView:116 -                Rank 2 : false
2025-11-07 13:03:22,948 [INFO] ADCParametersView:116 -                Rank 3 : false
2025-11-07 13:03:22,948 [INFO] ADCParametersView:116 -                Rank 4 : false
2025-11-07 13:03:22,948 [INFO] ADCParametersView:116 -                Rank 5 : true
2025-11-07 13:03:22,948 [INFO] ADCParametersView:116 -                Rank 1 : false
2025-11-07 13:03:22,948 [INFO] ADCParametersView:116 -                Rank 2 : false
2025-11-07 13:03:22,948 [INFO] ADCParametersView:116 -                Rank 3 : false
2025-11-07 13:03:22,948 [INFO] ADCParametersView:116 -                Rank 4 : false
2025-11-07 13:03:22,948 [INFO] ADCParametersView:116 -                Rank 5 : true
2025-11-07 13:03:22,948 [INFO] ADCParametersView:116 -                Rank 1 : false
2025-11-07 13:03:22,948 [INFO] ADCParametersView:116 -                Rank 2 : false
2025-11-07 13:03:22,948 [INFO] ADCParametersView:116 -                Rank 3 : false
2025-11-07 13:03:22,948 [INFO] ADCParametersView:116 -                Rank 4 : false
2025-11-07 13:03:22,948 [INFO] ADCParametersView:116 -                Rank 5 : true
2025-11-07 13:03:22,948 [INFO] ADCParametersView:116 -                Rank 1 : false
2025-11-07 13:03:22,948 [INFO] ADCParametersView:116 -                Rank 2 : false
2025-11-07 13:03:22,948 [INFO] ADCParametersView:116 -                Rank 3 : false
2025-11-07 13:03:22,948 [INFO] ADCParametersView:116 -                Rank 4 : false
2025-11-07 13:03:22,948 [INFO] ADCParametersView:116 -                Rank 5 : true
2025-11-07 13:03:22,948 [INFO] ADCParametersView:116 -                Rank 1 : false
2025-11-07 13:03:22,948 [INFO] ADCParametersView:116 -                Rank 2 : false
2025-11-07 13:03:22,948 [INFO] ADCParametersView:116 -                Rank 3 : false
2025-11-07 13:03:22,948 [INFO] ADCParametersView:116 -                Rank 4 : false
2025-11-07 13:03:22,948 [INFO] ADCParametersView:116 -                Rank 5 : true
2025-11-07 13:03:22,948 [INFO] ADCParametersView:116 -                Rank 1 : false
2025-11-07 13:03:22,948 [INFO] ADCParametersView:116 -                Rank 2 : false
2025-11-07 13:03:22,948 [INFO] ADCParametersView:116 -                Rank 3 : false
2025-11-07 13:03:22,948 [INFO] ADCParametersView:116 -                Rank 4 : false
2025-11-07 13:03:22,948 [INFO] ADCParametersView:116 -                Rank 5 : true
2025-11-07 13:03:22,948 [INFO] ADCParametersView:116 -                Rank 2 : false
2025-11-07 13:03:22,948 [INFO] ADCParametersView:116 -                Rank 3 : false
2025-11-07 13:03:22,948 [INFO] ADCParametersView:116 -                Rank 4 : false
2025-11-07 13:03:22,948 [INFO] ADCParametersView:116 -                Rank 5 : true
2025-11-07 13:03:22,948 [INFO] ADCParametersView:116 -                Rank 3 : false
2025-11-07 13:03:22,948 [INFO] ADCParametersView:116 -                Rank 4 : false
2025-11-07 13:03:22,948 [INFO] ADCParametersView:116 -                Rank 5 : true
2025-11-07 13:03:22,948 [INFO] ADCParametersView:116 -                Rank 4 : false
2025-11-07 13:03:22,948 [INFO] ADCParametersView:116 -                Rank 5 : true
2025-11-07 13:03:22,948 [INFO] ADCParametersView:116 -                Rank 5 : true
2025-11-07 13:03:22,953 [INFO] ADCParametersView:116 -                Rank 1 : false
2025-11-07 13:03:22,953 [INFO] ADCParametersView:116 -                Rank 1 : false
2025-11-07 13:03:22,953 [INFO] ADCParametersView:116 -                Rank 2 : false
2025-11-07 13:03:22,953 [INFO] ADCParametersView:116 -                Rank 1 : false
2025-11-07 13:03:22,953 [INFO] ADCParametersView:116 -                Rank 2 : false
2025-11-07 13:03:22,953 [INFO] ADCParametersView:116 -                Rank 3 : false
2025-11-07 13:03:22,953 [INFO] ADCParametersView:116 -                Rank 1 : false
2025-11-07 13:03:22,953 [INFO] ADCParametersView:116 -                Rank 2 : false
2025-11-07 13:03:22,953 [INFO] ADCParametersView:116 -                Rank 3 : false
2025-11-07 13:03:22,953 [INFO] ADCParametersView:116 -                Rank 4 : false
2025-11-07 13:03:22,953 [INFO] ADCParametersView:116 -                Rank 1 : false
2025-11-07 13:03:22,953 [INFO] ADCParametersView:116 -                Rank 2 : false
2025-11-07 13:03:22,953 [INFO] ADCParametersView:116 -                Rank 3 : false
2025-11-07 13:03:22,953 [INFO] ADCParametersView:116 -                Rank 4 : false
2025-11-07 13:03:22,953 [INFO] ADCParametersView:116 -                Rank 5 : true
2025-11-07 13:03:26,108 [INFO] UtilMem:75 - End SaveConfig() Used Memory: 305974032 Bytes (736100352)
2025-11-07 13:03:28,803 [INFO] UtilMem:75 - End SaveConfig() Used Memory: 330091280 Bytes (736100352)
2025-11-07 13:03:29,649 [INFO] UtilMem:75 - End SaveConfig() Used Memory: 395625232 Bytes (736100352)
2025-11-07 13:03:30,126 [INFO] BlockDiagram:2775 - set Specific Code input for plugin: NVIC
2025-11-07 13:03:30,126 [INFO] BlockDiagram:2775 - set Specific Code input for plugin: FREERTOS
2025-11-07 13:03:30,126 [INFO] BlockDiagram:2775 - set Specific Code input for plugin: IWDG
2025-11-07 13:03:30,126 [INFO] BlockDiagram:2775 - set Specific Code input for plugin: DMA
2025-11-07 13:03:30,127 [INFO] BlockDiagram:2775 - set Specific Code input for plugin: SYS
2025-11-07 13:03:30,128 [INFO] BlockDiagram:2775 - set Specific Code input for plugin: GPIO
2025-11-07 13:03:30,128 [INFO] BlockDiagram:2775 - set Specific Code input for plugin: ADC
2025-11-07 13:03:30,128 [INFO] BlockDiagram:2775 - set Specific Code input for plugin: RCC
2025-11-07 13:03:30,128 [INFO] BlockDiagram:2775 - set Specific Code input for plugin: I2C
2025-11-07 13:03:30,128 [INFO] BlockDiagram:2775 - set Specific Code input for plugin: I2C
2025-11-07 13:03:30,130 [INFO] CodeGenerator:892 - code generatio: config db path: C:\ST\STM32CubeIDE_1.19.0\STM32CubeIDE\plugins\com.st.stm32cube.common.mx_6.15.0.202507011659\\db\
2025-11-07 13:03:30,135 [INFO] Argument:325 - Argument : hdmavalue: null
2025-11-07 13:03:30,135 [INFO] Argument:327 - 	 sub Args: 
2025-11-07 13:03:30,135 [INFO] Argument:325 - Argument : Instancevalue: DMA1_Channel1
2025-11-07 13:03:30,135 [INFO] Argument:335 - Argument : Instancevalue: DMA1_Channel1
2025-11-07 13:03:30,135 [INFO] Argument:325 - Argument : Initvalue: null
2025-11-07 13:03:30,135 [INFO] Argument:327 - 	 sub Args: 
2025-11-07 13:03:30,135 [INFO] Argument:325 - Argument : Directionvalue: DMA_PERIPH_TO_MEMORY
2025-11-07 13:03:30,135 [INFO] Argument:335 - Argument : Directionvalue: DMA_PERIPH_TO_MEMORY
2025-11-07 13:03:30,135 [INFO] Argument:325 - Argument : PeriphIncvalue: DMA_PINC_DISABLE
2025-11-07 13:03:30,135 [INFO] Argument:335 - Argument : PeriphIncvalue: DMA_PINC_DISABLE
2025-11-07 13:03:30,135 [INFO] Argument:325 - Argument : MemIncvalue: DMA_MINC_ENABLE
2025-11-07 13:03:30,135 [INFO] Argument:335 - Argument : MemIncvalue: DMA_MINC_ENABLE
2025-11-07 13:03:30,135 [INFO] Argument:325 - Argument : PeriphDataAlignmentvalue: DMA_PDATAALIGN_HALFWORD
2025-11-07 13:03:30,135 [INFO] Argument:335 - Argument : PeriphDataAlignmentvalue: DMA_PDATAALIGN_HALFWORD
2025-11-07 13:03:30,135 [INFO] Argument:325 - Argument : MemDataAlignmentvalue: DMA_MDATAALIGN_HALFWORD
2025-11-07 13:03:30,135 [INFO] Argument:335 - Argument : MemDataAlignmentvalue: DMA_MDATAALIGN_HALFWORD
2025-11-07 13:03:30,135 [INFO] Argument:325 - Argument : Modevalue: DMA_CIRCULAR
2025-11-07 13:03:30,135 [INFO] Argument:335 - Argument : Modevalue: DMA_CIRCULAR
2025-11-07 13:03:30,135 [INFO] Argument:325 - Argument : Priorityvalue: DMA_PRIORITY_LOW
2025-11-07 13:03:30,135 [INFO] Argument:335 - Argument : Priorityvalue: DMA_PRIORITY_LOW
2025-11-07 13:03:30,135 [INFO] Argument:325 - Argument : Lockvalue: null
2025-11-07 13:03:30,135 [INFO] Argument:335 - Argument : Lockvalue: null
2025-11-07 13:03:30,135 [INFO] Argument:325 - Argument : Statevalue: null
2025-11-07 13:03:30,135 [INFO] Argument:335 - Argument : Statevalue: null
2025-11-07 13:03:30,135 [INFO] Argument:325 - Argument : Parentvalue: null
2025-11-07 13:03:30,135 [INFO] Argument:335 - Argument : Parentvalue: null
2025-11-07 13:03:30,135 [INFO] Argument:325 - Argument : XferCpltCallbackvalue: null
2025-11-07 13:03:30,135 [INFO] Argument:335 - Argument : XferCpltCallbackvalue: null
2025-11-07 13:03:30,135 [INFO] Argument:325 - Argument : XferHalfCpltCallbackvalue: null
2025-11-07 13:03:30,135 [INFO] Argument:335 - Argument : XferHalfCpltCallbackvalue: null
2025-11-07 13:03:30,135 [INFO] Argument:325 - Argument : XferErrorCallbackvalue: null
2025-11-07 13:03:30,135 [INFO] Argument:335 - Argument : XferErrorCallbackvalue: null
2025-11-07 13:03:30,135 [INFO] Argument:325 - Argument : ErrorCodevalue: null
2025-11-07 13:03:30,135 [INFO] Argument:335 - Argument : ErrorCodevalue: null
2025-11-07 13:03:30,140 [WARN] IP:2250 - I2C_Coeff_DF not found: check if there is a RefParameter without a condition.
2025-11-07 13:03:30,140 [WARN] IP:2250 - Analog_Filter not found: check if there is a RefParameter without a condition.
2025-11-07 13:03:30,141 [WARN] IP:2250 - I2C_Coeff_DF not found: check if there is a RefParameter without a condition.
2025-11-07 13:03:30,141 [WARN] IP:2250 - Analog_Filter not found: check if there is a RefParameter without a condition.
2025-11-07 13:03:30,257 [INFO] CodeEngine:265 - oldGeneratedFile, C:\Users\USER\STM32CubeIDE\workspace_1.19.0\Hip-Pro_Hardware_V1.2\HardwareV1.2\MXTmpFiles\license.tmp_save
2025-11-07 13:03:30,460 [INFO] CodeEngine:289 - Generated code: C:\Users\USER\STM32CubeIDE\workspace_1.19.0\Hip-Pro_Hardware_V1.2\HardwareV1.2\MXTmpFiles\license.tmp
2025-11-07 13:03:30,520 [INFO] CodeEngine:265 - oldGeneratedFile, C:\Users\USER\STM32CubeIDE\workspace_1.19.0\Hip-Pro_Hardware_V1.2\HardwareV1.2\MXTmpFiles\gpio.tmp_save
2025-11-07 13:03:30,638 [INFO] CodeEngine:289 - Generated code: C:\Users\USER\STM32CubeIDE\workspace_1.19.0\Hip-Pro_Hardware_V1.2\HardwareV1.2\MXTmpFiles\gpio.tmp
2025-11-07 13:03:30,884 [INFO] Middleware:1452 - No code input for Bsp Dependency
2025-11-07 13:03:30,896 [INFO] CodeEngine:265 - oldGeneratedFile, C:\Users\USER\STM32CubeIDE\workspace_1.19.0\Hip-Pro_Hardware_V1.2\HardwareV1.2\MXTmpFiles\rtos_inc.tmp_save
2025-11-07 13:03:30,967 [INFO] CodeEngine:289 - Generated code: C:\Users\USER\STM32CubeIDE\workspace_1.19.0\Hip-Pro_Hardware_V1.2\HardwareV1.2\MXTmpFiles\rtos_inc.tmp
2025-11-07 13:03:30,973 [INFO] CodeEngine:265 - oldGeneratedFile, C:\Users\USER\STM32CubeIDE\workspace_1.19.0\Hip-Pro_Hardware_V1.2\HardwareV1.2\MXTmpFiles\rtos_vars.tmp_save
2025-11-07 13:03:31,047 [INFO] CodeEngine:289 - Generated code: C:\Users\USER\STM32CubeIDE\workspace_1.19.0\Hip-Pro_Hardware_V1.2\HardwareV1.2\MXTmpFiles\rtos_vars.tmp
2025-11-07 13:03:31,054 [INFO] CodeEngine:265 - oldGeneratedFile, C:\Users\USER\STM32CubeIDE\workspace_1.19.0\Hip-Pro_Hardware_V1.2\HardwareV1.2\MXTmpFiles\rtos_pfp.tmp_save
2025-11-07 13:03:31,122 [INFO] CodeEngine:289 - Generated code: C:\Users\USER\STM32CubeIDE\workspace_1.19.0\Hip-Pro_Hardware_V1.2\HardwareV1.2\MXTmpFiles\rtos_pfp.tmp
2025-11-07 13:03:31,129 [INFO] CodeEngine:265 - oldGeneratedFile, C:\Users\USER\STM32CubeIDE\workspace_1.19.0\Hip-Pro_Hardware_V1.2\HardwareV1.2\MXTmpFiles\rtos_obj_creat.tmp_save
2025-11-07 13:03:31,196 [INFO] CodeEngine:289 - Generated code: C:\Users\USER\STM32CubeIDE\workspace_1.19.0\Hip-Pro_Hardware_V1.2\HardwareV1.2\MXTmpFiles\rtos_obj_creat.tmp
2025-11-07 13:03:31,202 [INFO] CodeEngine:265 - oldGeneratedFile, C:\Users\USER\STM32CubeIDE\workspace_1.19.0\Hip-Pro_Hardware_V1.2\HardwareV1.2\MXTmpFiles\rtos_kernelStart.tmp_save
2025-11-07 13:03:31,267 [INFO] CodeEngine:289 - Generated code: C:\Users\USER\STM32CubeIDE\workspace_1.19.0\Hip-Pro_Hardware_V1.2\HardwareV1.2\MXTmpFiles\rtos_kernelStart.tmp
2025-11-07 13:03:31,273 [INFO] CodeEngine:265 - oldGeneratedFile, C:\Users\USER\STM32CubeIDE\workspace_1.19.0\Hip-Pro_Hardware_V1.2\HardwareV1.2\MXTmpFiles\rtos_default_thread.tmp_save
2025-11-07 13:03:31,329 [INFO] CodeEngine:289 - Generated code: C:\Users\USER\STM32CubeIDE\workspace_1.19.0\Hip-Pro_Hardware_V1.2\HardwareV1.2\MXTmpFiles\rtos_default_thread.tmp
2025-11-07 13:03:31,335 [INFO] CodeEngine:265 - oldGeneratedFile, C:\Users\USER\STM32CubeIDE\workspace_1.19.0\Hip-Pro_Hardware_V1.2\HardwareV1.2\MXTmpFiles\rtos_threads.tmp_save
2025-11-07 13:03:31,395 [INFO] CodeEngine:289 - Generated code: C:\Users\USER\STM32CubeIDE\workspace_1.19.0\Hip-Pro_Hardware_V1.2\HardwareV1.2\MXTmpFiles\rtos_threads.tmp
2025-11-07 13:03:31,413 [INFO] Middleware:1452 - No code input for Bsp Dependency
2025-11-07 13:03:31,423 [INFO] CodeEngine:265 - oldGeneratedFile, C:\Users\USER\STM32CubeIDE\workspace_1.19.0\Hip-Pro_Hardware_V1.2\HardwareV1.2\MXTmpFiles\rtos_inc.tmp_save
2025-11-07 13:03:31,485 [INFO] CodeEngine:289 - Generated code: C:\Users\USER\STM32CubeIDE\workspace_1.19.0\Hip-Pro_Hardware_V1.2\HardwareV1.2\MXTmpFiles\rtos_inc.tmp
2025-11-07 13:03:31,497 [INFO] CodeEngine:265 - oldGeneratedFile, C:\Users\USER\STM32CubeIDE\workspace_1.19.0\Hip-Pro_Hardware_V1.2\HardwareV1.2\MXTmpFiles\rtos_vars.tmp_save
2025-11-07 13:03:31,558 [INFO] CodeEngine:289 - Generated code: C:\Users\USER\STM32CubeIDE\workspace_1.19.0\Hip-Pro_Hardware_V1.2\HardwareV1.2\MXTmpFiles\rtos_vars.tmp
2025-11-07 13:03:31,566 [INFO] CodeEngine:265 - oldGeneratedFile, C:\Users\USER\STM32CubeIDE\workspace_1.19.0\Hip-Pro_Hardware_V1.2\HardwareV1.2\MXTmpFiles\rtos_pfp.tmp_save
2025-11-07 13:03:31,626 [INFO] CodeEngine:289 - Generated code: C:\Users\USER\STM32CubeIDE\workspace_1.19.0\Hip-Pro_Hardware_V1.2\HardwareV1.2\MXTmpFiles\rtos_pfp.tmp
2025-11-07 13:03:31,634 [INFO] CodeEngine:265 - oldGeneratedFile, C:\Users\USER\STM32CubeIDE\workspace_1.19.0\Hip-Pro_Hardware_V1.2\HardwareV1.2\MXTmpFiles\rtos_obj_creat.tmp_save
2025-11-07 13:03:31,698 [INFO] CodeEngine:289 - Generated code: C:\Users\USER\STM32CubeIDE\workspace_1.19.0\Hip-Pro_Hardware_V1.2\HardwareV1.2\MXTmpFiles\rtos_obj_creat.tmp
2025-11-07 13:03:31,705 [INFO] CodeEngine:265 - oldGeneratedFile, C:\Users\USER\STM32CubeIDE\workspace_1.19.0\Hip-Pro_Hardware_V1.2\HardwareV1.2\MXTmpFiles\rtos_kernelStart.tmp_save
2025-11-07 13:03:31,765 [INFO] CodeEngine:289 - Generated code: C:\Users\USER\STM32CubeIDE\workspace_1.19.0\Hip-Pro_Hardware_V1.2\HardwareV1.2\MXTmpFiles\rtos_kernelStart.tmp
2025-11-07 13:03:31,773 [INFO] CodeEngine:265 - oldGeneratedFile, C:\Users\USER\STM32CubeIDE\workspace_1.19.0\Hip-Pro_Hardware_V1.2\HardwareV1.2\MXTmpFiles\rtos_default_thread.tmp_save
2025-11-07 13:03:31,834 [INFO] CodeEngine:289 - Generated code: C:\Users\USER\STM32CubeIDE\workspace_1.19.0\Hip-Pro_Hardware_V1.2\HardwareV1.2\MXTmpFiles\rtos_default_thread.tmp
2025-11-07 13:03:31,843 [INFO] CodeEngine:265 - oldGeneratedFile, C:\Users\USER\STM32CubeIDE\workspace_1.19.0\Hip-Pro_Hardware_V1.2\HardwareV1.2\MXTmpFiles\rtos_threads.tmp_save
2025-11-07 13:03:31,905 [INFO] CodeEngine:289 - Generated code: C:\Users\USER\STM32CubeIDE\workspace_1.19.0\Hip-Pro_Hardware_V1.2\HardwareV1.2\MXTmpFiles\rtos_threads.tmp
2025-11-07 13:03:31,914 [INFO] CodeEngine:265 - oldGeneratedFile, C:\Users\USER\STM32CubeIDE\workspace_1.19.0\Hip-Pro_Hardware_V1.2\HardwareV1.2\Core\Inc\FreeRTOSConfig.h_save
2025-11-07 13:03:31,989 [INFO] CodeEngine:289 - Generated code: C:\Users\USER\STM32CubeIDE\workspace_1.19.0\Hip-Pro_Hardware_V1.2\HardwareV1.2\Core\Inc\FreeRTOSConfig.h
2025-11-07 13:03:31,999 [INFO] CodeEngine:265 - oldGeneratedFile, C:\Users\USER\STM32CubeIDE\workspace_1.19.0\Hip-Pro_Hardware_V1.2\HardwareV1.2\Core\Src\freertos.c_save
2025-11-07 13:03:32,064 [INFO] CodeEngine:289 - Generated code: C:\Users\USER\STM32CubeIDE\workspace_1.19.0\Hip-Pro_Hardware_V1.2\HardwareV1.2\Core\Src\freertos.c
2025-11-07 13:03:32,087 [INFO] CodeEngine:265 - oldGeneratedFile, C:\Users\USER\STM32CubeIDE\workspace_1.19.0\Hip-Pro_Hardware_V1.2\HardwareV1.2\MXTmpFiles\dma.tmp_save
2025-11-07 13:03:32,149 [INFO] CodeEngine:289 - Generated code: C:\Users\USER\STM32CubeIDE\workspace_1.19.0\Hip-Pro_Hardware_V1.2\HardwareV1.2\MXTmpFiles\dma.tmp
2025-11-07 13:03:32,154 [INFO] CodeEngine:265 - oldGeneratedFile, C:\Users\USER\STM32CubeIDE\workspace_1.19.0\Hip-Pro_Hardware_V1.2\HardwareV1.2\MXTmpFiles\dma_GV.tmp_save
2025-11-07 13:03:32,206 [INFO] CodeEngine:289 - Generated code: C:\Users\USER\STM32CubeIDE\workspace_1.19.0\Hip-Pro_Hardware_V1.2\HardwareV1.2\MXTmpFiles\dma_GV.tmp
2025-11-07 13:03:32,223 [INFO] CodeEngine:265 - oldGeneratedFile, C:\Users\USER\STM32CubeIDE\workspace_1.19.0\Hip-Pro_Hardware_V1.2\HardwareV1.2\Core\Src\stm32f1xx_it.c_save
2025-11-07 13:03:32,402 [INFO] CodeEngine:289 - Generated code: C:\Users\USER\STM32CubeIDE\workspace_1.19.0\Hip-Pro_Hardware_V1.2\HardwareV1.2\Core\Src\stm32f1xx_it.c
2025-11-07 13:03:32,412 [INFO] CodeEngine:265 - oldGeneratedFile, C:\Users\USER\STM32CubeIDE\workspace_1.19.0\Hip-Pro_Hardware_V1.2\HardwareV1.2\Core\Inc\stm32f1xx_it.h_save
2025-11-07 13:03:32,469 [INFO] CodeEngine:289 - Generated code: C:\Users\USER\STM32CubeIDE\workspace_1.19.0\Hip-Pro_Hardware_V1.2\HardwareV1.2\Core\Inc\stm32f1xx_it.h
2025-11-07 13:03:32,482 [INFO] CodeEngine:265 - oldGeneratedFile, C:\Users\USER\STM32CubeIDE\workspace_1.19.0\Hip-Pro_Hardware_V1.2\HardwareV1.2\Core\Src\stm32f1xx_hal_msp.c_save
2025-11-07 13:03:32,589 [INFO] CodeEngine:289 - Generated code: C:\Users\USER\STM32CubeIDE\workspace_1.19.0\Hip-Pro_Hardware_V1.2\HardwareV1.2\Core\Src\stm32f1xx_hal_msp.c
2025-11-07 13:03:32,595 [INFO] CodeEngine:265 - oldGeneratedFile, C:\Users\USER\STM32CubeIDE\workspace_1.19.0\Hip-Pro_Hardware_V1.2\HardwareV1.2\MXTmpFiles\system.tmp_save
2025-11-07 13:03:32,645 [INFO] CodeEngine:289 - Generated code: C:\Users\USER\STM32CubeIDE\workspace_1.19.0\Hip-Pro_Hardware_V1.2\HardwareV1.2\MXTmpFiles\system.tmp
2025-11-07 13:03:32,651 [INFO] CodeEngine:265 - oldGeneratedFile, C:\Users\USER\STM32CubeIDE\workspace_1.19.0\Hip-Pro_Hardware_V1.2\HardwareV1.2\Core\Src\stm32f1xx_hal_timebase_tim.c_save
2025-11-07 13:03:32,707 [INFO] CodeEngine:289 - Generated code: C:\Users\USER\STM32CubeIDE\workspace_1.19.0\Hip-Pro_Hardware_V1.2\HardwareV1.2\Core\Src\stm32f1xx_hal_timebase_tim.c
2025-11-07 13:03:32,717 [INFO] CodeEngine:321 - oldGeneratedFile, C:\Users\USER\STM32CubeIDE\workspace_1.19.0\Hip-Pro_Hardware_V1.2\HardwareV1.2\Core\Inc\stm32f1xx_hal_conf.h_save
2025-11-07 13:03:32,775 [INFO] CodeEngine:345 - Generated code: C:\Users\USER\STM32CubeIDE\workspace_1.19.0\Hip-Pro_Hardware_V1.2\HardwareV1.2\Core\Inc\stm32f1xx_hal_conf.h
2025-11-07 13:03:32,804 [INFO] CodeEngine:265 - oldGeneratedFile, C:\Users\USER\STM32CubeIDE\workspace_1.19.0\Hip-Pro_Hardware_V1.2\HardwareV1.2\Core\Inc\main.h_save
2025-11-07 13:03:32,879 [INFO] CodeEngine:289 - Generated code: C:\Users\USER\STM32CubeIDE\workspace_1.19.0\Hip-Pro_Hardware_V1.2\HardwareV1.2\Core\Inc\main.h
2025-11-07 13:03:32,885 [INFO] CodeEngine:265 - oldGeneratedFile, C:\Users\USER\STM32CubeIDE\workspace_1.19.0\Hip-Pro_Hardware_V1.2\HardwareV1.2\Core\Src\main.c_save
2025-11-07 13:03:33,002 [INFO] CodeEngine:289 - Generated code: C:\Users\USER\STM32CubeIDE\workspace_1.19.0\Hip-Pro_Hardware_V1.2\HardwareV1.2\Core\Src\main.c
2025-11-07 13:03:33,379 [INFO] ProjectBuilder:3606 - Time for Copy HAL[1] : 159mS.
2025-11-07 13:03:33,383 [INFO] ProjectBuilder:5216 - Project Generator version: 4.7.0-B52
2025-11-07 13:03:33,452 [INFO] ConfigFileManager:1595 - The Die is : DIE414
2025-11-07 13:03:34,756 [INFO] ProjectBuilder:5496 - Time for Generating toolchain IDE Files: 1372mS.
2025-11-07 13:03:34,756 [INFO] ProjectBuilder:3463 - Time for Copy CMSIS : 0mS.
2025-11-07 13:03:34,767 [INFO] ProjectBuilder:3463 - Time for Copy CMSIS : 1mS.
2025-11-07 15:15:00,643 [INFO] WebApp:194 - Connection lost
2025-11-07 15:15:00,994 [INFO] WebApp:191 - Connection restablished
2025-11-07 16:03:23,154 [INFO] WebApp:194 - Connection lost
2025-11-07 16:03:23,505 [INFO] WebApp:191 - Connection restablished
2025-11-07 16:17:35,549 [INFO] WebApp:194 - Connection lost
2025-11-07 16:17:47,069 [INFO] WebApp:191 - Connection restablished
2025-11-07 16:20:39,154 [INFO] WebApp:194 - Connection lost
2025-11-07 16:46:23,439 [ERROR] ConfigurationRetriever:142 - IOException on connection: PKIX path building failed: sun.security.provider.certpath.SunCertPathBuilderException: unable to find valid certification path to requested target
2025-11-07 16:46:23,447 [ERROR] ConfigurationRetriever:142 - IOException on connection: PKIX path building failed: sun.security.provider.certpath.SunCertPathBuilderException: unable to find valid certification path to requested target
2025-11-07 16:46:23,455 [ERROR] ConfigurationRetriever:142 - IOException on connection: PKIX path building failed: sun.security.provider.certpath.SunCertPathBuilderException: unable to find valid certification path to requested target
2025-11-07 16:46:23,477 [ERROR] ConfigurationRetriever:142 - IOException on connection: PKIX path building failed: sun.security.provider.certpath.SunCertPathBuilderException: unable to find valid certification path to requested target
2025-11-07 16:46:23,487 [ERROR] ConfigurationRetriever:142 - IOException on connection: PKIX path building failed: sun.security.provider.certpath.SunCertPathBuilderException: unable to find valid certification path to requested target
2025-11-07 16:46:23,495 [ERROR] ConfigurationRetriever:142 - IOException on connection: PKIX path building failed: sun.security.provider.certpath.SunCertPathBuilderException: unable to find valid certification path to requested target
2025-11-07 16:47:47,738 [ERROR] ConfigurationRetriever:142 - IOException on connection: PKIX path building failed: sun.security.provider.certpath.SunCertPathBuilderException: unable to find valid certification path to requested target
2025-11-07 16:47:47,824 [ERROR] ConfigurationRetriever:142 - IOException on connection: PKIX path building failed: sun.security.provider.certpath.SunCertPathBuilderException: unable to find valid certification path to requested target
2025-11-07 16:47:47,848 [ERROR] ConfigurationRetriever:142 - IOException on connection: PKIX path building failed: sun.security.provider.certpath.SunCertPathBuilderException: unable to find valid certification path to requested target
2025-11-07 16:58:26,218 [ERROR] ConfigurationRetriever:142 - IOException on connection: PKIX path building failed: sun.security.provider.certpath.SunCertPathBuilderException: unable to find valid certification path to requested target
2025-11-07 16:58:26,232 [ERROR] ConfigurationRetriever:142 - IOException on connection: PKIX path building failed: sun.security.provider.certpath.SunCertPathBuilderException: unable to find valid certification path to requested target
2025-11-07 16:58:26,244 [ERROR] ConfigurationRetriever:142 - IOException on connection: PKIX path building failed: sun.security.provider.certpath.SunCertPathBuilderException: unable to find valid certification path to requested target
2025-11-07 17:01:03,806 [ERROR] ConfigurationRetriever:142 - IOException on connection: PKIX path building failed: sun.security.provider.certpath.SunCertPathBuilderException: unable to find valid certification path to requested target
2025-11-07 17:01:03,815 [ERROR] ConfigurationRetriever:142 - IOException on connection: PKIX path building failed: sun.security.provider.certpath.SunCertPathBuilderException: unable to find valid certification path to requested target
2025-11-07 17:01:03,848 [ERROR] ConfigurationRetriever:142 - IOException on connection: PKIX path building failed: sun.security.provider.certpath.SunCertPathBuilderException: unable to find valid certification path to requested target
2025-11-07 17:01:03,870 [ERROR] ConfigurationRetriever:142 - IOException on connection: PKIX path building failed: sun.security.provider.certpath.SunCertPathBuilderException: unable to find valid certification path to requested target
2025-11-07 17:01:03,877 [ERROR] ConfigurationRetriever:142 - IOException on connection: PKIX path building failed: sun.security.provider.certpath.SunCertPathBuilderException: unable to find valid certification path to requested target
2025-11-07 17:01:03,886 [ERROR] ConfigurationRetriever:142 - IOException on connection: PKIX path building failed: sun.security.provider.certpath.SunCertPathBuilderException: unable to find valid certification path to requested target
2025-11-07 17:26:31,928 [INFO] WebApp:191 - Connection restablished
2025-11-07 17:26:32,176 [INFO] WebApp:194 - Connection lost
2025-11-07 17:26:32,373 [INFO] WebApp:191 - Connection restablished
2025-11-07 17:26:39,866 [INFO] WebApp:194 - Connection lost
2025-11-07 17:26:40,092 [INFO] WebApp:191 - Connection restablished
2025-11-07 17:26:43,175 [INFO] WebApp:194 - Connection lost
2025-11-07 17:26:43,387 [INFO] WebApp:191 - Connection restablished
2025-11-07 17:33:29,764 [INFO] ADCParametersView:116 -                Rank 1 : false
2025-11-07 17:33:29,764 [INFO] ADCParametersView:116 -                Rank 2 : false
2025-11-07 17:33:29,764 [INFO] ADCParametersView:116 -                Rank 3 : false
2025-11-07 17:33:29,765 [INFO] ADCParametersView:116 -                Rank 4 : false
2025-11-07 17:33:29,765 [INFO] ADCParametersView:116 -                Rank 5 : true
2025-11-07 17:33:29,769 [INFO] ADCParametersView:116 -                Rank 1 : false
2025-11-07 17:33:29,769 [INFO] ADCParametersView:116 -                Rank 2 : false
2025-11-07 17:33:29,769 [INFO] ADCParametersView:116 -                Rank 3 : false
2025-11-07 17:33:29,770 [INFO] ADCParametersView:116 -                Rank 4 : false
2025-11-07 17:33:29,770 [INFO] ADCParametersView:116 -                Rank 5 : true
2025-11-07 17:33:29,770 [INFO] ADCParametersView:116 -                Rank 1 : false
2025-11-07 17:33:29,770 [INFO] ADCParametersView:116 -                Rank 2 : false
2025-11-07 17:33:29,771 [INFO] ADCParametersView:116 -                Rank 3 : false
2025-11-07 17:33:29,771 [INFO] ADCParametersView:116 -                Rank 4 : false
2025-11-07 17:33:29,771 [INFO] ADCParametersView:116 -                Rank 5 : true
2025-11-07 17:33:29,772 [INFO] ADCParametersView:116 -                Rank 1 : false
2025-11-07 17:33:29,772 [INFO] ADCParametersView:116 -                Rank 2 : false
2025-11-07 17:33:29,772 [INFO] ADCParametersView:116 -                Rank 3 : false
2025-11-07 17:33:29,773 [INFO] ADCParametersView:116 -                Rank 4 : false
2025-11-07 17:33:29,773 [INFO] ADCParametersView:116 -                Rank 5 : true
2025-11-07 17:33:29,774 [INFO] ADCParametersView:116 -                Rank 1 : false
2025-11-07 17:33:29,774 [INFO] ADCParametersView:116 -                Rank 2 : false
2025-11-07 17:33:29,774 [INFO] ADCParametersView:116 -                Rank 3 : false
2025-11-07 17:33:29,774 [INFO] ADCParametersView:116 -                Rank 4 : false
2025-11-07 17:33:29,775 [INFO] ADCParametersView:116 -                Rank 5 : true
2025-11-07 17:33:29,775 [INFO] ADCParametersView:116 -                Rank 1 : false
2025-11-07 17:33:29,775 [INFO] ADCParametersView:116 -                Rank 2 : false
2025-11-07 17:33:29,776 [INFO] ADCParametersView:116 -                Rank 3 : false
2025-11-07 17:33:29,776 [INFO] ADCParametersView:116 -                Rank 4 : false
2025-11-07 17:33:29,776 [INFO] ADCParametersView:116 -                Rank 5 : true
2025-11-07 17:33:29,776 [INFO] ADCParametersView:116 -                Rank 1 : false
2025-11-07 17:33:29,776 [INFO] ADCParametersView:116 -                Rank 2 : false
2025-11-07 17:33:29,776 [INFO] ADCParametersView:116 -                Rank 3 : false
2025-11-07 17:33:29,776 [INFO] ADCParametersView:116 -                Rank 4 : false
2025-11-07 17:33:29,777 [INFO] ADCParametersView:116 -                Rank 5 : true
2025-11-07 17:33:29,777 [INFO] ADCParametersView:116 -                Rank 1 : false
2025-11-07 17:33:29,777 [INFO] ADCParametersView:116 -                Rank 2 : false
2025-11-07 17:33:29,777 [INFO] ADCParametersView:116 -                Rank 3 : false
2025-11-07 17:33:29,778 [INFO] ADCParametersView:116 -                Rank 4 : false
2025-11-07 17:33:29,778 [INFO] ADCParametersView:116 -                Rank 5 : true
2025-11-07 17:33:29,778 [INFO] ADCParametersView:116 -                Rank 1 : false
2025-11-07 17:33:29,778 [INFO] ADCParametersView:116 -                Rank 2 : false
2025-11-07 17:33:29,778 [INFO] ADCParametersView:116 -                Rank 3 : false
2025-11-07 17:33:29,779 [INFO] ADCParametersView:116 -                Rank 4 : false
2025-11-07 17:33:29,779 [INFO] ADCParametersView:116 -                Rank 5 : true
2025-11-07 17:33:29,779 [INFO] ADCParametersView:116 -                Rank 1 : false
2025-11-07 17:33:29,779 [INFO] ADCParametersView:116 -                Rank 2 : false
2025-11-07 17:33:29,779 [INFO] ADCParametersView:116 -                Rank 3 : false
2025-11-07 17:33:29,779 [INFO] ADCParametersView:116 -                Rank 4 : false
2025-11-07 17:33:29,780 [INFO] ADCParametersView:116 -                Rank 5 : true
2025-11-07 17:33:29,780 [INFO] ADCParametersView:116 -                Rank 2 : false
2025-11-07 17:33:29,780 [INFO] ADCParametersView:116 -                Rank 3 : false
2025-11-07 17:33:29,780 [INFO] ADCParametersView:116 -                Rank 4 : false
2025-11-07 17:33:29,780 [INFO] ADCParametersView:116 -                Rank 5 : true
2025-11-07 17:33:29,781 [INFO] ADCParametersView:116 -                Rank 3 : false
2025-11-07 17:33:29,781 [INFO] ADCParametersView:116 -                Rank 4 : false
2025-11-07 17:33:29,781 [INFO] ADCParametersView:116 -                Rank 5 : true
2025-11-07 17:33:29,781 [INFO] ADCParametersView:116 -                Rank 4 : false
2025-11-07 17:33:29,781 [INFO] ADCParametersView:116 -                Rank 5 : true
2025-11-07 17:33:29,782 [INFO] ADCParametersView:116 -                Rank 5 : true
2025-11-07 17:33:29,803 [INFO] ADCParametersView:116 -                Rank 1 : false
2025-11-07 17:33:29,804 [INFO] ADCParametersView:116 -                Rank 1 : false
2025-11-07 17:33:29,805 [INFO] ADCParametersView:116 -                Rank 2 : false
2025-11-07 17:33:29,805 [INFO] ADCParametersView:116 -                Rank 1 : false
2025-11-07 17:33:29,806 [INFO] ADCParametersView:116 -                Rank 2 : false
2025-11-07 17:33:29,806 [INFO] ADCParametersView:116 -                Rank 3 : false
2025-11-07 17:33:29,807 [INFO] ADCParametersView:116 -                Rank 1 : false
2025-11-07 17:33:29,807 [INFO] ADCParametersView:116 -                Rank 2 : false
2025-11-07 17:33:29,807 [INFO] ADCParametersView:116 -                Rank 3 : false
2025-11-07 17:33:29,807 [INFO] ADCParametersView:116 -                Rank 4 : false
2025-11-07 17:33:29,808 [INFO] ADCParametersView:116 -                Rank 1 : false
2025-11-07 17:33:29,808 [INFO] ADCParametersView:116 -                Rank 2 : false
2025-11-07 17:33:29,808 [INFO] ADCParametersView:116 -                Rank 3 : false
2025-11-07 17:33:29,809 [INFO] ADCParametersView:116 -                Rank 4 : false
2025-11-07 17:33:29,809 [INFO] ADCParametersView:116 -                Rank 5 : true
2025-11-07 17:33:29,885 [INFO] ADCParametersView:116 -                Rank 1 : false
2025-11-07 17:33:29,885 [INFO] ADCParametersView:116 -                Rank 2 : false
2025-11-07 17:33:29,885 [INFO] ADCParametersView:116 -                Rank 3 : false
2025-11-07 17:33:29,885 [INFO] ADCParametersView:116 -                Rank 4 : false
2025-11-07 17:33:29,885 [INFO] ADCParametersView:116 -                Rank 5 : true
2025-11-07 17:33:29,889 [INFO] ADCParametersView:116 -                Rank 1 : false
2025-11-07 17:33:29,890 [INFO] ADCParametersView:116 -                Rank 2 : false
2025-11-07 17:33:29,890 [INFO] ADCParametersView:116 -                Rank 3 : false
2025-11-07 17:33:29,890 [INFO] ADCParametersView:116 -                Rank 4 : false
2025-11-07 17:33:29,890 [INFO] ADCParametersView:116 -                Rank 5 : true
2025-11-07 17:33:29,890 [INFO] ADCParametersView:116 -                Rank 1 : false
2025-11-07 17:33:29,891 [INFO] ADCParametersView:116 -                Rank 2 : false
2025-11-07 17:33:29,891 [INFO] ADCParametersView:116 -                Rank 3 : false
2025-11-07 17:33:29,891 [INFO] ADCParametersView:116 -                Rank 4 : false
2025-11-07 17:33:29,891 [INFO] ADCParametersView:116 -                Rank 5 : true
2025-11-07 17:33:29,891 [INFO] ADCParametersView:116 -                Rank 1 : false
2025-11-07 17:33:29,891 [INFO] ADCParametersView:116 -                Rank 2 : false
2025-11-07 17:33:29,891 [INFO] ADCParametersView:116 -                Rank 3 : false
2025-11-07 17:33:29,891 [INFO] ADCParametersView:116 -                Rank 4 : false
2025-11-07 17:33:29,892 [INFO] ADCParametersView:116 -                Rank 5 : true
2025-11-07 17:33:29,892 [INFO] ADCParametersView:116 -                Rank 1 : false
2025-11-07 17:33:29,892 [INFO] ADCParametersView:116 -                Rank 2 : false
2025-11-07 17:33:29,892 [INFO] ADCParametersView:116 -                Rank 3 : false
2025-11-07 17:33:29,892 [INFO] ADCParametersView:116 -                Rank 4 : false
2025-11-07 17:33:29,892 [INFO] ADCParametersView:116 -                Rank 5 : true
2025-11-07 17:33:29,893 [INFO] ADCParametersView:116 -                Rank 1 : false
2025-11-07 17:33:29,893 [INFO] ADCParametersView:116 -                Rank 2 : false
2025-11-07 17:33:29,893 [INFO] ADCParametersView:116 -                Rank 3 : false
2025-11-07 17:33:29,893 [INFO] ADCParametersView:116 -                Rank 4 : false
2025-11-07 17:33:29,893 [INFO] ADCParametersView:116 -                Rank 5 : true
2025-11-07 17:33:29,893 [INFO] ADCParametersView:116 -                Rank 1 : false
2025-11-07 17:33:29,894 [INFO] ADCParametersView:116 -                Rank 2 : false
2025-11-07 17:33:29,894 [INFO] ADCParametersView:116 -                Rank 3 : false
2025-11-07 17:33:29,894 [INFO] ADCParametersView:116 -                Rank 4 : false
2025-11-07 17:33:29,894 [INFO] ADCParametersView:116 -                Rank 5 : true
2025-11-07 17:33:29,894 [INFO] ADCParametersView:116 -                Rank 1 : false
2025-11-07 17:33:29,894 [INFO] ADCParametersView:116 -                Rank 2 : false
2025-11-07 17:33:29,894 [INFO] ADCParametersView:116 -                Rank 3 : false
2025-11-07 17:33:29,895 [INFO] ADCParametersView:116 -                Rank 4 : false
2025-11-07 17:33:29,895 [INFO] ADCParametersView:116 -                Rank 5 : true
2025-11-07 17:33:29,895 [INFO] ADCParametersView:116 -                Rank 1 : false
2025-11-07 17:33:29,895 [INFO] ADCParametersView:116 -                Rank 2 : false
2025-11-07 17:33:29,895 [INFO] ADCParametersView:116 -                Rank 3 : false
2025-11-07 17:33:29,895 [INFO] ADCParametersView:116 -                Rank 4 : false
2025-11-07 17:33:29,895 [INFO] ADCParametersView:116 -                Rank 5 : true
2025-11-07 17:33:29,895 [INFO] ADCParametersView:116 -                Rank 1 : false
2025-11-07 17:33:29,896 [INFO] ADCParametersView:116 -                Rank 2 : false
2025-11-07 17:33:29,896 [INFO] ADCParametersView:116 -                Rank 3 : false
2025-11-07 17:33:29,896 [INFO] ADCParametersView:116 -                Rank 4 : false
2025-11-07 17:33:29,896 [INFO] ADCParametersView:116 -                Rank 5 : true
2025-11-07 17:33:29,897 [INFO] ADCParametersView:116 -                Rank 2 : false
2025-11-07 17:33:29,897 [INFO] ADCParametersView:116 -                Rank 3 : false
2025-11-07 17:33:29,897 [INFO] ADCParametersView:116 -                Rank 4 : false
2025-11-07 17:33:29,897 [INFO] ADCParametersView:116 -                Rank 5 : true
2025-11-07 17:33:29,897 [INFO] ADCParametersView:116 -                Rank 3 : false
2025-11-07 17:33:29,897 [INFO] ADCParametersView:116 -                Rank 4 : false
2025-11-07 17:33:29,897 [INFO] ADCParametersView:116 -                Rank 5 : true
2025-11-07 17:33:29,897 [INFO] ADCParametersView:116 -                Rank 4 : false
2025-11-07 17:33:29,897 [INFO] ADCParametersView:116 -                Rank 5 : true
2025-11-07 17:33:29,898 [INFO] ADCParametersView:116 -                Rank 5 : true
2025-11-07 17:33:29,909 [INFO] ADCParametersView:116 -                Rank 1 : false
2025-11-07 17:33:29,910 [INFO] ADCParametersView:116 -                Rank 1 : false
2025-11-07 17:33:29,911 [INFO] ADCParametersView:116 -                Rank 2 : false
2025-11-07 17:33:29,911 [INFO] ADCParametersView:116 -                Rank 1 : false
2025-11-07 17:33:29,911 [INFO] ADCParametersView:116 -                Rank 2 : false
2025-11-07 17:33:29,911 [INFO] ADCParametersView:116 -                Rank 3 : false
2025-11-07 17:33:29,911 [INFO] ADCParametersView:116 -                Rank 1 : false
2025-11-07 17:33:29,911 [INFO] ADCParametersView:116 -                Rank 2 : false
2025-11-07 17:33:29,911 [INFO] ADCParametersView:116 -                Rank 3 : false
2025-11-07 17:33:29,911 [INFO] ADCParametersView:116 -                Rank 4 : false
2025-11-07 17:33:29,912 [INFO] ADCParametersView:116 -                Rank 1 : false
2025-11-07 17:33:29,912 [INFO] ADCParametersView:116 -                Rank 2 : false
2025-11-07 17:33:29,912 [INFO] ADCParametersView:116 -                Rank 3 : false
2025-11-07 17:33:29,912 [INFO] ADCParametersView:116 -                Rank 4 : false
2025-11-07 17:33:29,912 [INFO] ADCParametersView:116 -                Rank 5 : true
2025-11-07 17:33:30,064 [WARN] IP:2250 - I2C_Coeff_DF not found: check if there is a RefParameter without a condition.
2025-11-07 17:33:30,064 [WARN] IP:2250 - Analog_Filter not found: check if there is a RefParameter without a condition.
2025-11-07 17:33:30,065 [WARN] IP:2250 - I2C_Coeff_DF not found: check if there is a RefParameter without a condition.
2025-11-07 17:33:30,065 [WARN] IP:2250 - Analog_Filter not found: check if there is a RefParameter without a condition.
2025-11-07 17:33:30,068 [WARN] IP:2250 - I2C_Coeff_DF not found: check if there is a RefParameter without a condition.
2025-11-07 17:33:30,068 [WARN] IP:2250 - Analog_Filter not found: check if there is a RefParameter without a condition.
2025-11-07 17:33:30,068 [WARN] IP:2250 - I2C_Coeff_DF not found: check if there is a RefParameter without a condition.
2025-11-07 17:33:30,068 [WARN] IP:2250 - Analog_Filter not found: check if there is a RefParameter without a condition.
2025-11-07 17:33:30,113 [WARN] IP:2250 - I2C_Coeff_DF not found: check if there is a RefParameter without a condition.
2025-11-07 17:33:30,113 [WARN] IP:2250 - Analog_Filter not found: check if there is a RefParameter without a condition.
2025-11-07 17:33:30,115 [WARN] IP:2250 - I2C_Coeff_DF not found: check if there is a RefParameter without a condition.
2025-11-07 17:33:30,115 [WARN] IP:2250 - Analog_Filter not found: check if there is a RefParameter without a condition.
2025-11-07 17:33:30,156 [WARN] IP:2250 - I2C_Coeff_DF not found: check if there is a RefParameter without a condition.
2025-11-07 17:33:30,156 [WARN] IP:2250 - Analog_Filter not found: check if there is a RefParameter without a condition.
2025-11-07 17:33:30,159 [WARN] IP:2250 - I2C_Coeff_DF not found: check if there is a RefParameter without a condition.
2025-11-07 17:33:30,159 [WARN] IP:2250 - Analog_Filter not found: check if there is a RefParameter without a condition.
2025-11-07 17:33:30,185 [INFO] ADCParametersView:116 -                Rank 1 : false
2025-11-07 17:33:30,185 [INFO] ADCParametersView:116 -                Rank 2 : false
2025-11-07 17:33:30,185 [INFO] ADCParametersView:116 -                Rank 3 : false
2025-11-07 17:33:30,185 [INFO] ADCParametersView:116 -                Rank 4 : false
2025-11-07 17:33:30,185 [INFO] ADCParametersView:116 -                Rank 5 : true
2025-11-07 17:33:30,188 [INFO] ADCParametersView:116 -                Rank 1 : false
2025-11-07 17:33:30,189 [INFO] ADCParametersView:116 -                Rank 2 : false
2025-11-07 17:33:30,189 [INFO] ADCParametersView:116 -                Rank 3 : false
2025-11-07 17:33:30,189 [INFO] ADCParametersView:116 -                Rank 4 : false
2025-11-07 17:33:30,189 [INFO] ADCParametersView:116 -                Rank 5 : true
2025-11-07 17:33:30,189 [INFO] ADCParametersView:116 -                Rank 1 : false
2025-11-07 17:33:30,189 [INFO] ADCParametersView:116 -                Rank 2 : false
2025-11-07 17:33:30,189 [INFO] ADCParametersView:116 -                Rank 3 : false
2025-11-07 17:33:30,189 [INFO] ADCParametersView:116 -                Rank 4 : false
2025-11-07 17:33:30,189 [INFO] ADCParametersView:116 -                Rank 5 : true
2025-11-07 17:33:30,189 [INFO] ADCParametersView:116 -                Rank 1 : false
2025-11-07 17:33:30,189 [INFO] ADCParametersView:116 -                Rank 2 : false
2025-11-07 17:33:30,189 [INFO] ADCParametersView:116 -                Rank 3 : false
2025-11-07 17:33:30,189 [INFO] ADCParametersView:116 -                Rank 4 : false
2025-11-07 17:33:30,189 [INFO] ADCParametersView:116 -                Rank 5 : true
2025-11-07 17:33:30,190 [INFO] ADCParametersView:116 -                Rank 1 : false
2025-11-07 17:33:30,190 [INFO] ADCParametersView:116 -                Rank 2 : false
2025-11-07 17:33:30,190 [INFO] ADCParametersView:116 -                Rank 3 : false
2025-11-07 17:33:30,190 [INFO] ADCParametersView:116 -                Rank 4 : false
2025-11-07 17:33:30,190 [INFO] ADCParametersView:116 -                Rank 5 : true
2025-11-07 17:33:30,190 [INFO] ADCParametersView:116 -                Rank 1 : false
2025-11-07 17:33:30,190 [INFO] ADCParametersView:116 -                Rank 2 : false
2025-11-07 17:33:30,190 [INFO] ADCParametersView:116 -                Rank 3 : false
2025-11-07 17:33:30,190 [INFO] ADCParametersView:116 -                Rank 4 : false
2025-11-07 17:33:30,190 [INFO] ADCParametersView:116 -                Rank 5 : true
2025-11-07 17:33:30,190 [INFO] ADCParametersView:116 -                Rank 1 : false
2025-11-07 17:33:30,190 [INFO] ADCParametersView:116 -                Rank 2 : false
2025-11-07 17:33:30,190 [INFO] ADCParametersView:116 -                Rank 3 : false
2025-11-07 17:33:30,191 [INFO] ADCParametersView:116 -                Rank 4 : false
2025-11-07 17:33:30,191 [INFO] ADCParametersView:116 -                Rank 5 : true
2025-11-07 17:33:30,191 [INFO] ADCParametersView:116 -                Rank 1 : false
2025-11-07 17:33:30,191 [INFO] ADCParametersView:116 -                Rank 2 : false
2025-11-07 17:33:30,191 [INFO] ADCParametersView:116 -                Rank 3 : false
2025-11-07 17:33:30,191 [INFO] ADCParametersView:116 -                Rank 4 : false
2025-11-07 17:33:30,191 [INFO] ADCParametersView:116 -                Rank 5 : true
2025-11-07 17:33:30,191 [INFO] ADCParametersView:116 -                Rank 1 : false
2025-11-07 17:33:30,191 [INFO] ADCParametersView:116 -                Rank 2 : false
2025-11-07 17:33:30,191 [INFO] ADCParametersView:116 -                Rank 3 : false
2025-11-07 17:33:30,191 [INFO] ADCParametersView:116 -                Rank 4 : false
2025-11-07 17:33:30,191 [INFO] ADCParametersView:116 -                Rank 5 : true
2025-11-07 17:33:30,191 [INFO] ADCParametersView:116 -                Rank 1 : false
2025-11-07 17:33:30,191 [INFO] ADCParametersView:116 -                Rank 2 : false
2025-11-07 17:33:30,191 [INFO] ADCParametersView:116 -                Rank 3 : false
2025-11-07 17:33:30,191 [INFO] ADCParametersView:116 -                Rank 4 : false
2025-11-07 17:33:30,191 [INFO] ADCParametersView:116 -                Rank 5 : true
2025-11-07 17:33:30,191 [INFO] ADCParametersView:116 -                Rank 2 : false
2025-11-07 17:33:30,191 [INFO] ADCParametersView:116 -                Rank 3 : false
2025-11-07 17:33:30,191 [INFO] ADCParametersView:116 -                Rank 4 : false
2025-11-07 17:33:30,191 [INFO] ADCParametersView:116 -                Rank 5 : true
2025-11-07 17:33:30,191 [INFO] ADCParametersView:116 -                Rank 3 : false
2025-11-07 17:33:30,192 [INFO] ADCParametersView:116 -                Rank 4 : false
2025-11-07 17:33:30,192 [INFO] ADCParametersView:116 -                Rank 5 : true
2025-11-07 17:33:30,192 [INFO] ADCParametersView:116 -                Rank 4 : false
2025-11-07 17:33:30,192 [INFO] ADCParametersView:116 -                Rank 5 : true
2025-11-07 17:33:30,192 [INFO] ADCParametersView:116 -                Rank 5 : true
2025-11-07 17:33:30,200 [INFO] ADCParametersView:116 -                Rank 1 : false
2025-11-07 17:33:30,200 [INFO] ADCParametersView:116 -                Rank 1 : false
2025-11-07 17:33:30,200 [INFO] ADCParametersView:116 -                Rank 2 : false
2025-11-07 17:33:30,201 [INFO] ADCParametersView:116 -                Rank 1 : false
2025-11-07 17:33:30,201 [INFO] ADCParametersView:116 -                Rank 2 : false
2025-11-07 17:33:30,201 [INFO] ADCParametersView:116 -                Rank 3 : false
2025-11-07 17:33:30,201 [INFO] ADCParametersView:116 -                Rank 1 : false
2025-11-07 17:33:30,201 [INFO] ADCParametersView:116 -                Rank 2 : false
2025-11-07 17:33:30,201 [INFO] ADCParametersView:116 -                Rank 3 : false
2025-11-07 17:33:30,201 [INFO] ADCParametersView:116 -                Rank 4 : false
2025-11-07 17:33:30,202 [INFO] ADCParametersView:116 -                Rank 1 : false
2025-11-07 17:33:30,202 [INFO] ADCParametersView:116 -                Rank 2 : false
2025-11-07 17:33:30,202 [INFO] ADCParametersView:116 -                Rank 3 : false
2025-11-07 17:33:30,202 [INFO] ADCParametersView:116 -                Rank 4 : false
2025-11-07 17:33:30,202 [INFO] ADCParametersView:116 -                Rank 5 : true
2025-11-07 17:33:30,247 [INFO] ADCParametersView:116 -                Rank 1 : false
2025-11-07 17:33:30,247 [INFO] ADCParametersView:116 -                Rank 2 : false
2025-11-07 17:33:30,247 [INFO] ADCParametersView:116 -                Rank 3 : false
2025-11-07 17:33:30,248 [INFO] ADCParametersView:116 -                Rank 4 : false
2025-11-07 17:33:30,248 [INFO] ADCParametersView:116 -                Rank 5 : true
2025-11-07 17:33:30,250 [INFO] ADCParametersView:116 -                Rank 1 : false
2025-11-07 17:33:30,250 [INFO] ADCParametersView:116 -                Rank 2 : false
2025-11-07 17:33:30,250 [INFO] ADCParametersView:116 -                Rank 3 : false
2025-11-07 17:33:30,250 [INFO] ADCParametersView:116 -                Rank 4 : false
2025-11-07 17:33:30,250 [INFO] ADCParametersView:116 -                Rank 5 : true
2025-11-07 17:33:30,250 [INFO] ADCParametersView:116 -                Rank 1 : false
2025-11-07 17:33:30,250 [INFO] ADCParametersView:116 -                Rank 2 : false
2025-11-07 17:33:30,250 [INFO] ADCParametersView:116 -                Rank 3 : false
2025-11-07 17:33:30,251 [INFO] ADCParametersView:116 -                Rank 4 : false
2025-11-07 17:33:30,251 [INFO] ADCParametersView:116 -                Rank 5 : true
2025-11-07 17:33:30,251 [INFO] ADCParametersView:116 -                Rank 1 : false
2025-11-07 17:33:30,251 [INFO] ADCParametersView:116 -                Rank 2 : false
2025-11-07 17:33:30,251 [INFO] ADCParametersView:116 -                Rank 3 : false
2025-11-07 17:33:30,251 [INFO] ADCParametersView:116 -                Rank 4 : false
2025-11-07 17:33:30,251 [INFO] ADCParametersView:116 -                Rank 5 : true
2025-11-07 17:33:30,251 [INFO] ADCParametersView:116 -                Rank 1 : false
2025-11-07 17:33:30,251 [INFO] ADCParametersView:116 -                Rank 2 : false
2025-11-07 17:33:30,251 [INFO] ADCParametersView:116 -                Rank 3 : false
2025-11-07 17:33:30,251 [INFO] ADCParametersView:116 -                Rank 4 : false
2025-11-07 17:33:30,251 [INFO] ADCParametersView:116 -                Rank 5 : true
2025-11-07 17:33:30,251 [INFO] ADCParametersView:116 -                Rank 1 : false
2025-11-07 17:33:30,251 [INFO] ADCParametersView:116 -                Rank 2 : false
2025-11-07 17:33:30,251 [INFO] ADCParametersView:116 -                Rank 3 : false
2025-11-07 17:33:30,251 [INFO] ADCParametersView:116 -                Rank 4 : false
2025-11-07 17:33:30,251 [INFO] ADCParametersView:116 -                Rank 5 : true
2025-11-07 17:33:30,251 [INFO] ADCParametersView:116 -                Rank 1 : false
2025-11-07 17:33:30,251 [INFO] ADCParametersView:116 -                Rank 2 : false
2025-11-07 17:33:30,251 [INFO] ADCParametersView:116 -                Rank 3 : false
2025-11-07 17:33:30,251 [INFO] ADCParametersView:116 -                Rank 4 : false
2025-11-07 17:33:30,251 [INFO] ADCParametersView:116 -                Rank 5 : true
2025-11-07 17:33:30,252 [INFO] ADCParametersView:116 -                Rank 1 : false
2025-11-07 17:33:30,252 [INFO] ADCParametersView:116 -                Rank 2 : false
2025-11-07 17:33:30,252 [INFO] ADCParametersView:116 -                Rank 3 : false
2025-11-07 17:33:30,252 [INFO] ADCParametersView:116 -                Rank 4 : false
2025-11-07 17:33:30,252 [INFO] ADCParametersView:116 -                Rank 5 : true
2025-11-07 17:33:30,252 [INFO] ADCParametersView:116 -                Rank 1 : false
2025-11-07 17:33:30,252 [INFO] ADCParametersView:116 -                Rank 2 : false
2025-11-07 17:33:30,252 [INFO] ADCParametersView:116 -                Rank 3 : false
2025-11-07 17:33:30,252 [INFO] ADCParametersView:116 -                Rank 4 : false
2025-11-07 17:33:30,252 [INFO] ADCParametersView:116 -                Rank 5 : true
2025-11-07 17:33:30,252 [INFO] ADCParametersView:116 -                Rank 1 : false
2025-11-07 17:33:30,252 [INFO] ADCParametersView:116 -                Rank 2 : false
2025-11-07 17:33:30,252 [INFO] ADCParametersView:116 -                Rank 3 : false
2025-11-07 17:33:30,252 [INFO] ADCParametersView:116 -                Rank 4 : false
2025-11-07 17:33:30,252 [INFO] ADCParametersView:116 -                Rank 5 : true
2025-11-07 17:33:30,252 [INFO] ADCParametersView:116 -                Rank 2 : false
2025-11-07 17:33:30,252 [INFO] ADCParametersView:116 -                Rank 3 : false
2025-11-07 17:33:30,252 [INFO] ADCParametersView:116 -                Rank 4 : false
2025-11-07 17:33:30,252 [INFO] ADCParametersView:116 -                Rank 5 : true
2025-11-07 17:33:30,252 [INFO] ADCParametersView:116 -                Rank 3 : false
2025-11-07 17:33:30,252 [INFO] ADCParametersView:116 -                Rank 4 : false
2025-11-07 17:33:30,252 [INFO] ADCParametersView:116 -                Rank 5 : true
2025-11-07 17:33:30,252 [INFO] ADCParametersView:116 -                Rank 4 : false
2025-11-07 17:33:30,252 [INFO] ADCParametersView:116 -                Rank 5 : true
2025-11-07 17:33:30,252 [INFO] ADCParametersView:116 -                Rank 5 : true
2025-11-07 17:33:30,262 [INFO] ADCParametersView:116 -                Rank 1 : false
2025-11-07 17:33:30,262 [INFO] ADCParametersView:116 -                Rank 1 : false
2025-11-07 17:33:30,262 [INFO] ADCParametersView:116 -                Rank 2 : false
2025-11-07 17:33:30,263 [INFO] ADCParametersView:116 -                Rank 1 : false
2025-11-07 17:33:30,263 [INFO] ADCParametersView:116 -                Rank 2 : false
2025-11-07 17:33:30,263 [INFO] ADCParametersView:116 -                Rank 3 : false
2025-11-07 17:33:30,263 [INFO] ADCParametersView:116 -                Rank 1 : false
2025-11-07 17:33:30,263 [INFO] ADCParametersView:116 -                Rank 2 : false
2025-11-07 17:33:30,263 [INFO] ADCParametersView:116 -                Rank 3 : false
2025-11-07 17:33:30,263 [INFO] ADCParametersView:116 -                Rank 4 : false
2025-11-07 17:33:30,264 [INFO] ADCParametersView:116 -                Rank 1 : false
2025-11-07 17:33:30,264 [INFO] ADCParametersView:116 -                Rank 2 : false
2025-11-07 17:33:30,264 [INFO] ADCParametersView:116 -                Rank 3 : false
2025-11-07 17:33:30,264 [INFO] ADCParametersView:116 -                Rank 4 : false
2025-11-07 17:33:30,264 [INFO] ADCParametersView:116 -                Rank 5 : true
2025-11-07 17:34:28,190 [INFO] ADCParametersView:116 -                Rank 1 : false
2025-11-07 17:34:28,191 [INFO] ADCParametersView:116 -                Rank 2 : false
2025-11-07 17:34:28,191 [INFO] ADCParametersView:116 -                Rank 3 : false
2025-11-07 17:34:28,191 [INFO] ADCParametersView:116 -                Rank 4 : false
2025-11-07 17:34:28,191 [INFO] ADCParametersView:116 -                Rank 5 : true
2025-11-07 17:34:28,200 [INFO] ADCParametersView:116 -                Rank 1 : false
2025-11-07 17:34:28,201 [INFO] ADCParametersView:116 -                Rank 2 : false
2025-11-07 17:34:28,201 [INFO] ADCParametersView:116 -                Rank 3 : false
2025-11-07 17:34:28,202 [INFO] ADCParametersView:116 -                Rank 4 : false
2025-11-07 17:34:28,202 [INFO] ADCParametersView:116 -                Rank 5 : true
2025-11-07 17:34:28,202 [INFO] ADCParametersView:116 -                Rank 1 : false
2025-11-07 17:34:28,203 [INFO] ADCParametersView:116 -                Rank 2 : false
2025-11-07 17:34:28,203 [INFO] ADCParametersView:116 -                Rank 3 : false
2025-11-07 17:34:28,203 [INFO] ADCParametersView:116 -                Rank 4 : false
2025-11-07 17:34:28,203 [INFO] ADCParametersView:116 -                Rank 5 : true
2025-11-07 17:34:28,204 [INFO] ADCParametersView:116 -                Rank 1 : false
2025-11-07 17:34:28,204 [INFO] ADCParametersView:116 -                Rank 2 : false
2025-11-07 17:34:28,204 [INFO] ADCParametersView:116 -                Rank 3 : false
2025-11-07 17:34:28,204 [INFO] ADCParametersView:116 -                Rank 4 : false
2025-11-07 17:34:28,204 [INFO] ADCParametersView:116 -                Rank 5 : true
2025-11-07 17:34:28,205 [INFO] ADCParametersView:116 -                Rank 1 : false
2025-11-07 17:34:28,206 [INFO] ADCParametersView:116 -                Rank 2 : false
2025-11-07 17:34:28,206 [INFO] ADCParametersView:116 -                Rank 3 : false
2025-11-07 17:34:28,206 [INFO] ADCParametersView:116 -                Rank 4 : false
2025-11-07 17:34:28,206 [INFO] ADCParametersView:116 -                Rank 5 : true
2025-11-07 17:34:28,207 [INFO] ADCParametersView:116 -                Rank 1 : false
2025-11-07 17:34:28,207 [INFO] ADCParametersView:116 -                Rank 2 : false
2025-11-07 17:34:28,207 [INFO] ADCParametersView:116 -                Rank 3 : false
2025-11-07 17:34:28,207 [INFO] ADCParametersView:116 -                Rank 4 : false
2025-11-07 17:34:28,208 [INFO] ADCParametersView:116 -                Rank 5 : true
2025-11-07 17:34:28,208 [INFO] ADCParametersView:116 -                Rank 1 : false
2025-11-07 17:34:28,209 [INFO] ADCParametersView:116 -                Rank 2 : false
2025-11-07 17:34:28,210 [INFO] ADCParametersView:116 -                Rank 3 : false
2025-11-07 17:34:28,210 [INFO] ADCParametersView:116 -                Rank 4 : false
2025-11-07 17:34:28,211 [INFO] ADCParametersView:116 -                Rank 5 : true
2025-11-07 17:34:28,211 [INFO] ADCParametersView:116 -                Rank 1 : false
2025-11-07 17:34:28,211 [INFO] ADCParametersView:116 -                Rank 2 : false
2025-11-07 17:34:28,211 [INFO] ADCParametersView:116 -                Rank 3 : false
2025-11-07 17:34:28,212 [INFO] ADCParametersView:116 -                Rank 4 : false
2025-11-07 17:34:28,212 [INFO] ADCParametersView:116 -                Rank 5 : true
2025-11-07 17:34:28,212 [INFO] ADCParametersView:116 -                Rank 1 : false
2025-11-07 17:34:28,212 [INFO] ADCParametersView:116 -                Rank 2 : false
2025-11-07 17:34:28,212 [INFO] ADCParametersView:116 -                Rank 3 : false
2025-11-07 17:34:28,213 [INFO] ADCParametersView:116 -                Rank 4 : false
2025-11-07 17:34:28,213 [INFO] ADCParametersView:116 -                Rank 5 : true
2025-11-07 17:34:28,213 [INFO] ADCParametersView:116 -                Rank 1 : false
2025-11-07 17:34:28,213 [INFO] ADCParametersView:116 -                Rank 2 : false
2025-11-07 17:34:28,213 [INFO] ADCParametersView:116 -                Rank 3 : false
2025-11-07 17:34:28,213 [INFO] ADCParametersView:116 -                Rank 4 : false
2025-11-07 17:34:28,214 [INFO] ADCParametersView:116 -                Rank 5 : true
2025-11-07 17:34:28,214 [INFO] ADCParametersView:116 -                Rank 2 : false
2025-11-07 17:34:28,214 [INFO] ADCParametersView:116 -                Rank 3 : false
2025-11-07 17:34:28,214 [INFO] ADCParametersView:116 -                Rank 4 : false
2025-11-07 17:34:28,214 [INFO] ADCParametersView:116 -                Rank 5 : true
2025-11-07 17:34:28,214 [INFO] ADCParametersView:116 -                Rank 3 : false
2025-11-07 17:34:28,214 [INFO] ADCParametersView:116 -                Rank 4 : false
2025-11-07 17:34:28,215 [INFO] ADCParametersView:116 -                Rank 5 : true
2025-11-07 17:34:28,215 [INFO] ADCParametersView:116 -                Rank 4 : false
2025-11-07 17:34:28,215 [INFO] ADCParametersView:116 -                Rank 5 : true
2025-11-07 17:34:28,215 [INFO] ADCParametersView:116 -                Rank 5 : true
2025-11-07 17:34:28,238 [INFO] ADCParametersView:116 -                Rank 1 : false
2025-11-07 17:34:28,239 [INFO] ADCParametersView:116 -                Rank 1 : false
2025-11-07 17:34:28,239 [INFO] ADCParametersView:116 -                Rank 2 : false
2025-11-07 17:34:28,240 [INFO] ADCParametersView:116 -                Rank 1 : false
2025-11-07 17:34:28,240 [INFO] ADCParametersView:116 -                Rank 2 : false
2025-11-07 17:34:28,240 [INFO] ADCParametersView:116 -                Rank 3 : false
2025-11-07 17:34:28,241 [INFO] ADCParametersView:116 -                Rank 1 : false
2025-11-07 17:34:28,241 [INFO] ADCParametersView:116 -                Rank 2 : false
2025-11-07 17:34:28,241 [INFO] ADCParametersView:116 -                Rank 3 : false
2025-11-07 17:34:28,241 [INFO] ADCParametersView:116 -                Rank 4 : false
2025-11-07 17:34:28,242 [INFO] ADCParametersView:116 -                Rank 1 : false
2025-11-07 17:34:28,243 [INFO] ADCParametersView:116 -                Rank 2 : false
2025-11-07 17:34:28,243 [INFO] ADCParametersView:116 -                Rank 3 : false
2025-11-07 17:34:28,243 [INFO] ADCParametersView:116 -                Rank 4 : false
2025-11-07 17:34:28,243 [INFO] ADCParametersView:116 -                Rank 5 : true
2025-11-07 17:34:28,334 [INFO] ADCParametersView:116 -                Rank 1 : false
2025-11-07 17:34:28,335 [INFO] ADCParametersView:116 -                Rank 2 : false
2025-11-07 17:34:28,335 [INFO] ADCParametersView:116 -                Rank 3 : false
2025-11-07 17:34:28,335 [INFO] ADCParametersView:116 -                Rank 4 : false
2025-11-07 17:34:28,335 [INFO] ADCParametersView:116 -                Rank 5 : true
2025-11-07 17:34:28,340 [INFO] ADCParametersView:116 -                Rank 1 : false
2025-11-07 17:34:28,340 [INFO] ADCParametersView:116 -                Rank 2 : false
2025-11-07 17:34:28,340 [INFO] ADCParametersView:116 -                Rank 3 : false
2025-11-07 17:34:28,340 [INFO] ADCParametersView:116 -                Rank 4 : false
2025-11-07 17:34:28,340 [INFO] ADCParametersView:116 -                Rank 5 : true
2025-11-07 17:34:28,340 [INFO] ADCParametersView:116 -                Rank 1 : false
2025-11-07 17:34:28,340 [INFO] ADCParametersView:116 -                Rank 2 : false
2025-11-07 17:34:28,340 [INFO] ADCParametersView:116 -                Rank 3 : false
2025-11-07 17:34:28,341 [INFO] ADCParametersView:116 -                Rank 4 : false
2025-11-07 17:34:28,341 [INFO] ADCParametersView:116 -                Rank 5 : true
2025-11-07 17:34:28,341 [INFO] ADCParametersView:116 -                Rank 1 : false
2025-11-07 17:34:28,341 [INFO] ADCParametersView:116 -                Rank 2 : false
2025-11-07 17:34:28,341 [INFO] ADCParametersView:116 -                Rank 3 : false
2025-11-07 17:34:28,341 [INFO] ADCParametersView:116 -                Rank 4 : false
2025-11-07 17:34:28,341 [INFO] ADCParametersView:116 -                Rank 5 : true
2025-11-07 17:34:28,341 [INFO] ADCParametersView:116 -                Rank 1 : false
2025-11-07 17:34:28,341 [INFO] ADCParametersView:116 -                Rank 2 : false
2025-11-07 17:34:28,342 [INFO] ADCParametersView:116 -                Rank 3 : false
2025-11-07 17:34:28,342 [INFO] ADCParametersView:116 -                Rank 4 : false
2025-11-07 17:34:28,342 [INFO] ADCParametersView:116 -                Rank 5 : true
2025-11-07 17:34:28,342 [INFO] ADCParametersView:116 -                Rank 1 : false
2025-11-07 17:34:28,342 [INFO] ADCParametersView:116 -                Rank 2 : false
2025-11-07 17:34:28,342 [INFO] ADCParametersView:116 -                Rank 3 : false
2025-11-07 17:34:28,342 [INFO] ADCParametersView:116 -                Rank 4 : false
2025-11-07 17:34:28,342 [INFO] ADCParametersView:116 -                Rank 5 : true
2025-11-07 17:34:28,343 [INFO] ADCParametersView:116 -                Rank 1 : false
2025-11-07 17:34:28,343 [INFO] ADCParametersView:116 -                Rank 2 : false
2025-11-07 17:34:28,343 [INFO] ADCParametersView:116 -                Rank 3 : false
2025-11-07 17:34:28,343 [INFO] ADCParametersView:116 -                Rank 4 : false
2025-11-07 17:34:28,343 [INFO] ADCParametersView:116 -                Rank 5 : true
2025-11-07 17:34:28,344 [INFO] ADCParametersView:116 -                Rank 1 : false
2025-11-07 17:34:28,344 [INFO] ADCParametersView:116 -                Rank 2 : false
2025-11-07 17:34:28,344 [INFO] ADCParametersView:116 -                Rank 3 : false
2025-11-07 17:34:28,344 [INFO] ADCParametersView:116 -                Rank 4 : false
2025-11-07 17:34:28,344 [INFO] ADCParametersView:116 -                Rank 5 : true
2025-11-07 17:34:28,344 [INFO] ADCParametersView:116 -                Rank 1 : false
2025-11-07 17:34:28,344 [INFO] ADCParametersView:116 -                Rank 2 : false
2025-11-07 17:34:28,344 [INFO] ADCParametersView:116 -                Rank 3 : false
2025-11-07 17:34:28,344 [INFO] ADCParametersView:116 -                Rank 4 : false
2025-11-07 17:34:28,344 [INFO] ADCParametersView:116 -                Rank 5 : true
2025-11-07 17:34:28,345 [INFO] ADCParametersView:116 -                Rank 1 : false
2025-11-07 17:34:28,345 [INFO] ADCParametersView:116 -                Rank 2 : false
2025-11-07 17:34:28,345 [INFO] ADCParametersView:116 -                Rank 3 : false
2025-11-07 17:34:28,345 [INFO] ADCParametersView:116 -                Rank 4 : false
2025-11-07 17:34:28,345 [INFO] ADCParametersView:116 -                Rank 5 : true
2025-11-07 17:34:28,345 [INFO] ADCParametersView:116 -                Rank 2 : false
2025-11-07 17:34:28,345 [INFO] ADCParametersView:116 -                Rank 3 : false
2025-11-07 17:34:28,345 [INFO] ADCParametersView:116 -                Rank 4 : false
2025-11-07 17:34:28,345 [INFO] ADCParametersView:116 -                Rank 5 : true
2025-11-07 17:34:28,345 [INFO] ADCParametersView:116 -                Rank 3 : false
2025-11-07 17:34:28,345 [INFO] ADCParametersView:116 -                Rank 4 : false
2025-11-07 17:34:28,345 [INFO] ADCParametersView:116 -                Rank 5 : true
2025-11-07 17:34:28,345 [INFO] ADCParametersView:116 -                Rank 4 : false
2025-11-07 17:34:28,346 [INFO] ADCParametersView:116 -                Rank 5 : true
2025-11-07 17:34:28,346 [INFO] ADCParametersView:116 -                Rank 5 : true
2025-11-07 17:34:28,363 [INFO] ADCParametersView:116 -                Rank 1 : false
2025-11-07 17:34:28,364 [INFO] ADCParametersView:116 -                Rank 1 : false
2025-11-07 17:34:28,364 [INFO] ADCParametersView:116 -                Rank 2 : false
2025-11-07 17:34:28,365 [INFO] ADCParametersView:116 -                Rank 1 : false
2025-11-07 17:34:28,365 [INFO] ADCParametersView:116 -                Rank 2 : false
2025-11-07 17:34:28,365 [INFO] ADCParametersView:116 -                Rank 3 : false
2025-11-07 17:34:28,365 [INFO] ADCParametersView:116 -                Rank 1 : false
2025-11-07 17:34:28,365 [INFO] ADCParametersView:116 -                Rank 2 : false
2025-11-07 17:34:28,365 [INFO] ADCParametersView:116 -                Rank 3 : false
2025-11-07 17:34:28,366 [INFO] ADCParametersView:116 -                Rank 4 : false
2025-11-07 17:34:28,366 [INFO] ADCParametersView:116 -                Rank 1 : false
2025-11-07 17:34:28,366 [INFO] ADCParametersView:116 -                Rank 2 : false
2025-11-07 17:34:28,366 [INFO] ADCParametersView:116 -                Rank 3 : false
2025-11-07 17:34:28,366 [INFO] ADCParametersView:116 -                Rank 4 : false
2025-11-07 17:34:28,366 [INFO] ADCParametersView:116 -                Rank 5 : true
2025-11-07 17:34:28,499 [WARN] IP:2250 - I2C_Coeff_DF not found: check if there is a RefParameter without a condition.
2025-11-07 17:34:28,499 [WARN] IP:2250 - Analog_Filter not found: check if there is a RefParameter without a condition.
2025-11-07 17:34:28,500 [WARN] IP:2250 - I2C_Coeff_DF not found: check if there is a RefParameter without a condition.
2025-11-07 17:34:28,500 [WARN] IP:2250 - Analog_Filter not found: check if there is a RefParameter without a condition.
2025-11-07 17:34:28,503 [WARN] IP:2250 - I2C_Coeff_DF not found: check if there is a RefParameter without a condition.
2025-11-07 17:34:28,503 [WARN] IP:2250 - Analog_Filter not found: check if there is a RefParameter without a condition.
2025-11-07 17:34:28,503 [WARN] IP:2250 - I2C_Coeff_DF not found: check if there is a RefParameter without a condition.
2025-11-07 17:34:28,503 [WARN] IP:2250 - Analog_Filter not found: check if there is a RefParameter without a condition.
2025-11-07 17:34:28,553 [WARN] IP:2250 - I2C_Coeff_DF not found: check if there is a RefParameter without a condition.
2025-11-07 17:34:28,553 [WARN] IP:2250 - Analog_Filter not found: check if there is a RefParameter without a condition.
2025-11-07 17:34:28,555 [WARN] IP:2250 - I2C_Coeff_DF not found: check if there is a RefParameter without a condition.
2025-11-07 17:34:28,555 [WARN] IP:2250 - Analog_Filter not found: check if there is a RefParameter without a condition.
2025-11-07 17:34:28,611 [WARN] IP:2250 - I2C_Coeff_DF not found: check if there is a RefParameter without a condition.
2025-11-07 17:34:28,611 [WARN] IP:2250 - Analog_Filter not found: check if there is a RefParameter without a condition.
2025-11-07 17:34:28,614 [WARN] IP:2250 - I2C_Coeff_DF not found: check if there is a RefParameter without a condition.
2025-11-07 17:34:28,614 [WARN] IP:2250 - Analog_Filter not found: check if there is a RefParameter without a condition.
2025-11-07 17:34:28,638 [INFO] ADCParametersView:116 -                Rank 1 : false
2025-11-07 17:34:28,638 [INFO] ADCParametersView:116 -                Rank 2 : false
2025-11-07 17:34:28,638 [INFO] ADCParametersView:116 -                Rank 3 : false
2025-11-07 17:34:28,638 [INFO] ADCParametersView:116 -                Rank 4 : false
2025-11-07 17:34:28,638 [INFO] ADCParametersView:116 -                Rank 5 : true
2025-11-07 17:34:28,644 [INFO] ADCParametersView:116 -                Rank 1 : false
2025-11-07 17:34:28,644 [INFO] ADCParametersView:116 -                Rank 2 : false
2025-11-07 17:34:28,644 [INFO] ADCParametersView:116 -                Rank 3 : false
2025-11-07 17:34:28,644 [INFO] ADCParametersView:116 -                Rank 4 : false
2025-11-07 17:34:28,645 [INFO] ADCParametersView:116 -                Rank 5 : true
2025-11-07 17:34:28,645 [INFO] ADCParametersView:116 -                Rank 1 : false
2025-11-07 17:34:28,645 [INFO] ADCParametersView:116 -                Rank 2 : false
2025-11-07 17:34:28,645 [INFO] ADCParametersView:116 -                Rank 3 : false
2025-11-07 17:34:28,645 [INFO] ADCParametersView:116 -                Rank 4 : false
2025-11-07 17:34:28,645 [INFO] ADCParametersView:116 -                Rank 5 : true
2025-11-07 17:34:28,645 [INFO] ADCParametersView:116 -                Rank 1 : false
2025-11-07 17:34:28,645 [INFO] ADCParametersView:116 -                Rank 2 : false
2025-11-07 17:34:28,645 [INFO] ADCParametersView:116 -                Rank 3 : false
2025-11-07 17:34:28,645 [INFO] ADCParametersView:116 -                Rank 4 : false
2025-11-07 17:34:28,645 [INFO] ADCParametersView:116 -                Rank 5 : true
2025-11-07 17:34:28,645 [INFO] ADCParametersView:116 -                Rank 1 : false
2025-11-07 17:34:28,645 [INFO] ADCParametersView:116 -                Rank 2 : false
2025-11-07 17:34:28,645 [INFO] ADCParametersView:116 -                Rank 3 : false
2025-11-07 17:34:28,645 [INFO] ADCParametersView:116 -                Rank 4 : false
2025-11-07 17:34:28,645 [INFO] ADCParametersView:116 -                Rank 5 : true
2025-11-07 17:34:28,645 [INFO] ADCParametersView:116 -                Rank 1 : false
2025-11-07 17:34:28,645 [INFO] ADCParametersView:116 -                Rank 2 : false
2025-11-07 17:34:28,645 [INFO] ADCParametersView:116 -                Rank 3 : false
2025-11-07 17:34:28,645 [INFO] ADCParametersView:116 -                Rank 4 : false
2025-11-07 17:34:28,645 [INFO] ADCParametersView:116 -                Rank 5 : true
2025-11-07 17:34:28,646 [INFO] ADCParametersView:116 -                Rank 1 : false
2025-11-07 17:34:28,646 [INFO] ADCParametersView:116 -                Rank 2 : false
2025-11-07 17:34:28,646 [INFO] ADCParametersView:116 -                Rank 3 : false
2025-11-07 17:34:28,646 [INFO] ADCParametersView:116 -                Rank 4 : false
2025-11-07 17:34:28,646 [INFO] ADCParametersView:116 -                Rank 5 : true
2025-11-07 17:34:28,646 [INFO] ADCParametersView:116 -                Rank 1 : false
2025-11-07 17:34:28,646 [INFO] ADCParametersView:116 -                Rank 2 : false
2025-11-07 17:34:28,646 [INFO] ADCParametersView:116 -                Rank 3 : false
2025-11-07 17:34:28,646 [INFO] ADCParametersView:116 -                Rank 4 : false
2025-11-07 17:34:28,646 [INFO] ADCParametersView:116 -                Rank 5 : true
2025-11-07 17:34:28,646 [INFO] ADCParametersView:116 -                Rank 1 : false
2025-11-07 17:34:28,646 [INFO] ADCParametersView:116 -                Rank 2 : false
2025-11-07 17:34:28,646 [INFO] ADCParametersView:116 -                Rank 3 : false
2025-11-07 17:34:28,647 [INFO] ADCParametersView:116 -                Rank 4 : false
2025-11-07 17:34:28,647 [INFO] ADCParametersView:116 -                Rank 5 : true
2025-11-07 17:34:28,647 [INFO] ADCParametersView:116 -                Rank 1 : false
2025-11-07 17:34:28,647 [INFO] ADCParametersView:116 -                Rank 2 : false
2025-11-07 17:34:28,647 [INFO] ADCParametersView:116 -                Rank 3 : false
2025-11-07 17:34:28,647 [INFO] ADCParametersView:116 -                Rank 4 : false
2025-11-07 17:34:28,647 [INFO] ADCParametersView:116 -                Rank 5 : true
2025-11-07 17:34:28,647 [INFO] ADCParametersView:116 -                Rank 2 : false
2025-11-07 17:34:28,647 [INFO] ADCParametersView:116 -                Rank 3 : false
2025-11-07 17:34:28,647 [INFO] ADCParametersView:116 -                Rank 4 : false
2025-11-07 17:34:28,647 [INFO] ADCParametersView:116 -                Rank 5 : true
2025-11-07 17:34:28,647 [INFO] ADCParametersView:116 -                Rank 3 : false
2025-11-07 17:34:28,647 [INFO] ADCParametersView:116 -                Rank 4 : false
2025-11-07 17:34:28,647 [INFO] ADCParametersView:116 -                Rank 5 : true
2025-11-07 17:34:28,647 [INFO] ADCParametersView:116 -                Rank 4 : false
2025-11-07 17:34:28,647 [INFO] ADCParametersView:116 -                Rank 5 : true
2025-11-07 17:34:28,647 [INFO] ADCParametersView:116 -                Rank 5 : true
2025-11-07 17:34:28,659 [INFO] ADCParametersView:116 -                Rank 1 : false
2025-11-07 17:34:28,659 [INFO] ADCParametersView:116 -                Rank 1 : false
2025-11-07 17:34:28,659 [INFO] ADCParametersView:116 -                Rank 2 : false
2025-11-07 17:34:28,660 [INFO] ADCParametersView:116 -                Rank 1 : false
2025-11-07 17:34:28,660 [INFO] ADCParametersView:116 -                Rank 2 : false
2025-11-07 17:34:28,660 [INFO] ADCParametersView:116 -                Rank 3 : false
2025-11-07 17:34:28,661 [INFO] ADCParametersView:116 -                Rank 1 : false
2025-11-07 17:34:28,661 [INFO] ADCParametersView:116 -                Rank 2 : false
2025-11-07 17:34:28,661 [INFO] ADCParametersView:116 -                Rank 3 : false
2025-11-07 17:34:28,661 [INFO] ADCParametersView:116 -                Rank 4 : false
2025-11-07 17:34:28,661 [INFO] ADCParametersView:116 -                Rank 1 : false
2025-11-07 17:34:28,661 [INFO] ADCParametersView:116 -                Rank 2 : false
2025-11-07 17:34:28,661 [INFO] ADCParametersView:116 -                Rank 3 : false
2025-11-07 17:34:28,661 [INFO] ADCParametersView:116 -                Rank 4 : false
2025-11-07 17:34:28,661 [INFO] ADCParametersView:116 -                Rank 5 : true
2025-11-07 17:34:28,722 [INFO] ADCParametersView:116 -                Rank 1 : false
2025-11-07 17:34:28,723 [INFO] ADCParametersView:116 -                Rank 2 : false
2025-11-07 17:34:28,723 [INFO] ADCParametersView:116 -                Rank 3 : false
2025-11-07 17:34:28,723 [INFO] ADCParametersView:116 -                Rank 4 : false
2025-11-07 17:34:28,723 [INFO] ADCParametersView:116 -                Rank 5 : true
2025-11-07 17:34:28,728 [INFO] ADCParametersView:116 -                Rank 1 : false
2025-11-07 17:34:28,728 [INFO] ADCParametersView:116 -                Rank 2 : false
2025-11-07 17:34:28,728 [INFO] ADCParametersView:116 -                Rank 3 : false
2025-11-07 17:34:28,729 [INFO] ADCParametersView:116 -                Rank 4 : false
2025-11-07 17:34:28,729 [INFO] ADCParametersView:116 -                Rank 5 : true
2025-11-07 17:34:28,729 [INFO] ADCParametersView:116 -                Rank 1 : false
2025-11-07 17:34:28,729 [INFO] ADCParametersView:116 -                Rank 2 : false
2025-11-07 17:34:28,729 [INFO] ADCParametersView:116 -                Rank 3 : false
2025-11-07 17:34:28,729 [INFO] ADCParametersView:116 -                Rank 4 : false
2025-11-07 17:34:28,729 [INFO] ADCParametersView:116 -                Rank 5 : true
2025-11-07 17:34:28,729 [INFO] ADCParametersView:116 -                Rank 1 : false
2025-11-07 17:34:28,729 [INFO] ADCParametersView:116 -                Rank 2 : false
2025-11-07 17:34:28,729 [INFO] ADCParametersView:116 -                Rank 3 : false
2025-11-07 17:34:28,729 [INFO] ADCParametersView:116 -                Rank 4 : false
2025-11-07 17:34:28,729 [INFO] ADCParametersView:116 -                Rank 5 : true
2025-11-07 17:34:28,729 [INFO] ADCParametersView:116 -                Rank 1 : false
2025-11-07 17:34:28,729 [INFO] ADCParametersView:116 -                Rank 2 : false
2025-11-07 17:34:28,729 [INFO] ADCParametersView:116 -                Rank 3 : false
2025-11-07 17:34:28,729 [INFO] ADCParametersView:116 -                Rank 4 : false
2025-11-07 17:34:28,729 [INFO] ADCParametersView:116 -                Rank 5 : true
2025-11-07 17:34:28,729 [INFO] ADCParametersView:116 -                Rank 1 : false
2025-11-07 17:34:28,729 [INFO] ADCParametersView:116 -                Rank 2 : false
2025-11-07 17:34:28,729 [INFO] ADCParametersView:116 -                Rank 3 : false
2025-11-07 17:34:28,730 [INFO] ADCParametersView:116 -                Rank 4 : false
2025-11-07 17:34:28,730 [INFO] ADCParametersView:116 -                Rank 5 : true
2025-11-07 17:34:28,730 [INFO] ADCParametersView:116 -                Rank 1 : false
2025-11-07 17:34:28,730 [INFO] ADCParametersView:116 -                Rank 2 : false
2025-11-07 17:34:28,730 [INFO] ADCParametersView:116 -                Rank 3 : false
2025-11-07 17:34:28,730 [INFO] ADCParametersView:116 -                Rank 4 : false
2025-11-07 17:34:28,730 [INFO] ADCParametersView:116 -                Rank 5 : true
2025-11-07 17:34:28,730 [INFO] ADCParametersView:116 -                Rank 1 : false
2025-11-07 17:34:28,730 [INFO] ADCParametersView:116 -                Rank 2 : false
2025-11-07 17:34:28,730 [INFO] ADCParametersView:116 -                Rank 3 : false
2025-11-07 17:34:28,730 [INFO] ADCParametersView:116 -                Rank 4 : false
2025-11-07 17:34:28,730 [INFO] ADCParametersView:116 -                Rank 5 : true
2025-11-07 17:34:28,730 [INFO] ADCParametersView:116 -                Rank 1 : false
2025-11-07 17:34:28,730 [INFO] ADCParametersView:116 -                Rank 2 : false
2025-11-07 17:34:28,730 [INFO] ADCParametersView:116 -                Rank 3 : false
2025-11-07 17:34:28,730 [INFO] ADCParametersView:116 -                Rank 4 : false
2025-11-07 17:34:28,730 [INFO] ADCParametersView:116 -                Rank 5 : true
2025-11-07 17:34:28,730 [INFO] ADCParametersView:116 -                Rank 1 : false
2025-11-07 17:34:28,730 [INFO] ADCParametersView:116 -                Rank 2 : false
2025-11-07 17:34:28,730 [INFO] ADCParametersView:116 -                Rank 3 : false
2025-11-07 17:34:28,730 [INFO] ADCParametersView:116 -                Rank 4 : false
2025-11-07 17:34:28,731 [INFO] ADCParametersView:116 -                Rank 5 : true
2025-11-07 17:34:28,731 [INFO] ADCParametersView:116 -                Rank 2 : false
2025-11-07 17:34:28,731 [INFO] ADCParametersView:116 -                Rank 3 : false
2025-11-07 17:34:28,731 [INFO] ADCParametersView:116 -                Rank 4 : false
2025-11-07 17:34:28,731 [INFO] ADCParametersView:116 -                Rank 5 : true
2025-11-07 17:34:28,731 [INFO] ADCParametersView:116 -                Rank 3 : false
2025-11-07 17:34:28,731 [INFO] ADCParametersView:116 -                Rank 4 : false
2025-11-07 17:34:28,731 [INFO] ADCParametersView:116 -                Rank 5 : true
2025-11-07 17:34:28,731 [INFO] ADCParametersView:116 -                Rank 4 : false
2025-11-07 17:34:28,731 [INFO] ADCParametersView:116 -                Rank 5 : true
2025-11-07 17:34:28,731 [INFO] ADCParametersView:116 -                Rank 5 : true
2025-11-07 17:34:28,740 [INFO] ADCParametersView:116 -                Rank 1 : false
2025-11-07 17:34:28,740 [INFO] ADCParametersView:116 -                Rank 1 : false
2025-11-07 17:34:28,740 [INFO] ADCParametersView:116 -                Rank 2 : false
2025-11-07 17:34:28,741 [INFO] ADCParametersView:116 -                Rank 1 : false
2025-11-07 17:34:28,741 [INFO] ADCParametersView:116 -                Rank 2 : false
2025-11-07 17:34:28,741 [INFO] ADCParametersView:116 -                Rank 3 : false
2025-11-07 17:34:28,741 [INFO] ADCParametersView:116 -                Rank 1 : false
2025-11-07 17:34:28,741 [INFO] ADCParametersView:116 -                Rank 2 : false
2025-11-07 17:34:28,741 [INFO] ADCParametersView:116 -                Rank 3 : false
2025-11-07 17:34:28,741 [INFO] ADCParametersView:116 -                Rank 4 : false
2025-11-07 17:34:28,742 [INFO] ADCParametersView:116 -                Rank 1 : false
2025-11-07 17:34:28,742 [INFO] ADCParametersView:116 -                Rank 2 : false
2025-11-07 17:34:28,743 [INFO] ADCParametersView:116 -                Rank 3 : false
2025-11-07 17:34:28,743 [INFO] ADCParametersView:116 -                Rank 4 : false
2025-11-07 17:34:28,743 [INFO] ADCParametersView:116 -                Rank 5 : true
2025-11-07 17:35:02,828 [INFO] ADCParametersView:116 -                Rank 1 : false
2025-11-07 17:35:02,829 [INFO] ADCParametersView:116 -                Rank 2 : false
2025-11-07 17:35:02,829 [INFO] ADCParametersView:116 -                Rank 3 : false
2025-11-07 17:35:02,830 [INFO] ADCParametersView:116 -                Rank 4 : false
2025-11-07 17:35:02,830 [INFO] ADCParametersView:116 -                Rank 5 : true
2025-11-07 17:35:02,835 [INFO] ADCParametersView:116 -                Rank 1 : false
2025-11-07 17:35:02,835 [INFO] ADCParametersView:116 -                Rank 2 : false
2025-11-07 17:35:02,835 [INFO] ADCParametersView:116 -                Rank 3 : false
2025-11-07 17:35:02,836 [INFO] ADCParametersView:116 -                Rank 4 : false
2025-11-07 17:35:02,836 [INFO] ADCParametersView:116 -                Rank 5 : true
2025-11-07 17:35:02,836 [INFO] ADCParametersView:116 -                Rank 1 : false
2025-11-07 17:35:02,837 [INFO] ADCParametersView:116 -                Rank 2 : false
2025-11-07 17:35:02,837 [INFO] ADCParametersView:116 -                Rank 3 : false
2025-11-07 17:35:02,837 [INFO] ADCParametersView:116 -                Rank 4 : false
2025-11-07 17:35:02,837 [INFO] ADCParametersView:116 -                Rank 5 : true
2025-11-07 17:35:02,838 [INFO] ADCParametersView:116 -                Rank 1 : false
2025-11-07 17:35:02,838 [INFO] ADCParametersView:116 -                Rank 2 : false
2025-11-07 17:35:02,838 [INFO] ADCParametersView:116 -                Rank 3 : false
2025-11-07 17:35:02,838 [INFO] ADCParametersView:116 -                Rank 4 : false
2025-11-07 17:35:02,838 [INFO] ADCParametersView:116 -                Rank 5 : true
2025-11-07 17:35:02,838 [INFO] ADCParametersView:116 -                Rank 1 : false
2025-11-07 17:35:02,839 [INFO] ADCParametersView:116 -                Rank 2 : false
2025-11-07 17:35:02,839 [INFO] ADCParametersView:116 -                Rank 3 : false
2025-11-07 17:35:02,839 [INFO] ADCParametersView:116 -                Rank 4 : false
2025-11-07 17:35:02,839 [INFO] ADCParametersView:116 -                Rank 5 : true
2025-11-07 17:35:02,839 [INFO] ADCParametersView:116 -                Rank 1 : false
2025-11-07 17:35:02,839 [INFO] ADCParametersView:116 -                Rank 2 : false
2025-11-07 17:35:02,840 [INFO] ADCParametersView:116 -                Rank 3 : false
2025-11-07 17:35:02,840 [INFO] ADCParametersView:116 -                Rank 4 : false
2025-11-07 17:35:02,840 [INFO] ADCParametersView:116 -                Rank 5 : true
2025-11-07 17:35:02,840 [INFO] ADCParametersView:116 -                Rank 1 : false
2025-11-07 17:35:02,840 [INFO] ADCParametersView:116 -                Rank 2 : false
2025-11-07 17:35:02,840 [INFO] ADCParametersView:116 -                Rank 3 : false
2025-11-07 17:35:02,841 [INFO] ADCParametersView:116 -                Rank 4 : false
2025-11-07 17:35:02,841 [INFO] ADCParametersView:116 -                Rank 5 : true
2025-11-07 17:35:02,841 [INFO] ADCParametersView:116 -                Rank 1 : false
2025-11-07 17:35:02,841 [INFO] ADCParametersView:116 -                Rank 2 : false
2025-11-07 17:35:02,841 [INFO] ADCParametersView:116 -                Rank 3 : false
2025-11-07 17:35:02,841 [INFO] ADCParametersView:116 -                Rank 4 : false
2025-11-07 17:35:02,841 [INFO] ADCParametersView:116 -                Rank 5 : true
2025-11-07 17:35:02,842 [INFO] ADCParametersView:116 -                Rank 1 : false
2025-11-07 17:35:02,842 [INFO] ADCParametersView:116 -                Rank 2 : false
2025-11-07 17:35:02,842 [INFO] ADCParametersView:116 -                Rank 3 : false
2025-11-07 17:35:02,842 [INFO] ADCParametersView:116 -                Rank 4 : false
2025-11-07 17:35:02,842 [INFO] ADCParametersView:116 -                Rank 5 : true
2025-11-07 17:35:02,843 [INFO] ADCParametersView:116 -                Rank 1 : false
2025-11-07 17:35:02,843 [INFO] ADCParametersView:116 -                Rank 2 : false
2025-11-07 17:35:02,843 [INFO] ADCParametersView:116 -                Rank 3 : false
2025-11-07 17:35:02,843 [INFO] ADCParametersView:116 -                Rank 4 : false
2025-11-07 17:35:02,844 [INFO] ADCParametersView:116 -                Rank 5 : true
2025-11-07 17:35:02,844 [INFO] ADCParametersView:116 -                Rank 2 : false
2025-11-07 17:35:02,844 [INFO] ADCParametersView:116 -                Rank 3 : false
2025-11-07 17:35:02,844 [INFO] ADCParametersView:116 -                Rank 4 : false
2025-11-07 17:35:02,845 [INFO] ADCParametersView:116 -                Rank 5 : true
2025-11-07 17:35:02,846 [INFO] ADCParametersView:116 -                Rank 3 : false
2025-11-07 17:35:02,846 [INFO] ADCParametersView:116 -                Rank 4 : false
2025-11-07 17:35:02,846 [INFO] ADCParametersView:116 -                Rank 5 : true
2025-11-07 17:35:02,846 [INFO] ADCParametersView:116 -                Rank 4 : false
2025-11-07 17:35:02,846 [INFO] ADCParametersView:116 -                Rank 5 : true
2025-11-07 17:35:02,846 [INFO] ADCParametersView:116 -                Rank 5 : true
2025-11-07 17:35:02,864 [INFO] ADCParametersView:116 -                Rank 1 : false
2025-11-07 17:35:02,865 [INFO] ADCParametersView:116 -                Rank 1 : false
2025-11-07 17:35:02,865 [INFO] ADCParametersView:116 -                Rank 2 : false
2025-11-07 17:35:02,865 [INFO] ADCParametersView:116 -                Rank 1 : false
2025-11-07 17:35:02,866 [INFO] ADCParametersView:116 -                Rank 2 : false
2025-11-07 17:35:02,866 [INFO] ADCParametersView:116 -                Rank 3 : false
2025-11-07 17:35:02,866 [INFO] ADCParametersView:116 -                Rank 1 : false
2025-11-07 17:35:02,866 [INFO] ADCParametersView:116 -                Rank 2 : false
2025-11-07 17:35:02,866 [INFO] ADCParametersView:116 -                Rank 3 : false
2025-11-07 17:35:02,866 [INFO] ADCParametersView:116 -                Rank 4 : false
2025-11-07 17:35:02,867 [INFO] ADCParametersView:116 -                Rank 1 : false
2025-11-07 17:35:02,867 [INFO] ADCParametersView:116 -                Rank 2 : false
2025-11-07 17:35:02,867 [INFO] ADCParametersView:116 -                Rank 3 : false
2025-11-07 17:35:02,867 [INFO] ADCParametersView:116 -                Rank 4 : false
2025-11-07 17:35:02,867 [INFO] ADCParametersView:116 -                Rank 5 : true
2025-11-07 17:35:02,944 [INFO] ADCParametersView:116 -                Rank 1 : false
2025-11-07 17:35:02,945 [INFO] ADCParametersView:116 -                Rank 2 : false
2025-11-07 17:35:02,945 [INFO] ADCParametersView:116 -                Rank 3 : false
2025-11-07 17:35:02,945 [INFO] ADCParametersView:116 -                Rank 4 : false
2025-11-07 17:35:02,945 [INFO] ADCParametersView:116 -                Rank 5 : true
2025-11-07 17:35:02,948 [INFO] ADCParametersView:116 -                Rank 1 : false
2025-11-07 17:35:02,948 [INFO] ADCParametersView:116 -                Rank 2 : false
2025-11-07 17:35:02,949 [INFO] ADCParametersView:116 -                Rank 3 : false
2025-11-07 17:35:02,949 [INFO] ADCParametersView:116 -                Rank 4 : false
2025-11-07 17:35:02,949 [INFO] ADCParametersView:116 -                Rank 5 : true
2025-11-07 17:35:02,949 [INFO] ADCParametersView:116 -                Rank 1 : false
2025-11-07 17:35:02,949 [INFO] ADCParametersView:116 -                Rank 2 : false
2025-11-07 17:35:02,950 [INFO] ADCParametersView:116 -                Rank 3 : false
2025-11-07 17:35:02,950 [INFO] ADCParametersView:116 -                Rank 4 : false
2025-11-07 17:35:02,950 [INFO] ADCParametersView:116 -                Rank 5 : true
2025-11-07 17:35:02,950 [INFO] ADCParametersView:116 -                Rank 1 : false
2025-11-07 17:35:02,950 [INFO] ADCParametersView:116 -                Rank 2 : false
2025-11-07 17:35:02,950 [INFO] ADCParametersView:116 -                Rank 3 : false
2025-11-07 17:35:02,950 [INFO] ADCParametersView:116 -                Rank 4 : false
2025-11-07 17:35:02,951 [INFO] ADCParametersView:116 -                Rank 5 : true
2025-11-07 17:35:02,951 [INFO] ADCParametersView:116 -                Rank 1 : false
2025-11-07 17:35:02,951 [INFO] ADCParametersView:116 -                Rank 2 : false
2025-11-07 17:35:02,951 [INFO] ADCParametersView:116 -                Rank 3 : false
2025-11-07 17:35:02,951 [INFO] ADCParametersView:116 -                Rank 4 : false
2025-11-07 17:35:02,951 [INFO] ADCParametersView:116 -                Rank 5 : true
2025-11-07 17:35:02,951 [INFO] ADCParametersView:116 -                Rank 1 : false
2025-11-07 17:35:02,951 [INFO] ADCParametersView:116 -                Rank 2 : false
2025-11-07 17:35:02,952 [INFO] ADCParametersView:116 -                Rank 3 : false
2025-11-07 17:35:02,952 [INFO] ADCParametersView:116 -                Rank 4 : false
2025-11-07 17:35:02,952 [INFO] ADCParametersView:116 -                Rank 5 : true
2025-11-07 17:35:02,952 [INFO] ADCParametersView:116 -                Rank 1 : false
2025-11-07 17:35:02,952 [INFO] ADCParametersView:116 -                Rank 2 : false
2025-11-07 17:35:02,952 [INFO] ADCParametersView:116 -                Rank 3 : false
2025-11-07 17:35:02,952 [INFO] ADCParametersView:116 -                Rank 4 : false
2025-11-07 17:35:02,952 [INFO] ADCParametersView:116 -                Rank 5 : true
2025-11-07 17:35:02,952 [INFO] ADCParametersView:116 -                Rank 1 : false
2025-11-07 17:35:02,953 [INFO] ADCParametersView:116 -                Rank 2 : false
2025-11-07 17:35:02,953 [INFO] ADCParametersView:116 -                Rank 3 : false
2025-11-07 17:35:02,953 [INFO] ADCParametersView:116 -                Rank 4 : false
2025-11-07 17:35:02,953 [INFO] ADCParametersView:116 -                Rank 5 : true
2025-11-07 17:35:02,953 [INFO] ADCParametersView:116 -                Rank 1 : false
2025-11-07 17:35:02,953 [INFO] ADCParametersView:116 -                Rank 2 : false
2025-11-07 17:35:02,953 [INFO] ADCParametersView:116 -                Rank 3 : false
2025-11-07 17:35:02,953 [INFO] ADCParametersView:116 -                Rank 4 : false
2025-11-07 17:35:02,953 [INFO] ADCParametersView:116 -                Rank 5 : true
2025-11-07 17:35:02,954 [INFO] ADCParametersView:116 -                Rank 1 : false
2025-11-07 17:35:02,954 [INFO] ADCParametersView:116 -                Rank 2 : false
2025-11-07 17:35:02,954 [INFO] ADCParametersView:116 -                Rank 3 : false
2025-11-07 17:35:02,954 [INFO] ADCParametersView:116 -                Rank 4 : false
2025-11-07 17:35:02,954 [INFO] ADCParametersView:116 -                Rank 5 : true
2025-11-07 17:35:02,954 [INFO] ADCParametersView:116 -                Rank 2 : false
2025-11-07 17:35:02,954 [INFO] ADCParametersView:116 -                Rank 3 : false
2025-11-07 17:35:02,954 [INFO] ADCParametersView:116 -                Rank 4 : false
2025-11-07 17:35:02,954 [INFO] ADCParametersView:116 -                Rank 5 : true
2025-11-07 17:35:02,955 [INFO] ADCParametersView:116 -                Rank 3 : false
2025-11-07 17:35:02,955 [INFO] ADCParametersView:116 -                Rank 4 : false
2025-11-07 17:35:02,955 [INFO] ADCParametersView:116 -                Rank 5 : true
2025-11-07 17:35:02,955 [INFO] ADCParametersView:116 -                Rank 4 : false
2025-11-07 17:35:02,955 [INFO] ADCParametersView:116 -                Rank 5 : true
2025-11-07 17:35:02,955 [INFO] ADCParametersView:116 -                Rank 5 : true
2025-11-07 17:35:02,967 [INFO] ADCParametersView:116 -                Rank 1 : false
2025-11-07 17:35:02,967 [INFO] ADCParametersView:116 -                Rank 1 : false
2025-11-07 17:35:02,968 [INFO] ADCParametersView:116 -                Rank 2 : false
2025-11-07 17:35:02,968 [INFO] ADCParametersView:116 -                Rank 1 : false
2025-11-07 17:35:02,968 [INFO] ADCParametersView:116 -                Rank 2 : false
2025-11-07 17:35:02,968 [INFO] ADCParametersView:116 -                Rank 3 : false
2025-11-07 17:35:02,968 [INFO] ADCParametersView:116 -                Rank 1 : false
2025-11-07 17:35:02,968 [INFO] ADCParametersView:116 -                Rank 2 : false
2025-11-07 17:35:02,968 [INFO] ADCParametersView:116 -                Rank 3 : false
2025-11-07 17:35:02,968 [INFO] ADCParametersView:116 -                Rank 4 : false
2025-11-07 17:35:02,969 [INFO] ADCParametersView:116 -                Rank 1 : false
2025-11-07 17:35:02,969 [INFO] ADCParametersView:116 -                Rank 2 : false
2025-11-07 17:35:02,969 [INFO] ADCParametersView:116 -                Rank 3 : false
2025-11-07 17:35:02,969 [INFO] ADCParametersView:116 -                Rank 4 : false
2025-11-07 17:35:02,969 [INFO] ADCParametersView:116 -                Rank 5 : true
2025-11-07 17:35:03,104 [WARN] IP:2250 - I2C_Coeff_DF not found: check if there is a RefParameter without a condition.
2025-11-07 17:35:03,104 [WARN] IP:2250 - Analog_Filter not found: check if there is a RefParameter without a condition.
2025-11-07 17:35:03,105 [WARN] IP:2250 - I2C_Coeff_DF not found: check if there is a RefParameter without a condition.
2025-11-07 17:35:03,105 [WARN] IP:2250 - Analog_Filter not found: check if there is a RefParameter without a condition.
2025-11-07 17:35:03,106 [WARN] IP:2250 - I2C_Coeff_DF not found: check if there is a RefParameter without a condition.
2025-11-07 17:35:03,106 [WARN] IP:2250 - Analog_Filter not found: check if there is a RefParameter without a condition.
2025-11-07 17:35:03,107 [WARN] IP:2250 - I2C_Coeff_DF not found: check if there is a RefParameter without a condition.
2025-11-07 17:35:03,107 [WARN] IP:2250 - Analog_Filter not found: check if there is a RefParameter without a condition.
2025-11-07 17:35:03,143 [WARN] IP:2250 - I2C_Coeff_DF not found: check if there is a RefParameter without a condition.
2025-11-07 17:35:03,143 [WARN] IP:2250 - Analog_Filter not found: check if there is a RefParameter without a condition.
2025-11-07 17:35:03,145 [WARN] IP:2250 - I2C_Coeff_DF not found: check if there is a RefParameter without a condition.
2025-11-07 17:35:03,146 [WARN] IP:2250 - Analog_Filter not found: check if there is a RefParameter without a condition.
2025-11-07 17:35:03,181 [WARN] IP:2250 - I2C_Coeff_DF not found: check if there is a RefParameter without a condition.
2025-11-07 17:35:03,181 [WARN] IP:2250 - Analog_Filter not found: check if there is a RefParameter without a condition.
2025-11-07 17:35:03,182 [WARN] IP:2250 - I2C_Coeff_DF not found: check if there is a RefParameter without a condition.
2025-11-07 17:35:03,182 [WARN] IP:2250 - Analog_Filter not found: check if there is a RefParameter without a condition.
2025-11-07 17:35:03,203 [INFO] ADCParametersView:116 -                Rank 1 : false
2025-11-07 17:35:03,203 [INFO] ADCParametersView:116 -                Rank 2 : false
2025-11-07 17:35:03,203 [INFO] ADCParametersView:116 -                Rank 3 : false
2025-11-07 17:35:03,204 [INFO] ADCParametersView:116 -                Rank 4 : false
2025-11-07 17:35:03,204 [INFO] ADCParametersView:116 -                Rank 5 : true
2025-11-07 17:35:03,206 [INFO] ADCParametersView:116 -                Rank 1 : false
2025-11-07 17:35:03,206 [INFO] ADCParametersView:116 -                Rank 2 : false
2025-11-07 17:35:03,206 [INFO] ADCParametersView:116 -                Rank 3 : false
2025-11-07 17:35:03,206 [INFO] ADCParametersView:116 -                Rank 4 : false
2025-11-07 17:35:03,206 [INFO] ADCParametersView:116 -                Rank 5 : true
2025-11-07 17:35:03,206 [INFO] ADCParametersView:116 -                Rank 1 : false
2025-11-07 17:35:03,206 [INFO] ADCParametersView:116 -                Rank 2 : false
2025-11-07 17:35:03,206 [INFO] ADCParametersView:116 -                Rank 3 : false
2025-11-07 17:35:03,206 [INFO] ADCParametersView:116 -                Rank 4 : false
2025-11-07 17:35:03,207 [INFO] ADCParametersView:116 -                Rank 5 : true
2025-11-07 17:35:03,207 [INFO] ADCParametersView:116 -                Rank 1 : false
2025-11-07 17:35:03,207 [INFO] ADCParametersView:116 -                Rank 2 : false
2025-11-07 17:35:03,207 [INFO] ADCParametersView:116 -                Rank 3 : false
2025-11-07 17:35:03,207 [INFO] ADCParametersView:116 -                Rank 4 : false
2025-11-07 17:35:03,207 [INFO] ADCParametersView:116 -                Rank 5 : true
2025-11-07 17:35:03,207 [INFO] ADCParametersView:116 -                Rank 1 : false
2025-11-07 17:35:03,207 [INFO] ADCParametersView:116 -                Rank 2 : false
2025-11-07 17:35:03,207 [INFO] ADCParametersView:116 -                Rank 3 : false
2025-11-07 17:35:03,207 [INFO] ADCParametersView:116 -                Rank 4 : false
2025-11-07 17:35:03,207 [INFO] ADCParametersView:116 -                Rank 5 : true
2025-11-07 17:35:03,207 [INFO] ADCParametersView:116 -                Rank 1 : false
2025-11-07 17:35:03,207 [INFO] ADCParametersView:116 -                Rank 2 : false
2025-11-07 17:35:03,207 [INFO] ADCParametersView:116 -                Rank 3 : false
2025-11-07 17:35:03,207 [INFO] ADCParametersView:116 -                Rank 4 : false
2025-11-07 17:35:03,207 [INFO] ADCParametersView:116 -                Rank 5 : true
2025-11-07 17:35:03,207 [INFO] ADCParametersView:116 -                Rank 1 : false
2025-11-07 17:35:03,207 [INFO] ADCParametersView:116 -                Rank 2 : false
2025-11-07 17:35:03,207 [INFO] ADCParametersView:116 -                Rank 3 : false
2025-11-07 17:35:03,207 [INFO] ADCParametersView:116 -                Rank 4 : false
2025-11-07 17:35:03,207 [INFO] ADCParametersView:116 -                Rank 5 : true
2025-11-07 17:35:03,207 [INFO] ADCParametersView:116 -                Rank 1 : false
2025-11-07 17:35:03,207 [INFO] ADCParametersView:116 -                Rank 2 : false
2025-11-07 17:35:03,207 [INFO] ADCParametersView:116 -                Rank 3 : false
2025-11-07 17:35:03,207 [INFO] ADCParametersView:116 -                Rank 4 : false
2025-11-07 17:35:03,207 [INFO] ADCParametersView:116 -                Rank 5 : true
2025-11-07 17:35:03,207 [INFO] ADCParametersView:116 -                Rank 1 : false
2025-11-07 17:35:03,207 [INFO] ADCParametersView:116 -                Rank 2 : false
2025-11-07 17:35:03,207 [INFO] ADCParametersView:116 -                Rank 3 : false
2025-11-07 17:35:03,207 [INFO] ADCParametersView:116 -                Rank 4 : false
2025-11-07 17:35:03,207 [INFO] ADCParametersView:116 -                Rank 5 : true
2025-11-07 17:35:03,207 [INFO] ADCParametersView:116 -                Rank 1 : false
2025-11-07 17:35:03,208 [INFO] ADCParametersView:116 -                Rank 2 : false
2025-11-07 17:35:03,208 [INFO] ADCParametersView:116 -                Rank 3 : false
2025-11-07 17:35:03,208 [INFO] ADCParametersView:116 -                Rank 4 : false
2025-11-07 17:35:03,208 [INFO] ADCParametersView:116 -                Rank 5 : true
2025-11-07 17:35:03,208 [INFO] ADCParametersView:116 -                Rank 2 : false
2025-11-07 17:35:03,208 [INFO] ADCParametersView:116 -                Rank 3 : false
2025-11-07 17:35:03,208 [INFO] ADCParametersView:116 -                Rank 4 : false
2025-11-07 17:35:03,208 [INFO] ADCParametersView:116 -                Rank 5 : true
2025-11-07 17:35:03,208 [INFO] ADCParametersView:116 -                Rank 3 : false
2025-11-07 17:35:03,208 [INFO] ADCParametersView:116 -                Rank 4 : false
2025-11-07 17:35:03,208 [INFO] ADCParametersView:116 -                Rank 5 : true
2025-11-07 17:35:03,208 [INFO] ADCParametersView:116 -                Rank 4 : false
2025-11-07 17:35:03,208 [INFO] ADCParametersView:116 -                Rank 5 : true
2025-11-07 17:35:03,208 [INFO] ADCParametersView:116 -                Rank 5 : true
2025-11-07 17:35:03,219 [INFO] ADCParametersView:116 -                Rank 1 : false
2025-11-07 17:35:03,219 [INFO] ADCParametersView:116 -                Rank 1 : false
2025-11-07 17:35:03,219 [INFO] ADCParametersView:116 -                Rank 2 : false
2025-11-07 17:35:03,219 [INFO] ADCParametersView:116 -                Rank 1 : false
2025-11-07 17:35:03,219 [INFO] ADCParametersView:116 -                Rank 2 : false
2025-11-07 17:35:03,219 [INFO] ADCParametersView:116 -                Rank 3 : false
2025-11-07 17:35:03,219 [INFO] ADCParametersView:116 -                Rank 1 : false
2025-11-07 17:35:03,219 [INFO] ADCParametersView:116 -                Rank 2 : false
2025-11-07 17:35:03,220 [INFO] ADCParametersView:116 -                Rank 3 : false
2025-11-07 17:35:03,220 [INFO] ADCParametersView:116 -                Rank 4 : false
2025-11-07 17:35:03,220 [INFO] ADCParametersView:116 -                Rank 1 : false
2025-11-07 17:35:03,220 [INFO] ADCParametersView:116 -                Rank 2 : false
2025-11-07 17:35:03,220 [INFO] ADCParametersView:116 -                Rank 3 : false
2025-11-07 17:35:03,220 [INFO] ADCParametersView:116 -                Rank 4 : false
2025-11-07 17:35:03,220 [INFO] ADCParametersView:116 -                Rank 5 : true
2025-11-07 17:35:03,264 [INFO] ADCParametersView:116 -                Rank 1 : false
2025-11-07 17:35:03,264 [INFO] ADCParametersView:116 -                Rank 2 : false
2025-11-07 17:35:03,264 [INFO] ADCParametersView:116 -                Rank 3 : false
2025-11-07 17:35:03,264 [INFO] ADCParametersView:116 -                Rank 4 : false
2025-11-07 17:35:03,264 [INFO] ADCParametersView:116 -                Rank 5 : true
2025-11-07 17:35:03,266 [INFO] ADCParametersView:116 -                Rank 1 : false
2025-11-07 17:35:03,266 [INFO] ADCParametersView:116 -                Rank 2 : false
2025-11-07 17:35:03,266 [INFO] ADCParametersView:116 -                Rank 3 : false
2025-11-07 17:35:03,266 [INFO] ADCParametersView:116 -                Rank 4 : false
2025-11-07 17:35:03,266 [INFO] ADCParametersView:116 -                Rank 5 : true
2025-11-07 17:35:03,267 [INFO] ADCParametersView:116 -                Rank 1 : false
2025-11-07 17:35:03,267 [INFO] ADCParametersView:116 -                Rank 2 : false
2025-11-07 17:35:03,267 [INFO] ADCParametersView:116 -                Rank 3 : false
2025-11-07 17:35:03,267 [INFO] ADCParametersView:116 -                Rank 4 : false
2025-11-07 17:35:03,267 [INFO] ADCParametersView:116 -                Rank 5 : true
2025-11-07 17:35:03,267 [INFO] ADCParametersView:116 -                Rank 1 : false
2025-11-07 17:35:03,267 [INFO] ADCParametersView:116 -                Rank 2 : false
2025-11-07 17:35:03,267 [INFO] ADCParametersView:116 -                Rank 3 : false
2025-11-07 17:35:03,267 [INFO] ADCParametersView:116 -                Rank 4 : false
2025-11-07 17:35:03,267 [INFO] ADCParametersView:116 -                Rank 5 : true
2025-11-07 17:35:03,267 [INFO] ADCParametersView:116 -                Rank 1 : false
2025-11-07 17:35:03,267 [INFO] ADCParametersView:116 -                Rank 2 : false
2025-11-07 17:35:03,267 [INFO] ADCParametersView:116 -                Rank 3 : false
2025-11-07 17:35:03,267 [INFO] ADCParametersView:116 -                Rank 4 : false
2025-11-07 17:35:03,267 [INFO] ADCParametersView:116 -                Rank 5 : true
2025-11-07 17:35:03,267 [INFO] ADCParametersView:116 -                Rank 1 : false
2025-11-07 17:35:03,267 [INFO] ADCParametersView:116 -                Rank 2 : false
2025-11-07 17:35:03,267 [INFO] ADCParametersView:116 -                Rank 3 : false
2025-11-07 17:35:03,267 [INFO] ADCParametersView:116 -                Rank 4 : false
2025-11-07 17:35:03,268 [INFO] ADCParametersView:116 -                Rank 5 : true
2025-11-07 17:35:03,268 [INFO] ADCParametersView:116 -                Rank 1 : false
2025-11-07 17:35:03,268 [INFO] ADCParametersView:116 -                Rank 2 : false
2025-11-07 17:35:03,268 [INFO] ADCParametersView:116 -                Rank 3 : false
2025-11-07 17:35:03,268 [INFO] ADCParametersView:116 -                Rank 4 : false
2025-11-07 17:35:03,268 [INFO] ADCParametersView:116 -                Rank 5 : true
2025-11-07 17:35:03,268 [INFO] ADCParametersView:116 -                Rank 1 : false
2025-11-07 17:35:03,268 [INFO] ADCParametersView:116 -                Rank 2 : false
2025-11-07 17:35:03,268 [INFO] ADCParametersView:116 -                Rank 3 : false
2025-11-07 17:35:03,268 [INFO] ADCParametersView:116 -                Rank 4 : false
2025-11-07 17:35:03,268 [INFO] ADCParametersView:116 -                Rank 5 : true
2025-11-07 17:35:03,268 [INFO] ADCParametersView:116 -                Rank 1 : false
2025-11-07 17:35:03,268 [INFO] ADCParametersView:116 -                Rank 2 : false
2025-11-07 17:35:03,268 [INFO] ADCParametersView:116 -                Rank 3 : false
2025-11-07 17:35:03,268 [INFO] ADCParametersView:116 -                Rank 4 : false
2025-11-07 17:35:03,268 [INFO] ADCParametersView:116 -                Rank 5 : true
2025-11-07 17:35:03,268 [INFO] ADCParametersView:116 -                Rank 1 : false
2025-11-07 17:35:03,268 [INFO] ADCParametersView:116 -                Rank 2 : false
2025-11-07 17:35:03,268 [INFO] ADCParametersView:116 -                Rank 3 : false
2025-11-07 17:35:03,268 [INFO] ADCParametersView:116 -                Rank 4 : false
2025-11-07 17:35:03,268 [INFO] ADCParametersView:116 -                Rank 5 : true
2025-11-07 17:35:03,268 [INFO] ADCParametersView:116 -                Rank 2 : false
2025-11-07 17:35:03,268 [INFO] ADCParametersView:116 -                Rank 3 : false
2025-11-07 17:35:03,268 [INFO] ADCParametersView:116 -                Rank 4 : false
2025-11-07 17:35:03,268 [INFO] ADCParametersView:116 -                Rank 5 : true
2025-11-07 17:35:03,269 [INFO] ADCParametersView:116 -                Rank 3 : false
2025-11-07 17:35:03,269 [INFO] ADCParametersView:116 -                Rank 4 : false
2025-11-07 17:35:03,269 [INFO] ADCParametersView:116 -                Rank 5 : true
2025-11-07 17:35:03,269 [INFO] ADCParametersView:116 -                Rank 4 : false
2025-11-07 17:35:03,269 [INFO] ADCParametersView:116 -                Rank 5 : true
2025-11-07 17:35:03,269 [INFO] ADCParametersView:116 -                Rank 5 : true
2025-11-07 17:35:03,276 [INFO] ADCParametersView:116 -                Rank 1 : false
2025-11-07 17:35:03,276 [INFO] ADCParametersView:116 -                Rank 1 : false
2025-11-07 17:35:03,276 [INFO] ADCParametersView:116 -                Rank 2 : false
2025-11-07 17:35:03,276 [INFO] ADCParametersView:116 -                Rank 1 : false
2025-11-07 17:35:03,277 [INFO] ADCParametersView:116 -                Rank 2 : false
2025-11-07 17:35:03,277 [INFO] ADCParametersView:116 -                Rank 3 : false
2025-11-07 17:35:03,277 [INFO] ADCParametersView:116 -                Rank 1 : false
2025-11-07 17:35:03,277 [INFO] ADCParametersView:116 -                Rank 2 : false
2025-11-07 17:35:03,277 [INFO] ADCParametersView:116 -                Rank 3 : false
2025-11-07 17:35:03,277 [INFO] ADCParametersView:116 -                Rank 4 : false
2025-11-07 17:35:03,277 [INFO] ADCParametersView:116 -                Rank 1 : false
2025-11-07 17:35:03,277 [INFO] ADCParametersView:116 -                Rank 2 : false
2025-11-07 17:35:03,277 [INFO] ADCParametersView:116 -                Rank 3 : false
2025-11-07 17:35:03,278 [INFO] ADCParametersView:116 -                Rank 4 : false
2025-11-07 17:35:03,278 [INFO] ADCParametersView:116 -                Rank 5 : true
2025-11-07 17:35:35,035 [INFO] ADCParametersView:116 -                Rank 1 : false
2025-11-07 17:35:35,035 [INFO] ADCParametersView:116 -                Rank 2 : false
2025-11-07 17:35:35,035 [INFO] ADCParametersView:116 -                Rank 3 : false
2025-11-07 17:35:35,035 [INFO] ADCParametersView:116 -                Rank 4 : false
2025-11-07 17:35:35,035 [INFO] ADCParametersView:116 -                Rank 5 : true
2025-11-07 17:35:35,039 [INFO] ADCParametersView:116 -                Rank 1 : false
2025-11-07 17:35:35,039 [INFO] ADCParametersView:116 -                Rank 2 : false
2025-11-07 17:35:35,039 [INFO] ADCParametersView:116 -                Rank 3 : false
2025-11-07 17:35:35,039 [INFO] ADCParametersView:116 -                Rank 4 : false
2025-11-07 17:35:35,039 [INFO] ADCParametersView:116 -                Rank 5 : true
2025-11-07 17:35:35,039 [INFO] ADCParametersView:116 -                Rank 1 : false
2025-11-07 17:35:35,039 [INFO] ADCParametersView:116 -                Rank 2 : false
2025-11-07 17:35:35,039 [INFO] ADCParametersView:116 -                Rank 3 : false
2025-11-07 17:35:35,039 [INFO] ADCParametersView:116 -                Rank 4 : false
2025-11-07 17:35:35,039 [INFO] ADCParametersView:116 -                Rank 5 : true
2025-11-07 17:35:35,039 [INFO] ADCParametersView:116 -                Rank 1 : false
2025-11-07 17:35:35,039 [INFO] ADCParametersView:116 -                Rank 2 : false
2025-11-07 17:35:35,039 [INFO] ADCParametersView:116 -                Rank 3 : false
2025-11-07 17:35:35,039 [INFO] ADCParametersView:116 -                Rank 4 : false
2025-11-07 17:35:35,039 [INFO] ADCParametersView:116 -                Rank 5 : true
2025-11-07 17:35:35,039 [INFO] ADCParametersView:116 -                Rank 1 : false
2025-11-07 17:35:35,039 [INFO] ADCParametersView:116 -                Rank 2 : false
2025-11-07 17:35:35,040 [INFO] ADCParametersView:116 -                Rank 3 : false
2025-11-07 17:35:35,040 [INFO] ADCParametersView:116 -                Rank 4 : false
2025-11-07 17:35:35,040 [INFO] ADCParametersView:116 -                Rank 5 : true
2025-11-07 17:35:35,040 [INFO] ADCParametersView:116 -                Rank 1 : false
2025-11-07 17:35:35,040 [INFO] ADCParametersView:116 -                Rank 2 : false
2025-11-07 17:35:35,040 [INFO] ADCParametersView:116 -                Rank 3 : false
2025-11-07 17:35:35,040 [INFO] ADCParametersView:116 -                Rank 4 : false
2025-11-07 17:35:35,040 [INFO] ADCParametersView:116 -                Rank 5 : true
2025-11-07 17:35:35,040 [INFO] ADCParametersView:116 -                Rank 1 : false
2025-11-07 17:35:35,040 [INFO] ADCParametersView:116 -                Rank 2 : false
2025-11-07 17:35:35,040 [INFO] ADCParametersView:116 -                Rank 3 : false
2025-11-07 17:35:35,040 [INFO] ADCParametersView:116 -                Rank 4 : false
2025-11-07 17:35:35,040 [INFO] ADCParametersView:116 -                Rank 5 : true
2025-11-07 17:35:35,040 [INFO] ADCParametersView:116 -                Rank 1 : false
2025-11-07 17:35:35,040 [INFO] ADCParametersView:116 -                Rank 2 : false
2025-11-07 17:35:35,040 [INFO] ADCParametersView:116 -                Rank 3 : false
2025-11-07 17:35:35,040 [INFO] ADCParametersView:116 -                Rank 4 : false
2025-11-07 17:35:35,040 [INFO] ADCParametersView:116 -                Rank 5 : true
2025-11-07 17:35:35,040 [INFO] ADCParametersView:116 -                Rank 1 : false
2025-11-07 17:35:35,040 [INFO] ADCParametersView:116 -                Rank 2 : false
2025-11-07 17:35:35,040 [INFO] ADCParametersView:116 -                Rank 3 : false
2025-11-07 17:35:35,040 [INFO] ADCParametersView:116 -                Rank 4 : false
2025-11-07 17:35:35,040 [INFO] ADCParametersView:116 -                Rank 5 : true
2025-11-07 17:35:35,040 [INFO] ADCParametersView:116 -                Rank 1 : false
2025-11-07 17:35:35,041 [INFO] ADCParametersView:116 -                Rank 2 : false
2025-11-07 17:35:35,041 [INFO] ADCParametersView:116 -                Rank 3 : false
2025-11-07 17:35:35,042 [INFO] ADCParametersView:116 -                Rank 4 : false
2025-11-07 17:35:35,042 [INFO] ADCParametersView:116 -                Rank 5 : true
2025-11-07 17:35:35,042 [INFO] ADCParametersView:116 -                Rank 2 : false
2025-11-07 17:35:35,042 [INFO] ADCParametersView:116 -                Rank 3 : false
2025-11-07 17:35:35,042 [INFO] ADCParametersView:116 -                Rank 4 : false
2025-11-07 17:35:35,042 [INFO] ADCParametersView:116 -                Rank 5 : true
2025-11-07 17:35:35,042 [INFO] ADCParametersView:116 -                Rank 3 : false
2025-11-07 17:35:35,042 [INFO] ADCParametersView:116 -                Rank 4 : false
2025-11-07 17:35:35,042 [INFO] ADCParametersView:116 -                Rank 5 : true
2025-11-07 17:35:35,042 [INFO] ADCParametersView:116 -                Rank 4 : false
2025-11-07 17:35:35,042 [INFO] ADCParametersView:116 -                Rank 5 : true
2025-11-07 17:35:35,042 [INFO] ADCParametersView:116 -                Rank 5 : true
2025-11-07 17:35:35,051 [INFO] ADCParametersView:116 -                Rank 1 : false
2025-11-07 17:35:35,052 [INFO] ADCParametersView:116 -                Rank 1 : false
2025-11-07 17:35:35,052 [INFO] ADCParametersView:116 -                Rank 2 : false
2025-11-07 17:35:35,052 [INFO] ADCParametersView:116 -                Rank 1 : false
2025-11-07 17:35:35,052 [INFO] ADCParametersView:116 -                Rank 2 : false
2025-11-07 17:35:35,052 [INFO] ADCParametersView:116 -                Rank 3 : false
2025-11-07 17:35:35,052 [INFO] ADCParametersView:116 -                Rank 1 : false
2025-11-07 17:35:35,053 [INFO] ADCParametersView:116 -                Rank 2 : false
2025-11-07 17:35:35,053 [INFO] ADCParametersView:116 -                Rank 3 : false
2025-11-07 17:35:35,053 [INFO] ADCParametersView:116 -                Rank 4 : false
2025-11-07 17:35:35,053 [INFO] ADCParametersView:116 -                Rank 1 : false
2025-11-07 17:35:35,053 [INFO] ADCParametersView:116 -                Rank 2 : false
2025-11-07 17:35:35,053 [INFO] ADCParametersView:116 -                Rank 3 : false
2025-11-07 17:35:35,053 [INFO] ADCParametersView:116 -                Rank 4 : false
2025-11-07 17:35:35,053 [INFO] ADCParametersView:116 -                Rank 5 : true
2025-11-07 17:35:35,094 [INFO] ADCParametersView:116 -                Rank 1 : false
2025-11-07 17:35:35,094 [INFO] ADCParametersView:116 -                Rank 2 : false
2025-11-07 17:35:35,094 [INFO] ADCParametersView:116 -                Rank 3 : false
2025-11-07 17:35:35,094 [INFO] ADCParametersView:116 -                Rank 4 : false
2025-11-07 17:35:35,094 [INFO] ADCParametersView:116 -                Rank 5 : true
2025-11-07 17:35:35,097 [INFO] ADCParametersView:116 -                Rank 1 : false
2025-11-07 17:35:35,097 [INFO] ADCParametersView:116 -                Rank 2 : false
2025-11-07 17:35:35,097 [INFO] ADCParametersView:116 -                Rank 3 : false
2025-11-07 17:35:35,097 [INFO] ADCParametersView:116 -                Rank 4 : false
2025-11-07 17:35:35,098 [INFO] ADCParametersView:116 -                Rank 5 : true
2025-11-07 17:35:35,098 [INFO] ADCParametersView:116 -                Rank 1 : false
2025-11-07 17:35:35,098 [INFO] ADCParametersView:116 -                Rank 2 : false
2025-11-07 17:35:35,098 [INFO] ADCParametersView:116 -                Rank 3 : false
2025-11-07 17:35:35,098 [INFO] ADCParametersView:116 -                Rank 4 : false
2025-11-07 17:35:35,098 [INFO] ADCParametersView:116 -                Rank 5 : true
2025-11-07 17:35:35,098 [INFO] ADCParametersView:116 -                Rank 1 : false
2025-11-07 17:35:35,098 [INFO] ADCParametersView:116 -                Rank 2 : false
2025-11-07 17:35:35,098 [INFO] ADCParametersView:116 -                Rank 3 : false
2025-11-07 17:35:35,098 [INFO] ADCParametersView:116 -                Rank 4 : false
2025-11-07 17:35:35,098 [INFO] ADCParametersView:116 -                Rank 5 : true
2025-11-07 17:35:35,098 [INFO] ADCParametersView:116 -                Rank 1 : false
2025-11-07 17:35:35,098 [INFO] ADCParametersView:116 -                Rank 2 : false
2025-11-07 17:35:35,098 [INFO] ADCParametersView:116 -                Rank 3 : false
2025-11-07 17:35:35,098 [INFO] ADCParametersView:116 -                Rank 4 : false
2025-11-07 17:35:35,098 [INFO] ADCParametersView:116 -                Rank 5 : true
2025-11-07 17:35:35,098 [INFO] ADCParametersView:116 -                Rank 1 : false
2025-11-07 17:35:35,098 [INFO] ADCParametersView:116 -                Rank 2 : false
2025-11-07 17:35:35,098 [INFO] ADCParametersView:116 -                Rank 3 : false
2025-11-07 17:35:35,098 [INFO] ADCParametersView:116 -                Rank 4 : false
2025-11-07 17:35:35,098 [INFO] ADCParametersView:116 -                Rank 5 : true
2025-11-07 17:35:35,098 [INFO] ADCParametersView:116 -                Rank 1 : false
2025-11-07 17:35:35,098 [INFO] ADCParametersView:116 -                Rank 2 : false
2025-11-07 17:35:35,098 [INFO] ADCParametersView:116 -                Rank 3 : false
2025-11-07 17:35:35,098 [INFO] ADCParametersView:116 -                Rank 4 : false
2025-11-07 17:35:35,098 [INFO] ADCParametersView:116 -                Rank 5 : true
2025-11-07 17:35:35,098 [INFO] ADCParametersView:116 -                Rank 1 : false
2025-11-07 17:35:35,098 [INFO] ADCParametersView:116 -                Rank 2 : false
2025-11-07 17:35:35,099 [INFO] ADCParametersView:116 -                Rank 3 : false
2025-11-07 17:35:35,099 [INFO] ADCParametersView:116 -                Rank 4 : false
2025-11-07 17:35:35,099 [INFO] ADCParametersView:116 -                Rank 5 : true
2025-11-07 17:35:35,099 [INFO] ADCParametersView:116 -                Rank 1 : false
2025-11-07 17:35:35,099 [INFO] ADCParametersView:116 -                Rank 2 : false
2025-11-07 17:35:35,099 [INFO] ADCParametersView:116 -                Rank 3 : false
2025-11-07 17:35:35,099 [INFO] ADCParametersView:116 -                Rank 4 : false
2025-11-07 17:35:35,099 [INFO] ADCParametersView:116 -                Rank 5 : true
2025-11-07 17:35:35,099 [INFO] ADCParametersView:116 -                Rank 1 : false
2025-11-07 17:35:35,099 [INFO] ADCParametersView:116 -                Rank 2 : false
2025-11-07 17:35:35,099 [INFO] ADCParametersView:116 -                Rank 3 : false
2025-11-07 17:35:35,099 [INFO] ADCParametersView:116 -                Rank 4 : false
2025-11-07 17:35:35,099 [INFO] ADCParametersView:116 -                Rank 5 : true
2025-11-07 17:35:35,099 [INFO] ADCParametersView:116 -                Rank 2 : false
2025-11-07 17:35:35,099 [INFO] ADCParametersView:116 -                Rank 3 : false
2025-11-07 17:35:35,099 [INFO] ADCParametersView:116 -                Rank 4 : false
2025-11-07 17:35:35,099 [INFO] ADCParametersView:116 -                Rank 5 : true
2025-11-07 17:35:35,099 [INFO] ADCParametersView:116 -                Rank 3 : false
2025-11-07 17:35:35,099 [INFO] ADCParametersView:116 -                Rank 4 : false
2025-11-07 17:35:35,099 [INFO] ADCParametersView:116 -                Rank 5 : true
2025-11-07 17:35:35,099 [INFO] ADCParametersView:116 -                Rank 4 : false
2025-11-07 17:35:35,099 [INFO] ADCParametersView:116 -                Rank 5 : true
2025-11-07 17:35:35,099 [INFO] ADCParametersView:116 -                Rank 5 : true
2025-11-07 17:35:35,107 [INFO] ADCParametersView:116 -                Rank 1 : false
2025-11-07 17:35:35,107 [INFO] ADCParametersView:116 -                Rank 1 : false
2025-11-07 17:35:35,107 [INFO] ADCParametersView:116 -                Rank 2 : false
2025-11-07 17:35:35,108 [INFO] ADCParametersView:116 -                Rank 1 : false
2025-11-07 17:35:35,108 [INFO] ADCParametersView:116 -                Rank 2 : false
2025-11-07 17:35:35,108 [INFO] ADCParametersView:116 -                Rank 3 : false
2025-11-07 17:35:35,108 [INFO] ADCParametersView:116 -                Rank 1 : false
2025-11-07 17:35:35,108 [INFO] ADCParametersView:116 -                Rank 2 : false
2025-11-07 17:35:35,108 [INFO] ADCParametersView:116 -                Rank 3 : false
2025-11-07 17:35:35,108 [INFO] ADCParametersView:116 -                Rank 4 : false
2025-11-07 17:35:35,108 [INFO] ADCParametersView:116 -                Rank 1 : false
2025-11-07 17:35:35,108 [INFO] ADCParametersView:116 -                Rank 2 : false
2025-11-07 17:35:35,108 [INFO] ADCParametersView:116 -                Rank 3 : false
2025-11-07 17:35:35,108 [INFO] ADCParametersView:116 -                Rank 4 : false
2025-11-07 17:35:35,108 [INFO] ADCParametersView:116 -                Rank 5 : true
2025-11-07 17:35:35,186 [WARN] IP:2250 - I2C_Coeff_DF not found: check if there is a RefParameter without a condition.
2025-11-07 17:35:35,186 [WARN] IP:2250 - Analog_Filter not found: check if there is a RefParameter without a condition.
2025-11-07 17:35:35,186 [WARN] IP:2250 - I2C_Coeff_DF not found: check if there is a RefParameter without a condition.
2025-11-07 17:35:35,186 [WARN] IP:2250 - Analog_Filter not found: check if there is a RefParameter without a condition.
2025-11-07 17:35:35,188 [WARN] IP:2250 - I2C_Coeff_DF not found: check if there is a RefParameter without a condition.
2025-11-07 17:35:35,188 [WARN] IP:2250 - Analog_Filter not found: check if there is a RefParameter without a condition.
2025-11-07 17:35:35,188 [WARN] IP:2250 - I2C_Coeff_DF not found: check if there is a RefParameter without a condition.
2025-11-07 17:35:35,188 [WARN] IP:2250 - Analog_Filter not found: check if there is a RefParameter without a condition.
2025-11-07 17:35:35,216 [WARN] IP:2250 - I2C_Coeff_DF not found: check if there is a RefParameter without a condition.
2025-11-07 17:35:35,216 [WARN] IP:2250 - Analog_Filter not found: check if there is a RefParameter without a condition.
2025-11-07 17:35:35,218 [WARN] IP:2250 - I2C_Coeff_DF not found: check if there is a RefParameter without a condition.
2025-11-07 17:35:35,218 [WARN] IP:2250 - Analog_Filter not found: check if there is a RefParameter without a condition.
2025-11-07 17:35:35,248 [WARN] IP:2250 - I2C_Coeff_DF not found: check if there is a RefParameter without a condition.
2025-11-07 17:35:35,248 [WARN] IP:2250 - Analog_Filter not found: check if there is a RefParameter without a condition.
2025-11-07 17:35:35,249 [WARN] IP:2250 - I2C_Coeff_DF not found: check if there is a RefParameter without a condition.
2025-11-07 17:35:35,249 [WARN] IP:2250 - Analog_Filter not found: check if there is a RefParameter without a condition.
2025-11-07 17:35:35,268 [INFO] ADCParametersView:116 -                Rank 1 : false
2025-11-07 17:35:35,268 [INFO] ADCParametersView:116 -                Rank 2 : false
2025-11-07 17:35:35,268 [INFO] ADCParametersView:116 -                Rank 3 : false
2025-11-07 17:35:35,268 [INFO] ADCParametersView:116 -                Rank 4 : false
2025-11-07 17:35:35,268 [INFO] ADCParametersView:116 -                Rank 5 : true
2025-11-07 17:35:35,271 [INFO] ADCParametersView:116 -                Rank 1 : false
2025-11-07 17:35:35,272 [INFO] ADCParametersView:116 -                Rank 2 : false
2025-11-07 17:35:35,272 [INFO] ADCParametersView:116 -                Rank 3 : false
2025-11-07 17:35:35,272 [INFO] ADCParametersView:116 -                Rank 4 : false
2025-11-07 17:35:35,272 [INFO] ADCParametersView:116 -                Rank 5 : true
2025-11-07 17:35:35,272 [INFO] ADCParametersView:116 -                Rank 1 : false
2025-11-07 17:35:35,272 [INFO] ADCParametersView:116 -                Rank 2 : false
2025-11-07 17:35:35,272 [INFO] ADCParametersView:116 -                Rank 3 : false
2025-11-07 17:35:35,272 [INFO] ADCParametersView:116 -                Rank 4 : false
2025-11-07 17:35:35,272 [INFO] ADCParametersView:116 -                Rank 5 : true
2025-11-07 17:35:35,272 [INFO] ADCParametersView:116 -                Rank 1 : false
2025-11-07 17:35:35,272 [INFO] ADCParametersView:116 -                Rank 2 : false
2025-11-07 17:35:35,272 [INFO] ADCParametersView:116 -                Rank 3 : false
2025-11-07 17:35:35,272 [INFO] ADCParametersView:116 -                Rank 4 : false
2025-11-07 17:35:35,272 [INFO] ADCParametersView:116 -                Rank 5 : true
2025-11-07 17:35:35,272 [INFO] ADCParametersView:116 -                Rank 1 : false
2025-11-07 17:35:35,272 [INFO] ADCParametersView:116 -                Rank 2 : false
2025-11-07 17:35:35,272 [INFO] ADCParametersView:116 -                Rank 3 : false
2025-11-07 17:35:35,272 [INFO] ADCParametersView:116 -                Rank 4 : false
2025-11-07 17:35:35,272 [INFO] ADCParametersView:116 -                Rank 5 : true
2025-11-07 17:35:35,272 [INFO] ADCParametersView:116 -                Rank 1 : false
2025-11-07 17:35:35,272 [INFO] ADCParametersView:116 -                Rank 2 : false
2025-11-07 17:35:35,272 [INFO] ADCParametersView:116 -                Rank 3 : false
2025-11-07 17:35:35,272 [INFO] ADCParametersView:116 -                Rank 4 : false
2025-11-07 17:35:35,272 [INFO] ADCParametersView:116 -                Rank 5 : true
2025-11-07 17:35:35,272 [INFO] ADCParametersView:116 -                Rank 1 : false
2025-11-07 17:35:35,272 [INFO] ADCParametersView:116 -                Rank 2 : false
2025-11-07 17:35:35,272 [INFO] ADCParametersView:116 -                Rank 3 : false
2025-11-07 17:35:35,272 [INFO] ADCParametersView:116 -                Rank 4 : false
2025-11-07 17:35:35,272 [INFO] ADCParametersView:116 -                Rank 5 : true
2025-11-07 17:35:35,272 [INFO] ADCParametersView:116 -                Rank 1 : false
2025-11-07 17:35:35,272 [INFO] ADCParametersView:116 -                Rank 2 : false
2025-11-07 17:35:35,272 [INFO] ADCParametersView:116 -                Rank 3 : false
2025-11-07 17:35:35,272 [INFO] ADCParametersView:116 -                Rank 4 : false
2025-11-07 17:35:35,273 [INFO] ADCParametersView:116 -                Rank 5 : true
2025-11-07 17:35:35,273 [INFO] ADCParametersView:116 -                Rank 1 : false
2025-11-07 17:35:35,273 [INFO] ADCParametersView:116 -                Rank 2 : false
2025-11-07 17:35:35,273 [INFO] ADCParametersView:116 -                Rank 3 : false
2025-11-07 17:35:35,273 [INFO] ADCParametersView:116 -                Rank 4 : false
2025-11-07 17:35:35,273 [INFO] ADCParametersView:116 -                Rank 5 : true
2025-11-07 17:35:35,273 [INFO] ADCParametersView:116 -                Rank 1 : false
2025-11-07 17:35:35,273 [INFO] ADCParametersView:116 -                Rank 2 : false
2025-11-07 17:35:35,273 [INFO] ADCParametersView:116 -                Rank 3 : false
2025-11-07 17:35:35,273 [INFO] ADCParametersView:116 -                Rank 4 : false
2025-11-07 17:35:35,273 [INFO] ADCParametersView:116 -                Rank 5 : true
2025-11-07 17:35:35,273 [INFO] ADCParametersView:116 -                Rank 2 : false
2025-11-07 17:35:35,273 [INFO] ADCParametersView:116 -                Rank 3 : false
2025-11-07 17:35:35,273 [INFO] ADCParametersView:116 -                Rank 4 : false
2025-11-07 17:35:35,273 [INFO] ADCParametersView:116 -                Rank 5 : true
2025-11-07 17:35:35,273 [INFO] ADCParametersView:116 -                Rank 3 : false
2025-11-07 17:35:35,273 [INFO] ADCParametersView:116 -                Rank 4 : false
2025-11-07 17:35:35,273 [INFO] ADCParametersView:116 -                Rank 5 : true
2025-11-07 17:35:35,273 [INFO] ADCParametersView:116 -                Rank 4 : false
2025-11-07 17:35:35,273 [INFO] ADCParametersView:116 -                Rank 5 : true
2025-11-07 17:35:35,273 [INFO] ADCParametersView:116 -                Rank 5 : true
2025-11-07 17:35:35,281 [INFO] ADCParametersView:116 -                Rank 1 : false
2025-11-07 17:35:35,281 [INFO] ADCParametersView:116 -                Rank 1 : false
2025-11-07 17:35:35,281 [INFO] ADCParametersView:116 -                Rank 2 : false
2025-11-07 17:35:35,281 [INFO] ADCParametersView:116 -                Rank 1 : false
2025-11-07 17:35:35,281 [INFO] ADCParametersView:116 -                Rank 2 : false
2025-11-07 17:35:35,282 [INFO] ADCParametersView:116 -                Rank 3 : false
2025-11-07 17:35:35,282 [INFO] ADCParametersView:116 -                Rank 1 : false
2025-11-07 17:35:35,282 [INFO] ADCParametersView:116 -                Rank 2 : false
2025-11-07 17:35:35,282 [INFO] ADCParametersView:116 -                Rank 3 : false
2025-11-07 17:35:35,282 [INFO] ADCParametersView:116 -                Rank 4 : false
2025-11-07 17:35:35,282 [INFO] ADCParametersView:116 -                Rank 1 : false
2025-11-07 17:35:35,282 [INFO] ADCParametersView:116 -                Rank 2 : false
2025-11-07 17:35:35,282 [INFO] ADCParametersView:116 -                Rank 3 : false
2025-11-07 17:35:35,282 [INFO] ADCParametersView:116 -                Rank 4 : false
2025-11-07 17:35:35,282 [INFO] ADCParametersView:116 -                Rank 5 : true
2025-11-07 17:35:35,315 [INFO] ADCParametersView:116 -                Rank 1 : false
2025-11-07 17:35:35,315 [INFO] ADCParametersView:116 -                Rank 2 : false
2025-11-07 17:35:35,315 [INFO] ADCParametersView:116 -                Rank 3 : false
2025-11-07 17:35:35,315 [INFO] ADCParametersView:116 -                Rank 4 : false
2025-11-07 17:35:35,315 [INFO] ADCParametersView:116 -                Rank 5 : true
2025-11-07 17:35:35,317 [INFO] ADCParametersView:116 -                Rank 1 : false
2025-11-07 17:35:35,317 [INFO] ADCParametersView:116 -                Rank 2 : false
2025-11-07 17:35:35,317 [INFO] ADCParametersView:116 -                Rank 3 : false
2025-11-07 17:35:35,317 [INFO] ADCParametersView:116 -                Rank 4 : false
2025-11-07 17:35:35,317 [INFO] ADCParametersView:116 -                Rank 5 : true
2025-11-07 17:35:35,317 [INFO] ADCParametersView:116 -                Rank 1 : false
2025-11-07 17:35:35,317 [INFO] ADCParametersView:116 -                Rank 2 : false
2025-11-07 17:35:35,317 [INFO] ADCParametersView:116 -                Rank 3 : false
2025-11-07 17:35:35,317 [INFO] ADCParametersView:116 -                Rank 4 : false
2025-11-07 17:35:35,317 [INFO] ADCParametersView:116 -                Rank 5 : true
2025-11-07 17:35:35,317 [INFO] ADCParametersView:116 -                Rank 1 : false
2025-11-07 17:35:35,317 [INFO] ADCParametersView:116 -                Rank 2 : false
2025-11-07 17:35:35,317 [INFO] ADCParametersView:116 -                Rank 3 : false
2025-11-07 17:35:35,317 [INFO] ADCParametersView:116 -                Rank 4 : false
2025-11-07 17:35:35,317 [INFO] ADCParametersView:116 -                Rank 5 : true
2025-11-07 17:35:35,318 [INFO] ADCParametersView:116 -                Rank 1 : false
2025-11-07 17:35:35,318 [INFO] ADCParametersView:116 -                Rank 2 : false
2025-11-07 17:35:35,318 [INFO] ADCParametersView:116 -                Rank 3 : false
2025-11-07 17:35:35,318 [INFO] ADCParametersView:116 -                Rank 4 : false
2025-11-07 17:35:35,318 [INFO] ADCParametersView:116 -                Rank 5 : true
2025-11-07 17:35:35,318 [INFO] ADCParametersView:116 -                Rank 1 : false
2025-11-07 17:35:35,318 [INFO] ADCParametersView:116 -                Rank 2 : false
2025-11-07 17:35:35,318 [INFO] ADCParametersView:116 -                Rank 3 : false
2025-11-07 17:35:35,318 [INFO] ADCParametersView:116 -                Rank 4 : false
2025-11-07 17:35:35,318 [INFO] ADCParametersView:116 -                Rank 5 : true
2025-11-07 17:35:35,318 [INFO] ADCParametersView:116 -                Rank 1 : false
2025-11-07 17:35:35,318 [INFO] ADCParametersView:116 -                Rank 2 : false
2025-11-07 17:35:35,318 [INFO] ADCParametersView:116 -                Rank 3 : false
2025-11-07 17:35:35,318 [INFO] ADCParametersView:116 -                Rank 4 : false
2025-11-07 17:35:35,318 [INFO] ADCParametersView:116 -                Rank 5 : true
2025-11-07 17:35:35,318 [INFO] ADCParametersView:116 -                Rank 1 : false
2025-11-07 17:35:35,318 [INFO] ADCParametersView:116 -                Rank 2 : false
2025-11-07 17:35:35,318 [INFO] ADCParametersView:116 -                Rank 3 : false
2025-11-07 17:35:35,318 [INFO] ADCParametersView:116 -                Rank 4 : false
2025-11-07 17:35:35,318 [INFO] ADCParametersView:116 -                Rank 5 : true
2025-11-07 17:35:35,318 [INFO] ADCParametersView:116 -                Rank 1 : false
2025-11-07 17:35:35,318 [INFO] ADCParametersView:116 -                Rank 2 : false
2025-11-07 17:35:35,318 [INFO] ADCParametersView:116 -                Rank 3 : false
2025-11-07 17:35:35,318 [INFO] ADCParametersView:116 -                Rank 4 : false
2025-11-07 17:35:35,318 [INFO] ADCParametersView:116 -                Rank 5 : true
2025-11-07 17:35:35,318 [INFO] ADCParametersView:116 -                Rank 1 : false
2025-11-07 17:35:35,318 [INFO] ADCParametersView:116 -                Rank 2 : false
2025-11-07 17:35:35,318 [INFO] ADCParametersView:116 -                Rank 3 : false
2025-11-07 17:35:35,318 [INFO] ADCParametersView:116 -                Rank 4 : false
2025-11-07 17:35:35,318 [INFO] ADCParametersView:116 -                Rank 5 : true
2025-11-07 17:35:35,318 [INFO] ADCParametersView:116 -                Rank 2 : false
2025-11-07 17:35:35,318 [INFO] ADCParametersView:116 -                Rank 3 : false
2025-11-07 17:35:35,318 [INFO] ADCParametersView:116 -                Rank 4 : false
2025-11-07 17:35:35,318 [INFO] ADCParametersView:116 -                Rank 5 : true
2025-11-07 17:35:35,318 [INFO] ADCParametersView:116 -                Rank 3 : false
2025-11-07 17:35:35,318 [INFO] ADCParametersView:116 -                Rank 4 : false
2025-11-07 17:35:35,318 [INFO] ADCParametersView:116 -                Rank 5 : true
2025-11-07 17:35:35,318 [INFO] ADCParametersView:116 -                Rank 4 : false
2025-11-07 17:35:35,318 [INFO] ADCParametersView:116 -                Rank 5 : true
2025-11-07 17:35:35,318 [INFO] ADCParametersView:116 -                Rank 5 : true
2025-11-07 17:35:35,324 [INFO] ADCParametersView:116 -                Rank 1 : false
2025-11-07 17:35:35,324 [INFO] ADCParametersView:116 -                Rank 1 : false
2025-11-07 17:35:35,324 [INFO] ADCParametersView:116 -                Rank 2 : false
2025-11-07 17:35:35,324 [INFO] ADCParametersView:116 -                Rank 1 : false
2025-11-07 17:35:35,324 [INFO] ADCParametersView:116 -                Rank 2 : false
2025-11-07 17:35:35,324 [INFO] ADCParametersView:116 -                Rank 3 : false
2025-11-07 17:35:35,324 [INFO] ADCParametersView:116 -                Rank 1 : false
2025-11-07 17:35:35,324 [INFO] ADCParametersView:116 -                Rank 2 : false
2025-11-07 17:35:35,324 [INFO] ADCParametersView:116 -                Rank 3 : false
2025-11-07 17:35:35,324 [INFO] ADCParametersView:116 -                Rank 4 : false
2025-11-07 17:35:35,324 [INFO] ADCParametersView:116 -                Rank 1 : false
2025-11-07 17:35:35,324 [INFO] ADCParametersView:116 -                Rank 2 : false
2025-11-07 17:35:35,324 [INFO] ADCParametersView:116 -                Rank 3 : false
2025-11-07 17:35:35,324 [INFO] ADCParametersView:116 -                Rank 4 : false
2025-11-07 17:35:35,324 [INFO] ADCParametersView:116 -                Rank 5 : true
2025-11-07 17:36:29,007 [INFO] UtilMem:75 - End SaveConfig() Used Memory: 308606344 Bytes (736100352)
2025-11-07 17:36:30,224 [INFO] UtilMem:75 - End SaveConfig() Used Memory: 335509784 Bytes (736100352)
2025-11-07 17:36:30,960 [INFO] UtilMem:75 - End SaveConfig() Used Memory: 374666632 Bytes (736100352)
2025-11-07 17:36:31,635 [INFO] BlockDiagram:2775 - set Specific Code input for plugin: NVIC
2025-11-07 17:36:31,636 [INFO] BlockDiagram:2775 - set Specific Code input for plugin: FREERTOS
2025-11-07 17:36:31,636 [INFO] BlockDiagram:2775 - set Specific Code input for plugin: IWDG
2025-11-07 17:36:31,636 [INFO] BlockDiagram:2775 - set Specific Code input for plugin: DMA
2025-11-07 17:36:31,636 [INFO] BlockDiagram:2775 - set Specific Code input for plugin: SYS
2025-11-07 17:36:31,636 [INFO] BlockDiagram:2775 - set Specific Code input for plugin: GPIO
2025-11-07 17:36:31,636 [INFO] BlockDiagram:2775 - set Specific Code input for plugin: ADC
2025-11-07 17:36:31,636 [INFO] BlockDiagram:2775 - set Specific Code input for plugin: RCC
2025-11-07 17:36:31,636 [INFO] BlockDiagram:2775 - set Specific Code input for plugin: I2C
2025-11-07 17:36:31,636 [INFO] BlockDiagram:2775 - set Specific Code input for plugin: I2C
2025-11-07 17:36:31,637 [INFO] CodeGenerator:892 - code generatio: config db path: C:\ST\STM32CubeIDE_1.19.0\STM32CubeIDE\plugins\com.st.stm32cube.common.mx_6.15.0.202507011659\\db\
2025-11-07 17:36:31,642 [INFO] Argument:325 - Argument : hdmavalue: null
2025-11-07 17:36:31,643 [INFO] Argument:327 - 	 sub Args: 
2025-11-07 17:36:31,643 [INFO] Argument:325 - Argument : Instancevalue: DMA1_Channel1
2025-11-07 17:36:31,643 [INFO] Argument:335 - Argument : Instancevalue: DMA1_Channel1
2025-11-07 17:36:31,643 [INFO] Argument:325 - Argument : Initvalue: null
2025-11-07 17:36:31,643 [INFO] Argument:327 - 	 sub Args: 
2025-11-07 17:36:31,643 [INFO] Argument:325 - Argument : Directionvalue: DMA_PERIPH_TO_MEMORY
2025-11-07 17:36:31,643 [INFO] Argument:335 - Argument : Directionvalue: DMA_PERIPH_TO_MEMORY
2025-11-07 17:36:31,643 [INFO] Argument:325 - Argument : PeriphIncvalue: DMA_PINC_DISABLE
2025-11-07 17:36:31,643 [INFO] Argument:335 - Argument : PeriphIncvalue: DMA_PINC_DISABLE
2025-11-07 17:36:31,643 [INFO] Argument:325 - Argument : MemIncvalue: DMA_MINC_ENABLE
2025-11-07 17:36:31,643 [INFO] Argument:335 - Argument : MemIncvalue: DMA_MINC_ENABLE
2025-11-07 17:36:31,643 [INFO] Argument:325 - Argument : PeriphDataAlignmentvalue: DMA_PDATAALIGN_HALFWORD
2025-11-07 17:36:31,643 [INFO] Argument:335 - Argument : PeriphDataAlignmentvalue: DMA_PDATAALIGN_HALFWORD
2025-11-07 17:36:31,643 [INFO] Argument:325 - Argument : MemDataAlignmentvalue: DMA_MDATAALIGN_HALFWORD
2025-11-07 17:36:31,643 [INFO] Argument:335 - Argument : MemDataAlignmentvalue: DMA_MDATAALIGN_HALFWORD
2025-11-07 17:36:31,643 [INFO] Argument:325 - Argument : Modevalue: DMA_CIRCULAR
2025-11-07 17:36:31,643 [INFO] Argument:335 - Argument : Modevalue: DMA_CIRCULAR
2025-11-07 17:36:31,643 [INFO] Argument:325 - Argument : Priorityvalue: DMA_PRIORITY_LOW
2025-11-07 17:36:31,643 [INFO] Argument:335 - Argument : Priorityvalue: DMA_PRIORITY_LOW
2025-11-07 17:36:31,643 [INFO] Argument:325 - Argument : Lockvalue: null
2025-11-07 17:36:31,643 [INFO] Argument:335 - Argument : Lockvalue: null
2025-11-07 17:36:31,643 [INFO] Argument:325 - Argument : Statevalue: null
2025-11-07 17:36:31,643 [INFO] Argument:335 - Argument : Statevalue: null
2025-11-07 17:36:31,643 [INFO] Argument:325 - Argument : Parentvalue: null
2025-11-07 17:36:31,643 [INFO] Argument:335 - Argument : Parentvalue: null
2025-11-07 17:36:31,643 [INFO] Argument:325 - Argument : XferCpltCallbackvalue: null
2025-11-07 17:36:31,643 [INFO] Argument:335 - Argument : XferCpltCallbackvalue: null
2025-11-07 17:36:31,643 [INFO] Argument:325 - Argument : XferHalfCpltCallbackvalue: null
2025-11-07 17:36:31,643 [INFO] Argument:335 - Argument : XferHalfCpltCallbackvalue: null
2025-11-07 17:36:31,643 [INFO] Argument:325 - Argument : XferErrorCallbackvalue: null
2025-11-07 17:36:31,643 [INFO] Argument:335 - Argument : XferErrorCallbackvalue: null
2025-11-07 17:36:31,643 [INFO] Argument:325 - Argument : ErrorCodevalue: null
2025-11-07 17:36:31,643 [INFO] Argument:335 - Argument : ErrorCodevalue: null
2025-11-07 17:36:31,647 [WARN] IP:2250 - I2C_Coeff_DF not found: check if there is a RefParameter without a condition.
2025-11-07 17:36:31,647 [WARN] IP:2250 - Analog_Filter not found: check if there is a RefParameter without a condition.
2025-11-07 17:36:31,648 [WARN] IP:2250 - I2C_Coeff_DF not found: check if there is a RefParameter without a condition.
2025-11-07 17:36:31,648 [WARN] IP:2250 - Analog_Filter not found: check if there is a RefParameter without a condition.
2025-11-07 17:36:31,752 [INFO] CodeEngine:265 - oldGeneratedFile, C:\Users\USER\STM32CubeIDE\workspace_1.19.0\Hip-Pro_Hardware_V1.2\HardwareV1.2\MXTmpFiles\license.tmp_save
2025-11-07 17:36:31,944 [INFO] CodeEngine:289 - Generated code: C:\Users\USER\STM32CubeIDE\workspace_1.19.0\Hip-Pro_Hardware_V1.2\HardwareV1.2\MXTmpFiles\license.tmp
2025-11-07 17:36:32,006 [INFO] CodeEngine:265 - oldGeneratedFile, C:\Users\USER\STM32CubeIDE\workspace_1.19.0\Hip-Pro_Hardware_V1.2\HardwareV1.2\MXTmpFiles\gpio.tmp_save
2025-11-07 17:36:32,133 [INFO] CodeEngine:289 - Generated code: C:\Users\USER\STM32CubeIDE\workspace_1.19.0\Hip-Pro_Hardware_V1.2\HardwareV1.2\MXTmpFiles\gpio.tmp
2025-11-07 17:36:32,371 [INFO] Middleware:1452 - No code input for Bsp Dependency
2025-11-07 17:36:32,380 [INFO] CodeEngine:265 - oldGeneratedFile, C:\Users\USER\STM32CubeIDE\workspace_1.19.0\Hip-Pro_Hardware_V1.2\HardwareV1.2\MXTmpFiles\rtos_inc.tmp_save
2025-11-07 17:36:32,453 [INFO] CodeEngine:289 - Generated code: C:\Users\USER\STM32CubeIDE\workspace_1.19.0\Hip-Pro_Hardware_V1.2\HardwareV1.2\MXTmpFiles\rtos_inc.tmp
2025-11-07 17:36:32,459 [INFO] CodeEngine:265 - oldGeneratedFile, C:\Users\USER\STM32CubeIDE\workspace_1.19.0\Hip-Pro_Hardware_V1.2\HardwareV1.2\MXTmpFiles\rtos_vars.tmp_save
2025-11-07 17:36:32,541 [INFO] CodeEngine:289 - Generated code: C:\Users\USER\STM32CubeIDE\workspace_1.19.0\Hip-Pro_Hardware_V1.2\HardwareV1.2\MXTmpFiles\rtos_vars.tmp
2025-11-07 17:36:32,548 [INFO] CodeEngine:265 - oldGeneratedFile, C:\Users\USER\STM32CubeIDE\workspace_1.19.0\Hip-Pro_Hardware_V1.2\HardwareV1.2\MXTmpFiles\rtos_pfp.tmp_save
2025-11-07 17:36:32,613 [INFO] CodeEngine:289 - Generated code: C:\Users\USER\STM32CubeIDE\workspace_1.19.0\Hip-Pro_Hardware_V1.2\HardwareV1.2\MXTmpFiles\rtos_pfp.tmp
2025-11-07 17:36:32,619 [INFO] CodeEngine:265 - oldGeneratedFile, C:\Users\USER\STM32CubeIDE\workspace_1.19.0\Hip-Pro_Hardware_V1.2\HardwareV1.2\MXTmpFiles\rtos_obj_creat.tmp_save
2025-11-07 17:36:32,690 [INFO] CodeEngine:289 - Generated code: C:\Users\USER\STM32CubeIDE\workspace_1.19.0\Hip-Pro_Hardware_V1.2\HardwareV1.2\MXTmpFiles\rtos_obj_creat.tmp
2025-11-07 17:36:32,696 [INFO] CodeEngine:265 - oldGeneratedFile, C:\Users\USER\STM32CubeIDE\workspace_1.19.0\Hip-Pro_Hardware_V1.2\HardwareV1.2\MXTmpFiles\rtos_kernelStart.tmp_save
2025-11-07 17:36:32,760 [INFO] CodeEngine:289 - Generated code: C:\Users\USER\STM32CubeIDE\workspace_1.19.0\Hip-Pro_Hardware_V1.2\HardwareV1.2\MXTmpFiles\rtos_kernelStart.tmp
2025-11-07 17:36:32,766 [INFO] CodeEngine:265 - oldGeneratedFile, C:\Users\USER\STM32CubeIDE\workspace_1.19.0\Hip-Pro_Hardware_V1.2\HardwareV1.2\MXTmpFiles\rtos_default_thread.tmp_save
2025-11-07 17:36:32,826 [INFO] CodeEngine:289 - Generated code: C:\Users\USER\STM32CubeIDE\workspace_1.19.0\Hip-Pro_Hardware_V1.2\HardwareV1.2\MXTmpFiles\rtos_default_thread.tmp
2025-11-07 17:36:32,835 [INFO] CodeEngine:265 - oldGeneratedFile, C:\Users\USER\STM32CubeIDE\workspace_1.19.0\Hip-Pro_Hardware_V1.2\HardwareV1.2\MXTmpFiles\rtos_threads.tmp_save
2025-11-07 17:36:32,897 [INFO] CodeEngine:289 - Generated code: C:\Users\USER\STM32CubeIDE\workspace_1.19.0\Hip-Pro_Hardware_V1.2\HardwareV1.2\MXTmpFiles\rtos_threads.tmp
2025-11-07 17:36:32,916 [INFO] Middleware:1452 - No code input for Bsp Dependency
2025-11-07 17:36:32,926 [INFO] CodeEngine:265 - oldGeneratedFile, C:\Users\USER\STM32CubeIDE\workspace_1.19.0\Hip-Pro_Hardware_V1.2\HardwareV1.2\MXTmpFiles\rtos_inc.tmp_save
2025-11-07 17:36:32,982 [INFO] CodeEngine:289 - Generated code: C:\Users\USER\STM32CubeIDE\workspace_1.19.0\Hip-Pro_Hardware_V1.2\HardwareV1.2\MXTmpFiles\rtos_inc.tmp
2025-11-07 17:36:32,989 [INFO] CodeEngine:265 - oldGeneratedFile, C:\Users\USER\STM32CubeIDE\workspace_1.19.0\Hip-Pro_Hardware_V1.2\HardwareV1.2\MXTmpFiles\rtos_vars.tmp_save
2025-11-07 17:36:33,054 [INFO] CodeEngine:289 - Generated code: C:\Users\USER\STM32CubeIDE\workspace_1.19.0\Hip-Pro_Hardware_V1.2\HardwareV1.2\MXTmpFiles\rtos_vars.tmp
2025-11-07 17:36:33,062 [INFO] CodeEngine:265 - oldGeneratedFile, C:\Users\USER\STM32CubeIDE\workspace_1.19.0\Hip-Pro_Hardware_V1.2\HardwareV1.2\MXTmpFiles\rtos_pfp.tmp_save
2025-11-07 17:36:33,124 [INFO] CodeEngine:289 - Generated code: C:\Users\USER\STM32CubeIDE\workspace_1.19.0\Hip-Pro_Hardware_V1.2\HardwareV1.2\MXTmpFiles\rtos_pfp.tmp
2025-11-07 17:36:33,130 [INFO] CodeEngine:265 - oldGeneratedFile, C:\Users\USER\STM32CubeIDE\workspace_1.19.0\Hip-Pro_Hardware_V1.2\HardwareV1.2\MXTmpFiles\rtos_obj_creat.tmp_save
2025-11-07 17:36:33,191 [INFO] CodeEngine:289 - Generated code: C:\Users\USER\STM32CubeIDE\workspace_1.19.0\Hip-Pro_Hardware_V1.2\HardwareV1.2\MXTmpFiles\rtos_obj_creat.tmp
2025-11-07 17:36:33,199 [INFO] CodeEngine:265 - oldGeneratedFile, C:\Users\USER\STM32CubeIDE\workspace_1.19.0\Hip-Pro_Hardware_V1.2\HardwareV1.2\MXTmpFiles\rtos_kernelStart.tmp_save
2025-11-07 17:36:33,253 [INFO] CodeEngine:289 - Generated code: C:\Users\USER\STM32CubeIDE\workspace_1.19.0\Hip-Pro_Hardware_V1.2\HardwareV1.2\MXTmpFiles\rtos_kernelStart.tmp
2025-11-07 17:36:33,260 [INFO] CodeEngine:265 - oldGeneratedFile, C:\Users\USER\STM32CubeIDE\workspace_1.19.0\Hip-Pro_Hardware_V1.2\HardwareV1.2\MXTmpFiles\rtos_default_thread.tmp_save
2025-11-07 17:36:33,313 [INFO] CodeEngine:289 - Generated code: C:\Users\USER\STM32CubeIDE\workspace_1.19.0\Hip-Pro_Hardware_V1.2\HardwareV1.2\MXTmpFiles\rtos_default_thread.tmp
2025-11-07 17:36:33,319 [INFO] CodeEngine:265 - oldGeneratedFile, C:\Users\USER\STM32CubeIDE\workspace_1.19.0\Hip-Pro_Hardware_V1.2\HardwareV1.2\MXTmpFiles\rtos_threads.tmp_save
2025-11-07 17:36:33,378 [INFO] CodeEngine:289 - Generated code: C:\Users\USER\STM32CubeIDE\workspace_1.19.0\Hip-Pro_Hardware_V1.2\HardwareV1.2\MXTmpFiles\rtos_threads.tmp
2025-11-07 17:36:33,386 [INFO] CodeEngine:265 - oldGeneratedFile, C:\Users\USER\STM32CubeIDE\workspace_1.19.0\Hip-Pro_Hardware_V1.2\HardwareV1.2\Core\Inc\FreeRTOSConfig.h_save
2025-11-07 17:36:33,458 [INFO] CodeEngine:289 - Generated code: C:\Users\USER\STM32CubeIDE\workspace_1.19.0\Hip-Pro_Hardware_V1.2\HardwareV1.2\Core\Inc\FreeRTOSConfig.h
2025-11-07 17:36:33,465 [INFO] CodeEngine:265 - oldGeneratedFile, C:\Users\USER\STM32CubeIDE\workspace_1.19.0\Hip-Pro_Hardware_V1.2\HardwareV1.2\Core\Src\freertos.c_save
2025-11-07 17:36:33,528 [INFO] CodeEngine:289 - Generated code: C:\Users\USER\STM32CubeIDE\workspace_1.19.0\Hip-Pro_Hardware_V1.2\HardwareV1.2\Core\Src\freertos.c
2025-11-07 17:36:33,560 [INFO] CodeEngine:265 - oldGeneratedFile, C:\Users\USER\STM32CubeIDE\workspace_1.19.0\Hip-Pro_Hardware_V1.2\HardwareV1.2\MXTmpFiles\dma.tmp_save
2025-11-07 17:36:33,620 [INFO] CodeEngine:289 - Generated code: C:\Users\USER\STM32CubeIDE\workspace_1.19.0\Hip-Pro_Hardware_V1.2\HardwareV1.2\MXTmpFiles\dma.tmp
2025-11-07 17:36:33,624 [INFO] CodeEngine:265 - oldGeneratedFile, C:\Users\USER\STM32CubeIDE\workspace_1.19.0\Hip-Pro_Hardware_V1.2\HardwareV1.2\MXTmpFiles\dma_GV.tmp_save
2025-11-07 17:36:33,678 [INFO] CodeEngine:289 - Generated code: C:\Users\USER\STM32CubeIDE\workspace_1.19.0\Hip-Pro_Hardware_V1.2\HardwareV1.2\MXTmpFiles\dma_GV.tmp
2025-11-07 17:36:33,690 [INFO] CodeEngine:265 - oldGeneratedFile, C:\Users\USER\STM32CubeIDE\workspace_1.19.0\Hip-Pro_Hardware_V1.2\HardwareV1.2\Core\Src\stm32f1xx_it.c_save
2025-11-07 17:36:33,846 [INFO] CodeEngine:289 - Generated code: C:\Users\USER\STM32CubeIDE\workspace_1.19.0\Hip-Pro_Hardware_V1.2\HardwareV1.2\Core\Src\stm32f1xx_it.c
2025-11-07 17:36:33,854 [INFO] CodeEngine:265 - oldGeneratedFile, C:\Users\USER\STM32CubeIDE\workspace_1.19.0\Hip-Pro_Hardware_V1.2\HardwareV1.2\Core\Inc\stm32f1xx_it.h_save
2025-11-07 17:36:33,908 [INFO] CodeEngine:289 - Generated code: C:\Users\USER\STM32CubeIDE\workspace_1.19.0\Hip-Pro_Hardware_V1.2\HardwareV1.2\Core\Inc\stm32f1xx_it.h
2025-11-07 17:36:33,921 [INFO] CodeEngine:265 - oldGeneratedFile, C:\Users\USER\STM32CubeIDE\workspace_1.19.0\Hip-Pro_Hardware_V1.2\HardwareV1.2\Core\Src\stm32f1xx_hal_msp.c_save
2025-11-07 17:36:34,018 [INFO] CodeEngine:289 - Generated code: C:\Users\USER\STM32CubeIDE\workspace_1.19.0\Hip-Pro_Hardware_V1.2\HardwareV1.2\Core\Src\stm32f1xx_hal_msp.c
2025-11-07 17:36:34,023 [INFO] CodeEngine:265 - oldGeneratedFile, C:\Users\USER\STM32CubeIDE\workspace_1.19.0\Hip-Pro_Hardware_V1.2\HardwareV1.2\MXTmpFiles\system.tmp_save
2025-11-07 17:36:34,075 [INFO] CodeEngine:289 - Generated code: C:\Users\USER\STM32CubeIDE\workspace_1.19.0\Hip-Pro_Hardware_V1.2\HardwareV1.2\MXTmpFiles\system.tmp
2025-11-07 17:36:34,081 [INFO] CodeEngine:265 - oldGeneratedFile, C:\Users\USER\STM32CubeIDE\workspace_1.19.0\Hip-Pro_Hardware_V1.2\HardwareV1.2\Core\Src\stm32f1xx_hal_timebase_tim.c_save
2025-11-07 17:36:34,145 [INFO] CodeEngine:289 - Generated code: C:\Users\USER\STM32CubeIDE\workspace_1.19.0\Hip-Pro_Hardware_V1.2\HardwareV1.2\Core\Src\stm32f1xx_hal_timebase_tim.c
2025-11-07 17:36:34,156 [INFO] CodeEngine:321 - oldGeneratedFile, C:\Users\USER\STM32CubeIDE\workspace_1.19.0\Hip-Pro_Hardware_V1.2\HardwareV1.2\Core\Inc\stm32f1xx_hal_conf.h_save
2025-11-07 17:36:34,217 [INFO] CodeEngine:345 - Generated code: C:\Users\USER\STM32CubeIDE\workspace_1.19.0\Hip-Pro_Hardware_V1.2\HardwareV1.2\Core\Inc\stm32f1xx_hal_conf.h
2025-11-07 17:36:34,243 [INFO] CodeEngine:265 - oldGeneratedFile, C:\Users\USER\STM32CubeIDE\workspace_1.19.0\Hip-Pro_Hardware_V1.2\HardwareV1.2\Core\Inc\main.h_save
2025-11-07 17:36:34,318 [INFO] CodeEngine:289 - Generated code: C:\Users\USER\STM32CubeIDE\workspace_1.19.0\Hip-Pro_Hardware_V1.2\HardwareV1.2\Core\Inc\main.h
2025-11-07 17:36:34,324 [INFO] CodeEngine:265 - oldGeneratedFile, C:\Users\USER\STM32CubeIDE\workspace_1.19.0\Hip-Pro_Hardware_V1.2\HardwareV1.2\Core\Src\main.c_save
2025-11-07 17:36:34,432 [INFO] CodeEngine:289 - Generated code: C:\Users\USER\STM32CubeIDE\workspace_1.19.0\Hip-Pro_Hardware_V1.2\HardwareV1.2\Core\Src\main.c
2025-11-07 17:36:34,755 [INFO] ProjectBuilder:3606 - Time for Copy HAL[1] : 158mS.
2025-11-07 17:36:34,759 [INFO] ProjectBuilder:5216 - Project Generator version: 4.7.0-B52
2025-11-07 17:36:34,825 [INFO] ConfigFileManager:1595 - The Die is : DIE414
2025-11-07 17:36:36,116 [INFO] ProjectBuilder:5496 - Time for Generating toolchain IDE Files: 1356mS.
2025-11-07 17:36:36,117 [INFO] ProjectBuilder:3463 - Time for Copy CMSIS : 1mS.
2025-11-07 17:36:36,124 [INFO] ProjectBuilder:3463 - Time for Copy CMSIS : 0mS.
2025-11-07 17:45:50,170 [INFO] Gpio:278 - dependency for GPIO [ADC1, I2C1, I2C2, RCC, SYS]
2025-11-07 18:10:38,969 [INFO] WebApp:194 - Connection lost
2025-11-07 18:10:50,294 [INFO] WebApp:191 - Connection restablished
2025-11-07 18:10:50,911 [ERROR] LogOutputStream:75 - [STDERR_REDIRECT] 18:10:50.908 ERROR Chromium process exit code: -1,073,741,819
2025-11-07 18:10:50,912 [ERROR] LogOutputStream:75 - [STDERR_REDIRECT] 
2025-11-07 18:10:50,915 [ERROR] LogOutputStream:75 - [STDERR_REDIRECT] 18:10:50.913 ERROR Crash dump dir: C:\Users\USER\AppData\Local\JxBrowser\7.41.4\CrashReports
2025-11-07 18:10:50,916 [ERROR] LogOutputStream:75 - [STDERR_REDIRECT] 
2025-11-07 18:10:50,919 [ERROR] WebApp:412 - JxBrowser engine crashed! Exit code: -1073741819
2025-11-07 18:13:37,686 [ERROR] ConfigurationRetriever:142 - IOException on connection: sw-center.st.com
2025-11-07 18:13:37,687 [ERROR] ConfigurationRetriever:142 - IOException on connection: sw-center.st.com
2025-11-07 18:13:37,687 [ERROR] ConfigurationRetriever:142 - IOException on connection: sw-center.st.com
2025-11-07 18:17:17,499 [ERROR] ConfigurationRetriever:142 - IOException on connection: PKIX path building failed: sun.security.provider.certpath.SunCertPathBuilderException: unable to find valid certification path to requested target
2025-11-07 18:17:17,508 [ERROR] ConfigurationRetriever:142 - IOException on connection: PKIX path building failed: sun.security.provider.certpath.SunCertPathBuilderException: unable to find valid certification path to requested target
2025-11-07 18:17:17,518 [ERROR] ConfigurationRetriever:142 - IOException on connection: PKIX path building failed: sun.security.provider.certpath.SunCertPathBuilderException: unable to find valid certification path to requested target
2025-11-07 18:17:17,543 [ERROR] ConfigurationRetriever:142 - IOException on connection: PKIX path building failed: sun.security.provider.certpath.SunCertPathBuilderException: unable to find valid certification path to requested target
2025-11-07 18:17:17,551 [ERROR] ConfigurationRetriever:142 - IOException on connection: PKIX path building failed: sun.security.provider.certpath.SunCertPathBuilderException: unable to find valid certification path to requested target
2025-11-07 18:17:17,560 [ERROR] ConfigurationRetriever:142 - IOException on connection: PKIX path building failed: sun.security.provider.certpath.SunCertPathBuilderException: unable to find valid certification path to requested target
2025-11-07 18:22:06,636 [ERROR] ConfigurationRetriever:142 - IOException on connection: PKIX path building failed: sun.security.provider.certpath.SunCertPathBuilderException: unable to find valid certification path to requested target
2025-11-07 18:22:06,654 [ERROR] ConfigurationRetriever:142 - IOException on connection: PKIX path building failed: sun.security.provider.certpath.SunCertPathBuilderException: unable to find valid certification path to requested target
2025-11-07 18:22:06,670 [ERROR] ConfigurationRetriever:142 - IOException on connection: PKIX path building failed: sun.security.provider.certpath.SunCertPathBuilderException: unable to find valid certification path to requested target
2025-11-07 18:22:44,389 [ERROR] ConfigurationRetriever:142 - IOException on connection: PKIX path building failed: sun.security.provider.certpath.SunCertPathBuilderException: unable to find valid certification path to requested target
2025-11-07 18:22:44,407 [ERROR] ConfigurationRetriever:142 - IOException on connection: PKIX path building failed: sun.security.provider.certpath.SunCertPathBuilderException: unable to find valid certification path to requested target
2025-11-07 18:22:44,419 [ERROR] ConfigurationRetriever:142 - IOException on connection: PKIX path building failed: sun.security.provider.certpath.SunCertPathBuilderException: unable to find valid certification path to requested target
2025-11-07 18:23:32,440 [ERROR] ConfigurationRetriever:142 - IOException on connection: PKIX path building failed: sun.security.provider.certpath.SunCertPathBuilderException: unable to find valid certification path to requested target
2025-11-07 18:23:32,447 [ERROR] ConfigurationRetriever:142 - IOException on connection: PKIX path building failed: sun.security.provider.certpath.SunCertPathBuilderException: unable to find valid certification path to requested target
2025-11-07 18:23:32,454 [ERROR] ConfigurationRetriever:142 - IOException on connection: PKIX path building failed: sun.security.provider.certpath.SunCertPathBuilderException: unable to find valid certification path to requested target
2025-11-07 18:23:32,478 [ERROR] ConfigurationRetriever:142 - IOException on connection: PKIX path building failed: sun.security.provider.certpath.SunCertPathBuilderException: unable to find valid certification path to requested target
2025-11-07 18:23:32,516 [ERROR] ConfigurationRetriever:142 - IOException on connection: PKIX path building failed: sun.security.provider.certpath.SunCertPathBuilderException: unable to find valid certification path to requested target
2025-11-07 18:23:32,523 [ERROR] ConfigurationRetriever:142 - IOException on connection: PKIX path building failed: sun.security.provider.certpath.SunCertPathBuilderException: unable to find valid certification path to requested target
2025-11-07 18:24:42,360 [ERROR] ConfigurationRetriever:142 - IOException on connection: PKIX path building failed: sun.security.provider.certpath.SunCertPathBuilderException: unable to find valid certification path to requested target
2025-11-07 18:24:42,384 [ERROR] ConfigurationRetriever:142 - IOException on connection: PKIX path building failed: sun.security.provider.certpath.SunCertPathBuilderException: unable to find valid certification path to requested target
2025-11-07 18:24:42,399 [ERROR] ConfigurationRetriever:142 - IOException on connection: PKIX path building failed: sun.security.provider.certpath.SunCertPathBuilderException: unable to find valid certification path to requested target
2025-11-07 18:24:42,429 [ERROR] ConfigurationRetriever:142 - IOException on connection: PKIX path building failed: sun.security.provider.certpath.SunCertPathBuilderException: unable to find valid certification path to requested target
2025-11-07 18:24:42,441 [ERROR] ConfigurationRetriever:142 - IOException on connection: PKIX path building failed: sun.security.provider.certpath.SunCertPathBuilderException: unable to find valid certification path to requested target
2025-11-07 18:24:42,451 [ERROR] ConfigurationRetriever:142 - IOException on connection: PKIX path building failed: sun.security.provider.certpath.SunCertPathBuilderException: unable to find valid certification path to requested target
2025-11-07 18:26:44,330 [ERROR] ConfigurationRetriever:142 - IOException on connection: PKIX path building failed: sun.security.provider.certpath.SunCertPathBuilderException: unable to find valid certification path to requested target
2025-11-07 18:26:44,357 [ERROR] ConfigurationRetriever:142 - IOException on connection: PKIX path building failed: sun.security.provider.certpath.SunCertPathBuilderException: unable to find valid certification path to requested target
2025-11-07 18:26:44,372 [ERROR] ConfigurationRetriever:142 - IOException on connection: PKIX path building failed: sun.security.provider.certpath.SunCertPathBuilderException: unable to find valid certification path to requested target
2025-11-07 18:26:45,387 [ERROR] LogOutputStream:75 - [STDERR_REDIRECT] 
2025-11-07 18:26:45,388 [ERROR] LogOutputStream:75 - [STDERR_REDIRECT] 
