2025-11-06 10:54:06,550 [INFO] Activator:176 - 


2025-11-06 10:54:06,554 [INFO] Activator:177 - !SESSION log4j initialized
2025-11-06 10:54:21,785 [INFO] LogOutputStream:77 - [STDOUT_REDIRECT] 
2025-11-06 10:54:22,032 [ERROR] ConfigurationRetriever:142 - IOException on connection: sw-center.st.com
2025-11-06 10:54:22,032 [ERROR] ConfigurationRetriever:142 - IOException on connection: sw-center.st.com
2025-11-06 10:54:22,033 [ERROR] ConfigurationRetriever:142 - IOException on connection: sw-center.st.com
2025-11-06 10:54:22,522 [INFO] ApplicationProperties:184 - Using Application install path: C:\ST\STM32CubeIDE_1.19.0\STM32CubeIDE\plugins\com.st.stm32cube.common.mx_6.15.0.202507011659
2025-11-06 10:54:22,540 [INFO] DbMcusXml:78 - Set database path to: C:\ST\STM32CubeIDE_1.19.0\STM32CubeIDE\plugins\com.st.stm32cube.common.mx_6.15.0.202507011659\\db\/mcu/
2025-11-06 10:54:22,540 [INFO] ApiDb:274 - Set plugin database path to: C:\ST\STM32CubeIDE_1.19.0\STM32CubeIDE\plugins\com.st.stm32cube.common.mx_6.15.0.202507011659\\db\/plugins/boardmanager/
2025-11-06 10:54:22,540 [WARN] ApiDb:259 - Overriding images path with different value:  => C:\ST\STM32CubeIDE_1.19.0\STM32CubeIDE\plugins\com.st.stm32cube.common.mx_6.15.0.202507011659\\db\/plugins/mcufinder/images/
2025-11-06 10:54:22,543 [INFO] ApiDb:250 - Set database path to: C:\Users\USER\.stmcufinder\plugins\mcufinder//mcu/
2025-11-06 10:54:22,544 [INFO] DbMcusAds:125 - Set database path to: C:\Users\USER\.stmcufinder\plugins\mcufinder//mcu/
2025-11-06 10:54:22,546 [INFO] CrossReferenceDbSqlite:203 - Set database path to: C:\Users\USER\.stmcufinder\plugins\mcufinder//mcu/cs/
2025-11-06 10:54:22,636 [INFO] RulesReader:64 - Compatibility file has been processed (317 Rules)
2025-11-06 10:54:22,698 [INFO] DbMcusXml:78 - Set database path to: C:\ST\STM32CubeIDE_1.19.0\STM32CubeIDE\plugins\com.st.stm32cube.common.mx_6.15.0.202507011659\\db\/mcu/
2025-11-06 10:54:22,699 [INFO] ApiDb:274 - Set plugin database path to: C:\ST\STM32CubeIDE_1.19.0\STM32CubeIDE\plugins\com.st.stm32cube.common.mx_6.15.0.202507011659\\db\/plugins/boardmanager/
2025-11-06 10:54:22,699 [INFO] ApiDb:261 - Set plugin images path to: C:\ST\STM32CubeIDE_1.19.0\STM32CubeIDE\plugins\com.st.stm32cube.common.mx_6.15.0.202507011659\\db\/plugins/mcufinder/images/
2025-11-06 10:54:22,699 [WARN] DbFile:41 - Overriding database path with different value: C:\Users\USER\.stmcufinder\plugins\mcufinder/ => C:\Users\USER\.stmcufinder\plugins\mcufinder
2025-11-06 10:54:22,699 [INFO] ApiDb:250 - Set database path to: C:\Users\USER\.stmcufinder\plugins\mcufinder//mcu/
2025-11-06 10:54:22,699 [WARN] DbFile:41 - Overriding database path with different value: C:\Users\USER\.stmcufinder\plugins\mcufinder/ => C:\Users\USER\.stmcufinder\plugins\mcufinder
2025-11-06 10:54:22,699 [INFO] DbMcusAds:125 - Set database path to: C:\Users\USER\.stmcufinder\plugins\mcufinder//mcu/
2025-11-06 10:54:22,699 [WARN] DbFile:41 - Overriding database path with different value: C:\Users\USER\.stmcufinder\plugins\mcufinder/ => C:\Users\USER\.stmcufinder\plugins\mcufinder
2025-11-06 10:54:22,699 [WARN] DbFile:41 - Overriding database path with different value: C:\Users\USER\.stmcufinder\plugins\mcufinder/ => C:\Users\USER\.stmcufinder\plugins\mcufinder
2025-11-06 10:54:22,699 [INFO] CrossReferenceDbSqlite:203 - Set database path to: C:\Users\USER\.stmcufinder\plugins\mcufinder//mcu/cs/
2025-11-06 10:54:22,752 [INFO] MainPanel:274 - HeapMemory: 268435456
2025-11-06 10:54:22,813 [INFO] DbMcusXml:78 - Set database path to: C:\ST\STM32CubeIDE_1.19.0\STM32CubeIDE\plugins\com.st.stm32cube.common.mx_6.15.0.202507011659\\db\/mcu/
2025-11-06 10:54:22,813 [INFO] ApiDb:274 - Set plugin database path to: C:\ST\STM32CubeIDE_1.19.0\STM32CubeIDE\plugins\com.st.stm32cube.common.mx_6.15.0.202507011659\\db\/plugins/boardmanager/
2025-11-06 10:54:22,813 [INFO] ApiDb:261 - Set plugin images path to: C:\ST\STM32CubeIDE_1.19.0\STM32CubeIDE\plugins\com.st.stm32cube.common.mx_6.15.0.202507011659\\db\/plugins/mcufinder/images/
2025-11-06 10:54:22,813 [WARN] DbFile:41 - Overriding database path with different value: C:\Users\USER\.stmcufinder\plugins\mcufinder/ => C:\Users\USER\.stmcufinder\plugins\mcufinder
2025-11-06 10:54:22,813 [INFO] ApiDb:250 - Set database path to: C:\Users\USER\.stmcufinder\plugins\mcufinder//mcu/
2025-11-06 10:54:22,814 [WARN] DbFile:41 - Overriding database path with different value: C:\Users\USER\.stmcufinder\plugins\mcufinder/ => C:\Users\USER\.stmcufinder\plugins\mcufinder
2025-11-06 10:54:22,814 [INFO] DbMcusAds:125 - Set database path to: C:\Users\USER\.stmcufinder\plugins\mcufinder//mcu/
2025-11-06 10:54:22,814 [WARN] DbFile:41 - Overriding database path with different value: C:\Users\USER\.stmcufinder\plugins\mcufinder/ => C:\Users\USER\.stmcufinder\plugins\mcufinder
2025-11-06 10:54:22,814 [WARN] DbFile:41 - Overriding database path with different value: C:\Users\USER\.stmcufinder\plugins\mcufinder/ => C:\Users\USER\.stmcufinder\plugins\mcufinder
2025-11-06 10:54:22,814 [INFO] CrossReferenceDbSqlite:203 - Set database path to: C:\Users\USER\.stmcufinder\plugins\mcufinder//mcu/cs/
2025-11-06 10:54:22,826 [INFO] ApplicationProperties:184 - Using Application install path: C:\ST\STM32CubeIDE_1.19.0\STM32CubeIDE\plugins\com.st.stm32cube.common.mx_6.15.0.202507011659
2025-11-06 10:54:22,827 [INFO] PluginManage:196 - Search for loadable plugins [exclusion list=, ]
2025-11-06 10:54:22,828 [INFO] PluginManage:310 - Check plugin analytics
2025-11-06 10:54:22,968 [INFO] AnalyticsPlugin:253 - Accepted Software Licenses: 
2025-11-06 10:54:22,968 [INFO] AnalyticsPlugin:255 - Accepted CMSIS Pack Licenses: 
2025-11-06 10:54:22,968 [INFO] AnalyticsPlugin:257 - Accepted Firmware Licenses: 
2025-11-06 10:54:22,971 [INFO] PluginManage:359 - Loaded plugin analytics (category:tool,tabindex:-1)
2025-11-06 10:54:22,971 [ERROR] ConfigurationRetriever:142 - IOException on connection: sw-center.st.com
2025-11-06 10:54:22,972 [INFO] PluginManage:310 - Check plugin cadmodel
2025-11-06 10:54:22,972 [ERROR] ConfigurationRetriever:142 - IOException on connection: sw-center.st.com
2025-11-06 10:54:22,972 [ERROR] ConfigurationRetriever:142 - IOException on connection: sw-center.st.com
2025-11-06 10:54:22,975 [INFO] CADModel:105 - Init CAD model plugin
2025-11-06 10:54:22,975 [INFO] PluginManage:359 - Loaded plugin cadmodel (category:power,tabindex:5)
2025-11-06 10:54:22,976 [INFO] PluginManage:310 - Check plugin clock
2025-11-06 10:54:22,981 [INFO] PluginManage:359 - Loaded plugin clock (category:base,tabindex:2)
2025-11-06 10:54:22,982 [INFO] PluginManage:310 - Check plugin ddr
2025-11-06 10:54:22,983 [INFO] PluginManage:359 - Loaded plugin ddr (category:tool,tabindex:6)
2025-11-06 10:54:22,983 [INFO] PluginManage:310 - Check plugin filemanager
2025-11-06 10:54:23,099 [INFO] PluginManage:359 - Loaded plugin filemanager (category:base,tabindex:10)
2025-11-06 10:54:23,099 [INFO] PluginManage:310 - Check plugin ipmanager
2025-11-06 10:54:23,104 [INFO] PluginManage:359 - Loaded plugin ipmanager (category:base,tabindex:5)
2025-11-06 10:54:23,104 [INFO] PluginManage:310 - Check plugin lpbam
2025-11-06 10:54:23,110 [INFO] PluginManage:359 - Loaded plugin lpbam (category:base,tabindex:0)
2025-11-06 10:54:23,110 [INFO] PluginManage:310 - Check plugin memorymap
2025-11-06 10:54:23,118 [INFO] PluginManage:359 - Loaded plugin memorymap (category:base,tabindex:4)
2025-11-06 10:54:23,118 [INFO] PluginManage:310 - Check plugin pinoutandconfiguration
2025-11-06 10:54:23,123 [INFO] PluginManage:359 - Loaded plugin pinoutandconfiguration (category:base,tabindex:1)
2025-11-06 10:54:23,123 [INFO] PluginManage:310 - Check plugin pinoutconfig
2025-11-06 10:54:23,191 [WARN] SupportedApi:132 - Cannot load RTOS API schema: s4s-elt-must-match.1: The content of 'definitions' must match (annotation?, (simpleType | complexType)?, (unique | key | keyref)*)). A problem was found starting at: attribute.
2025-11-06 10:54:23,282 [INFO] PluginManage:359 - Loaded plugin pinoutconfig (category:base,tabindex:0)
2025-11-06 10:54:23,282 [INFO] PluginManage:310 - Check plugin power
2025-11-06 10:54:23,288 [INFO] PluginManage:359 - Loaded plugin power (category:power,tabindex:4)
2025-11-06 10:54:23,288 [INFO] PluginManage:310 - Check plugin projectmanager
2025-11-06 10:54:23,299 [INFO] PluginManage:359 - Loaded plugin projectmanager (category:projectmanager,tabindex:4)
2025-11-06 10:54:23,299 [INFO] PluginManage:310 - Check plugin rif
2025-11-06 10:54:23,307 [INFO] PluginManage:359 - Loaded plugin rif (category:base,tabindex:3)
2025-11-06 10:54:23,307 [INFO] PluginManage:310 - Check plugin thirdparty
2025-11-06 10:54:23,416 [INFO] PluginManage:359 - Loaded plugin thirdparty (category:base,tabindex:-1)
2025-11-06 10:54:23,416 [WARN] IntegrityCheckThread:84 - waiting for thirdparty lock release [integrity check]
2025-11-06 10:54:23,417 [INFO] PluginManage:310 - Check plugin tools
2025-11-06 10:54:23,417 [INFO] IntegrityCheckThread:86 - entering critical section [integrity check]
2025-11-06 10:54:23,417 [INFO] ThirdPartyUpdaterWithRetryManager:70 - Updater plugin not ready yet. [1/15]
2025-11-06 10:54:23,419 [INFO] PluginManage:359 - Loaded plugin tools (category:base,tabindex:7)
2025-11-06 10:54:23,419 [INFO] PluginManage:310 - Check plugin tutovideos
2025-11-06 10:54:23,558 [INFO] PluginManage:359 - Loaded plugin tutovideos (category:base,tabindex:-1)
2025-11-06 10:54:23,558 [INFO] PluginManage:310 - Check plugin updater
2025-11-06 10:54:23,574 [INFO] PluginManage:359 - Loaded plugin updater (category:base,tabindex:12)
2025-11-06 10:54:23,574 [INFO] PluginManage:310 - Check plugin userauth
2025-11-06 10:54:23,576 [INFO] UserAuth:118 - Init User Auth plugin
2025-11-06 10:54:23,577 [INFO] PluginManage:359 - Loaded plugin userauth (category:base,tabindex:14)
2025-11-06 10:54:23,577 [INFO] PluginManage:283 - PluginManage : Loaded plugins [18]
2025-11-06 10:54:23,723 [INFO] PinOutPanel:1589 - setPackage(No Configuration,No Configuration)
2025-11-06 10:54:23,784 [INFO] CADModel:165 - CPN selected for project level
2025-11-06 10:54:23,784 [INFO] CADModel:114 - Register for checkConnection events
2025-11-06 10:54:23,796 [INFO] IPUIPlugin:80 - create IPUIPlugin
2025-11-06 10:54:23,796 [INFO] PluginManager:220 - loadIPPluginJar : add adc
2025-11-06 10:54:23,798 [INFO] IPUIPlugin:80 - create IPUIPlugin
2025-11-06 10:54:23,798 [INFO] PluginManager:220 - loadIPPluginJar : add aes
2025-11-06 10:54:23,799 [INFO] IPUIPlugin:80 - create IPUIPlugin
2025-11-06 10:54:23,800 [INFO] PluginManager:220 - loadIPPluginJar : add can
2025-11-06 10:54:23,800 [INFO] IPUIPlugin:80 - create IPUIPlugin
2025-11-06 10:54:23,801 [INFO] PluginManager:220 - loadIPPluginJar : add comp
2025-11-06 10:54:23,802 [INFO] IPUIPlugin:80 - create IPUIPlugin
2025-11-06 10:54:23,802 [INFO] PluginManager:220 - loadIPPluginJar : add cryp
2025-11-06 10:54:23,804 [INFO] IPUIPlugin:80 - create IPUIPlugin
2025-11-06 10:54:23,804 [INFO] PluginManager:220 - loadIPPluginJar : add ddr_ctrl_phy
2025-11-06 10:54:23,806 [INFO] IPUIPlugin:80 - create IPUIPlugin
2025-11-06 10:54:23,806 [INFO] PluginManager:220 - loadIPPluginJar : add dfsdm
2025-11-06 10:54:23,810 [INFO] IPUIPlugin:80 - create IPUIPlugin
2025-11-06 10:54:23,810 [INFO] PluginManager:220 - loadIPPluginJar : add dma
2025-11-06 10:54:23,812 [INFO] IPUIPlugin:80 - create IPUIPlugin
2025-11-06 10:54:23,812 [INFO] PluginManager:220 - loadIPPluginJar : add dma3
2025-11-06 10:54:23,814 [INFO] IPUIPlugin:80 - create IPUIPlugin
2025-11-06 10:54:23,814 [INFO] PluginManager:220 - loadIPPluginJar : add extmemmanager
2025-11-06 10:54:23,815 [INFO] IPUIPlugin:80 - create IPUIPlugin
2025-11-06 10:54:23,815 [INFO] PluginManager:220 - loadIPPluginJar : add fatfs
2025-11-06 10:54:23,818 [INFO] IPUIPlugin:80 - create IPUIPlugin
2025-11-06 10:54:23,818 [INFO] PluginManager:220 - loadIPPluginJar : add fmc
2025-11-06 10:54:23,822 [INFO] IPUIPlugin:80 - create IPUIPlugin
2025-11-06 10:54:23,822 [INFO] PluginManager:220 - loadIPPluginJar : add freertos
2025-11-06 10:54:23,823 [INFO] IPUIPlugin:80 - create IPUIPlugin
2025-11-06 10:54:23,823 [INFO] PluginManager:220 - loadIPPluginJar : add genericplugin
2025-11-06 10:54:23,824 [INFO] IPUIPlugin:80 - create IPUIPlugin
2025-11-06 10:54:23,824 [INFO] PluginManager:220 - loadIPPluginJar : add gfxmmu
2025-11-06 10:54:23,827 [INFO] IPUIPlugin:80 - create IPUIPlugin
2025-11-06 10:54:23,827 [INFO] PluginManager:220 - loadIPPluginJar : add gic
2025-11-06 10:54:23,830 [INFO] IPUIPlugin:80 - create IPUIPlugin
2025-11-06 10:54:23,830 [INFO] PluginManager:220 - loadIPPluginJar : add gpio
2025-11-06 10:54:23,832 [INFO] IPUIPlugin:80 - create IPUIPlugin
2025-11-06 10:54:23,832 [INFO] PluginManager:220 - loadIPPluginJar : add gtzc
2025-11-06 10:54:23,833 [INFO] IPUIPlugin:80 - create IPUIPlugin
2025-11-06 10:54:23,833 [INFO] PluginManager:220 - loadIPPluginJar : add hash
2025-11-06 10:54:23,835 [INFO] IPUIPlugin:80 - create IPUIPlugin
2025-11-06 10:54:23,835 [INFO] PluginManager:220 - loadIPPluginJar : add i2c
2025-11-06 10:54:23,837 [INFO] IPUIPlugin:80 - create IPUIPlugin
2025-11-06 10:54:23,837 [INFO] PluginManager:220 - loadIPPluginJar : add i2s
2025-11-06 10:54:23,839 [INFO] IPUIPlugin:80 - create IPUIPlugin
2025-11-06 10:54:23,839 [INFO] PluginManager:220 - loadIPPluginJar : add i3c
2025-11-06 10:54:23,841 [INFO] IPUIPlugin:80 - create IPUIPlugin
2025-11-06 10:54:23,842 [INFO] PluginManager:220 - loadIPPluginJar : add ipddr
2025-11-06 10:54:23,847 [INFO] IPUIPlugin:80 - create IPUIPlugin
2025-11-06 10:54:23,847 [INFO] PluginManager:220 - loadIPPluginJar : add linkedlist
2025-11-06 10:54:23,848 [INFO] IPUIPlugin:80 - create IPUIPlugin
2025-11-06 10:54:23,849 [INFO] PluginManager:220 - loadIPPluginJar : add lorawan
2025-11-06 10:54:23,849 [INFO] IPUIPlugin:80 - create IPUIPlugin
2025-11-06 10:54:23,849 [INFO] PluginManager:220 - loadIPPluginJar : add ltdc
2025-11-06 10:54:23,853 [INFO] IPUIPlugin:80 - create IPUIPlugin
2025-11-06 10:54:23,853 [INFO] PluginManager:220 - loadIPPluginJar : add mdma
2025-11-06 10:54:23,856 [INFO] IPUIPlugin:80 - create IPUIPlugin
2025-11-06 10:54:23,856 [INFO] PluginManager:220 - loadIPPluginJar : add nvic
2025-11-06 10:54:23,858 [INFO] IPUIPlugin:80 - create IPUIPlugin
2025-11-06 10:54:23,858 [INFO] PluginManager:220 - loadIPPluginJar : add opamp
2025-11-06 10:54:23,859 [INFO] IPUIPlugin:80 - create IPUIPlugin
2025-11-06 10:54:23,859 [INFO] PluginManager:220 - loadIPPluginJar : add openamp
2025-11-06 10:54:23,861 [INFO] IPUIPlugin:80 - create IPUIPlugin
2025-11-06 10:54:23,861 [INFO] PluginManager:220 - loadIPPluginJar : add pdm2pcm
2025-11-06 10:54:23,865 [INFO] IPUIPlugin:80 - create IPUIPlugin
2025-11-06 10:54:23,867 [INFO] PluginManager:220 - loadIPPluginJar : add plateformsettings
2025-11-06 10:54:23,868 [INFO] IPUIPlugin:80 - create IPUIPlugin
2025-11-06 10:54:23,868 [INFO] PluginManager:220 - loadIPPluginJar : add quadspi
2025-11-06 10:54:23,869 [INFO] IPUIPlugin:80 - create IPUIPlugin
2025-11-06 10:54:23,869 [INFO] PluginManager:220 - loadIPPluginJar : add radio
2025-11-06 10:54:23,871 [INFO] IPUIPlugin:80 - create IPUIPlugin
2025-11-06 10:54:23,871 [INFO] PluginManager:220 - loadIPPluginJar : add resmgrutility
2025-11-06 10:54:23,873 [INFO] IPUIPlugin:80 - create IPUIPlugin
2025-11-06 10:54:23,873 [INFO] PluginManager:220 - loadIPPluginJar : add sai
2025-11-06 10:54:23,875 [INFO] IPUIPlugin:80 - create IPUIPlugin
2025-11-06 10:54:23,875 [INFO] PluginManager:220 - loadIPPluginJar : add spi
2025-11-06 10:54:23,880 [INFO] IPUIPlugin:80 - create IPUIPlugin
2025-11-06 10:54:23,880 [INFO] PluginManager:220 - loadIPPluginJar : add stm32_wpan
2025-11-06 10:54:23,881 [INFO] IPUIPlugin:80 - create IPUIPlugin
2025-11-06 10:54:23,881 [INFO] PluginManager:220 - loadIPPluginJar : add tim
2025-11-06 10:54:23,883 [INFO] IPUIPlugin:80 - create IPUIPlugin
2025-11-06 10:54:23,883 [INFO] PluginManager:220 - loadIPPluginJar : add touchsensing
2025-11-06 10:54:23,885 [INFO] IPUIPlugin:80 - create IPUIPlugin
2025-11-06 10:54:23,885 [INFO] PluginManager:220 - loadIPPluginJar : add tracer_emb
2025-11-06 10:54:23,886 [INFO] IPUIPlugin:80 - create IPUIPlugin
2025-11-06 10:54:23,886 [INFO] PluginManager:220 - loadIPPluginJar : add ts
2025-11-06 10:54:23,887 [INFO] IPUIPlugin:80 - create IPUIPlugin
2025-11-06 10:54:23,887 [INFO] PluginManager:220 - loadIPPluginJar : add tsc
2025-11-06 10:54:23,888 [INFO] IPUIPlugin:80 - create IPUIPlugin
2025-11-06 10:54:23,888 [INFO] PluginManager:220 - loadIPPluginJar : add ucpd
2025-11-06 10:54:23,890 [INFO] IPUIPlugin:80 - create IPUIPlugin
2025-11-06 10:54:23,890 [INFO] PluginManager:220 - loadIPPluginJar : add usart
2025-11-06 10:54:23,892 [INFO] IPUIPlugin:80 - create IPUIPlugin
2025-11-06 10:54:23,892 [INFO] PluginManager:220 - loadIPPluginJar : add usbx
2025-11-06 10:54:24,007 [FATAL] Updater:351 - Updater called before beeing initialized
2025-11-06 10:54:24,025 [INFO] RulesReader:64 - Compatibility file has been processed (317 Rules)
2025-11-06 10:54:24,033 [INFO] RulesReader:64 - Compatibility file has been processed (317 Rules)
2025-11-06 10:54:24,040 [INFO] CADModel:165 - CPN selected for project level
2025-11-06 10:54:24,040 [INFO] CADModel:114 - Register for checkConnection events
2025-11-06 10:54:24,040 [FATAL] Updater:351 - Updater called before beeing initialized
2025-11-06 10:54:24,040 [ERROR] CADModel:125 - Updater not yet initialized, retry later 
2025-11-06 10:54:24,138 [FATAL] Updater:351 - Updater called before beeing initialized
2025-11-06 10:54:24,139 [INFO] CADModel:165 - CPN selected for project level
2025-11-06 10:54:24,139 [INFO] CADModel:114 - Register for checkConnection events
2025-11-06 10:54:24,139 [FATAL] Updater:351 - Updater called before beeing initialized
2025-11-06 10:54:24,139 [ERROR] CADModel:125 - Updater not yet initialized, retry later 
2025-11-06 10:54:24,142 [FATAL] Updater:351 - Updater called before beeing initialized
2025-11-06 10:54:24,224 [FATAL] Updater:351 - Updater called before beeing initialized
2025-11-06 10:54:24,227 [INFO] DbMcusAds:53 - JSON generation date=Thu Oct 02 15:06:05 IST 2025 (1759397765645)
2025-11-06 10:54:24,227 [FATAL] Updater:351 - Updater called before beeing initialized
2025-11-06 10:54:24,252 [WARN] DetailPanel:346 - Failed to get advertising image, set to default
2025-11-06 10:54:24,320 [FATAL] Updater:351 - Updater called before beeing initialized
2025-11-06 10:54:24,321 [FATAL] Updater:351 - Updater called before beeing initialized
2025-11-06 10:54:24,321 [FATAL] Updater:351 - Updater called before beeing initialized
2025-11-06 10:54:24,321 [WARN] DetailPanel:346 - Failed to get advertising image, set to default
2025-11-06 10:54:24,322 [FATAL] Updater:351 - Updater called before beeing initialized
2025-11-06 10:54:24,352 [ERROR] Updater:1198 - MainUpdater not yet initialized. External WinMGr cannot be set.
2025-11-06 10:54:24,353 [INFO] Updater:1134 - Updater Version found : 6.15.0
2025-11-06 10:54:24,366 [INFO] ApplicationProperties:184 - Using Application install path: C:\ST\STM32CubeIDE_1.19.0\STM32CubeIDE\plugins\com.st.stm32cube.common.mx_6.15.0.202507011659
2025-11-06 10:54:25,932 [ERROR] LogOutputStream:75 - [STDERR_REDIRECT] Nov 06, 2025 10:54:25 AM java.util.prefs.WindowsPreferences <init>
2025-11-06 10:54:25,933 [ERROR] LogOutputStream:75 - [STDERR_REDIRECT] WARNING: Could not open/create prefs root node Software\JavaSoft\Prefs at root 0xffffffff80000002. Windows RegCreateKeyEx(...) returned error code 5.
2025-11-06 10:54:25,933 [ERROR] LogOutputStream:75 - [STDERR_REDIRECT] 
2025-11-06 10:54:26,091 [INFO] MainUpdater:2872 - connection check result : 22
2025-11-06 10:54:26,092 [INFO] MainUpdater:289 - Updater Check For Update Now.
2025-11-06 10:54:26,103 [INFO] MicroXplorer:498 - Change Database Version : DB.6.0.150
2025-11-06 10:54:26,109 [INFO] McuFinderGlobals:63 - Set McuFinder mode to 2 (CubeIDE integrated)
2025-11-06 10:54:26,110 [INFO] UserAuth:171 - activating auth plugin
2025-11-06 10:54:26,113 [INFO] UserAuth:487 - Internet connection configuration mode: 2
2025-11-06 10:54:26,129 [INFO] UserAuth:487 - Internet connection configuration mode: 2
2025-11-06 10:54:26,284 [INFO] CheckServerUpdateThread:120 - End of CheckServer Thread
2025-11-06 10:54:26,566 [WARN] PackLoader:240 - Cannot read IP mode file for STMicroelectronics.FP-SNS-MOTENVWB1.1.4.0
2025-11-06 10:54:26,573 [WARN] PackLoader:240 - Cannot read IP mode file for STMicroelectronics.FP-ATR-ASTRA1.2.0.2
2025-11-06 10:54:26,583 [WARN] PackLoader:240 - Cannot read IP mode file for STMicroelectronics.X-CUBE-SMBUS.2.1.0
2025-11-06 10:54:26,609 [WARN] PackLoader:240 - Cannot read IP mode file for STMicroelectronics.X-CUBE-AZRTOS-F7.1.1.0
2025-11-06 10:54:26,617 [WARN] PackLoader:240 - Cannot read IP mode file for Cesanta.I-CUBE-Mongoose.7.19.0
2025-11-06 10:54:26,623 [WARN] PackLoader:240 - Cannot read IP mode file for STMicroelectronics.FP-SNS-MOTENV1.5.1.0
2025-11-06 10:54:26,634 [WARN] PackLoader:240 - Cannot read IP mode file for WES.I-CUBE-Cesium.1.4.0
2025-11-06 10:54:26,656 [WARN] PackLoader:240 - Cannot read IP mode file for Infineon.AIROC-Wi-Fi-Bluetooth-STM32.1.7.1
2025-11-06 10:54:26,677 [WARN] PackLoader:240 - Cannot read IP mode file for STMicroelectronics.X-CUBE-AZRTOS-H7.3.4.0
2025-11-06 10:54:26,688 [WARN] PackLoader:240 - Cannot read IP mode file for STMicroelectronics.X-CUBE-DISPLAY.3.0.0
2025-11-06 10:54:26,699 [WARN] PackLoader:240 - Cannot read IP mode file for STMicroelectronics.X-CUBE-NFC10.1.0.0
2025-11-06 10:54:26,706 [WARN] PackLoader:240 - Cannot read IP mode file for STMicroelectronics.X-CUBE-ST60.1.1.0
2025-11-06 10:54:26,712 [WARN] PackLoader:240 - Cannot read IP mode file for emotas.I-CUBE-CANOPEN.1.3.0
2025-11-06 10:54:26,716 [WARN] PackLoader:240 - Cannot read IP mode file for STMicroelectronics.X-CUBE-GNSS1.7.1.0
2025-11-06 10:54:26,725 [WARN] PackLoader:240 - Cannot read IP mode file for STMicroelectronics.FP-SNS-STBOX1.2.1.0
2025-11-06 10:54:26,743 [WARN] PackLoader:240 - Cannot read IP mode file for STMicroelectronics.FP-SNS-SMARTAG2.1.2.0
2025-11-06 10:54:26,749 [WARN] PackLoader:240 - Cannot read IP mode file for STMicroelectronics.FP-SNS-FLIGHT1.5.1.0
2025-11-06 10:54:26,759 [INFO] LogOutputStream:77 - [STDOUT_REDIRECT] 1 : Invalid condition id : UX_CORESTACK_Condition cause : null
2025-11-06 10:54:26,760 [INFO] LogOutputStream:77 - [STDOUT_REDIRECT] 1 : Invalid condition id : UX_CORESTACK_Condition cause : null
2025-11-06 10:54:26,761 [INFO] LogOutputStream:77 - [STDOUT_REDIRECT] 1 : Invalid condition id : UX_CORESTACK_Condition cause : null
2025-11-06 10:54:26,762 [INFO] LogOutputStream:77 - [STDOUT_REDIRECT] 1 : Invalid condition id : UX_CORESTACK_Condition cause : null
2025-11-06 10:54:26,763 [INFO] LogOutputStream:77 - [STDOUT_REDIRECT] 1 : Invalid condition id : UX_CORESTACK_Condition cause : null
2025-11-06 10:54:26,765 [WARN] PackLoader:240 - Cannot read IP mode file for STMicroelectronics.X-CUBE-AZRTOS-WL.2.0.0
2025-11-06 10:54:26,772 [WARN] PackLoader:240 - Cannot read IP mode file for STMicroelectronics.X-CUBE-BLE2.3.3.0
2025-11-06 10:54:26,778 [WARN] PackLoader:240 - Cannot read IP mode file for STMicroelectronics.X-CUBE-NFC9.1.0.0
2025-11-06 10:54:26,787 [WARN] PackLoader:240 - Cannot read IP mode file for wolfSSL.I-CUBE-wolfSSL.5.8.2
2025-11-06 10:54:26,814 [WARN] PackLoader:240 - Cannot read IP mode file for STMicroelectronics.X-CUBE-BLE1.7.1.0
2025-11-06 10:54:26,820 [WARN] PackLoader:240 - Cannot read IP mode file for wolfSSL.I-CUBE-wolfMQTT.1.19.2
2025-11-06 10:54:26,827 [WARN] PackLoader:240 - Cannot read IP mode file for STMicroelectronics.X-CUBE-EEPRMA1.5.2.0
2025-11-06 10:54:26,841 [WARN] PackLoader:240 - Cannot read IP mode file for STMicroelectronics.X-CUBE-ST67W61.1.1.0
2025-11-06 10:54:26,852 [WARN] PackLoader:240 - Cannot read IP mode file for STMicroelectronics.X-CUBE-AZRTOS-G0.1.1.0
2025-11-06 10:54:26,860 [WARN] PackLoader:240 - Cannot read IP mode file for STMicroelectronics.X-CUBE-SAFEA1.1.2.2
2025-11-06 10:54:26,865 [WARN] PackLoader:240 - Cannot read IP mode file for STMicroelectronics.X-CUBE-NFC4.3.0.0
2025-11-06 10:54:26,873 [WARN] PackLoader:240 - Cannot read IP mode file for EmbeddedOffice.I-CUBE-FS-RTOS.1.0.1
2025-11-06 10:54:26,878 [WARN] PackLoader:240 - Cannot read IP mode file for STMicroelectronics.X-CUBE-WB05N.2.0.0
2025-11-06 10:54:26,882 [WARN] PackLoader:240 - Cannot read IP mode file for wolfSSL.I-CUBE-wolfTPM.3.8.0
2025-11-06 10:54:26,886 [WARN] PackLoader:240 - Cannot read IP mode file for STMicroelectronics.X-CUBE-TCPP.4.2.0
2025-11-06 10:54:26,891 [WARN] PackLoader:240 - Cannot read IP mode file for RealThread.X-CUBE-RT-Thread_Nano.4.1.1
2025-11-06 10:54:26,894 [WARN] PackLoader:240 - Cannot read IP mode file for STMicroelectronics.FP-ATR-SIGFOX1.3.2.0
2025-11-06 10:54:26,899 [WARN] PackLoader:240 - Cannot read IP mode file for ITTIA_DB.I-CUBE-ITTIADB.8.9.0
2025-11-06 10:54:26,902 [WARN] PackLoader:240 - Cannot read IP mode file for STMicroelectronics.X-CUBE-AI.10.2.0
2025-11-06 10:54:26,917 [WARN] PackLoader:240 - Cannot read IP mode file for SEGGER.I-CUBE-embOS.1.3.1
2025-11-06 10:54:26,955 [WARN] PackLoader:240 - Cannot read IP mode file for STMicroelectronics.X-CUBE-ALGOBUILD.1.4.0
2025-11-06 10:54:26,985 [WARN] PackLoader:240 - Cannot read IP mode file for STMicroelectronics.X-CUBE-MEMS1.11.3.0
2025-11-06 10:54:27,085 [WARN] PackLoader:240 - Cannot read IP mode file for STMicroelectronics.X-CUBE-PM33A1.1.0.0
2025-11-06 10:54:27,098 [WARN] PackLoader:240 - Cannot read IP mode file for STMicroelectronics.X-CUBE-AZRTOS-F4.1.1.0
2025-11-06 10:54:27,105 [WARN] PackLoader:240 - Cannot read IP mode file for STMicroelectronics.X-CUBE-ISPU.2.1.0
2025-11-06 10:54:27,117 [WARN] PackLoader:240 - Cannot read IP mode file for STMicroelectronics.X-CUBE-IPS.3.2.0
2025-11-06 10:54:27,127 [WARN] PackLoader:240 - Cannot read IP mode file for STMicroelectronics.X-CUBE-NFC12.1.0.0
2025-11-06 10:54:27,142 [WARN] PackLoader:240 - Cannot read IP mode file for STMicroelectronics.X-CUBE-AZRTOS-L5.2.0.0
2025-11-06 10:54:27,149 [WARN] PackLoader:240 - Cannot read IP mode file for STMicroelectronics.X-CUBE-NFC6.3.1.0
2025-11-06 10:54:27,156 [WARN] PackLoader:240 - Cannot read IP mode file for STMicroelectronics.X-CUBE-FREERTOS.1.3.1
2025-11-06 10:54:27,165 [WARN] PackLoader:240 - Cannot read IP mode file for STMicroelectronics.X-CUBE-TOUCHGFX.4.26.0
2025-11-06 10:54:27,169 [WARN] PackLoader:240 - Cannot read IP mode file for STMicroelectronics.FP-SNS-STAIOTCFT.1.0.0
2025-11-06 10:54:27,174 [WARN] PackLoader:240 - Cannot read IP mode file for STMicroelectronics.X-CUBE-DPower.1.3.0
2025-11-06 10:54:27,185 [WARN] ConditionMgr:438 - getConditionDescription Invalid condition id : LAN8742 Phy interface Condition cause : null
2025-11-06 10:54:27,185 [WARN] PackLoader:240 - Cannot read IP mode file for STMicroelectronics.X-CUBE-AZRTOS-L4.2.0.0
2025-11-06 10:54:27,186 [WARN] ConditionMgr:1044 - genDependencies : Invalid condition id : LAN8742 Phy interface Condition cause : null
2025-11-06 10:54:27,186 [WARN] ConditionMgr:1044 - genDependencies : Invalid condition id : LAN8742 Phy interface Condition cause : null
2025-11-06 10:54:27,187 [WARN] ConditionMgr:1044 - genDependencies : Invalid condition id : LAN8742 Phy interface Condition cause : null
2025-11-06 10:54:27,192 [WARN] PackLoader:240 - Cannot read IP mode file for STMicroelectronics.X-CUBE-SFXS2LP1.4.0.0
2025-11-06 10:54:27,199 [WARN] PackLoader:240 - Cannot read IP mode file for STMicroelectronics.X-CUBE-BLEMGR.4.1.0
2025-11-06 10:54:27,209 [WARN] ConditionMgr:438 - getConditionDescription Invalid condition id : UX DEVICE CLASS RTOS Condition cause : null
2025-11-06 10:54:27,210 [WARN] ConditionMgr:438 - getConditionDescription Invalid condition id : UX DEVICE CLASS RTOS Condition cause : null
2025-11-06 10:54:27,212 [WARN] PackLoader:240 - Cannot read IP mode file for STMicroelectronics.X-CUBE-AZRTOS-WB.2.0.0
2025-11-06 10:54:27,212 [WARN] ConditionMgr:1044 - genDependencies : Invalid condition id : UX DEVICE CLASS RTOS Condition cause : null
2025-11-06 10:54:27,212 [WARN] ConditionMgr:1044 - genDependencies : Invalid condition id : UX DEVICE CLASS RTOS Condition cause : null
2025-11-06 10:54:27,212 [WARN] ConditionMgr:1044 - genDependencies : Invalid condition id : UX DEVICE CLASS RTOS Condition cause : null
2025-11-06 10:54:27,212 [WARN] ConditionMgr:1044 - genDependencies : Invalid condition id : UX DEVICE CLASS RTOS Condition cause : null
2025-11-06 10:54:27,213 [WARN] ConditionMgr:1044 - genDependencies : Invalid condition id : UX DEVICE CLASS RTOS Condition cause : null
2025-11-06 10:54:27,217 [WARN] ConditionMgr:438 - getConditionDescription Invalid condition id : Cortex-A Device cause : null
2025-11-06 10:54:27,237 [WARN] ConditionMgr:1044 - genDependencies : Invalid condition id : Cortex-A Device cause : null
2025-11-06 10:54:27,237 [WARN] ConditionMgr:1044 - genDependencies : Invalid condition id : Cortex-A Device cause : null
2025-11-06 10:54:27,238 [WARN] ConditionMgr:1044 - genDependencies : Invalid condition id : Cortex-A Device cause : null
2025-11-06 10:54:27,249 [WARN] PackLoader:240 - Cannot read IP mode file for STMicroelectronics.X-CUBE-SUBG2.5.0.0
2025-11-06 10:54:27,267 [WARN] PackLoader:240 - Cannot read IP mode file for STMicroelectronics.X-CUBE-AZRTOS-H7RS.1.1.0
2025-11-06 10:54:27,280 [WARN] PackLoader:240 - Cannot read IP mode file for STMicroelectronics.X-CUBE-AZRTOS-G4.2.0.0
2025-11-06 10:54:27,286 [WARN] PackLoader:240 - Cannot read IP mode file for wolfSSL.I-CUBE-wolfSSH.1.4.20
2025-11-06 10:54:27,290 [WARN] PackLoader:240 - Cannot read IP mode file for STMicroelectronics.X-CUBE-NFC7.2.0.0
2025-11-06 10:54:27,294 [WARN] PackLoader:240 - Cannot read IP mode file for STMicroelectronics.X-CUBE-ALS.1.0.2
2025-11-06 10:54:27,320 [WARN] PackLoader:240 - Cannot read IP mode file for STMicroelectronics.X-CUBE-STSE01.1.0.0
2025-11-06 10:54:27,331 [WARN] PackLoader:240 - Cannot read IP mode file for STMicroelectronics.X-CUBE-TOF1.3.4.3
2025-11-06 10:54:27,341 [INFO] ThirdParty:978 - Integrity check success = true
2025-11-06 10:54:27,341 [INFO] IntegrityCheckThread:100 - exiting critical section [integrity check]
2025-11-06 10:54:27,341 [INFO] IntegrityCheckThread:103 - End integrity checks thread
2025-11-06 12:45:54,540 [INFO] Activator:176 - 


2025-11-06 12:45:54,542 [INFO] Activator:177 - !SESSION log4j initialized
2025-11-06 12:46:00,023 [INFO] LogOutputStream:77 - [STDOUT_REDIRECT] 
2025-11-06 12:46:01,071 [INFO] ApplicationProperties:184 - Using Application install path: C:\ST\STM32CubeIDE_1.19.0\STM32CubeIDE\plugins\com.st.stm32cube.common.mx_6.15.0.202507011659
2025-11-06 12:46:01,086 [INFO] DbMcusXml:78 - Set database path to: C:\ST\STM32CubeIDE_1.19.0\STM32CubeIDE\plugins\com.st.stm32cube.common.mx_6.15.0.202507011659\\db\/mcu/
2025-11-06 12:46:01,086 [INFO] ApiDb:274 - Set plugin database path to: C:\ST\STM32CubeIDE_1.19.0\STM32CubeIDE\plugins\com.st.stm32cube.common.mx_6.15.0.202507011659\\db\/plugins/boardmanager/
2025-11-06 12:46:01,086 [WARN] ApiDb:259 - Overriding images path with different value:  => C:\ST\STM32CubeIDE_1.19.0\STM32CubeIDE\plugins\com.st.stm32cube.common.mx_6.15.0.202507011659\\db\/plugins/mcufinder/images/
2025-11-06 12:46:01,094 [INFO] ApiDb:250 - Set database path to: C:\Users\USER\.stmcufinder\plugins\mcufinder//mcu/
2025-11-06 12:46:01,095 [INFO] DbMcusAds:125 - Set database path to: C:\Users\USER\.stmcufinder\plugins\mcufinder//mcu/
2025-11-06 12:46:01,097 [INFO] CrossReferenceDbSqlite:203 - Set database path to: C:\Users\USER\.stmcufinder\plugins\mcufinder//mcu/cs/
2025-11-06 12:46:01,181 [INFO] RulesReader:64 - Compatibility file has been processed (317 Rules)
2025-11-06 12:46:01,253 [INFO] DbMcusXml:78 - Set database path to: C:\ST\STM32CubeIDE_1.19.0\STM32CubeIDE\plugins\com.st.stm32cube.common.mx_6.15.0.202507011659\\db\/mcu/
2025-11-06 12:46:01,253 [INFO] ApiDb:274 - Set plugin database path to: C:\ST\STM32CubeIDE_1.19.0\STM32CubeIDE\plugins\com.st.stm32cube.common.mx_6.15.0.202507011659\\db\/plugins/boardmanager/
2025-11-06 12:46:01,254 [INFO] ApiDb:261 - Set plugin images path to: C:\ST\STM32CubeIDE_1.19.0\STM32CubeIDE\plugins\com.st.stm32cube.common.mx_6.15.0.202507011659\\db\/plugins/mcufinder/images/
2025-11-06 12:46:01,254 [WARN] DbFile:41 - Overriding database path with different value: C:\Users\USER\.stmcufinder\plugins\mcufinder/ => C:\Users\USER\.stmcufinder\plugins\mcufinder
2025-11-06 12:46:01,254 [INFO] ApiDb:250 - Set database path to: C:\Users\USER\.stmcufinder\plugins\mcufinder//mcu/
2025-11-06 12:46:01,254 [WARN] DbFile:41 - Overriding database path with different value: C:\Users\USER\.stmcufinder\plugins\mcufinder/ => C:\Users\USER\.stmcufinder\plugins\mcufinder
2025-11-06 12:46:01,254 [INFO] DbMcusAds:125 - Set database path to: C:\Users\USER\.stmcufinder\plugins\mcufinder//mcu/
2025-11-06 12:46:01,254 [WARN] DbFile:41 - Overriding database path with different value: C:\Users\USER\.stmcufinder\plugins\mcufinder/ => C:\Users\USER\.stmcufinder\plugins\mcufinder
2025-11-06 12:46:01,254 [WARN] DbFile:41 - Overriding database path with different value: C:\Users\USER\.stmcufinder\plugins\mcufinder/ => C:\Users\USER\.stmcufinder\plugins\mcufinder
2025-11-06 12:46:01,254 [INFO] CrossReferenceDbSqlite:203 - Set database path to: C:\Users\USER\.stmcufinder\plugins\mcufinder//mcu/cs/
2025-11-06 12:46:01,314 [INFO] MainPanel:274 - HeapMemory: 268435456
2025-11-06 12:46:01,406 [INFO] DbMcusXml:78 - Set database path to: C:\ST\STM32CubeIDE_1.19.0\STM32CubeIDE\plugins\com.st.stm32cube.common.mx_6.15.0.202507011659\\db\/mcu/
2025-11-06 12:46:01,406 [INFO] ApiDb:274 - Set plugin database path to: C:\ST\STM32CubeIDE_1.19.0\STM32CubeIDE\plugins\com.st.stm32cube.common.mx_6.15.0.202507011659\\db\/plugins/boardmanager/
2025-11-06 12:46:01,406 [INFO] ApiDb:261 - Set plugin images path to: C:\ST\STM32CubeIDE_1.19.0\STM32CubeIDE\plugins\com.st.stm32cube.common.mx_6.15.0.202507011659\\db\/plugins/mcufinder/images/
2025-11-06 12:46:01,407 [WARN] DbFile:41 - Overriding database path with different value: C:\Users\USER\.stmcufinder\plugins\mcufinder/ => C:\Users\USER\.stmcufinder\plugins\mcufinder
2025-11-06 12:46:01,407 [INFO] ApiDb:250 - Set database path to: C:\Users\USER\.stmcufinder\plugins\mcufinder//mcu/
2025-11-06 12:46:01,407 [WARN] DbFile:41 - Overriding database path with different value: C:\Users\USER\.stmcufinder\plugins\mcufinder/ => C:\Users\USER\.stmcufinder\plugins\mcufinder
2025-11-06 12:46:01,407 [INFO] DbMcusAds:125 - Set database path to: C:\Users\USER\.stmcufinder\plugins\mcufinder//mcu/
2025-11-06 12:46:01,407 [WARN] DbFile:41 - Overriding database path with different value: C:\Users\USER\.stmcufinder\plugins\mcufinder/ => C:\Users\USER\.stmcufinder\plugins\mcufinder
2025-11-06 12:46:01,407 [WARN] DbFile:41 - Overriding database path with different value: C:\Users\USER\.stmcufinder\plugins\mcufinder/ => C:\Users\USER\.stmcufinder\plugins\mcufinder
2025-11-06 12:46:01,407 [INFO] CrossReferenceDbSqlite:203 - Set database path to: C:\Users\USER\.stmcufinder\plugins\mcufinder//mcu/cs/
2025-11-06 12:46:01,422 [INFO] ApplicationProperties:184 - Using Application install path: C:\ST\STM32CubeIDE_1.19.0\STM32CubeIDE\plugins\com.st.stm32cube.common.mx_6.15.0.202507011659
2025-11-06 12:46:01,423 [INFO] PluginManage:196 - Search for loadable plugins [exclusion list=, ]
2025-11-06 12:46:01,424 [INFO] PluginManage:310 - Check plugin analytics
2025-11-06 12:46:01,564 [INFO] AnalyticsPlugin:253 - Accepted Software Licenses: 
2025-11-06 12:46:01,565 [INFO] AnalyticsPlugin:255 - Accepted CMSIS Pack Licenses: 
2025-11-06 12:46:01,565 [INFO] AnalyticsPlugin:257 - Accepted Firmware Licenses: 
2025-11-06 12:46:01,567 [INFO] PluginManage:359 - Loaded plugin analytics (category:tool,tabindex:-1)
2025-11-06 12:46:01,567 [INFO] PluginManage:310 - Check plugin cadmodel
2025-11-06 12:46:01,582 [INFO] CADModel:105 - Init CAD model plugin
2025-11-06 12:46:01,582 [INFO] PluginManage:359 - Loaded plugin cadmodel (category:power,tabindex:5)
2025-11-06 12:46:01,582 [INFO] PluginManage:310 - Check plugin clock
2025-11-06 12:46:01,590 [INFO] PluginManage:359 - Loaded plugin clock (category:base,tabindex:2)
2025-11-06 12:46:01,591 [INFO] PluginManage:310 - Check plugin ddr
2025-11-06 12:46:01,592 [INFO] PluginManage:359 - Loaded plugin ddr (category:tool,tabindex:6)
2025-11-06 12:46:01,593 [INFO] PluginManage:310 - Check plugin filemanager
2025-11-06 12:46:01,716 [INFO] PluginManage:359 - Loaded plugin filemanager (category:base,tabindex:10)
2025-11-06 12:46:01,716 [INFO] PluginManage:310 - Check plugin ipmanager
2025-11-06 12:46:01,722 [INFO] PluginManage:359 - Loaded plugin ipmanager (category:base,tabindex:5)
2025-11-06 12:46:01,722 [INFO] PluginManage:310 - Check plugin lpbam
2025-11-06 12:46:01,728 [INFO] PluginManage:359 - Loaded plugin lpbam (category:base,tabindex:0)
2025-11-06 12:46:01,729 [INFO] PluginManage:310 - Check plugin memorymap
2025-11-06 12:46:01,740 [INFO] PluginManage:359 - Loaded plugin memorymap (category:base,tabindex:4)
2025-11-06 12:46:01,741 [INFO] PluginManage:310 - Check plugin pinoutandconfiguration
2025-11-06 12:46:01,748 [INFO] PluginManage:359 - Loaded plugin pinoutandconfiguration (category:base,tabindex:1)
2025-11-06 12:46:01,748 [INFO] PluginManage:310 - Check plugin pinoutconfig
2025-11-06 12:46:01,815 [WARN] SupportedApi:132 - Cannot load RTOS API schema: s4s-elt-must-match.1: The content of 'definitions' must match (annotation?, (simpleType | complexType)?, (unique | key | keyref)*)). A problem was found starting at: attribute.
2025-11-06 12:46:01,909 [INFO] PluginManage:359 - Loaded plugin pinoutconfig (category:base,tabindex:0)
2025-11-06 12:46:01,909 [INFO] PluginManage:310 - Check plugin power
2025-11-06 12:46:01,917 [INFO] PluginManage:359 - Loaded plugin power (category:power,tabindex:4)
2025-11-06 12:46:01,917 [INFO] PluginManage:310 - Check plugin projectmanager
2025-11-06 12:46:01,928 [INFO] PluginManage:359 - Loaded plugin projectmanager (category:projectmanager,tabindex:4)
2025-11-06 12:46:01,928 [INFO] PluginManage:310 - Check plugin rif
2025-11-06 12:46:01,937 [INFO] PluginManage:359 - Loaded plugin rif (category:base,tabindex:3)
2025-11-06 12:46:01,937 [INFO] PluginManage:310 - Check plugin thirdparty
2025-11-06 12:46:02,045 [INFO] PluginManage:359 - Loaded plugin thirdparty (category:base,tabindex:-1)
2025-11-06 12:46:02,045 [INFO] PluginManage:310 - Check plugin tools
2025-11-06 12:46:02,045 [WARN] IntegrityCheckThread:84 - waiting for thirdparty lock release [integrity check]
2025-11-06 12:46:02,045 [INFO] IntegrityCheckThread:86 - entering critical section [integrity check]
2025-11-06 12:46:02,045 [INFO] ThirdPartyUpdaterWithRetryManager:70 - Updater plugin not ready yet. [1/15]
2025-11-06 12:46:02,048 [INFO] PluginManage:359 - Loaded plugin tools (category:base,tabindex:7)
2025-11-06 12:46:02,048 [INFO] PluginManage:310 - Check plugin tutovideos
2025-11-06 12:46:02,207 [INFO] PluginManage:359 - Loaded plugin tutovideos (category:base,tabindex:-1)
2025-11-06 12:46:02,207 [INFO] PluginManage:310 - Check plugin updater
2025-11-06 12:46:02,224 [INFO] PluginManage:359 - Loaded plugin updater (category:base,tabindex:12)
2025-11-06 12:46:02,224 [INFO] PluginManage:310 - Check plugin userauth
2025-11-06 12:46:02,227 [INFO] UserAuth:118 - Init User Auth plugin
2025-11-06 12:46:02,228 [INFO] PluginManage:359 - Loaded plugin userauth (category:base,tabindex:14)
2025-11-06 12:46:02,228 [INFO] PluginManage:283 - PluginManage : Loaded plugins [18]
2025-11-06 12:46:02,385 [INFO] PinOutPanel:1589 - setPackage(No Configuration,No Configuration)
2025-11-06 12:46:02,451 [INFO] CADModel:165 - CPN selected for project level
2025-11-06 12:46:02,451 [INFO] CADModel:114 - Register for checkConnection events
2025-11-06 12:46:02,470 [INFO] IPUIPlugin:80 - create IPUIPlugin
2025-11-06 12:46:02,471 [INFO] PluginManager:220 - loadIPPluginJar : add adc
2025-11-06 12:46:02,472 [INFO] IPUIPlugin:80 - create IPUIPlugin
2025-11-06 12:46:02,472 [INFO] PluginManager:220 - loadIPPluginJar : add aes
2025-11-06 12:46:02,474 [INFO] IPUIPlugin:80 - create IPUIPlugin
2025-11-06 12:46:02,475 [INFO] PluginManager:220 - loadIPPluginJar : add can
2025-11-06 12:46:02,476 [INFO] IPUIPlugin:80 - create IPUIPlugin
2025-11-06 12:46:02,476 [INFO] PluginManager:220 - loadIPPluginJar : add comp
2025-11-06 12:46:02,477 [INFO] IPUIPlugin:80 - create IPUIPlugin
2025-11-06 12:46:02,477 [INFO] PluginManager:220 - loadIPPluginJar : add cryp
2025-11-06 12:46:02,480 [INFO] IPUIPlugin:80 - create IPUIPlugin
2025-11-06 12:46:02,480 [INFO] PluginManager:220 - loadIPPluginJar : add ddr_ctrl_phy
2025-11-06 12:46:02,482 [INFO] IPUIPlugin:80 - create IPUIPlugin
2025-11-06 12:46:02,482 [INFO] PluginManager:220 - loadIPPluginJar : add dfsdm
2025-11-06 12:46:02,486 [INFO] IPUIPlugin:80 - create IPUIPlugin
2025-11-06 12:46:02,486 [INFO] PluginManager:220 - loadIPPluginJar : add dma
2025-11-06 12:46:02,488 [INFO] IPUIPlugin:80 - create IPUIPlugin
2025-11-06 12:46:02,488 [INFO] PluginManager:220 - loadIPPluginJar : add dma3
2025-11-06 12:46:02,490 [INFO] IPUIPlugin:80 - create IPUIPlugin
2025-11-06 12:46:02,490 [INFO] PluginManager:220 - loadIPPluginJar : add extmemmanager
2025-11-06 12:46:02,492 [INFO] IPUIPlugin:80 - create IPUIPlugin
2025-11-06 12:46:02,492 [INFO] PluginManager:220 - loadIPPluginJar : add fatfs
2025-11-06 12:46:02,495 [INFO] IPUIPlugin:80 - create IPUIPlugin
2025-11-06 12:46:02,495 [INFO] PluginManager:220 - loadIPPluginJar : add fmc
2025-11-06 12:46:02,501 [INFO] IPUIPlugin:80 - create IPUIPlugin
2025-11-06 12:46:02,501 [INFO] PluginManager:220 - loadIPPluginJar : add freertos
2025-11-06 12:46:02,502 [INFO] IPUIPlugin:80 - create IPUIPlugin
2025-11-06 12:46:02,502 [INFO] PluginManager:220 - loadIPPluginJar : add genericplugin
2025-11-06 12:46:02,504 [INFO] IPUIPlugin:80 - create IPUIPlugin
2025-11-06 12:46:02,504 [INFO] PluginManager:220 - loadIPPluginJar : add gfxmmu
2025-11-06 12:46:02,507 [INFO] IPUIPlugin:80 - create IPUIPlugin
2025-11-06 12:46:02,507 [INFO] PluginManager:220 - loadIPPluginJar : add gic
2025-11-06 12:46:02,510 [INFO] IPUIPlugin:80 - create IPUIPlugin
2025-11-06 12:46:02,510 [INFO] PluginManager:220 - loadIPPluginJar : add gpio
2025-11-06 12:46:02,512 [INFO] IPUIPlugin:80 - create IPUIPlugin
2025-11-06 12:46:02,512 [INFO] PluginManager:220 - loadIPPluginJar : add gtzc
2025-11-06 12:46:02,514 [INFO] IPUIPlugin:80 - create IPUIPlugin
2025-11-06 12:46:02,514 [INFO] PluginManager:220 - loadIPPluginJar : add hash
2025-11-06 12:46:02,515 [INFO] IPUIPlugin:80 - create IPUIPlugin
2025-11-06 12:46:02,515 [INFO] PluginManager:220 - loadIPPluginJar : add i2c
2025-11-06 12:46:02,517 [INFO] IPUIPlugin:80 - create IPUIPlugin
2025-11-06 12:46:02,517 [INFO] PluginManager:220 - loadIPPluginJar : add i2s
2025-11-06 12:46:02,519 [INFO] IPUIPlugin:80 - create IPUIPlugin
2025-11-06 12:46:02,519 [INFO] PluginManager:220 - loadIPPluginJar : add i3c
2025-11-06 12:46:02,521 [INFO] IPUIPlugin:80 - create IPUIPlugin
2025-11-06 12:46:02,521 [INFO] PluginManager:220 - loadIPPluginJar : add ipddr
2025-11-06 12:46:02,526 [INFO] IPUIPlugin:80 - create IPUIPlugin
2025-11-06 12:46:02,527 [INFO] PluginManager:220 - loadIPPluginJar : add linkedlist
2025-11-06 12:46:02,529 [INFO] IPUIPlugin:80 - create IPUIPlugin
2025-11-06 12:46:02,529 [INFO] PluginManager:220 - loadIPPluginJar : add lorawan
2025-11-06 12:46:02,530 [INFO] IPUIPlugin:80 - create IPUIPlugin
2025-11-06 12:46:02,530 [INFO] PluginManager:220 - loadIPPluginJar : add ltdc
2025-11-06 12:46:02,534 [INFO] IPUIPlugin:80 - create IPUIPlugin
2025-11-06 12:46:02,534 [INFO] PluginManager:220 - loadIPPluginJar : add mdma
2025-11-06 12:46:02,536 [INFO] IPUIPlugin:80 - create IPUIPlugin
2025-11-06 12:46:02,536 [INFO] PluginManager:220 - loadIPPluginJar : add nvic
2025-11-06 12:46:02,538 [INFO] IPUIPlugin:80 - create IPUIPlugin
2025-11-06 12:46:02,539 [INFO] PluginManager:220 - loadIPPluginJar : add opamp
2025-11-06 12:46:02,541 [INFO] IPUIPlugin:80 - create IPUIPlugin
2025-11-06 12:46:02,541 [INFO] PluginManager:220 - loadIPPluginJar : add openamp
2025-11-06 12:46:02,544 [INFO] IPUIPlugin:80 - create IPUIPlugin
2025-11-06 12:46:02,544 [INFO] PluginManager:220 - loadIPPluginJar : add pdm2pcm
2025-11-06 12:46:02,548 [INFO] IPUIPlugin:80 - create IPUIPlugin
2025-11-06 12:46:02,549 [INFO] PluginManager:220 - loadIPPluginJar : add plateformsettings
2025-11-06 12:46:02,550 [INFO] IPUIPlugin:80 - create IPUIPlugin
2025-11-06 12:46:02,550 [INFO] PluginManager:220 - loadIPPluginJar : add quadspi
2025-11-06 12:46:02,552 [INFO] IPUIPlugin:80 - create IPUIPlugin
2025-11-06 12:46:02,552 [INFO] PluginManager:220 - loadIPPluginJar : add radio
2025-11-06 12:46:02,555 [INFO] IPUIPlugin:80 - create IPUIPlugin
2025-11-06 12:46:02,555 [INFO] PluginManager:220 - loadIPPluginJar : add resmgrutility
2025-11-06 12:46:02,557 [INFO] IPUIPlugin:80 - create IPUIPlugin
2025-11-06 12:46:02,557 [INFO] PluginManager:220 - loadIPPluginJar : add sai
2025-11-06 12:46:02,559 [INFO] IPUIPlugin:80 - create IPUIPlugin
2025-11-06 12:46:02,559 [INFO] PluginManager:220 - loadIPPluginJar : add spi
2025-11-06 12:46:02,564 [INFO] IPUIPlugin:80 - create IPUIPlugin
2025-11-06 12:46:02,564 [INFO] PluginManager:220 - loadIPPluginJar : add stm32_wpan
2025-11-06 12:46:02,566 [INFO] IPUIPlugin:80 - create IPUIPlugin
2025-11-06 12:46:02,566 [INFO] PluginManager:220 - loadIPPluginJar : add tim
2025-11-06 12:46:02,568 [INFO] IPUIPlugin:80 - create IPUIPlugin
2025-11-06 12:46:02,568 [INFO] PluginManager:220 - loadIPPluginJar : add touchsensing
2025-11-06 12:46:02,570 [INFO] IPUIPlugin:80 - create IPUIPlugin
2025-11-06 12:46:02,570 [INFO] PluginManager:220 - loadIPPluginJar : add tracer_emb
2025-11-06 12:46:02,571 [INFO] IPUIPlugin:80 - create IPUIPlugin
2025-11-06 12:46:02,571 [INFO] PluginManager:220 - loadIPPluginJar : add ts
2025-11-06 12:46:02,572 [INFO] IPUIPlugin:80 - create IPUIPlugin
2025-11-06 12:46:02,572 [INFO] PluginManager:220 - loadIPPluginJar : add tsc
2025-11-06 12:46:02,574 [INFO] IPUIPlugin:80 - create IPUIPlugin
2025-11-06 12:46:02,574 [INFO] PluginManager:220 - loadIPPluginJar : add ucpd
2025-11-06 12:46:02,575 [INFO] IPUIPlugin:80 - create IPUIPlugin
2025-11-06 12:46:02,575 [INFO] PluginManager:220 - loadIPPluginJar : add usart
2025-11-06 12:46:02,578 [INFO] IPUIPlugin:80 - create IPUIPlugin
2025-11-06 12:46:02,578 [INFO] PluginManager:220 - loadIPPluginJar : add usbx
2025-11-06 12:46:02,689 [FATAL] Updater:351 - Updater called before beeing initialized
2025-11-06 12:46:02,709 [INFO] RulesReader:64 - Compatibility file has been processed (317 Rules)
2025-11-06 12:46:02,718 [INFO] RulesReader:64 - Compatibility file has been processed (317 Rules)
2025-11-06 12:46:02,726 [INFO] CADModel:165 - CPN selected for project level
2025-11-06 12:46:02,726 [INFO] CADModel:114 - Register for checkConnection events
2025-11-06 12:46:02,726 [FATAL] Updater:351 - Updater called before beeing initialized
2025-11-06 12:46:02,727 [ERROR] CADModel:125 - Updater not yet initialized, retry later 
2025-11-06 12:46:02,842 [FATAL] Updater:351 - Updater called before beeing initialized
2025-11-06 12:46:02,843 [INFO] CADModel:165 - CPN selected for project level
2025-11-06 12:46:02,843 [INFO] CADModel:114 - Register for checkConnection events
2025-11-06 12:46:02,843 [FATAL] Updater:351 - Updater called before beeing initialized
2025-11-06 12:46:02,843 [ERROR] CADModel:125 - Updater not yet initialized, retry later 
2025-11-06 12:46:02,846 [FATAL] Updater:351 - Updater called before beeing initialized
2025-11-06 12:46:02,936 [FATAL] Updater:351 - Updater called before beeing initialized
2025-11-06 12:46:02,939 [INFO] DbMcusAds:53 - JSON generation date=Thu Oct 02 15:06:05 IST 2025 (1759397765645)
2025-11-06 12:46:02,939 [FATAL] Updater:351 - Updater called before beeing initialized
2025-11-06 12:46:02,973 [WARN] DetailPanel:346 - Failed to get advertising image, set to default
2025-11-06 12:46:03,040 [FATAL] Updater:351 - Updater called before beeing initialized
2025-11-06 12:46:03,041 [FATAL] Updater:351 - Updater called before beeing initialized
2025-11-06 12:46:03,041 [FATAL] Updater:351 - Updater called before beeing initialized
2025-11-06 12:46:03,041 [WARN] DetailPanel:346 - Failed to get advertising image, set to default
2025-11-06 12:46:03,042 [FATAL] Updater:351 - Updater called before beeing initialized
2025-11-06 12:46:03,089 [ERROR] Updater:1198 - MainUpdater not yet initialized. External WinMGr cannot be set.
2025-11-06 12:46:03,091 [INFO] Updater:1134 - Updater Version found : 6.15.0
2025-11-06 12:46:03,106 [INFO] ApplicationProperties:184 - Using Application install path: C:\ST\STM32CubeIDE_1.19.0\STM32CubeIDE\plugins\com.st.stm32cube.common.mx_6.15.0.202507011659
2025-11-06 12:46:04,732 [ERROR] LogOutputStream:75 - [STDERR_REDIRECT] Nov 06, 2025 12:46:04 PM java.util.prefs.WindowsPreferences <init>
2025-11-06 12:46:04,733 [ERROR] LogOutputStream:75 - [STDERR_REDIRECT] WARNING: Could not open/create prefs root node Software\JavaSoft\Prefs at root 0xffffffff80000002. Windows RegCreateKeyEx(...) returned error code 5.
2025-11-06 12:46:04,734 [ERROR] LogOutputStream:75 - [STDERR_REDIRECT] 
2025-11-06 12:46:04,957 [INFO] MainUpdater:2872 - connection check result : 10
2025-11-06 12:46:04,958 [INFO] MainUpdater:289 - Updater Check For Update Now.
2025-11-06 12:46:04,958 [INFO] MicroXplorer:498 - Change Database Version : DB.6.0.150
2025-11-06 12:46:04,962 [INFO] McuFinderGlobals:63 - Set McuFinder mode to 2 (CubeIDE integrated)
2025-11-06 12:46:04,963 [INFO] UserAuth:171 - activating auth plugin
2025-11-06 12:46:04,965 [INFO] UserAuth:487 - Internet connection configuration mode: 1
2025-11-06 12:46:04,988 [INFO] JxBrowserEngine:152 - Initiate JxBrowser Engine with user profile folder
2025-11-06 12:46:05,059 [WARN] MainUpdater:1193 - Updater busy. Cannot search thirdparties
2025-11-06 12:46:05,059 [INFO] ThirdPartyUpdaterWithRetryManager:96 - Updater plugin is busy. [1/15]
2025-11-06 12:46:05,124 [INFO] CheckServerUpdateThread:120 - End of CheckServer Thread
2025-11-06 12:46:06,292 [INFO] WebApp:169 - Instantiating new browser for Auth
2025-11-06 12:46:06,851 [INFO] WebApp:463 - Apply proxy settings
2025-11-06 12:46:06,851 [INFO] WebApp:548 - Chromium requires no authentication
2025-11-06 12:46:06,860 [INFO] WebApp:491 - Direct internet connection detected
2025-11-06 12:46:06,880 [INFO] WebApp:900 - Register for checkConnection events
2025-11-06 12:46:06,880 [INFO] WebApp:463 - Apply proxy settings
2025-11-06 12:46:06,880 [INFO] WebApp:548 - Chromium requires no authentication
2025-11-06 12:46:06,880 [INFO] WebApp:491 - Direct internet connection detected
2025-11-06 12:46:07,006 [INFO] WebApp:225 - Starting web application
2025-11-06 12:46:07,006 [INFO] WebApp:593 - Web application path used C:\ST\STM32CubeIDE_1.19.0\STM32CubeIDE\plugins\com.st.stm32cube.common.mx_6.15.0.202507011659\db\plugins\mcufinder\reactClient1\index.html
2025-11-06 12:46:07,555 [INFO] WebApp:191 - Connection restablished
2025-11-06 12:46:08,295 [WARN] PackLoader:240 - Cannot read IP mode file for STMicroelectronics.FP-SNS-MOTENVWB1.1.4.0
2025-11-06 12:46:08,301 [WARN] PackLoader:240 - Cannot read IP mode file for STMicroelectronics.FP-ATR-ASTRA1.2.0.2
2025-11-06 12:46:08,307 [WARN] PackLoader:240 - Cannot read IP mode file for STMicroelectronics.X-CUBE-SMBUS.2.1.0
2025-11-06 12:46:08,331 [WARN] PackLoader:240 - Cannot read IP mode file for STMicroelectronics.X-CUBE-AZRTOS-F7.1.1.0
2025-11-06 12:46:08,340 [WARN] PackLoader:240 - Cannot read IP mode file for Cesanta.I-CUBE-Mongoose.7.19.0
2025-11-06 12:46:08,346 [WARN] PackLoader:240 - Cannot read IP mode file for STMicroelectronics.FP-SNS-MOTENV1.5.1.0
2025-11-06 12:46:08,357 [WARN] PackLoader:240 - Cannot read IP mode file for WES.I-CUBE-Cesium.1.4.0
2025-11-06 12:46:08,378 [WARN] PackLoader:240 - Cannot read IP mode file for Infineon.AIROC-Wi-Fi-Bluetooth-STM32.1.7.1
2025-11-06 12:46:08,402 [WARN] PackLoader:240 - Cannot read IP mode file for STMicroelectronics.X-CUBE-AZRTOS-H7.3.4.0
2025-11-06 12:46:08,413 [WARN] PackLoader:240 - Cannot read IP mode file for STMicroelectronics.X-CUBE-DISPLAY.3.0.0
2025-11-06 12:46:08,425 [WARN] PackLoader:240 - Cannot read IP mode file for STMicroelectronics.X-CUBE-NFC10.1.0.0
2025-11-06 12:46:08,432 [WARN] PackLoader:240 - Cannot read IP mode file for STMicroelectronics.X-CUBE-ST60.1.1.0
2025-11-06 12:46:08,438 [WARN] PackLoader:240 - Cannot read IP mode file for emotas.I-CUBE-CANOPEN.1.3.0
2025-11-06 12:46:08,443 [WARN] PackLoader:240 - Cannot read IP mode file for STMicroelectronics.X-CUBE-GNSS1.7.1.0
2025-11-06 12:46:08,451 [WARN] PackLoader:240 - Cannot read IP mode file for STMicroelectronics.FP-SNS-STBOX1.2.1.0
2025-11-06 12:46:08,457 [WARN] PackLoader:240 - Cannot read IP mode file for STMicroelectronics.FP-SNS-SMARTAG2.1.2.0
2025-11-06 12:46:08,461 [WARN] PackLoader:240 - Cannot read IP mode file for STMicroelectronics.FP-SNS-FLIGHT1.5.1.0
2025-11-06 12:46:08,469 [INFO] LogOutputStream:77 - [STDOUT_REDIRECT] 1 : Invalid condition id : UX_CORESTACK_Condition cause : null
2025-11-06 12:46:08,470 [INFO] LogOutputStream:77 - [STDOUT_REDIRECT] 1 : Invalid condition id : UX_CORESTACK_Condition cause : null
2025-11-06 12:46:08,470 [INFO] LogOutputStream:77 - [STDOUT_REDIRECT] 1 : Invalid condition id : UX_CORESTACK_Condition cause : null
2025-11-06 12:46:08,471 [INFO] LogOutputStream:77 - [STDOUT_REDIRECT] 1 : Invalid condition id : UX_CORESTACK_Condition cause : null
2025-11-06 12:46:08,471 [INFO] LogOutputStream:77 - [STDOUT_REDIRECT] 1 : Invalid condition id : UX_CORESTACK_Condition cause : null
2025-11-06 12:46:08,473 [WARN] PackLoader:240 - Cannot read IP mode file for STMicroelectronics.X-CUBE-AZRTOS-WL.2.0.0
2025-11-06 12:46:08,480 [WARN] PackLoader:240 - Cannot read IP mode file for STMicroelectronics.X-CUBE-BLE2.3.3.0
2025-11-06 12:46:08,485 [WARN] PackLoader:240 - Cannot read IP mode file for STMicroelectronics.X-CUBE-NFC9.1.0.0
2025-11-06 12:46:08,490 [WARN] PackLoader:240 - Cannot read IP mode file for wolfSSL.I-CUBE-wolfSSL.5.8.2
2025-11-06 12:46:08,494 [WARN] PackLoader:240 - Cannot read IP mode file for STMicroelectronics.X-CUBE-BLE1.7.1.0
2025-11-06 12:46:08,498 [WARN] PackLoader:240 - Cannot read IP mode file for wolfSSL.I-CUBE-wolfMQTT.1.19.2
2025-11-06 12:46:08,503 [WARN] PackLoader:240 - Cannot read IP mode file for STMicroelectronics.X-CUBE-EEPRMA1.5.2.0
2025-11-06 12:46:08,508 [WARN] PackLoader:240 - Cannot read IP mode file for STMicroelectronics.X-CUBE-ST67W61.1.1.0
2025-11-06 12:46:08,529 [WARN] PackLoader:240 - Cannot read IP mode file for STMicroelectronics.X-CUBE-AZRTOS-G0.1.1.0
2025-11-06 12:46:08,537 [WARN] PackLoader:240 - Cannot read IP mode file for STMicroelectronics.X-CUBE-SAFEA1.1.2.2
2025-11-06 12:46:08,544 [WARN] PackLoader:240 - Cannot read IP mode file for STMicroelectronics.X-CUBE-NFC4.3.0.0
2025-11-06 12:46:08,553 [WARN] PackLoader:240 - Cannot read IP mode file for EmbeddedOffice.I-CUBE-FS-RTOS.1.0.1
2025-11-06 12:46:08,558 [WARN] PackLoader:240 - Cannot read IP mode file for STMicroelectronics.X-CUBE-WB05N.2.0.0
2025-11-06 12:46:08,563 [WARN] PackLoader:240 - Cannot read IP mode file for wolfSSL.I-CUBE-wolfTPM.3.8.0
2025-11-06 12:46:08,568 [WARN] PackLoader:240 - Cannot read IP mode file for STMicroelectronics.X-CUBE-TCPP.4.2.0
2025-11-06 12:46:08,573 [WARN] PackLoader:240 - Cannot read IP mode file for RealThread.X-CUBE-RT-Thread_Nano.4.1.1
2025-11-06 12:46:08,578 [WARN] PackLoader:240 - Cannot read IP mode file for STMicroelectronics.FP-ATR-SIGFOX1.3.2.0
2025-11-06 12:46:08,583 [WARN] PackLoader:240 - Cannot read IP mode file for ITTIA_DB.I-CUBE-ITTIADB.8.9.0
2025-11-06 12:46:08,588 [WARN] PackLoader:240 - Cannot read IP mode file for STMicroelectronics.X-CUBE-AI.10.2.0
2025-11-06 12:46:08,610 [WARN] PackLoader:240 - Cannot read IP mode file for SEGGER.I-CUBE-embOS.1.3.1
2025-11-06 12:46:08,642 [WARN] PackLoader:240 - Cannot read IP mode file for STMicroelectronics.X-CUBE-ALGOBUILD.1.4.0
2025-11-06 12:46:08,688 [WARN] PackLoader:240 - Cannot read IP mode file for STMicroelectronics.X-CUBE-MEMS1.11.3.0
2025-11-06 12:46:08,804 [WARN] PackLoader:240 - Cannot read IP mode file for STMicroelectronics.X-CUBE-PM33A1.1.0.0
2025-11-06 12:46:08,830 [WARN] PackLoader:240 - Cannot read IP mode file for STMicroelectronics.X-CUBE-AZRTOS-F4.1.1.0
2025-11-06 12:46:08,840 [WARN] PackLoader:240 - Cannot read IP mode file for STMicroelectronics.X-CUBE-ISPU.2.1.0
2025-11-06 12:46:08,856 [WARN] PackLoader:240 - Cannot read IP mode file for STMicroelectronics.X-CUBE-IPS.3.2.0
2025-11-06 12:46:08,872 [WARN] PackLoader:240 - Cannot read IP mode file for STMicroelectronics.X-CUBE-NFC12.1.0.0
2025-11-06 12:46:08,899 [WARN] PackLoader:240 - Cannot read IP mode file for STMicroelectronics.X-CUBE-AZRTOS-L5.2.0.0
2025-11-06 12:46:08,918 [WARN] PackLoader:240 - Cannot read IP mode file for STMicroelectronics.X-CUBE-NFC6.3.1.0
2025-11-06 12:46:08,929 [WARN] PackLoader:240 - Cannot read IP mode file for STMicroelectronics.X-CUBE-FREERTOS.1.3.1
2025-11-06 12:46:08,939 [WARN] PackLoader:240 - Cannot read IP mode file for STMicroelectronics.X-CUBE-TOUCHGFX.4.26.0
2025-11-06 12:46:08,950 [WARN] PackLoader:240 - Cannot read IP mode file for STMicroelectronics.FP-SNS-STAIOTCFT.1.0.0
2025-11-06 12:46:08,960 [WARN] PackLoader:240 - Cannot read IP mode file for STMicroelectronics.X-CUBE-DPower.1.3.0
2025-11-06 12:46:09,013 [WARN] ConditionMgr:438 - getConditionDescription Invalid condition id : LAN8742 Phy interface Condition cause : null
2025-11-06 12:46:09,015 [WARN] PackLoader:240 - Cannot read IP mode file for STMicroelectronics.X-CUBE-AZRTOS-L4.2.0.0
2025-11-06 12:46:09,017 [WARN] ConditionMgr:1044 - genDependencies : Invalid condition id : LAN8742 Phy interface Condition cause : null
2025-11-06 12:46:09,017 [WARN] ConditionMgr:1044 - genDependencies : Invalid condition id : LAN8742 Phy interface Condition cause : null
2025-11-06 12:46:09,018 [WARN] ConditionMgr:1044 - genDependencies : Invalid condition id : LAN8742 Phy interface Condition cause : null
2025-11-06 12:46:09,032 [WARN] PackLoader:240 - Cannot read IP mode file for STMicroelectronics.X-CUBE-SFXS2LP1.4.0.0
2025-11-06 12:46:09,047 [WARN] PackLoader:240 - Cannot read IP mode file for STMicroelectronics.X-CUBE-BLEMGR.4.1.0
2025-11-06 12:46:09,067 [WARN] ConditionMgr:438 - getConditionDescription Invalid condition id : UX DEVICE CLASS RTOS Condition cause : null
2025-11-06 12:46:09,067 [WARN] ConditionMgr:438 - getConditionDescription Invalid condition id : UX DEVICE CLASS RTOS Condition cause : null
2025-11-06 12:46:09,069 [WARN] PackLoader:240 - Cannot read IP mode file for STMicroelectronics.X-CUBE-AZRTOS-WB.2.0.0
2025-11-06 12:46:09,070 [WARN] ConditionMgr:1044 - genDependencies : Invalid condition id : UX DEVICE CLASS RTOS Condition cause : null
2025-11-06 12:46:09,070 [WARN] ConditionMgr:1044 - genDependencies : Invalid condition id : UX DEVICE CLASS RTOS Condition cause : null
2025-11-06 12:46:09,071 [WARN] ConditionMgr:1044 - genDependencies : Invalid condition id : UX DEVICE CLASS RTOS Condition cause : null
2025-11-06 12:46:09,071 [WARN] ConditionMgr:1044 - genDependencies : Invalid condition id : UX DEVICE CLASS RTOS Condition cause : null
2025-11-06 12:46:09,071 [WARN] ConditionMgr:1044 - genDependencies : Invalid condition id : UX DEVICE CLASS RTOS Condition cause : null
2025-11-06 12:46:09,081 [WARN] ConditionMgr:438 - getConditionDescription Invalid condition id : Cortex-A Device cause : null
2025-11-06 12:46:09,103 [WARN] ConditionMgr:1044 - genDependencies : Invalid condition id : Cortex-A Device cause : null
2025-11-06 12:46:09,103 [WARN] ConditionMgr:1044 - genDependencies : Invalid condition id : Cortex-A Device cause : null
2025-11-06 12:46:09,103 [WARN] ConditionMgr:1044 - genDependencies : Invalid condition id : Cortex-A Device cause : null
2025-11-06 12:46:09,116 [WARN] PackLoader:240 - Cannot read IP mode file for STMicroelectronics.X-CUBE-SUBG2.5.0.0
2025-11-06 12:46:09,145 [WARN] PackLoader:240 - Cannot read IP mode file for STMicroelectronics.X-CUBE-AZRTOS-H7RS.1.1.0
2025-11-06 12:46:09,165 [WARN] PackLoader:240 - Cannot read IP mode file for STMicroelectronics.X-CUBE-AZRTOS-G4.2.0.0
2025-11-06 12:46:09,173 [WARN] PackLoader:240 - Cannot read IP mode file for wolfSSL.I-CUBE-wolfSSH.1.4.20
2025-11-06 12:46:09,181 [WARN] PackLoader:240 - Cannot read IP mode file for STMicroelectronics.X-CUBE-NFC7.2.0.0
2025-11-06 12:46:09,188 [WARN] PackLoader:240 - Cannot read IP mode file for STMicroelectronics.X-CUBE-ALS.1.0.2
2025-11-06 12:46:09,195 [WARN] PackLoader:240 - Cannot read IP mode file for STMicroelectronics.X-CUBE-STSE01.1.0.0
2025-11-06 12:46:09,207 [WARN] PackLoader:240 - Cannot read IP mode file for STMicroelectronics.X-CUBE-TOF1.3.4.3
2025-11-06 12:46:09,217 [INFO] ThirdParty:978 - Integrity check success = true
2025-11-06 12:46:09,217 [INFO] IntegrityCheckThread:100 - exiting critical section [integrity check]
2025-11-06 12:46:09,217 [INFO] IntegrityCheckThread:103 - End integrity checks thread
2025-11-06 13:12:18,461 [INFO] WebApp:194 - Connection lost
2025-11-06 13:12:18,718 [INFO] WebApp:191 - Connection restablished
2025-11-06 13:13:55,906 [INFO] WebApp:194 - Connection lost
2025-11-06 13:19:54,898 [INFO] WebApp:191 - Connection restablished
2025-11-06 13:19:56,957 [INFO] WebApp:194 - Connection lost
2025-11-06 14:13:08,969 [INFO] Activator:176 - 


2025-11-06 14:13:08,971 [INFO] Activator:177 - !SESSION log4j initialized
2025-11-06 14:13:13,580 [INFO] LogOutputStream:77 - [STDOUT_REDIRECT] 
2025-11-06 14:13:17,333 [ERROR] ConfigurationRetriever:142 - IOException on connection: PKIX path building failed: sun.security.provider.certpath.SunCertPathBuilderException: unable to find valid certification path to requested target
2025-11-06 14:13:17,342 [ERROR] ConfigurationRetriever:142 - IOException on connection: PKIX path building failed: sun.security.provider.certpath.SunCertPathBuilderException: unable to find valid certification path to requested target
2025-11-06 14:13:17,350 [ERROR] ConfigurationRetriever:142 - IOException on connection: PKIX path building failed: sun.security.provider.certpath.SunCertPathBuilderException: unable to find valid certification path to requested target
2025-11-06 14:13:17,643 [INFO] ApplicationProperties:184 - Using Application install path: C:\ST\STM32CubeIDE_1.19.0\STM32CubeIDE\plugins\com.st.stm32cube.common.mx_6.15.0.202507011659
2025-11-06 14:13:17,659 [INFO] DbMcusXml:78 - Set database path to: C:\ST\STM32CubeIDE_1.19.0\STM32CubeIDE\plugins\com.st.stm32cube.common.mx_6.15.0.202507011659\\db\/mcu/
2025-11-06 14:13:17,659 [INFO] ApiDb:274 - Set plugin database path to: C:\ST\STM32CubeIDE_1.19.0\STM32CubeIDE\plugins\com.st.stm32cube.common.mx_6.15.0.202507011659\\db\/plugins/boardmanager/
2025-11-06 14:13:17,659 [WARN] ApiDb:259 - Overriding images path with different value:  => C:\ST\STM32CubeIDE_1.19.0\STM32CubeIDE\plugins\com.st.stm32cube.common.mx_6.15.0.202507011659\\db\/plugins/mcufinder/images/
2025-11-06 14:13:17,665 [INFO] ApiDb:250 - Set database path to: C:\Users\USER\.stmcufinder\plugins\mcufinder//mcu/
2025-11-06 14:13:17,666 [INFO] DbMcusAds:125 - Set database path to: C:\Users\USER\.stmcufinder\plugins\mcufinder//mcu/
2025-11-06 14:13:17,668 [INFO] CrossReferenceDbSqlite:203 - Set database path to: C:\Users\USER\.stmcufinder\plugins\mcufinder//mcu/cs/
2025-11-06 14:13:17,750 [INFO] RulesReader:64 - Compatibility file has been processed (317 Rules)
2025-11-06 14:13:17,826 [INFO] DbMcusXml:78 - Set database path to: C:\ST\STM32CubeIDE_1.19.0\STM32CubeIDE\plugins\com.st.stm32cube.common.mx_6.15.0.202507011659\\db\/mcu/
2025-11-06 14:13:17,826 [INFO] ApiDb:274 - Set plugin database path to: C:\ST\STM32CubeIDE_1.19.0\STM32CubeIDE\plugins\com.st.stm32cube.common.mx_6.15.0.202507011659\\db\/plugins/boardmanager/
2025-11-06 14:13:17,826 [INFO] ApiDb:261 - Set plugin images path to: C:\ST\STM32CubeIDE_1.19.0\STM32CubeIDE\plugins\com.st.stm32cube.common.mx_6.15.0.202507011659\\db\/plugins/mcufinder/images/
2025-11-06 14:13:17,827 [WARN] DbFile:41 - Overriding database path with different value: C:\Users\USER\.stmcufinder\plugins\mcufinder/ => C:\Users\USER\.stmcufinder\plugins\mcufinder
2025-11-06 14:13:17,827 [INFO] ApiDb:250 - Set database path to: C:\Users\USER\.stmcufinder\plugins\mcufinder//mcu/
2025-11-06 14:13:17,827 [WARN] DbFile:41 - Overriding database path with different value: C:\Users\USER\.stmcufinder\plugins\mcufinder/ => C:\Users\USER\.stmcufinder\plugins\mcufinder
2025-11-06 14:13:17,827 [INFO] DbMcusAds:125 - Set database path to: C:\Users\USER\.stmcufinder\plugins\mcufinder//mcu/
2025-11-06 14:13:17,827 [WARN] DbFile:41 - Overriding database path with different value: C:\Users\USER\.stmcufinder\plugins\mcufinder/ => C:\Users\USER\.stmcufinder\plugins\mcufinder
2025-11-06 14:13:17,827 [WARN] DbFile:41 - Overriding database path with different value: C:\Users\USER\.stmcufinder\plugins\mcufinder/ => C:\Users\USER\.stmcufinder\plugins\mcufinder
2025-11-06 14:13:17,827 [INFO] CrossReferenceDbSqlite:203 - Set database path to: C:\Users\USER\.stmcufinder\plugins\mcufinder//mcu/cs/
2025-11-06 14:13:17,896 [INFO] MainPanel:274 - HeapMemory: 268435456
2025-11-06 14:13:17,999 [INFO] DbMcusXml:78 - Set database path to: C:\ST\STM32CubeIDE_1.19.0\STM32CubeIDE\plugins\com.st.stm32cube.common.mx_6.15.0.202507011659\\db\/mcu/
2025-11-06 14:13:17,999 [INFO] ApiDb:274 - Set plugin database path to: C:\ST\STM32CubeIDE_1.19.0\STM32CubeIDE\plugins\com.st.stm32cube.common.mx_6.15.0.202507011659\\db\/plugins/boardmanager/
2025-11-06 14:13:17,999 [INFO] ApiDb:261 - Set plugin images path to: C:\ST\STM32CubeIDE_1.19.0\STM32CubeIDE\plugins\com.st.stm32cube.common.mx_6.15.0.202507011659\\db\/plugins/mcufinder/images/
2025-11-06 14:13:17,999 [WARN] DbFile:41 - Overriding database path with different value: C:\Users\USER\.stmcufinder\plugins\mcufinder/ => C:\Users\USER\.stmcufinder\plugins\mcufinder
2025-11-06 14:13:17,999 [INFO] ApiDb:250 - Set database path to: C:\Users\USER\.stmcufinder\plugins\mcufinder//mcu/
2025-11-06 14:13:17,999 [WARN] DbFile:41 - Overriding database path with different value: C:\Users\USER\.stmcufinder\plugins\mcufinder/ => C:\Users\USER\.stmcufinder\plugins\mcufinder
2025-11-06 14:13:17,999 [INFO] DbMcusAds:125 - Set database path to: C:\Users\USER\.stmcufinder\plugins\mcufinder//mcu/
2025-11-06 14:13:17,999 [WARN] DbFile:41 - Overriding database path with different value: C:\Users\USER\.stmcufinder\plugins\mcufinder/ => C:\Users\USER\.stmcufinder\plugins\mcufinder
2025-11-06 14:13:17,999 [WARN] DbFile:41 - Overriding database path with different value: C:\Users\USER\.stmcufinder\plugins\mcufinder/ => C:\Users\USER\.stmcufinder\plugins\mcufinder
2025-11-06 14:13:17,999 [INFO] CrossReferenceDbSqlite:203 - Set database path to: C:\Users\USER\.stmcufinder\plugins\mcufinder//mcu/cs/
2025-11-06 14:13:18,014 [INFO] ApplicationProperties:184 - Using Application install path: C:\ST\STM32CubeIDE_1.19.0\STM32CubeIDE\plugins\com.st.stm32cube.common.mx_6.15.0.202507011659
2025-11-06 14:13:18,015 [INFO] PluginManage:196 - Search for loadable plugins [exclusion list=, ]
2025-11-06 14:13:18,016 [INFO] PluginManage:310 - Check plugin analytics
2025-11-06 14:13:18,176 [INFO] AnalyticsPlugin:253 - Accepted Software Licenses: 
2025-11-06 14:13:18,176 [INFO] AnalyticsPlugin:255 - Accepted CMSIS Pack Licenses: 
2025-11-06 14:13:18,177 [INFO] AnalyticsPlugin:257 - Accepted Firmware Licenses: 
2025-11-06 14:13:18,179 [INFO] PluginManage:359 - Loaded plugin analytics (category:tool,tabindex:-1)
2025-11-06 14:13:18,180 [INFO] PluginManage:310 - Check plugin cadmodel
2025-11-06 14:13:18,186 [INFO] CADModel:105 - Init CAD model plugin
2025-11-06 14:13:18,187 [INFO] PluginManage:359 - Loaded plugin cadmodel (category:power,tabindex:5)
2025-11-06 14:13:18,187 [INFO] PluginManage:310 - Check plugin clock
2025-11-06 14:13:18,190 [ERROR] ConfigurationRetriever:142 - IOException on connection: PKIX path building failed: sun.security.provider.certpath.SunCertPathBuilderException: unable to find valid certification path to requested target
2025-11-06 14:13:18,213 [INFO] PluginManage:359 - Loaded plugin clock (category:base,tabindex:2)
2025-11-06 14:13:18,214 [INFO] PluginManage:310 - Check plugin ddr
2025-11-06 14:13:18,214 [ERROR] ConfigurationRetriever:142 - IOException on connection: PKIX path building failed: sun.security.provider.certpath.SunCertPathBuilderException: unable to find valid certification path to requested target
2025-11-06 14:13:18,217 [INFO] PluginManage:359 - Loaded plugin ddr (category:tool,tabindex:6)
2025-11-06 14:13:18,217 [INFO] PluginManage:310 - Check plugin filemanager
2025-11-06 14:13:18,225 [ERROR] ConfigurationRetriever:142 - IOException on connection: PKIX path building failed: sun.security.provider.certpath.SunCertPathBuilderException: unable to find valid certification path to requested target
2025-11-06 14:13:18,356 [INFO] PluginManage:359 - Loaded plugin filemanager (category:base,tabindex:10)
2025-11-06 14:13:18,356 [INFO] PluginManage:310 - Check plugin ipmanager
2025-11-06 14:13:18,361 [INFO] PluginManage:359 - Loaded plugin ipmanager (category:base,tabindex:5)
2025-11-06 14:13:18,361 [INFO] PluginManage:310 - Check plugin lpbam
2025-11-06 14:13:18,368 [INFO] PluginManage:359 - Loaded plugin lpbam (category:base,tabindex:0)
2025-11-06 14:13:18,368 [INFO] PluginManage:310 - Check plugin memorymap
2025-11-06 14:13:18,380 [INFO] PluginManage:359 - Loaded plugin memorymap (category:base,tabindex:4)
2025-11-06 14:13:18,380 [INFO] PluginManage:310 - Check plugin pinoutandconfiguration
2025-11-06 14:13:18,388 [INFO] PluginManage:359 - Loaded plugin pinoutandconfiguration (category:base,tabindex:1)
2025-11-06 14:13:18,388 [INFO] PluginManage:310 - Check plugin pinoutconfig
2025-11-06 14:13:18,466 [WARN] SupportedApi:132 - Cannot load RTOS API schema: s4s-elt-must-match.1: The content of 'definitions' must match (annotation?, (simpleType | complexType)?, (unique | key | keyref)*)). A problem was found starting at: attribute.
2025-11-06 14:13:18,566 [INFO] PluginManage:359 - Loaded plugin pinoutconfig (category:base,tabindex:0)
2025-11-06 14:13:18,566 [INFO] PluginManage:310 - Check plugin power
2025-11-06 14:13:18,574 [INFO] PluginManage:359 - Loaded plugin power (category:power,tabindex:4)
2025-11-06 14:13:18,574 [INFO] PluginManage:310 - Check plugin projectmanager
2025-11-06 14:13:18,586 [INFO] PluginManage:359 - Loaded plugin projectmanager (category:projectmanager,tabindex:4)
2025-11-06 14:13:18,586 [INFO] PluginManage:310 - Check plugin rif
2025-11-06 14:13:18,594 [INFO] PluginManage:359 - Loaded plugin rif (category:base,tabindex:3)
2025-11-06 14:13:18,595 [INFO] PluginManage:310 - Check plugin thirdparty
2025-11-06 14:13:18,701 [INFO] PluginManage:359 - Loaded plugin thirdparty (category:base,tabindex:-1)
2025-11-06 14:13:18,702 [INFO] PluginManage:310 - Check plugin tools
2025-11-06 14:13:18,701 [WARN] IntegrityCheckThread:84 - waiting for thirdparty lock release [integrity check]
2025-11-06 14:13:18,702 [INFO] IntegrityCheckThread:86 - entering critical section [integrity check]
2025-11-06 14:13:18,702 [INFO] ThirdPartyUpdaterWithRetryManager:70 - Updater plugin not ready yet. [1/15]
2025-11-06 14:13:18,704 [INFO] PluginManage:359 - Loaded plugin tools (category:base,tabindex:7)
2025-11-06 14:13:18,704 [INFO] PluginManage:310 - Check plugin tutovideos
2025-11-06 14:13:18,866 [INFO] PluginManage:359 - Loaded plugin tutovideos (category:base,tabindex:-1)
2025-11-06 14:13:18,866 [INFO] PluginManage:310 - Check plugin updater
2025-11-06 14:13:18,886 [INFO] PluginManage:359 - Loaded plugin updater (category:base,tabindex:12)
2025-11-06 14:13:18,886 [INFO] PluginManage:310 - Check plugin userauth
2025-11-06 14:13:18,889 [INFO] UserAuth:118 - Init User Auth plugin
2025-11-06 14:13:18,890 [INFO] PluginManage:359 - Loaded plugin userauth (category:base,tabindex:14)
2025-11-06 14:13:18,890 [INFO] PluginManage:283 - PluginManage : Loaded plugins [18]
2025-11-06 14:13:19,075 [INFO] PinOutPanel:1589 - setPackage(No Configuration,No Configuration)
2025-11-06 14:13:19,152 [INFO] CADModel:165 - CPN selected for project level
2025-11-06 14:13:19,152 [INFO] CADModel:114 - Register for checkConnection events
2025-11-06 14:13:19,173 [INFO] IPUIPlugin:80 - create IPUIPlugin
2025-11-06 14:13:19,173 [INFO] PluginManager:220 - loadIPPluginJar : add adc
2025-11-06 14:13:19,176 [INFO] IPUIPlugin:80 - create IPUIPlugin
2025-11-06 14:13:19,176 [INFO] PluginManager:220 - loadIPPluginJar : add aes
2025-11-06 14:13:19,179 [INFO] IPUIPlugin:80 - create IPUIPlugin
2025-11-06 14:13:19,179 [INFO] PluginManager:220 - loadIPPluginJar : add can
2025-11-06 14:13:19,180 [INFO] IPUIPlugin:80 - create IPUIPlugin
2025-11-06 14:13:19,180 [INFO] PluginManager:220 - loadIPPluginJar : add comp
2025-11-06 14:13:19,183 [INFO] IPUIPlugin:80 - create IPUIPlugin
2025-11-06 14:13:19,183 [INFO] PluginManager:220 - loadIPPluginJar : add cryp
2025-11-06 14:13:19,187 [INFO] IPUIPlugin:80 - create IPUIPlugin
2025-11-06 14:13:19,187 [INFO] PluginManager:220 - loadIPPluginJar : add ddr_ctrl_phy
2025-11-06 14:13:19,189 [INFO] IPUIPlugin:80 - create IPUIPlugin
2025-11-06 14:13:19,189 [INFO] PluginManager:220 - loadIPPluginJar : add dfsdm
2025-11-06 14:13:19,195 [INFO] IPUIPlugin:80 - create IPUIPlugin
2025-11-06 14:13:19,195 [INFO] PluginManager:220 - loadIPPluginJar : add dma
2025-11-06 14:13:19,199 [INFO] IPUIPlugin:80 - create IPUIPlugin
2025-11-06 14:13:19,199 [INFO] PluginManager:220 - loadIPPluginJar : add dma3
2025-11-06 14:13:19,202 [INFO] IPUIPlugin:80 - create IPUIPlugin
2025-11-06 14:13:19,202 [INFO] PluginManager:220 - loadIPPluginJar : add extmemmanager
2025-11-06 14:13:19,203 [INFO] IPUIPlugin:80 - create IPUIPlugin
2025-11-06 14:13:19,203 [INFO] PluginManager:220 - loadIPPluginJar : add fatfs
2025-11-06 14:13:19,207 [INFO] IPUIPlugin:80 - create IPUIPlugin
2025-11-06 14:13:19,207 [INFO] PluginManager:220 - loadIPPluginJar : add fmc
2025-11-06 14:13:19,214 [INFO] IPUIPlugin:80 - create IPUIPlugin
2025-11-06 14:13:19,214 [INFO] PluginManager:220 - loadIPPluginJar : add freertos
2025-11-06 14:13:19,216 [INFO] IPUIPlugin:80 - create IPUIPlugin
2025-11-06 14:13:19,216 [INFO] PluginManager:220 - loadIPPluginJar : add genericplugin
2025-11-06 14:13:19,218 [INFO] IPUIPlugin:80 - create IPUIPlugin
2025-11-06 14:13:19,218 [INFO] PluginManager:220 - loadIPPluginJar : add gfxmmu
2025-11-06 14:13:19,222 [INFO] IPUIPlugin:80 - create IPUIPlugin
2025-11-06 14:13:19,222 [INFO] PluginManager:220 - loadIPPluginJar : add gic
2025-11-06 14:13:19,226 [INFO] IPUIPlugin:80 - create IPUIPlugin
2025-11-06 14:13:19,226 [INFO] PluginManager:220 - loadIPPluginJar : add gpio
2025-11-06 14:13:19,229 [INFO] IPUIPlugin:80 - create IPUIPlugin
2025-11-06 14:13:19,229 [INFO] PluginManager:220 - loadIPPluginJar : add gtzc
2025-11-06 14:13:19,231 [INFO] IPUIPlugin:80 - create IPUIPlugin
2025-11-06 14:13:19,231 [INFO] PluginManager:220 - loadIPPluginJar : add hash
2025-11-06 14:13:19,234 [INFO] IPUIPlugin:80 - create IPUIPlugin
2025-11-06 14:13:19,234 [INFO] PluginManager:220 - loadIPPluginJar : add i2c
2025-11-06 14:13:19,236 [INFO] IPUIPlugin:80 - create IPUIPlugin
2025-11-06 14:13:19,236 [INFO] PluginManager:220 - loadIPPluginJar : add i2s
2025-11-06 14:13:19,238 [INFO] IPUIPlugin:80 - create IPUIPlugin
2025-11-06 14:13:19,238 [INFO] PluginManager:220 - loadIPPluginJar : add i3c
2025-11-06 14:13:19,241 [INFO] IPUIPlugin:80 - create IPUIPlugin
2025-11-06 14:13:19,242 [INFO] PluginManager:220 - loadIPPluginJar : add ipddr
2025-11-06 14:13:19,248 [INFO] IPUIPlugin:80 - create IPUIPlugin
2025-11-06 14:13:19,248 [INFO] PluginManager:220 - loadIPPluginJar : add linkedlist
2025-11-06 14:13:19,250 [INFO] IPUIPlugin:80 - create IPUIPlugin
2025-11-06 14:13:19,251 [INFO] PluginManager:220 - loadIPPluginJar : add lorawan
2025-11-06 14:13:19,252 [INFO] IPUIPlugin:80 - create IPUIPlugin
2025-11-06 14:13:19,252 [INFO] PluginManager:220 - loadIPPluginJar : add ltdc
2025-11-06 14:13:19,257 [INFO] IPUIPlugin:80 - create IPUIPlugin
2025-11-06 14:13:19,257 [INFO] PluginManager:220 - loadIPPluginJar : add mdma
2025-11-06 14:13:19,260 [INFO] IPUIPlugin:80 - create IPUIPlugin
2025-11-06 14:13:19,260 [INFO] PluginManager:220 - loadIPPluginJar : add nvic
2025-11-06 14:13:19,263 [INFO] IPUIPlugin:80 - create IPUIPlugin
2025-11-06 14:13:19,263 [INFO] PluginManager:220 - loadIPPluginJar : add opamp
2025-11-06 14:13:19,265 [INFO] IPUIPlugin:80 - create IPUIPlugin
2025-11-06 14:13:19,265 [INFO] PluginManager:220 - loadIPPluginJar : add openamp
2025-11-06 14:13:19,268 [INFO] IPUIPlugin:80 - create IPUIPlugin
2025-11-06 14:13:19,268 [INFO] PluginManager:220 - loadIPPluginJar : add pdm2pcm
2025-11-06 14:13:19,273 [INFO] IPUIPlugin:80 - create IPUIPlugin
2025-11-06 14:13:19,275 [INFO] PluginManager:220 - loadIPPluginJar : add plateformsettings
2025-11-06 14:13:19,277 [INFO] IPUIPlugin:80 - create IPUIPlugin
2025-11-06 14:13:19,277 [INFO] PluginManager:220 - loadIPPluginJar : add quadspi
2025-11-06 14:13:19,279 [INFO] IPUIPlugin:80 - create IPUIPlugin
2025-11-06 14:13:19,279 [INFO] PluginManager:220 - loadIPPluginJar : add radio
2025-11-06 14:13:19,282 [INFO] IPUIPlugin:80 - create IPUIPlugin
2025-11-06 14:13:19,283 [INFO] PluginManager:220 - loadIPPluginJar : add resmgrutility
2025-11-06 14:13:19,285 [INFO] IPUIPlugin:80 - create IPUIPlugin
2025-11-06 14:13:19,285 [INFO] PluginManager:220 - loadIPPluginJar : add sai
2025-11-06 14:13:19,288 [INFO] IPUIPlugin:80 - create IPUIPlugin
2025-11-06 14:13:19,288 [INFO] PluginManager:220 - loadIPPluginJar : add spi
2025-11-06 14:13:19,293 [INFO] IPUIPlugin:80 - create IPUIPlugin
2025-11-06 14:13:19,293 [INFO] PluginManager:220 - loadIPPluginJar : add stm32_wpan
2025-11-06 14:13:19,295 [INFO] IPUIPlugin:80 - create IPUIPlugin
2025-11-06 14:13:19,295 [INFO] PluginManager:220 - loadIPPluginJar : add tim
2025-11-06 14:13:19,298 [INFO] IPUIPlugin:80 - create IPUIPlugin
2025-11-06 14:13:19,298 [INFO] PluginManager:220 - loadIPPluginJar : add touchsensing
2025-11-06 14:13:19,300 [INFO] IPUIPlugin:80 - create IPUIPlugin
2025-11-06 14:13:19,300 [INFO] PluginManager:220 - loadIPPluginJar : add tracer_emb
2025-11-06 14:13:19,301 [INFO] IPUIPlugin:80 - create IPUIPlugin
2025-11-06 14:13:19,301 [INFO] PluginManager:220 - loadIPPluginJar : add ts
2025-11-06 14:13:19,302 [INFO] IPUIPlugin:80 - create IPUIPlugin
2025-11-06 14:13:19,302 [INFO] PluginManager:220 - loadIPPluginJar : add tsc
2025-11-06 14:13:19,304 [INFO] IPUIPlugin:80 - create IPUIPlugin
2025-11-06 14:13:19,304 [INFO] PluginManager:220 - loadIPPluginJar : add ucpd
2025-11-06 14:13:19,306 [INFO] IPUIPlugin:80 - create IPUIPlugin
2025-11-06 14:13:19,306 [INFO] PluginManager:220 - loadIPPluginJar : add usart
2025-11-06 14:13:19,309 [INFO] IPUIPlugin:80 - create IPUIPlugin
2025-11-06 14:13:19,309 [INFO] PluginManager:220 - loadIPPluginJar : add usbx
2025-11-06 14:13:19,439 [FATAL] Updater:351 - Updater called before beeing initialized
2025-11-06 14:13:19,461 [INFO] RulesReader:64 - Compatibility file has been processed (317 Rules)
2025-11-06 14:13:19,470 [INFO] RulesReader:64 - Compatibility file has been processed (317 Rules)
2025-11-06 14:13:19,478 [INFO] CADModel:165 - CPN selected for project level
2025-11-06 14:13:19,478 [INFO] CADModel:114 - Register for checkConnection events
2025-11-06 14:13:19,478 [FATAL] Updater:351 - Updater called before beeing initialized
2025-11-06 14:13:19,478 [ERROR] CADModel:125 - Updater not yet initialized, retry later 
2025-11-06 14:13:19,605 [FATAL] Updater:351 - Updater called before beeing initialized
2025-11-06 14:13:19,606 [INFO] CADModel:165 - CPN selected for project level
2025-11-06 14:13:19,607 [INFO] CADModel:114 - Register for checkConnection events
2025-11-06 14:13:19,607 [FATAL] Updater:351 - Updater called before beeing initialized
2025-11-06 14:13:19,607 [ERROR] CADModel:125 - Updater not yet initialized, retry later 
2025-11-06 14:13:19,609 [FATAL] Updater:351 - Updater called before beeing initialized
2025-11-06 14:13:19,706 [FATAL] Updater:351 - Updater called before beeing initialized
2025-11-06 14:13:19,709 [INFO] DbMcusAds:53 - JSON generation date=Thu Oct 02 15:06:05 IST 2025 (1759397765645)
2025-11-06 14:13:19,709 [FATAL] Updater:351 - Updater called before beeing initialized
2025-11-06 14:13:19,744 [WARN] DetailPanel:346 - Failed to get advertising image, set to default
2025-11-06 14:13:19,831 [FATAL] Updater:351 - Updater called before beeing initialized
2025-11-06 14:13:19,833 [FATAL] Updater:351 - Updater called before beeing initialized
2025-11-06 14:13:19,833 [FATAL] Updater:351 - Updater called before beeing initialized
2025-11-06 14:13:19,833 [WARN] DetailPanel:346 - Failed to get advertising image, set to default
2025-11-06 14:13:19,834 [FATAL] Updater:351 - Updater called before beeing initialized
2025-11-06 14:13:19,896 [ERROR] Updater:1198 - MainUpdater not yet initialized. External WinMGr cannot be set.
2025-11-06 14:13:19,898 [INFO] Updater:1134 - Updater Version found : 6.15.0
2025-11-06 14:13:19,915 [INFO] ApplicationProperties:184 - Using Application install path: C:\ST\STM32CubeIDE_1.19.0\STM32CubeIDE\plugins\com.st.stm32cube.common.mx_6.15.0.202507011659
2025-11-06 14:13:21,544 [ERROR] LogOutputStream:75 - [STDERR_REDIRECT] Nov 06, 2025 2:13:21 PM java.util.prefs.WindowsPreferences <init>
2025-11-06 14:13:21,545 [ERROR] LogOutputStream:75 - [STDERR_REDIRECT] WARNING: Could not open/create prefs root node Software\JavaSoft\Prefs at root 0xffffffff80000002. Windows RegCreateKeyEx(...) returned error code 5.
2025-11-06 14:13:21,545 [ERROR] LogOutputStream:75 - [STDERR_REDIRECT] 
2025-11-06 14:13:21,709 [INFO] ThirdPartyUpdaterWithRetryManager:70 - Updater plugin not ready yet. [2/15]
2025-11-06 14:13:21,770 [INFO] MainUpdater:2872 - connection check result : 22
2025-11-06 14:13:21,771 [INFO] MainUpdater:289 - Updater Check For Update Now.
2025-11-06 14:13:21,772 [INFO] MicroXplorer:498 - Change Database Version : DB.6.0.150
2025-11-06 14:13:21,778 [INFO] McuFinderGlobals:63 - Set McuFinder mode to 2 (CubeIDE integrated)
2025-11-06 14:13:21,779 [INFO] UserAuth:171 - activating auth plugin
2025-11-06 14:13:21,782 [INFO] UserAuth:487 - Internet connection configuration mode: 2
2025-11-06 14:13:21,800 [INFO] UserAuth:487 - Internet connection configuration mode: 2
2025-11-06 14:13:21,982 [INFO] CheckServerUpdateThread:120 - End of CheckServer Thread
2025-11-06 14:13:24,886 [WARN] PackLoader:240 - Cannot read IP mode file for STMicroelectronics.FP-SNS-MOTENVWB1.1.4.0
2025-11-06 14:13:24,892 [WARN] PackLoader:240 - Cannot read IP mode file for STMicroelectronics.FP-ATR-ASTRA1.2.0.2
2025-11-06 14:13:24,898 [WARN] PackLoader:240 - Cannot read IP mode file for STMicroelectronics.X-CUBE-SMBUS.2.1.0
2025-11-06 14:13:24,919 [WARN] PackLoader:240 - Cannot read IP mode file for STMicroelectronics.X-CUBE-AZRTOS-F7.1.1.0
2025-11-06 14:13:24,926 [WARN] PackLoader:240 - Cannot read IP mode file for Cesanta.I-CUBE-Mongoose.7.19.0
2025-11-06 14:13:24,931 [WARN] PackLoader:240 - Cannot read IP mode file for STMicroelectronics.FP-SNS-MOTENV1.5.1.0
2025-11-06 14:13:24,941 [WARN] PackLoader:240 - Cannot read IP mode file for WES.I-CUBE-Cesium.1.4.0
2025-11-06 14:13:24,959 [WARN] PackLoader:240 - Cannot read IP mode file for Infineon.AIROC-Wi-Fi-Bluetooth-STM32.1.7.1
2025-11-06 14:13:24,983 [WARN] PackLoader:240 - Cannot read IP mode file for STMicroelectronics.X-CUBE-AZRTOS-H7.3.4.0
2025-11-06 14:13:24,993 [WARN] PackLoader:240 - Cannot read IP mode file for STMicroelectronics.X-CUBE-DISPLAY.3.0.0
2025-11-06 14:13:25,008 [WARN] PackLoader:240 - Cannot read IP mode file for STMicroelectronics.X-CUBE-NFC10.1.0.0
2025-11-06 14:13:25,014 [WARN] PackLoader:240 - Cannot read IP mode file for STMicroelectronics.X-CUBE-ST60.1.1.0
2025-11-06 14:13:25,043 [WARN] PackLoader:240 - Cannot read IP mode file for emotas.I-CUBE-CANOPEN.1.3.0
2025-11-06 14:13:25,050 [WARN] PackLoader:240 - Cannot read IP mode file for STMicroelectronics.X-CUBE-GNSS1.7.1.0
2025-11-06 14:13:25,056 [WARN] PackLoader:240 - Cannot read IP mode file for STMicroelectronics.FP-SNS-STBOX1.2.1.0
2025-11-06 14:13:25,062 [WARN] PackLoader:240 - Cannot read IP mode file for STMicroelectronics.FP-SNS-SMARTAG2.1.2.0
2025-11-06 14:13:25,065 [WARN] PackLoader:240 - Cannot read IP mode file for STMicroelectronics.FP-SNS-FLIGHT1.5.1.0
2025-11-06 14:13:25,073 [INFO] LogOutputStream:77 - [STDOUT_REDIRECT] 1 : Invalid condition id : UX_CORESTACK_Condition cause : null
2025-11-06 14:13:25,074 [INFO] LogOutputStream:77 - [STDOUT_REDIRECT] 1 : Invalid condition id : UX_CORESTACK_Condition cause : null
2025-11-06 14:13:25,075 [INFO] LogOutputStream:77 - [STDOUT_REDIRECT] 1 : Invalid condition id : UX_CORESTACK_Condition cause : null
2025-11-06 14:13:25,076 [INFO] LogOutputStream:77 - [STDOUT_REDIRECT] 1 : Invalid condition id : UX_CORESTACK_Condition cause : null
2025-11-06 14:13:25,076 [INFO] LogOutputStream:77 - [STDOUT_REDIRECT] 1 : Invalid condition id : UX_CORESTACK_Condition cause : null
2025-11-06 14:13:25,078 [WARN] PackLoader:240 - Cannot read IP mode file for STMicroelectronics.X-CUBE-AZRTOS-WL.2.0.0
2025-11-06 14:13:25,084 [WARN] PackLoader:240 - Cannot read IP mode file for STMicroelectronics.X-CUBE-BLE2.3.3.0
2025-11-06 14:13:25,089 [WARN] PackLoader:240 - Cannot read IP mode file for STMicroelectronics.X-CUBE-NFC9.1.0.0
2025-11-06 14:13:25,095 [WARN] PackLoader:240 - Cannot read IP mode file for wolfSSL.I-CUBE-wolfSSL.5.8.2
2025-11-06 14:13:25,099 [WARN] PackLoader:240 - Cannot read IP mode file for STMicroelectronics.X-CUBE-BLE1.7.1.0
2025-11-06 14:13:25,103 [WARN] PackLoader:240 - Cannot read IP mode file for wolfSSL.I-CUBE-wolfMQTT.1.19.2
2025-11-06 14:13:25,108 [WARN] PackLoader:240 - Cannot read IP mode file for STMicroelectronics.X-CUBE-EEPRMA1.5.2.0
2025-11-06 14:13:25,114 [WARN] PackLoader:240 - Cannot read IP mode file for STMicroelectronics.X-CUBE-ST67W61.1.1.0
2025-11-06 14:13:25,125 [WARN] PackLoader:240 - Cannot read IP mode file for STMicroelectronics.X-CUBE-AZRTOS-G0.1.1.0
2025-11-06 14:13:25,132 [WARN] PackLoader:240 - Cannot read IP mode file for STMicroelectronics.X-CUBE-SAFEA1.1.2.2
2025-11-06 14:13:25,139 [WARN] PackLoader:240 - Cannot read IP mode file for STMicroelectronics.X-CUBE-NFC4.3.0.0
2025-11-06 14:13:25,147 [WARN] PackLoader:240 - Cannot read IP mode file for EmbeddedOffice.I-CUBE-FS-RTOS.1.0.1
2025-11-06 14:13:25,152 [WARN] PackLoader:240 - Cannot read IP mode file for STMicroelectronics.X-CUBE-WB05N.2.0.0
2025-11-06 14:13:25,156 [WARN] PackLoader:240 - Cannot read IP mode file for wolfSSL.I-CUBE-wolfTPM.3.8.0
2025-11-06 14:13:25,161 [WARN] PackLoader:240 - Cannot read IP mode file for STMicroelectronics.X-CUBE-TCPP.4.2.0
2025-11-06 14:13:25,167 [WARN] PackLoader:240 - Cannot read IP mode file for RealThread.X-CUBE-RT-Thread_Nano.4.1.1
2025-11-06 14:13:25,171 [WARN] PackLoader:240 - Cannot read IP mode file for STMicroelectronics.FP-ATR-SIGFOX1.3.2.0
2025-11-06 14:13:25,176 [WARN] PackLoader:240 - Cannot read IP mode file for ITTIA_DB.I-CUBE-ITTIADB.8.9.0
2025-11-06 14:13:25,180 [WARN] PackLoader:240 - Cannot read IP mode file for STMicroelectronics.X-CUBE-AI.10.2.0
2025-11-06 14:13:25,196 [WARN] PackLoader:240 - Cannot read IP mode file for SEGGER.I-CUBE-embOS.1.3.1
2025-11-06 14:13:25,231 [WARN] PackLoader:240 - Cannot read IP mode file for STMicroelectronics.X-CUBE-ALGOBUILD.1.4.0
2025-11-06 14:13:25,260 [WARN] PackLoader:240 - Cannot read IP mode file for STMicroelectronics.X-CUBE-MEMS1.11.3.0
2025-11-06 14:13:25,355 [WARN] PackLoader:240 - Cannot read IP mode file for STMicroelectronics.X-CUBE-PM33A1.1.0.0
2025-11-06 14:13:25,374 [WARN] PackLoader:240 - Cannot read IP mode file for STMicroelectronics.X-CUBE-AZRTOS-F4.1.1.0
2025-11-06 14:13:25,383 [WARN] PackLoader:240 - Cannot read IP mode file for STMicroelectronics.X-CUBE-ISPU.2.1.0
2025-11-06 14:13:25,400 [WARN] PackLoader:240 - Cannot read IP mode file for STMicroelectronics.X-CUBE-IPS.3.2.0
2025-11-06 14:13:25,433 [WARN] PackLoader:240 - Cannot read IP mode file for STMicroelectronics.X-CUBE-NFC12.1.0.0
2025-11-06 14:13:25,449 [WARN] PackLoader:240 - Cannot read IP mode file for STMicroelectronics.X-CUBE-AZRTOS-L5.2.0.0
2025-11-06 14:13:25,459 [WARN] PackLoader:240 - Cannot read IP mode file for STMicroelectronics.X-CUBE-NFC6.3.1.0
2025-11-06 14:13:25,468 [WARN] PackLoader:240 - Cannot read IP mode file for STMicroelectronics.X-CUBE-FREERTOS.1.3.1
2025-11-06 14:13:25,475 [WARN] PackLoader:240 - Cannot read IP mode file for STMicroelectronics.X-CUBE-TOUCHGFX.4.26.0
2025-11-06 14:13:25,480 [WARN] PackLoader:240 - Cannot read IP mode file for STMicroelectronics.FP-SNS-STAIOTCFT.1.0.0
2025-11-06 14:13:25,484 [WARN] PackLoader:240 - Cannot read IP mode file for STMicroelectronics.X-CUBE-DPower.1.3.0
2025-11-06 14:13:25,498 [WARN] ConditionMgr:438 - getConditionDescription Invalid condition id : LAN8742 Phy interface Condition cause : null
2025-11-06 14:13:25,499 [WARN] PackLoader:240 - Cannot read IP mode file for STMicroelectronics.X-CUBE-AZRTOS-L4.2.0.0
2025-11-06 14:13:25,500 [WARN] ConditionMgr:1044 - genDependencies : Invalid condition id : LAN8742 Phy interface Condition cause : null
2025-11-06 14:13:25,500 [WARN] ConditionMgr:1044 - genDependencies : Invalid condition id : LAN8742 Phy interface Condition cause : null
2025-11-06 14:13:25,500 [WARN] ConditionMgr:1044 - genDependencies : Invalid condition id : LAN8742 Phy interface Condition cause : null
2025-11-06 14:13:25,507 [WARN] PackLoader:240 - Cannot read IP mode file for STMicroelectronics.X-CUBE-SFXS2LP1.4.0.0
2025-11-06 14:13:25,520 [WARN] PackLoader:240 - Cannot read IP mode file for STMicroelectronics.X-CUBE-BLEMGR.4.1.0
2025-11-06 14:13:25,531 [WARN] ConditionMgr:438 - getConditionDescription Invalid condition id : UX DEVICE CLASS RTOS Condition cause : null
2025-11-06 14:13:25,531 [WARN] ConditionMgr:438 - getConditionDescription Invalid condition id : UX DEVICE CLASS RTOS Condition cause : null
2025-11-06 14:13:25,532 [WARN] PackLoader:240 - Cannot read IP mode file for STMicroelectronics.X-CUBE-AZRTOS-WB.2.0.0
2025-11-06 14:13:25,532 [WARN] ConditionMgr:1044 - genDependencies : Invalid condition id : UX DEVICE CLASS RTOS Condition cause : null
2025-11-06 14:13:25,532 [WARN] ConditionMgr:1044 - genDependencies : Invalid condition id : UX DEVICE CLASS RTOS Condition cause : null
2025-11-06 14:13:25,532 [WARN] ConditionMgr:1044 - genDependencies : Invalid condition id : UX DEVICE CLASS RTOS Condition cause : null
2025-11-06 14:13:25,533 [WARN] ConditionMgr:1044 - genDependencies : Invalid condition id : UX DEVICE CLASS RTOS Condition cause : null
2025-11-06 14:13:25,533 [WARN] ConditionMgr:1044 - genDependencies : Invalid condition id : UX DEVICE CLASS RTOS Condition cause : null
2025-11-06 14:13:25,537 [WARN] ConditionMgr:438 - getConditionDescription Invalid condition id : Cortex-A Device cause : null
2025-11-06 14:13:25,549 [WARN] ConditionMgr:1044 - genDependencies : Invalid condition id : Cortex-A Device cause : null
2025-11-06 14:13:25,549 [WARN] ConditionMgr:1044 - genDependencies : Invalid condition id : Cortex-A Device cause : null
2025-11-06 14:13:25,549 [WARN] ConditionMgr:1044 - genDependencies : Invalid condition id : Cortex-A Device cause : null
2025-11-06 14:13:25,556 [WARN] PackLoader:240 - Cannot read IP mode file for STMicroelectronics.X-CUBE-SUBG2.5.0.0
2025-11-06 14:13:25,570 [WARN] PackLoader:240 - Cannot read IP mode file for STMicroelectronics.X-CUBE-AZRTOS-H7RS.1.1.0
2025-11-06 14:13:25,580 [WARN] PackLoader:240 - Cannot read IP mode file for STMicroelectronics.X-CUBE-AZRTOS-G4.2.0.0
2025-11-06 14:13:25,584 [WARN] PackLoader:240 - Cannot read IP mode file for wolfSSL.I-CUBE-wolfSSH.1.4.20
2025-11-06 14:13:25,587 [WARN] PackLoader:240 - Cannot read IP mode file for STMicroelectronics.X-CUBE-NFC7.2.0.0
2025-11-06 14:13:25,590 [WARN] PackLoader:240 - Cannot read IP mode file for STMicroelectronics.X-CUBE-ALS.1.0.2
2025-11-06 14:13:25,594 [WARN] PackLoader:240 - Cannot read IP mode file for STMicroelectronics.X-CUBE-STSE01.1.0.0
2025-11-06 14:13:25,602 [WARN] PackLoader:240 - Cannot read IP mode file for STMicroelectronics.X-CUBE-TOF1.3.4.3
2025-11-06 14:13:25,609 [INFO] ThirdParty:978 - Integrity check success = true
2025-11-06 14:13:25,609 [INFO] IntegrityCheckThread:100 - exiting critical section [integrity check]
2025-11-06 14:13:25,609 [INFO] IntegrityCheckThread:103 - End integrity checks thread
2025-11-06 15:42:09,456 [INFO] McuFinderGlobals:63 - Set McuFinder mode to 2 (CubeIDE integrated)
2025-11-06 15:42:09,459 [INFO] MainUpdater:2872 - connection check result : 22
2025-11-06 15:42:09,460 [INFO] MainUpdater:2872 - connection check result : 22
2025-11-06 15:42:16,668 [INFO] MainUpdater:2872 - connection check result : 10
2025-11-06 15:42:16,685 [INFO] MicroXplorer:468 - Change Database Path : 
2025-11-06 15:42:16,685 [INFO] MicroXplorer:498 - Change Database Version : DB.6.0.150
2025-11-06 15:42:16,690 [WARN] ThirdParty:871 - waiting for thirdparty lock release [close project]
2025-11-06 15:42:16,690 [INFO] ThirdParty:873 - entering critical section [close project]
2025-11-06 15:42:16,692 [INFO] ThirdParty:883 - exiting critical section [close project]
2025-11-06 15:42:16,694 [INFO] PinOutPanel:1589 - setPackage(No Configuration,No Configuration)
2025-11-06 15:42:16,696 [INFO] UtilMem:75 - Begin LoadConfig() Used Memory: 241790312 Bytes (325058560)
2025-11-06 15:42:16,698 [INFO] MicroXplorer:468 - Change Database Path : 
2025-11-06 15:42:16,698 [INFO] MicroXplorer:498 - Change Database Version : DB.6.0.150
2025-11-06 15:42:16,698 [INFO] OpenFileManager:355 - Change cursor
2025-11-06 15:42:16,734 [INFO] Mcu:2029 - Initializing MCU STM32F103R(C-D-E)Tx STM32F103RCTx STM32F103RCT6TR
2025-11-06 15:42:17,579 [INFO] Context:786 - Trying to add GPIOservice into a context  which must be forbidden
2025-11-06 15:42:17,814 [INFO] ImportTextPane:234 - (OptionalMessage_ERROR) Pin30 (VP_RIF_VS_RIF1) cannot be retrieved for this MCU
2025-11-06 15:42:17,898 [INFO] RtosManager:558 - Registered RTOS mode: class=CMSIS, group=RTOS, mode=CMSIS_V1, owner=FREERTOS
2025-11-06 15:42:17,898 [INFO] RtosManager:558 - Registered RTOS mode: class=CMSIS, group=RTOS2, mode=CMSIS_V2, owner=FREERTOS
2025-11-06 15:42:17,898 [INFO] RtosManager:558 - Registered RTOS mode: class=RTOS, group=Core, mode=CMSIS_V1, owner=FREERTOS
2025-11-06 15:42:17,899 [INFO] RtosManager:558 - Registered RTOS mode: class=RTOS, group=Core, mode=CMSIS_V2, owner=FREERTOS
2025-11-06 15:42:17,899 [WARN] ModelIntegratedComponent:184 - Missing modes for component STMicroelectronics:FreeRTOS:0.0.1:STMicroelectronics:RTOS:FreeRTOS:Core:::10.2.0:
2025-11-06 15:42:17,918 [WARN] ModelIntegratedComponent:63 - No mode defined for component null
2025-11-06 15:42:17,918 [WARN] ModelIntegratedComponent:63 - No mode defined for component null
2025-11-06 15:42:17,918 [WARN] ModelIntegratedComponent:63 - No mode defined for component null
2025-11-06 15:42:17,918 [WARN] ModelIntegratedComponent:63 - No mode defined for component null
2025-11-06 15:42:17,919 [WARN] ModelIntegratedComponent:63 - No mode defined for component null
2025-11-06 15:42:17,919 [WARN] ModelIntegratedComponent:63 - No mode defined for component null
2025-11-06 15:42:17,919 [WARN] ModelIntegratedComponent:63 - No mode defined for component null
2025-11-06 15:42:17,919 [WARN] ModelIntegratedComponent:63 - No mode defined for component null
2025-11-06 15:42:17,919 [WARN] ModelIntegratedComponent:63 - No mode defined for component null
2025-11-06 15:42:17,919 [WARN] ModelIntegratedComponent:63 - No mode defined for component null
2025-11-06 15:42:17,919 [WARN] ModelIntegratedComponent:63 - No mode defined for component null
2025-11-06 15:42:17,919 [WARN] ModelIntegratedComponent:63 - No mode defined for component null
2025-11-06 15:42:17,919 [WARN] ModelIntegratedComponent:63 - No mode defined for component null
2025-11-06 15:42:17,919 [WARN] ModelIntegratedComponent:63 - No mode defined for component null
2025-11-06 15:42:17,919 [WARN] ModelIntegratedComponent:63 - No mode defined for component null
2025-11-06 15:42:17,919 [WARN] ModelIntegratedComponent:63 - No mode defined for component null
2025-11-06 15:42:17,919 [WARN] ModelIntegratedComponent:63 - No mode defined for component null
2025-11-06 15:42:17,919 [WARN] ModelIntegratedComponent:63 - No mode defined for component null
2025-11-06 15:42:17,919 [WARN] ModelIntegratedComponent:63 - No mode defined for component null
2025-11-06 15:42:17,919 [WARN] ModelIntegratedComponent:63 - No mode defined for component null
2025-11-06 15:42:17,919 [WARN] ModelIntegratedComponent:63 - No mode defined for component null
2025-11-06 15:42:17,920 [WARN] ModelIntegratedComponent:63 - No mode defined for component null
2025-11-06 15:42:17,920 [WARN] ModelIntegratedComponent:63 - No mode defined for component null
2025-11-06 15:42:17,920 [WARN] ModelIntegratedComponent:63 - No mode defined for component null
2025-11-06 15:42:17,920 [WARN] ModelIntegratedComponent:63 - No mode defined for component null
2025-11-06 15:42:17,920 [WARN] ModelIntegratedComponent:63 - No mode defined for component null
2025-11-06 15:42:17,920 [WARN] ModelIntegratedComponent:63 - No mode defined for component null
2025-11-06 15:42:17,920 [WARN] ModelIntegratedComponent:63 - No mode defined for component null
2025-11-06 15:42:17,920 [WARN] ModelIntegratedComponent:63 - No mode defined for component null
2025-11-06 15:42:17,920 [WARN] ModelIntegratedComponent:63 - No mode defined for component null
2025-11-06 15:42:17,920 [WARN] ModelIntegratedComponent:63 - No mode defined for component null
2025-11-06 15:42:17,920 [WARN] ModelIntegratedComponent:63 - No mode defined for component null
2025-11-06 15:42:17,920 [WARN] ModelIntegratedComponent:63 - No mode defined for component null
2025-11-06 15:42:17,920 [WARN] ModelIntegratedComponent:63 - No mode defined for component null
2025-11-06 15:42:17,920 [WARN] ModelIntegratedComponent:63 - No mode defined for component null
2025-11-06 15:42:17,920 [WARN] ModelPack:524 - Component already loaded: STMicroelectronics:HAL Drivers:0.0.0:STMicroelectronics:Device:STMicro_Driver:XSPI:HAL::0.0.1:HAL_XSPI
2025-11-06 15:42:17,996 [INFO] ThirdPartyModel:298 - Start build external matchings
2025-11-06 15:42:18,260 [INFO] ThirdPartyModel:316 - End build external matchings
2025-11-06 15:42:18,274 [INFO] RtosManager:1018 - Current active RTOS is FREERTOS [Cortex-M3NS]
2025-11-06 15:42:18,280 [INFO] ImportTextPane:234 - (OptionalMessage_ERROR) IP (DMA) : Parameter (Instance) has Id (ADC1) currently not set
2025-11-06 15:42:18,280 [INFO] ImportTextPane:234 - (OptionalMessage_ERROR) IP (DMA) : Parameter (Direction) has Id (ADC1) currently not set
2025-11-06 15:42:18,281 [INFO] ImportTextPane:234 - (OptionalMessage_ERROR) IP (DMA) : Parameter (PeriphInc) has Id (ADC1) currently not set
2025-11-06 15:42:18,281 [INFO] ImportTextPane:234 - (OptionalMessage_ERROR) IP (DMA) : Parameter (MemInc) has Id (ADC1) currently not set
2025-11-06 15:42:18,281 [INFO] ImportTextPane:234 - (OptionalMessage_ERROR) IP (DMA) : Parameter (PeriphDataAlignment) has Id (ADC1) currently not set
2025-11-06 15:42:18,281 [INFO] ImportTextPane:234 - (OptionalMessage_ERROR) IP (DMA) : Parameter (MemDataAlignment) has Id (ADC1) currently not set
2025-11-06 15:42:18,281 [INFO] ImportTextPane:234 - (OptionalMessage_ERROR) IP (DMA) : Parameter (Mode) has Id (ADC1) currently not set
2025-11-06 15:42:18,281 [INFO] ImportTextPane:234 - (OptionalMessage_ERROR) IP (DMA) : Parameter (Priority) has Id (ADC1) currently not set
2025-11-06 15:42:18,287 [INFO] ImportTextPane:234 - (OptionalMessage_ERROR) IP (RCC) : Invalid parameter (FamilyName)
2025-11-06 15:42:18,287 [INFO] ImportTextPane:234 - (OptionalMessage_ERROR) IP (RCC) : Parameter (MCOFreq_Value) has invalid value (72000000)
2025-11-06 15:42:18,287 [INFO] ImportTextPane:234 - (OptionalMessage_ERROR) IP (RCC) : Parameter (USBFreq_Value) has invalid value (72000000)
2025-11-06 15:42:18,505 [INFO] ApiDb:581 - Connected to CubeFinder SQLite database (C:\Users\USER\.stmcufinder\plugins\mcufinder\mcu\cube-finder-db.db)
2025-11-06 15:42:18,562 [INFO] ApiDb:668 - CubeFinder database Data Model version=2.1
2025-11-06 15:42:18,563 [INFO] ApiDb:669 - CubeFinder database Configuration version=3.0.39
2025-11-06 15:42:18,563 [INFO] ApiDb:670 - CubeFinder database generation date=2025-10-27 (1761571959)
2025-11-06 15:42:18,563 [INFO] ApiDb:671 - CubeFinder database FW Pack versions=[FP-ATR-ASTRA1_V2.0.0, FP-SNS-FLIGHT1_V5.1.0, FP-SNS-MOTENV1_V5.0.0, FP-SNS-MOTENVWB1_V1.4.0, FP-SNS-SMARTAG2_V1.2.0, FP-SNS-STBOX1_V2.1.0, STM32Cube_FW_C0_V1.4.0, STM32Cube_FW_F4_V1.28.3, STM32Cube_FW_F7_V1.17.4, STM32Cube_FW_G0_V1.6.2, STM32Cube_FW_G4_V1.6.1, STM32Cube_FW_H5_V1.5.0, STM32Cube_FW_H7RS_V1.2.0, STM32Cube_FW_H7_V1.12.1, STM32Cube_FW_L0_V1.12.2, STM32Cube_FW_L4_V1.18.1, STM32Cube_FW_L5_V1.5.1, STM32Cube_FW_N6_V1.2.0, STM32Cube_FW_U0_V1.3.0, STM32Cube_FW_U3_V1.2.1, STM32Cube_FW_U5_V1.8.0, STM32Cube_FW_WB0_V1.3.0, STM32Cube_FW_WBA_V1.7.0, STM32Cube_FW_WB_V1.23.0, STM32Cube_FW_WL3_V1.2.0, STM32Cube_FW_WL_V1.3.1, X-CUBE-ALGOBUILD_V1.4.0, X-CUBE-ALS_V1.0.2, X-CUBE-AZRTOS-F4_V1.1.0, X-CUBE-AZRTOS-F7_V1.1.0, X-CUBE-AZRTOS-G0_V1.1.0, X-CUBE-AZRTOS-G4_V2.0.0, X-CUBE-AZRTOS-H7RS_V1.1.0, X-CUBE-AZRTOS-H7_V3.4.0, X-CUBE-AZRTOS-L4_V2.0.0, X-CUBE-AZRTOS-L5_V2.0.0, X-CUBE-AZRTOS-WB_V2.0.0, X-CUBE-AZRTOS-WL_V2.0.0, X-CUBE-BLE1_V7.1.0, X-CUBE-BLE2_V3.3.0, X-CUBE-BLEMGR_V4.1.0, X-CUBE-EEPRMA1_V5.2.0, X-CUBE-FREERTOS_V1.3.1, X-CUBE-GNSS1_V6.0.0, X-CUBE-MEMS1_V11.3.0, X-CUBE-NFC4_V3.0.0, X-CUBE-NFC7_V2.0.0, X-CUBE-SFXS2LP1_V4.0.0, X-CUBE-ST67W61_V1.1.0, X-CUBE-SUBG2_V5.0.0, X-CUBE-TOF1_V3.4.3]
2025-11-06 15:42:18,611 [INFO] DbBoardsSqlite:226 - include board P-NUCLEO-WB55-NUCLEO as a kit item of type 'Nucleo-64'
2025-11-06 15:42:18,611 [INFO] DbBoardsSqlite:226 - include board P-NUCLEO-WB55-USBDONGLE as a kit item of type 'Nucleo USB Dongle'
2025-11-06 15:42:18,611 [INFO] DbBoardsSqlite:226 - include board STEVAL-IDP005V1 as a kit item of type 'Evaluation Board'
2025-11-06 15:42:18,612 [INFO] DbBoardsSqlite:226 - include board STEVAL-IDP005V2 as a kit item of type 'Evaluation Board'
2025-11-06 15:42:18,664 [INFO] ApiDb:240 - Found 880 in-development CPN: [B-G473E-ZEST1S, B-WB1M-WPAN1, B-WBA5M-WPAN, B-WL5M-SUBG1, NUCLEO-C031C6, NUCLEO-C051C8, NUCLEO-C071RB, NUCLEO-C092RC, NUCLEO-H503RB, NUCLEO-H533RE, NUCLEO-H563ZI, NUCLEO-H7S3L8, NUCLEO-N657X0-Q, NUCLEO-U031R8, NUCLEO-U083RC, NUCLEO-U385RG-Q, NUCLEO-U545RE-Q, NUCLEO-U5A5ZJ-Q, NUCLEO-WB05KZ, NUCLEO-WB07CC, NUCLEO-WB09KE, NUCLEO-WBA52CG, NUCLEO-WBA55CG, NUCLEO-WL33CC1, NUCLEO-WL33CC2, STEVAL-PROTEUS1, STEVAL-SMARTAG2, STEVAL-STWINBX1, STM320518-EVAL, STM32C0116-DK, STM32C011D6Y3TR, STM32C011D6Y6TR, STM32C011F4P3, STM32C011F4P6, STM32C011F4U3, STM32C011F4U6TR, STM32C011F6P3, STM32C011F6P6, STM32C011F6U3, STM32C011F6U6TR, STM32C011J4M3, STM32C011J4M6, STM32C011J6M3, STM32C011J6M6, STM32C0316-DK, STM32C031C4T3, STM32C031C4T6, STM32C031C4U3, STM32C031C4U6, STM32C031C6T3, STM32C031C6T6, STM32C031C6U3, STM32C031C6U6, STM32C031F4P3, STM32C031F4P6, STM32C031F6P3, STM32C031F6P6, STM32C031G4U3, STM32C031G4U6, STM32C031G6U3, STM32C031G6U6, STM32C031K4T3, STM32C031K4T6, STM32C031K4U3, STM32C031K4U6, STM32C031K6T3, STM32C031K6T6, STM32C031K6U3, STM32C031K6U6, STM32C051C6T6, STM32C051C6U6, STM32C051C8T6, STM32C051C8U6, STM32C051D8Y6TR, STM32C051F6P6, STM32C051F8P6, STM32C051G6U6, STM32C051G8U6, STM32C051K6T6, STM32C051K6U6, STM32C051K8T6, STM32C071C8T6, STM32C071C8T6N, STM32C071C8U6, STM32C071C8U6N, STM32C071CBT6, STM32C071CBT6N, STM32C071CBU6, STM32C071CBU6N, STM32C071F8P6, STM32C071F8P6N, STM32C071FBP6, STM32C071FBP6N, STM32C071FBY6TR, STM32C071G8U6, STM32C071G8U6N, STM32C071GBU6, STM32C071GBU6N, STM32C071K8T6, STM32C071K8T6N, STM32C071K8U6, STM32C071K8U6N, STM32C071KBT6, STM32C071KBT6N, STM32C071KBU6, STM32C071KBU6N, STM32C071R8T6, STM32C071R8T6N, STM32C071RBI6N, STM32C071RBT6, STM32C071RBT6N, STM32C091CBT6, STM32C091CBU6, STM32C091CCT6, STM32C091CCU6, STM32C091ECY6TR, STM32C091FBP6, STM32C091FCP6, STM32C091GBU6, STM32C091GCU6, STM32C091KBT6, STM32C091KBU6, STM32C091KCT6, STM32C091KCU6, STM32C091RBT6, STM32C091RCI6, STM32C091RCT6, STM32C092CBT6, STM32C092CBU6, STM32C092CCT6, STM32C092CCU6, STM32C092ECY6TR, STM32C092FBP6, STM32C092FCP6, STM32C092GBU6, STM32C092GCU6, STM32C092KBT6, STM32C092KBU6, STM32C092KCT6, STM32C092KCU6, STM32C092RBT6, STM32C092RCI6, STM32C092RCT6, STM32G071K8TXN, STM32G071K8UXN, STM32G081GBU6N, STM32G081KBT6N, STM32G081KBUXN, STM32G0B1CCT6N, STM32G0B1KCT6, STM32G0B1NEY6TR, STM32G0B1RCT6N, STM32G0C1CCT6, STM32G0C1CCT6N, STM32G0C1CCU6N, STM32G0C1CET6N, STM32G0C1CEU6N, STM32G0C1KCT6, STM32G0C1NEY6TR, STM32G0C1RCI6N, STM32G0C1RCT6N, STM32G0C1REI6N, STM32G0C1RET6N, STM32G0C1VCI6, STM32G0C1VEI6, STM32G411C6T3, STM32G411C6T6, STM32G411C6U3, STM32G411C6U6, STM32G411C8T3, STM32G411C8T6, STM32G411C8U3, STM32G411C8U6, STM32G411CBT3, STM32G411CBT6, STM32G411CBU3, STM32G411CBU6, STM32G411K6T3, STM32G411K6T6, STM32G411K6U3, STM32G411K6U6, STM32G411K8T3, STM32G411K8T6, STM32G411K8U3, STM32G411K8U6, STM32G411KBT3, STM32G411KBT6, STM32G411KBU3, STM32G411KBU6, STM32G411M6T3, STM32G411M6T6, STM32G411M8T3, STM32G411M8T6, STM32G411MBT3, STM32G411MBT6, STM32G411R6T3, STM32G411R6T6, STM32G411R8T3, STM32G411R8T6, STM32G411RBT3, STM32G411RBT6, STM32G414CBT3, STM32G414CBT6, STM32G414CBU3, STM32G414CBU6, STM32G414CCT3, STM32G414CCT6, STM32G414CCU3, STM32G414CCU6, STM32G414MBT3, STM32G414MBT6, STM32G414MCT3, STM32G414MCT6, STM32G414RBT3, STM32G414RBT6, STM32G414RCT3, STM32G414RCT6, STM32G414VBT3, STM32G414VBT6, STM32G414VCT3, STM32G414VCT6, STM32G431CBT3Z, STM32G431RBT3Z, STM32G471CCT6, STM32G471CCU6, STM32G471CET3, STM32G471CET6, STM32G471CEU3, STM32G471CEU6, STM32G471MCT6, STM32G471MET3, STM32G471MET6, STM32G471MEY6TR, STM32G471QCT6, STM32G471QET3, STM32G471RCT6, STM32G471RET3, STM32G471RET6, STM32G471VCH6, STM32G471VCI6, STM32G471VCT6, STM32G471VEH3, STM32G471VEH6, STM32G471VEI3, STM32G471VEI6, STM32G471VET3, STM32G471VET6, STM32G473QET3Z, STM32G473RET3Z, STM32G474CCT6, STM32G491RET3Z, STM32H503CBT6, STM32H503CBU6, STM32H503EBY6TR, STM32H503KBU6, STM32H503RBT6, STM32H523CCT6, STM32H523CCU6, STM32H523CET6, STM32H523CEU6, STM32H523HEY6TR, STM32H523RCT6, STM32H523RET6, STM32H523VCI6, STM32H523VCT6, STM32H523VEI6, STM32H523VET6, STM32H523ZCJ6, STM32H523ZCT6, STM32H523ZEJ6, STM32H523ZET6, STM32H533CET6, STM32H533CEU6, STM32H533HEY6TR, STM32H533RET6, STM32H533VEI6, STM32H533VET6, STM32H533ZEJ6, STM32H533ZET6, STM32H562AGI6, STM32H562AII6, STM32H562IGK6, STM32H562IGT6, STM32H562IIK6, STM32H562IIT6, STM32H562RGT6, STM32H562RGV6, STM32H562RIT6, STM32H562RIV6, STM32H562VGT6, STM32H562VIT6, STM32H562ZGT6, STM32H562ZIT6, STM32H563AGI6, STM32H563AII3Q, STM32H563AII6, STM32H563IGK6, STM32H563IGT6, STM32H563IIK3Q, STM32H563IIK6, STM32H563IIT3Q, STM32H563IIT6, STM32H563MIY3QTR, STM32H563RGT6, STM32H563RGV6, STM32H563RIT6, STM32H563RIV6, STM32H563VGT6, STM32H563VIT3Q, STM32H563VIT6, STM32H563ZGT6, STM32H563ZIT3Q, STM32H563ZIT6, STM32H573AII3Q, STM32H573AII6, STM32H573I-DK, STM32H573IIK3Q, STM32H573IIK6, STM32H573IIT3Q, STM32H573IIT6, STM32H573MIY3QTR, STM32H573RIT6, STM32H573RIV6, STM32H573VIT3Q, STM32H573VIT6, STM32H573ZIT3Q, STM32H573ZIT6, STM32H7R3A8I6, STM32H7R3I8K6, STM32H7R3I8T6, STM32H7R3L8H6, STM32H7R3L8H6H, STM32H7R3R8V6, STM32H7R3V8H6, STM32H7R3V8T6, STM32H7R3V8Y6TR, STM32H7R3Z8J6, STM32H7R3Z8T6, STM32H7R7A8I6, STM32H7R7I8K6, STM32H7R7I8T6, STM32H7R7L8H6, STM32H7R7L8H6H, STM32H7R7Z8J6, STM32H7S3A8I6, STM32H7S3I8K6, STM32H7S3I8T6, STM32H7S3L8H6, STM32H7S3L8H6H, STM32H7S3R8V6, STM32H7S3V8H6, STM32H7S3V8T6, STM32H7S3V8Y6TR, STM32H7S3Z8J6, STM32H7S3Z8T6, STM32H7S78-DK, STM32H7S7A8I6, STM32H7S7I8K6, STM32H7S7I8T6, STM32H7S7L8H6, STM32H7S7L8H6H, STM32H7S7Z8J6, STM32L4R5QGI6STR, STM32MP131AAE3, STM32MP131AAF3, STM32MP131AAG3, STM32MP131CAE3, STM32MP131CAF3, STM32MP131CAG3, STM32MP131DAE7, STM32MP131DAF7, STM32MP131DAG7, STM32MP131FAE7, STM32MP131FAF7, STM32MP131FAG7, STM32MP133AAE3, STM32MP133AAF3, STM32MP133AAG3, STM32MP133CAE3, STM32MP133CAF3, STM32MP133CAG3, STM32MP133DAE7, STM32MP133DAF7, STM32MP133DAG7, STM32MP133FAE7, STM32MP133FAF7, STM32MP133FAG7, STM32MP135AAE3, STM32MP135AAF3, STM32MP135AAG3, STM32MP135CAE3, STM32MP135CAF3, STM32MP135CAG3, STM32MP135DAE7, STM32MP135DAF7, STM32MP135DAG7, STM32MP135F-DK, STM32MP135FAE7, STM32MP135FAF7, STM32MP135FAF7T, STM32MP135FAF7U, STM32MP135FAG7, STM32MP211AAL3, STM32MP211AAM3, STM32MP211AAN3, STM32MP211AAO3, STM32MP211CAL3, STM32MP211CAM3, STM32MP211CAN3, STM32MP211CAO3, STM32MP211DAL3, STM32MP211DAM3, STM32MP211DAN3, STM32MP211DAO3, STM32MP211FAL3, STM32MP211FAM3, STM32MP211FAN3, STM32MP211FAO3, STM32MP213AAL3, STM32MP213AAM3, STM32MP213AAN3, STM32MP213AAO3, STM32MP213CAL3, STM32MP213CAM3, STM32MP213CAN3, STM32MP213CAO3, STM32MP213DAL3, STM32MP213DAM3, STM32MP213DAN3, STM32MP213DAO3, STM32MP213FAL3, STM32MP213FAM3, STM32MP213FAN3, STM32MP213FAO3, STM32MP215AAL3, STM32MP215AAM3, STM32MP215AAN3, STM32MP215AAO3, STM32MP215CAL3, STM32MP215CAM3, STM32MP215CAN3, STM32MP215CAO3, STM32MP215DAL3, STM32MP215DAM3, STM32MP215DAN3, STM32MP215DAO3, STM32MP215F-DK, STM32MP215FAL3, STM32MP215FAM3, STM32MP215FAN3, STM32MP215FAO3, STM32MP231AAJ3, STM32MP231AAK3, STM32MP231AAL3, STM32MP231CAJ3, STM32MP231CAK3, STM32MP231CAL3, STM32MP231DAJ3, STM32MP231DAK3, STM32MP231DAL3, STM32MP231FAJ3, STM32MP231FAK3, STM32MP231FAL3, STM32MP233AAJ3, STM32MP233AAK3, STM32MP233AAL3, STM32MP233CAJ3, STM32MP233CAK3, STM32MP233CAL3, STM32MP233DAJ3, STM32MP233DAK3, STM32MP233DAL3, STM32MP233FAJ3, STM32MP233FAK3, STM32MP233FAL3, STM32MP235AAJ3, STM32MP235AAK3, STM32MP235AAL3, STM32MP235CAJ3, STM32MP235CAK3, STM32MP235CAL3, STM32MP235DAJ3, STM32MP235DAK3, STM32MP235DAL3, STM32MP235FAJ3, STM32MP235FAK3, STM32MP235FAL3, STM32MP251AAI3, STM32MP251AAK3, STM32MP251AAL3, STM32MP251CAI3, STM32MP251CAK3, STM32MP251CAL3, STM32MP251DAI3, STM32MP251DAK3, STM32MP251DAL3, STM32MP251FAI3, STM32MP251FAK3, STM32MP251FAL3, STM32MP253AAI3, STM32MP253AAK3, STM32MP253AAL3, STM32MP253CAI3, STM32MP253CAK3, STM32MP253CAL3, STM32MP253DAI3, STM32MP253DAK3, STM32MP253DAL3, STM32MP253FAI3, STM32MP253FAK3, STM32MP253FAL3, STM32MP255AAI3, STM32MP255AAK3, STM32MP255AAL3, STM32MP255CAI3, STM32MP255CAK3, STM32MP255CAL3, STM32MP255DAI3, STM32MP255DAK3, STM32MP255DAL3, STM32MP255FAI3, STM32MP255FAK3, STM32MP255FAL3, STM32MP257AAI3, STM32MP257AAK3, STM32MP257AAL3, STM32MP257CAI3, STM32MP257CAK3, STM32MP257CAL3, STM32MP257DAI3, STM32MP257DAK3, STM32MP257DAL3, STM32MP257F-DK, STM32MP257F-EV1, STM32MP257FAI3, STM32MP257FAK3, STM32MP257FAL3, STM32N645A0H3Q, STM32N645B0H3Q, STM32N645I0H3Q, STM32N645L0H3Q, STM32N645X0H3Q, STM32N645Z0H3Q, STM32N647A0H3Q, STM32N647B0H3Q, STM32N647I0H3Q, STM32N647L0H3Q, STM32N647X0H3Q, STM32N647Z0H3Q, STM32N655A0H3Q, STM32N655B0H3Q, STM32N655I0H3Q, STM32N655L0H3Q, STM32N655X0H3Q, STM32N655Z0H3Q, STM32N6570-DK, STM32N657A0H3Q, STM32N657B0H3Q, STM32N657I0H3Q, STM32N657L0H3Q, STM32N657X0H3Q, STM32N657Z0H3Q, STM32U031C6T6, STM32U031C6U6, STM32U031C8T6, STM32U031C8U6, STM32U031F4P6, STM32U031F6P6, STM32U031F8P6, STM32U031G6Y6TR, STM32U031G8Y6TR, STM32U031K4U6, STM32U031K6U6, STM32U031K8U6, STM32U031R6I6, STM32U031R6T6, STM32U031R8I6, STM32U031R8T6, STM32U073C8T6, STM32U073C8U6, STM32U073CBT6, STM32U073CBU6, STM32U073CCT6, STM32U073CCU6, STM32U073H8Y6TR, STM32U073HBY6TR, STM32U073HCY6TR, STM32U073K8U6, STM32U073KBU6, STM32U073KCU6, STM32U073M8I6, STM32U073M8T6, STM32U073MBI6, STM32U073MBT6, STM32U073MCI6, STM32U073MCT6, STM32U073R8I6, STM32U073R8T6, STM32U073RBI6, STM32U073RBT6, STM32U073RCI6, STM32U073RCT6, STM32U083C-DK, STM32U083CCT6, STM32U083CCU6, STM32U083HCY6TR, STM32U083KCU6, STM32U083MCI6, STM32U083MCT6, STM32U083RCI6, STM32U083RCT6, STM32U375CET6, STM32U375CET6Q, STM32U375CEU6, STM32U375CEU6Q, STM32U375CEY6QTR, STM32U375CGT6, STM32U375CGT6Q, STM32U375CGU6, STM32U375CGU6Q, STM32U375CGY6QTR, STM32U375KEU6, STM32U375KGU6, STM32U375REI6, STM32U375REI6Q, STM32U375RET6, STM32U375RET6Q, STM32U375REY6GTR, STM32U375REY6QTR, STM32U375RGI6, STM32U375RGI6Q, STM32U375RGT6, STM32U375RGT6Q, STM32U375RGY6GTR, STM32U375RGY6QTR, STM32U375VEI6, STM32U375VEI6Q, STM32U375VET6, STM32U375VET6Q, STM32U375VGI6, STM32U375VGI6Q, STM32U375VGT6, STM32U375VGT6Q, STM32U385CGT6, STM32U385CGT6Q, STM32U385CGU6, STM32U385CGU6Q, STM32U385CGY6QTR, STM32U385KGU6, STM32U385RGI6, STM32U385RGI6Q, STM32U385RGT6, STM32U385RGT6Q, STM32U385RGY6GTR, STM32U385RGY6QTR, STM32U385VGI6, STM32U385VGI6Q, STM32U385VGT6, STM32U385VGT6Q, STM32U535CBT6, STM32U535CBT6Q, STM32U535CBU6, STM32U535CBU6Q, STM32U535CCT6, STM32U535CCT6Q, STM32U535CCU6, STM32U535CCU6Q, STM32U535CET6, STM32U535CET6Q, STM32U535CEU6, STM32U535CEU6Q, STM32U535JEY6QTR, STM32U535NCY6QTR, STM32U535NEY6QTR, STM32U535RBI6, STM32U535RBI6Q, STM32U535RBT6, STM32U535RBT6Q, STM32U535RCI6, STM32U535RCI6Q, STM32U535RCT6, STM32U535RCT6Q, STM32U535REI6, STM32U535REI6Q, STM32U535RET6, STM32U535RET6Q, STM32U535VCI6, STM32U535VCI6Q, STM32U535VCT6, STM32U535VCT6Q, STM32U535VEI6, STM32U535VEI6Q, STM32U535VET6, STM32U535VET6Q, STM32U545CET6, STM32U545CET6Q, STM32U545CEU6, STM32U545CEU6Q, STM32U545JEY6QTR, STM32U545NEY6QTR, STM32U545REI6, STM32U545REI6Q, STM32U545RET6, STM32U545RET6Q, STM32U545VEI6, STM32U545VEI6Q, STM32U545VET6, STM32U545VET6Q, STM32U595AIH6, STM32U595AIH6Q, STM32U595AJH6, STM32U595AJH6Q, STM32U595QII6, STM32U595QII6Q, STM32U595QJI6, STM32U595QJI6Q, STM32U595RIT6, STM32U595RIT6Q, STM32U595RJT6, STM32U595RJT6Q, STM32U595VIT6, STM32U595VIT6Q, STM32U595VJT6, STM32U595VJT6Q, STM32U595ZIT6, STM32U595ZIT6Q, STM32U595ZIY6QTR, STM32U595ZJT6, STM32U595ZJT6Q, STM32U595ZJY6QTR, STM32U599BJY6QTR, STM32U599NIH6Q, STM32U599NJH6Q, STM32U599VIT6Q, STM32U599VJT6, STM32U599VJT6Q, STM32U599ZIT6Q, STM32U599ZIY6QTR, STM32U599ZJT6Q, STM32U599ZJY6QTR, STM32U5A5AJH6, STM32U5A5AJH6Q, STM32U5A5QII3Q , STM32U5A5QJI6, STM32U5A5QJI6Q, STM32U5A5RJT6, STM32U5A5RJT6Q, STM32U5A5VJT6, STM32U5A5VJT6Q, STM32U5A5ZJT6, STM32U5A5ZJT6Q, STM32U5A5ZJY6QTR, STM32U5A9BJY6QTR, STM32U5A9J-DK, STM32U5A9NJH6Q, STM32U5A9VJT6Q, STM32U5A9ZJT6Q, STM32U5A9ZJY6QTR, STM32U5F7VIT6, STM32U5F7VIT6Q, STM32U5F7VJT6, STM32U5F7VJT6Q, STM32U5F9BJY6QTR, STM32U5F9NJH6Q, STM32U5F9VIT6Q, STM32U5F9VJT6Q, STM32U5F9ZIJ6QTR, STM32U5F9ZIT6Q, STM32U5F9ZJJ6QTR, STM32U5F9ZJT6Q, STM32U5G7VJT6, STM32U5G7VJT6Q, STM32U5G9BJY6QTR, STM32U5G9J-DK1, STM32U5G9J-DK2, STM32U5G9NJH6Q, STM32U5G9VJT6Q, STM32U5G9ZJJ6QTR, STM32U5G9ZJT6Q, STM32WB05KZV6TR, STM32WB05KZV7TR, STM32WB05TZF6TR, STM32WB05TZF7TR, STM32WB06CCF6TR, STM32WB06CCF7TR, STM32WB06CCV6TR, STM32WB06CCV7TR, STM32WB06KCV6TR, STM32WB06KCV7TR, STM32WB07CCF6TR, STM32WB07CCF7TR, STM32WB07CCV6TR, STM32WB07CCV7TR, STM32WB07KCV6TR, STM32WB07KCV7TR, STM32WB09KEV6TR, STM32WB09KEV7TR, STM32WB09TEF6TR, STM32WB09TEF7TR, STM32WB1MMCH6, STM32WBA50KGU6, STM32WBA50KGU6TR, STM32WBA52CEU6, STM32WBA52CEU6TR, STM32WBA52CEU7, STM32WBA52CEU7TR, STM32WBA52CGU6, STM32WBA52CGU6TR, STM32WBA52CGU6U, STM32WBA52CGU7, STM32WBA52CGU7TR, STM32WBA52KEU6, STM32WBA52KEU6TR, STM32WBA52KGU6, STM32WBA52KGU6TR, STM32WBA54CEU6, STM32WBA54CEU6TR, STM32WBA54CEU7, STM32WBA54CEU7TR, STM32WBA54CGU6, STM32WBA54CGU6TR, STM32WBA54CGU7, STM32WBA54CGU7TR, STM32WBA54KEU6, STM32WBA54KEU6TR, STM32WBA54KEU7, STM32WBA54KEU7TR, STM32WBA54KGU6, STM32WBA54KGU6TR, STM32WBA54KGU7, STM32WBA54KGU7TR, STM32WBA55CEU6, STM32WBA55CEU6TR, STM32WBA55CEU7, STM32WBA55CEU7TR, STM32WBA55CGU6, STM32WBA55CGU6TR, STM32WBA55CGU6U, STM32WBA55CGU7, STM32WBA55CGU7TR, STM32WBA55G-DK1, STM32WBA55HEF6, STM32WBA55HEF7, STM32WBA55HGF6, STM32WBA55HGF7, STM32WBA55UEI6, STM32WBA55UEI6TR, STM32WBA55UEI7, STM32WBA55UEI7TR, STM32WBA55UGI6, STM32WBA55UGI6TR, STM32WBA55UGI7, STM32WBA55UGI7TR, STM32WBA5MMGH6TR, STM32WBA62MGF6, STM32WBA62MIF6, STM32WBA65MGF7, STM32WBA65MIF6, STM32WBA65MIF7, STM32WL30K8V6, STM32WL30KBV6, STM32WL31C8V6, STM32WL31CBV6, STM32WL31K8V6, STM32WL31KBV6, STM32WL33C8V6, STM32WL33C8V6X, STM32WL33CBV6, STM32WL33CBV6X, STM32WL33CCV6, STM32WL33CCV6A, STM32WL33CCV6X, STM32WL33K8V7, STM32WL33K8V7X, STM32WL33KBV7 , STM32WL33KBV7X, STM32WL33KCV7, STM32WL33KCV7X, STM32WL5MOCH6, STM32WL5MOCH6TR]
2025-11-06 15:42:18,912 [INFO] BoardInfo:889 - No configuration file found for board P-NUCLEO-WB55
2025-11-06 15:42:18,914 [INFO] DbBoards:161 - Kit is not supported: P-NUCLEO-WB55
2025-11-06 15:42:18,922 [INFO] BoardInfo:889 - No configuration file found for board STEVAL-BFA001V1B
2025-11-06 15:42:18,924 [INFO] DbBoards:161 - Kit is not supported: STEVAL-BFA001V1B
2025-11-06 15:42:18,925 [INFO] BoardInfo:889 - No configuration file found for board STEVAL-BFA001V2B
2025-11-06 15:42:18,926 [INFO] DbBoards:161 - Kit is not supported: STEVAL-BFA001V2B
2025-11-06 15:42:19,186 [INFO] DbBoards:168 - Found 212 boards, 209 are supported
2025-11-06 15:42:19,186 [INFO] DbBoards:169 - Found 212 boards, 43 of them is supported for  Bsp
2025-11-06 15:42:19,190 [INFO] ApiDb:668 - CubeFinder database Data Model version=2.1
2025-11-06 15:42:19,190 [INFO] ApiDb:669 - CubeFinder database Configuration version=3.0.39
2025-11-06 15:42:19,190 [INFO] ApiDb:670 - CubeFinder database generation date=2025-10-27 (1761571959)
2025-11-06 15:42:19,190 [INFO] ApiDb:671 - CubeFinder database FW Pack versions=[FP-ATR-ASTRA1_V2.0.0, FP-SNS-FLIGHT1_V5.1.0, FP-SNS-MOTENV1_V5.0.0, FP-SNS-MOTENVWB1_V1.4.0, FP-SNS-SMARTAG2_V1.2.0, FP-SNS-STBOX1_V2.1.0, STM32Cube_FW_C0_V1.4.0, STM32Cube_FW_F4_V1.28.3, STM32Cube_FW_F7_V1.17.4, STM32Cube_FW_G0_V1.6.2, STM32Cube_FW_G4_V1.6.1, STM32Cube_FW_H5_V1.5.0, STM32Cube_FW_H7RS_V1.2.0, STM32Cube_FW_H7_V1.12.1, STM32Cube_FW_L0_V1.12.2, STM32Cube_FW_L4_V1.18.1, STM32Cube_FW_L5_V1.5.1, STM32Cube_FW_N6_V1.2.0, STM32Cube_FW_U0_V1.3.0, STM32Cube_FW_U3_V1.2.1, STM32Cube_FW_U5_V1.8.0, STM32Cube_FW_WB0_V1.3.0, STM32Cube_FW_WBA_V1.7.0, STM32Cube_FW_WB_V1.23.0, STM32Cube_FW_WL3_V1.2.0, STM32Cube_FW_WL_V1.3.1, X-CUBE-ALGOBUILD_V1.4.0, X-CUBE-ALS_V1.0.2, X-CUBE-AZRTOS-F4_V1.1.0, X-CUBE-AZRTOS-F7_V1.1.0, X-CUBE-AZRTOS-G0_V1.1.0, X-CUBE-AZRTOS-G4_V2.0.0, X-CUBE-AZRTOS-H7RS_V1.1.0, X-CUBE-AZRTOS-H7_V3.4.0, X-CUBE-AZRTOS-L4_V2.0.0, X-CUBE-AZRTOS-L5_V2.0.0, X-CUBE-AZRTOS-WB_V2.0.0, X-CUBE-AZRTOS-WL_V2.0.0, X-CUBE-BLE1_V7.1.0, X-CUBE-BLE2_V3.3.0, X-CUBE-BLEMGR_V4.1.0, X-CUBE-EEPRMA1_V5.2.0, X-CUBE-FREERTOS_V1.3.1, X-CUBE-GNSS1_V6.0.0, X-CUBE-MEMS1_V11.3.0, X-CUBE-NFC4_V3.0.0, X-CUBE-NFC7_V2.0.0, X-CUBE-SFXS2LP1_V4.0.0, X-CUBE-ST67W61_V1.1.0, X-CUBE-SUBG2_V5.0.0, X-CUBE-TOF1_V3.4.3]
2025-11-06 15:42:21,016 [INFO] ApiDb:240 - Found 880 in-development CPN: [B-G473E-ZEST1S, B-WB1M-WPAN1, B-WBA5M-WPAN, B-WL5M-SUBG1, NUCLEO-C031C6, NUCLEO-C051C8, NUCLEO-C071RB, NUCLEO-C092RC, NUCLEO-H503RB, NUCLEO-H533RE, NUCLEO-H563ZI, NUCLEO-H7S3L8, NUCLEO-N657X0-Q, NUCLEO-U031R8, NUCLEO-U083RC, NUCLEO-U385RG-Q, NUCLEO-U545RE-Q, NUCLEO-U5A5ZJ-Q, NUCLEO-WB05KZ, NUCLEO-WB07CC, NUCLEO-WB09KE, NUCLEO-WBA52CG, NUCLEO-WBA55CG, NUCLEO-WL33CC1, NUCLEO-WL33CC2, STEVAL-PROTEUS1, STEVAL-SMARTAG2, STEVAL-STWINBX1, STM320518-EVAL, STM32C0116-DK, STM32C011D6Y3TR, STM32C011D6Y6TR, STM32C011F4P3, STM32C011F4P6, STM32C011F4U3, STM32C011F4U6TR, STM32C011F6P3, STM32C011F6P6, STM32C011F6U3, STM32C011F6U6TR, STM32C011J4M3, STM32C011J4M6, STM32C011J6M3, STM32C011J6M6, STM32C0316-DK, STM32C031C4T3, STM32C031C4T6, STM32C031C4U3, STM32C031C4U6, STM32C031C6T3, STM32C031C6T6, STM32C031C6U3, STM32C031C6U6, STM32C031F4P3, STM32C031F4P6, STM32C031F6P3, STM32C031F6P6, STM32C031G4U3, STM32C031G4U6, STM32C031G6U3, STM32C031G6U6, STM32C031K4T3, STM32C031K4T6, STM32C031K4U3, STM32C031K4U6, STM32C031K6T3, STM32C031K6T6, STM32C031K6U3, STM32C031K6U6, STM32C051C6T6, STM32C051C6U6, STM32C051C8T6, STM32C051C8U6, STM32C051D8Y6TR, STM32C051F6P6, STM32C051F8P6, STM32C051G6U6, STM32C051G8U6, STM32C051K6T6, STM32C051K6U6, STM32C051K8T6, STM32C071C8T6, STM32C071C8T6N, STM32C071C8U6, STM32C071C8U6N, STM32C071CBT6, STM32C071CBT6N, STM32C071CBU6, STM32C071CBU6N, STM32C071F8P6, STM32C071F8P6N, STM32C071FBP6, STM32C071FBP6N, STM32C071FBY6TR, STM32C071G8U6, STM32C071G8U6N, STM32C071GBU6, STM32C071GBU6N, STM32C071K8T6, STM32C071K8T6N, STM32C071K8U6, STM32C071K8U6N, STM32C071KBT6, STM32C071KBT6N, STM32C071KBU6, STM32C071KBU6N, STM32C071R8T6, STM32C071R8T6N, STM32C071RBI6N, STM32C071RBT6, STM32C071RBT6N, STM32C091CBT6, STM32C091CBU6, STM32C091CCT6, STM32C091CCU6, STM32C091ECY6TR, STM32C091FBP6, STM32C091FCP6, STM32C091GBU6, STM32C091GCU6, STM32C091KBT6, STM32C091KBU6, STM32C091KCT6, STM32C091KCU6, STM32C091RBT6, STM32C091RCI6, STM32C091RCT6, STM32C092CBT6, STM32C092CBU6, STM32C092CCT6, STM32C092CCU6, STM32C092ECY6TR, STM32C092FBP6, STM32C092FCP6, STM32C092GBU6, STM32C092GCU6, STM32C092KBT6, STM32C092KBU6, STM32C092KCT6, STM32C092KCU6, STM32C092RBT6, STM32C092RCI6, STM32C092RCT6, STM32G071K8TXN, STM32G071K8UXN, STM32G081GBU6N, STM32G081KBT6N, STM32G081KBUXN, STM32G0B1CCT6N, STM32G0B1KCT6, STM32G0B1NEY6TR, STM32G0B1RCT6N, STM32G0C1CCT6, STM32G0C1CCT6N, STM32G0C1CCU6N, STM32G0C1CET6N, STM32G0C1CEU6N, STM32G0C1KCT6, STM32G0C1NEY6TR, STM32G0C1RCI6N, STM32G0C1RCT6N, STM32G0C1REI6N, STM32G0C1RET6N, STM32G0C1VCI6, STM32G0C1VEI6, STM32G411C6T3, STM32G411C6T6, STM32G411C6U3, STM32G411C6U6, STM32G411C8T3, STM32G411C8T6, STM32G411C8U3, STM32G411C8U6, STM32G411CBT3, STM32G411CBT6, STM32G411CBU3, STM32G411CBU6, STM32G411K6T3, STM32G411K6T6, STM32G411K6U3, STM32G411K6U6, STM32G411K8T3, STM32G411K8T6, STM32G411K8U3, STM32G411K8U6, STM32G411KBT3, STM32G411KBT6, STM32G411KBU3, STM32G411KBU6, STM32G411M6T3, STM32G411M6T6, STM32G411M8T3, STM32G411M8T6, STM32G411MBT3, STM32G411MBT6, STM32G411R6T3, STM32G411R6T6, STM32G411R8T3, STM32G411R8T6, STM32G411RBT3, STM32G411RBT6, STM32G414CBT3, STM32G414CBT6, STM32G414CBU3, STM32G414CBU6, STM32G414CCT3, STM32G414CCT6, STM32G414CCU3, STM32G414CCU6, STM32G414MBT3, STM32G414MBT6, STM32G414MCT3, STM32G414MCT6, STM32G414RBT3, STM32G414RBT6, STM32G414RCT3, STM32G414RCT6, STM32G414VBT3, STM32G414VBT6, STM32G414VCT3, STM32G414VCT6, STM32G431CBT3Z, STM32G431RBT3Z, STM32G471CCT6, STM32G471CCU6, STM32G471CET3, STM32G471CET6, STM32G471CEU3, STM32G471CEU6, STM32G471MCT6, STM32G471MET3, STM32G471MET6, STM32G471MEY6TR, STM32G471QCT6, STM32G471QET3, STM32G471RCT6, STM32G471RET3, STM32G471RET6, STM32G471VCH6, STM32G471VCI6, STM32G471VCT6, STM32G471VEH3, STM32G471VEH6, STM32G471VEI3, STM32G471VEI6, STM32G471VET3, STM32G471VET6, STM32G473QET3Z, STM32G473RET3Z, STM32G474CCT6, STM32G491RET3Z, STM32H503CBT6, STM32H503CBU6, STM32H503EBY6TR, STM32H503KBU6, STM32H503RBT6, STM32H523CCT6, STM32H523CCU6, STM32H523CET6, STM32H523CEU6, STM32H523HEY6TR, STM32H523RCT6, STM32H523RET6, STM32H523VCI6, STM32H523VCT6, STM32H523VEI6, STM32H523VET6, STM32H523ZCJ6, STM32H523ZCT6, STM32H523ZEJ6, STM32H523ZET6, STM32H533CET6, STM32H533CEU6, STM32H533HEY6TR, STM32H533RET6, STM32H533VEI6, STM32H533VET6, STM32H533ZEJ6, STM32H533ZET6, STM32H562AGI6, STM32H562AII6, STM32H562IGK6, STM32H562IGT6, STM32H562IIK6, STM32H562IIT6, STM32H562RGT6, STM32H562RGV6, STM32H562RIT6, STM32H562RIV6, STM32H562VGT6, STM32H562VIT6, STM32H562ZGT6, STM32H562ZIT6, STM32H563AGI6, STM32H563AII3Q, STM32H563AII6, STM32H563IGK6, STM32H563IGT6, STM32H563IIK3Q, STM32H563IIK6, STM32H563IIT3Q, STM32H563IIT6, STM32H563MIY3QTR, STM32H563RGT6, STM32H563RGV6, STM32H563RIT6, STM32H563RIV6, STM32H563VGT6, STM32H563VIT3Q, STM32H563VIT6, STM32H563ZGT6, STM32H563ZIT3Q, STM32H563ZIT6, STM32H573AII3Q, STM32H573AII6, STM32H573I-DK, STM32H573IIK3Q, STM32H573IIK6, STM32H573IIT3Q, STM32H573IIT6, STM32H573MIY3QTR, STM32H573RIT6, STM32H573RIV6, STM32H573VIT3Q, STM32H573VIT6, STM32H573ZIT3Q, STM32H573ZIT6, STM32H7R3A8I6, STM32H7R3I8K6, STM32H7R3I8T6, STM32H7R3L8H6, STM32H7R3L8H6H, STM32H7R3R8V6, STM32H7R3V8H6, STM32H7R3V8T6, STM32H7R3V8Y6TR, STM32H7R3Z8J6, STM32H7R3Z8T6, STM32H7R7A8I6, STM32H7R7I8K6, STM32H7R7I8T6, STM32H7R7L8H6, STM32H7R7L8H6H, STM32H7R7Z8J6, STM32H7S3A8I6, STM32H7S3I8K6, STM32H7S3I8T6, STM32H7S3L8H6, STM32H7S3L8H6H, STM32H7S3R8V6, STM32H7S3V8H6, STM32H7S3V8T6, STM32H7S3V8Y6TR, STM32H7S3Z8J6, STM32H7S3Z8T6, STM32H7S78-DK, STM32H7S7A8I6, STM32H7S7I8K6, STM32H7S7I8T6, STM32H7S7L8H6, STM32H7S7L8H6H, STM32H7S7Z8J6, STM32L4R5QGI6STR, STM32MP131AAE3, STM32MP131AAF3, STM32MP131AAG3, STM32MP131CAE3, STM32MP131CAF3, STM32MP131CAG3, STM32MP131DAE7, STM32MP131DAF7, STM32MP131DAG7, STM32MP131FAE7, STM32MP131FAF7, STM32MP131FAG7, STM32MP133AAE3, STM32MP133AAF3, STM32MP133AAG3, STM32MP133CAE3, STM32MP133CAF3, STM32MP133CAG3, STM32MP133DAE7, STM32MP133DAF7, STM32MP133DAG7, STM32MP133FAE7, STM32MP133FAF7, STM32MP133FAG7, STM32MP135AAE3, STM32MP135AAF3, STM32MP135AAG3, STM32MP135CAE3, STM32MP135CAF3, STM32MP135CAG3, STM32MP135DAE7, STM32MP135DAF7, STM32MP135DAG7, STM32MP135F-DK, STM32MP135FAE7, STM32MP135FAF7, STM32MP135FAF7T, STM32MP135FAF7U, STM32MP135FAG7, STM32MP211AAL3, STM32MP211AAM3, STM32MP211AAN3, STM32MP211AAO3, STM32MP211CAL3, STM32MP211CAM3, STM32MP211CAN3, STM32MP211CAO3, STM32MP211DAL3, STM32MP211DAM3, STM32MP211DAN3, STM32MP211DAO3, STM32MP211FAL3, STM32MP211FAM3, STM32MP211FAN3, STM32MP211FAO3, STM32MP213AAL3, STM32MP213AAM3, STM32MP213AAN3, STM32MP213AAO3, STM32MP213CAL3, STM32MP213CAM3, STM32MP213CAN3, STM32MP213CAO3, STM32MP213DAL3, STM32MP213DAM3, STM32MP213DAN3, STM32MP213DAO3, STM32MP213FAL3, STM32MP213FAM3, STM32MP213FAN3, STM32MP213FAO3, STM32MP215AAL3, STM32MP215AAM3, STM32MP215AAN3, STM32MP215AAO3, STM32MP215CAL3, STM32MP215CAM3, STM32MP215CAN3, STM32MP215CAO3, STM32MP215DAL3, STM32MP215DAM3, STM32MP215DAN3, STM32MP215DAO3, STM32MP215F-DK, STM32MP215FAL3, STM32MP215FAM3, STM32MP215FAN3, STM32MP215FAO3, STM32MP231AAJ3, STM32MP231AAK3, STM32MP231AAL3, STM32MP231CAJ3, STM32MP231CAK3, STM32MP231CAL3, STM32MP231DAJ3, STM32MP231DAK3, STM32MP231DAL3, STM32MP231FAJ3, STM32MP231FAK3, STM32MP231FAL3, STM32MP233AAJ3, STM32MP233AAK3, STM32MP233AAL3, STM32MP233CAJ3, STM32MP233CAK3, STM32MP233CAL3, STM32MP233DAJ3, STM32MP233DAK3, STM32MP233DAL3, STM32MP233FAJ3, STM32MP233FAK3, STM32MP233FAL3, STM32MP235AAJ3, STM32MP235AAK3, STM32MP235AAL3, STM32MP235CAJ3, STM32MP235CAK3, STM32MP235CAL3, STM32MP235DAJ3, STM32MP235DAK3, STM32MP235DAL3, STM32MP235FAJ3, STM32MP235FAK3, STM32MP235FAL3, STM32MP251AAI3, STM32MP251AAK3, STM32MP251AAL3, STM32MP251CAI3, STM32MP251CAK3, STM32MP251CAL3, STM32MP251DAI3, STM32MP251DAK3, STM32MP251DAL3, STM32MP251FAI3, STM32MP251FAK3, STM32MP251FAL3, STM32MP253AAI3, STM32MP253AAK3, STM32MP253AAL3, STM32MP253CAI3, STM32MP253CAK3, STM32MP253CAL3, STM32MP253DAI3, STM32MP253DAK3, STM32MP253DAL3, STM32MP253FAI3, STM32MP253FAK3, STM32MP253FAL3, STM32MP255AAI3, STM32MP255AAK3, STM32MP255AAL3, STM32MP255CAI3, STM32MP255CAK3, STM32MP255CAL3, STM32MP255DAI3, STM32MP255DAK3, STM32MP255DAL3, STM32MP255FAI3, STM32MP255FAK3, STM32MP255FAL3, STM32MP257AAI3, STM32MP257AAK3, STM32MP257AAL3, STM32MP257CAI3, STM32MP257CAK3, STM32MP257CAL3, STM32MP257DAI3, STM32MP257DAK3, STM32MP257DAL3, STM32MP257F-DK, STM32MP257F-EV1, STM32MP257FAI3, STM32MP257FAK3, STM32MP257FAL3, STM32N645A0H3Q, STM32N645B0H3Q, STM32N645I0H3Q, STM32N645L0H3Q, STM32N645X0H3Q, STM32N645Z0H3Q, STM32N647A0H3Q, STM32N647B0H3Q, STM32N647I0H3Q, STM32N647L0H3Q, STM32N647X0H3Q, STM32N647Z0H3Q, STM32N655A0H3Q, STM32N655B0H3Q, STM32N655I0H3Q, STM32N655L0H3Q, STM32N655X0H3Q, STM32N655Z0H3Q, STM32N6570-DK, STM32N657A0H3Q, STM32N657B0H3Q, STM32N657I0H3Q, STM32N657L0H3Q, STM32N657X0H3Q, STM32N657Z0H3Q, STM32U031C6T6, STM32U031C6U6, STM32U031C8T6, STM32U031C8U6, STM32U031F4P6, STM32U031F6P6, STM32U031F8P6, STM32U031G6Y6TR, STM32U031G8Y6TR, STM32U031K4U6, STM32U031K6U6, STM32U031K8U6, STM32U031R6I6, STM32U031R6T6, STM32U031R8I6, STM32U031R8T6, STM32U073C8T6, STM32U073C8U6, STM32U073CBT6, STM32U073CBU6, STM32U073CCT6, STM32U073CCU6, STM32U073H8Y6TR, STM32U073HBY6TR, STM32U073HCY6TR, STM32U073K8U6, STM32U073KBU6, STM32U073KCU6, STM32U073M8I6, STM32U073M8T6, STM32U073MBI6, STM32U073MBT6, STM32U073MCI6, STM32U073MCT6, STM32U073R8I6, STM32U073R8T6, STM32U073RBI6, STM32U073RBT6, STM32U073RCI6, STM32U073RCT6, STM32U083C-DK, STM32U083CCT6, STM32U083CCU6, STM32U083HCY6TR, STM32U083KCU6, STM32U083MCI6, STM32U083MCT6, STM32U083RCI6, STM32U083RCT6, STM32U375CET6, STM32U375CET6Q, STM32U375CEU6, STM32U375CEU6Q, STM32U375CEY6QTR, STM32U375CGT6, STM32U375CGT6Q, STM32U375CGU6, STM32U375CGU6Q, STM32U375CGY6QTR, STM32U375KEU6, STM32U375KGU6, STM32U375REI6, STM32U375REI6Q, STM32U375RET6, STM32U375RET6Q, STM32U375REY6GTR, STM32U375REY6QTR, STM32U375RGI6, STM32U375RGI6Q, STM32U375RGT6, STM32U375RGT6Q, STM32U375RGY6GTR, STM32U375RGY6QTR, STM32U375VEI6, STM32U375VEI6Q, STM32U375VET6, STM32U375VET6Q, STM32U375VGI6, STM32U375VGI6Q, STM32U375VGT6, STM32U375VGT6Q, STM32U385CGT6, STM32U385CGT6Q, STM32U385CGU6, STM32U385CGU6Q, STM32U385CGY6QTR, STM32U385KGU6, STM32U385RGI6, STM32U385RGI6Q, STM32U385RGT6, STM32U385RGT6Q, STM32U385RGY6GTR, STM32U385RGY6QTR, STM32U385VGI6, STM32U385VGI6Q, STM32U385VGT6, STM32U385VGT6Q, STM32U535CBT6, STM32U535CBT6Q, STM32U535CBU6, STM32U535CBU6Q, STM32U535CCT6, STM32U535CCT6Q, STM32U535CCU6, STM32U535CCU6Q, STM32U535CET6, STM32U535CET6Q, STM32U535CEU6, STM32U535CEU6Q, STM32U535JEY6QTR, STM32U535NCY6QTR, STM32U535NEY6QTR, STM32U535RBI6, STM32U535RBI6Q, STM32U535RBT6, STM32U535RBT6Q, STM32U535RCI6, STM32U535RCI6Q, STM32U535RCT6, STM32U535RCT6Q, STM32U535REI6, STM32U535REI6Q, STM32U535RET6, STM32U535RET6Q, STM32U535VCI6, STM32U535VCI6Q, STM32U535VCT6, STM32U535VCT6Q, STM32U535VEI6, STM32U535VEI6Q, STM32U535VET6, STM32U535VET6Q, STM32U545CET6, STM32U545CET6Q, STM32U545CEU6, STM32U545CEU6Q, STM32U545JEY6QTR, STM32U545NEY6QTR, STM32U545REI6, STM32U545REI6Q, STM32U545RET6, STM32U545RET6Q, STM32U545VEI6, STM32U545VEI6Q, STM32U545VET6, STM32U545VET6Q, STM32U595AIH6, STM32U595AIH6Q, STM32U595AJH6, STM32U595AJH6Q, STM32U595QII6, STM32U595QII6Q, STM32U595QJI6, STM32U595QJI6Q, STM32U595RIT6, STM32U595RIT6Q, STM32U595RJT6, STM32U595RJT6Q, STM32U595VIT6, STM32U595VIT6Q, STM32U595VJT6, STM32U595VJT6Q, STM32U595ZIT6, STM32U595ZIT6Q, STM32U595ZIY6QTR, STM32U595ZJT6, STM32U595ZJT6Q, STM32U595ZJY6QTR, STM32U599BJY6QTR, STM32U599NIH6Q, STM32U599NJH6Q, STM32U599VIT6Q, STM32U599VJT6, STM32U599VJT6Q, STM32U599ZIT6Q, STM32U599ZIY6QTR, STM32U599ZJT6Q, STM32U599ZJY6QTR, STM32U5A5AJH6, STM32U5A5AJH6Q, STM32U5A5QII3Q , STM32U5A5QJI6, STM32U5A5QJI6Q, STM32U5A5RJT6, STM32U5A5RJT6Q, STM32U5A5VJT6, STM32U5A5VJT6Q, STM32U5A5ZJT6, STM32U5A5ZJT6Q, STM32U5A5ZJY6QTR, STM32U5A9BJY6QTR, STM32U5A9J-DK, STM32U5A9NJH6Q, STM32U5A9VJT6Q, STM32U5A9ZJT6Q, STM32U5A9ZJY6QTR, STM32U5F7VIT6, STM32U5F7VIT6Q, STM32U5F7VJT6, STM32U5F7VJT6Q, STM32U5F9BJY6QTR, STM32U5F9NJH6Q, STM32U5F9VIT6Q, STM32U5F9VJT6Q, STM32U5F9ZIJ6QTR, STM32U5F9ZIT6Q, STM32U5F9ZJJ6QTR, STM32U5F9ZJT6Q, STM32U5G7VJT6, STM32U5G7VJT6Q, STM32U5G9BJY6QTR, STM32U5G9J-DK1, STM32U5G9J-DK2, STM32U5G9NJH6Q, STM32U5G9VJT6Q, STM32U5G9ZJJ6QTR, STM32U5G9ZJT6Q, STM32WB05KZV6TR, STM32WB05KZV7TR, STM32WB05TZF6TR, STM32WB05TZF7TR, STM32WB06CCF6TR, STM32WB06CCF7TR, STM32WB06CCV6TR, STM32WB06CCV7TR, STM32WB06KCV6TR, STM32WB06KCV7TR, STM32WB07CCF6TR, STM32WB07CCF7TR, STM32WB07CCV6TR, STM32WB07CCV7TR, STM32WB07KCV6TR, STM32WB07KCV7TR, STM32WB09KEV6TR, STM32WB09KEV7TR, STM32WB09TEF6TR, STM32WB09TEF7TR, STM32WB1MMCH6, STM32WBA50KGU6, STM32WBA50KGU6TR, STM32WBA52CEU6, STM32WBA52CEU6TR, STM32WBA52CEU7, STM32WBA52CEU7TR, STM32WBA52CGU6, STM32WBA52CGU6TR, STM32WBA52CGU6U, STM32WBA52CGU7, STM32WBA52CGU7TR, STM32WBA52KEU6, STM32WBA52KEU6TR, STM32WBA52KGU6, STM32WBA52KGU6TR, STM32WBA54CEU6, STM32WBA54CEU6TR, STM32WBA54CEU7, STM32WBA54CEU7TR, STM32WBA54CGU6, STM32WBA54CGU6TR, STM32WBA54CGU7, STM32WBA54CGU7TR, STM32WBA54KEU6, STM32WBA54KEU6TR, STM32WBA54KEU7, STM32WBA54KEU7TR, STM32WBA54KGU6, STM32WBA54KGU6TR, STM32WBA54KGU7, STM32WBA54KGU7TR, STM32WBA55CEU6, STM32WBA55CEU6TR, STM32WBA55CEU7, STM32WBA55CEU7TR, STM32WBA55CGU6, STM32WBA55CGU6TR, STM32WBA55CGU6U, STM32WBA55CGU7, STM32WBA55CGU7TR, STM32WBA55G-DK1, STM32WBA55HEF6, STM32WBA55HEF7, STM32WBA55HGF6, STM32WBA55HGF7, STM32WBA55UEI6, STM32WBA55UEI6TR, STM32WBA55UEI7, STM32WBA55UEI7TR, STM32WBA55UGI6, STM32WBA55UGI6TR, STM32WBA55UGI7, STM32WBA55UGI7TR, STM32WBA5MMGH6TR, STM32WBA62MGF6, STM32WBA62MIF6, STM32WBA65MGF7, STM32WBA65MIF6, STM32WBA65MIF7, STM32WL30K8V6, STM32WL30KBV6, STM32WL31C8V6, STM32WL31CBV6, STM32WL31K8V6, STM32WL31KBV6, STM32WL33C8V6, STM32WL33C8V6X, STM32WL33CBV6, STM32WL33CBV6X, STM32WL33CCV6, STM32WL33CCV6A, STM32WL33CCV6X, STM32WL33K8V7, STM32WL33K8V7X, STM32WL33KBV7 , STM32WL33KBV7X, STM32WL33KCV7, STM32WL33KCV7X, STM32WL5MOCH6, STM32WL5MOCH6TR]
2025-11-06 15:42:21,019 [INFO] DbMcus:218 - Found 4801 MCUs, 4801 are supported
2025-11-06 15:42:21,019 [INFO] ApiDb:423 - Load user favorites file C:\Users\USER/.stm32cubeide/favorites.mcus.txt: 0 item(s)
2025-11-06 15:42:21,019 [INFO] ApiDb:427 - User favorites MCUs=[]
2025-11-06 15:42:21,020 [INFO] DbMcus:224 - Set 0 / 0 favorites MCUs
2025-11-06 15:42:21,287 [INFO] ApiDb:423 - Load user favorites file C:\Users\USER/.stm32cubeide/favorites.boards.txt: 0 item(s)
2025-11-06 15:42:21,287 [INFO] ApiDb:427 - User favorites Boards=[]
2025-11-06 15:42:21,287 [INFO] DbBoards:198 - Set 0 / 0 favorites Boards
2025-11-06 15:42:21,347 [INFO] UtilMem:75 - End LoadConfig() Used Memory: 267369904 Bytes (335544320)
2025-11-06 15:42:21,447 [WARN] ThirdParty:833 - waiting for thirdparty lock release [change project]
2025-11-06 15:42:21,447 [INFO] ThirdParty:835 - entering critical section [change project]
2025-11-06 15:42:21,447 [INFO] ThirdParty:1030 - CMSIS Pack Vendor :STMicroelectronics X-CUBE-PM33A1 1.0.0
2025-11-06 15:42:21,447 [INFO] ThirdParty:1030 - CMSIS Pack Vendor :STMicroelectronics USBPD 4.1
2025-11-06 15:42:21,447 [INFO] ThirdParty:1030 - CMSIS Pack Vendor :STMicroelectronics X-CUBE-NFC9 1.0.0
2025-11-06 15:42:21,447 [INFO] ThirdParty:1030 - CMSIS Pack Vendor :STMicroelectronics USB_HOST 2.0.0
2025-11-06 15:42:21,447 [INFO] ThirdParty:1030 - CMSIS Pack Vendor :STMicroelectronics FP-SNS-MOTENVWB1 1.4.0
2025-11-06 15:42:21,447 [INFO] ThirdParty:1030 - CMSIS Pack Vendor :STMicroelectronics X-CUBE-AZRTOS-F4 1.1.0
2025-11-06 15:42:21,447 [INFO] ThirdParty:1030 - CMSIS Pack Vendor :STMicroelectronics LIBJPEG 8.0.0
2025-11-06 15:42:21,447 [INFO] ThirdParty:1030 - CMSIS Pack Vendor :STMicroelectronics FP-ATR-ASTRA1 2.0.2
2025-11-06 15:42:21,447 [INFO] ThirdParty:1030 - CMSIS Pack Vendor :wolfSSL I-CUBE-wolfSSL 5.8.2
2025-11-06 15:42:21,447 [INFO] ThirdParty:1030 - CMSIS Pack Vendor :STMicroelectronics X-CUBE-BLE1 7.1.0
2025-11-06 15:42:21,447 [INFO] ThirdParty:1030 - CMSIS Pack Vendor :STMicroelectronics X-CUBE-SMBUS 2.1.0
2025-11-06 15:42:21,447 [INFO] ThirdParty:1030 - CMSIS Pack Vendor :wolfSSL I-CUBE-wolfMQTT 1.19.2
2025-11-06 15:42:21,447 [INFO] ThirdParty:1030 - CMSIS Pack Vendor :STMicroelectronics USB_DEVICE 3.0.0
2025-11-06 15:42:21,447 [INFO] ThirdParty:1030 - CMSIS Pack Vendor :STMicroelectronics X-CUBE-ISPU 2.1.0
2025-11-06 15:42:21,448 [INFO] ThirdParty:1030 - CMSIS Pack Vendor :STMicroelectronics X-CUBE-EEPRMA1 5.2.0
2025-11-06 15:42:21,448 [INFO] ThirdParty:1030 - CMSIS Pack Vendor :STMicroelectronics X-CUBE-IPS 3.2.0
2025-11-06 15:42:21,448 [INFO] ThirdParty:1030 - CMSIS Pack Vendor :STMicroelectronics X-CUBE-BLEMGR 4.1.0
2025-11-06 15:42:21,448 [INFO] ThirdParty:1030 - CMSIS Pack Vendor :STMicroelectronics X-CUBE-AZRTOS-WB 2.0.0
2025-11-06 15:42:21,448 [INFO] ThirdParty:1030 - CMSIS Pack Vendor :STMicroelectronics X-CUBE-NFC12 1.0.0
2025-11-06 15:42:21,448 [INFO] ThirdParty:1030 - CMSIS Pack Vendor :STMicroelectronics X-CUBE-AZRTOS-F7 1.1.0
2025-11-06 15:42:21,448 [INFO] ThirdParty:1030 - CMSIS Pack Vendor :STMicroelectronics X-CUBE-AZRTOS-L5 2.0.0
2025-11-06 15:42:21,448 [INFO] ThirdParty:1030 - CMSIS Pack Vendor :STMicroelectronics USB_DEVICE 2.0.0
2025-11-06 15:42:21,448 [INFO] ThirdParty:1030 - CMSIS Pack Vendor :STMicroelectronics X-CUBE-NFC6 3.1.0
2025-11-06 15:42:21,448 [INFO] ThirdParty:1030 - CMSIS Pack Vendor :STMicroelectronics X-CUBE-ST67W61 1.1.0
2025-11-06 15:42:21,448 [INFO] ThirdParty:1030 - CMSIS Pack Vendor :Cesanta I-CUBE-Mongoose 7.19.0
2025-11-06 15:42:21,448 [INFO] ThirdParty:1030 - CMSIS Pack Vendor :quantropi X-CUBE-qispace-sdk-base 2.1.0
2025-11-06 15:42:21,448 [INFO] ThirdParty:1030 - CMSIS Pack Vendor :STMicroelectronics FP-SNS-MOTENV1 5.1.0
2025-11-06 15:42:21,448 [INFO] ThirdParty:1030 - CMSIS Pack Vendor :STMicroelectronics FreeRTOS 0.0.1
2025-11-06 15:42:21,448 [INFO] ThirdParty:1030 - CMSIS Pack Vendor :STMicroelectronics X-CUBE-AZRTOS-G0 1.1.0
2025-11-06 15:42:21,448 [INFO] ThirdParty:1030 - CMSIS Pack Vendor :STMicroelectronics X-CUBE-SAFEA1 1.2.2
2025-11-06 15:42:21,448 [INFO] ThirdParty:1030 - CMSIS Pack Vendor :STMicroelectronics X-CUBE-NFC4 3.0.0
2025-11-06 15:42:21,448 [INFO] ThirdParty:1030 - CMSIS Pack Vendor :STMicroelectronics X-CUBE-SUBG2 5.0.0
2025-11-06 15:42:21,448 [INFO] ThirdParty:1030 - CMSIS Pack Vendor :STMicroelectronics X-CUBE-AZRTOS-H7RS 1.1.0
2025-11-06 15:42:21,448 [INFO] ThirdParty:1030 - CMSIS Pack Vendor :STMicroelectronics STM32_WPAN 1.0.0
2025-11-06 15:42:21,448 [INFO] ThirdParty:1030 - CMSIS Pack Vendor :EmbeddedOffice I-CUBE-FS-RTOS 1.0.1
2025-11-06 15:42:21,448 [INFO] ThirdParty:1030 - CMSIS Pack Vendor :STMicroelectronics lwIP 2.0.3
2025-11-06 15:42:21,448 [INFO] ThirdParty:1030 - CMSIS Pack Vendor :WES I-CUBE-Cesium 1.4.0
2025-11-06 15:42:21,449 [INFO] ThirdParty:1030 - CMSIS Pack Vendor :STMicroelectronics USB_HOST 1.0.0
2025-11-06 15:42:21,449 [INFO] ThirdParty:1030 - CMSIS Pack Vendor :Infineon AIROC-Wi-Fi-Bluetooth-STM32 1.7.1
2025-11-06 15:42:21,449 [INFO] ThirdParty:1030 - CMSIS Pack Vendor :STMicroelectronics X-CUBE-AZRTOS-G4 2.0.0
2025-11-06 15:42:21,449 [INFO] ThirdParty:1030 - CMSIS Pack Vendor :STMicroelectronics X-CUBE-WB05N 2.0.0
2025-11-06 15:42:21,449 [INFO] ThirdParty:1030 - CMSIS Pack Vendor :STMicroelectronics PDM2PCM 3.1.0
2025-11-06 15:42:21,449 [INFO] ThirdParty:1030 - CMSIS Pack Vendor :STMicroelectronics PDM2PCM 3.3.0
2025-11-06 15:42:21,449 [INFO] ThirdParty:1030 - CMSIS Pack Vendor :wolfSSL I-CUBE-wolfTPM 3.8.0
2025-11-06 15:42:21,449 [INFO] ThirdParty:1030 - CMSIS Pack Vendor :STMicroelectronics X-CUBE-AZRTOS-H7 3.4.0
2025-11-06 15:42:21,449 [INFO] ThirdParty:1030 - CMSIS Pack Vendor :STMicroelectronics X-CUBE-DISPLAY 3.0.0
2025-11-06 15:42:21,449 [INFO] ThirdParty:1030 - CMSIS Pack Vendor :wolfSSL I-CUBE-wolfSSH 1.4.20
2025-11-06 15:42:21,449 [INFO] ThirdParty:1030 - CMSIS Pack Vendor :STMicroelectronics X-CUBE-NFC7 2.0.0
2025-11-06 15:42:21,449 [INFO] ThirdParty:1030 - CMSIS Pack Vendor :STMicroelectronics X-CUBE-TCPP 4.2.0
2025-11-06 15:42:21,449 [INFO] ThirdParty:1030 - CMSIS Pack Vendor :RealThread X-CUBE-RT-Thread_Nano 4.1.1
2025-11-06 15:42:21,449 [INFO] ThirdParty:1030 - CMSIS Pack Vendor :STMicroelectronics FP-ATR-SIGFOX1 3.2.0
2025-11-06 15:42:21,449 [INFO] ThirdParty:1030 - CMSIS Pack Vendor :STMicroelectronics X-CUBE-NFC10 1.0.0
2025-11-06 15:42:21,449 [INFO] ThirdParty:1030 - CMSIS Pack Vendor :STMicroelectronics X-CUBE-FREERTOS 1.3.1
2025-11-06 15:42:21,449 [INFO] ThirdParty:1030 - CMSIS Pack Vendor :STMicroelectronics HAL Drivers 0.0.0
2025-11-06 15:42:21,449 [INFO] ThirdParty:1030 - CMSIS Pack Vendor :STMicroelectronics MBEDTLS 2.16.2
2025-11-06 15:42:21,449 [INFO] ThirdParty:1030 - CMSIS Pack Vendor :STMicroelectronics X-CUBE-ST60 1.1.0
2025-11-06 15:42:21,449 [INFO] ThirdParty:1030 - CMSIS Pack Vendor :STMicroelectronics X-CUBE-ALS 1.0.2
2025-11-06 15:42:21,449 [INFO] ThirdParty:1030 - CMSIS Pack Vendor :emotas I-CUBE-CANOPEN 1.3.0
2025-11-06 15:42:21,449 [INFO] ThirdParty:1030 - CMSIS Pack Vendor :STMicroelectronics MBEDTLS 2.14.1
2025-11-06 15:42:21,449 [INFO] ThirdParty:1030 - CMSIS Pack Vendor :STMicroelectronics X-CUBE-GNSS1 7.1.0
2025-11-06 15:42:21,449 [INFO] ThirdParty:1030 - CMSIS Pack Vendor :ITTIA_DB I-CUBE-ITTIADB 8.9.0
2025-11-06 15:42:21,449 [INFO] ThirdParty:1030 - CMSIS Pack Vendor :STMicroelectronics X-CUBE-TOUCHGFX 4.26.0
2025-11-06 15:42:21,449 [INFO] ThirdParty:1030 - CMSIS Pack Vendor :STMicroelectronics X-CUBE-STSE01 1.0.0
2025-11-06 15:42:21,449 [INFO] ThirdParty:1030 - CMSIS Pack Vendor :STMicroelectronics FP-SNS-STBOX1 2.1.0
2025-11-06 15:42:21,449 [INFO] ThirdParty:1030 - CMSIS Pack Vendor :STMicroelectronics X-CUBE-AI 10.2.0
2025-11-06 15:42:21,449 [INFO] ThirdParty:1030 - CMSIS Pack Vendor :STMicroelectronics FP-SNS-STAIOTCFT 1.0.0
2025-11-06 15:42:21,449 [INFO] ThirdParty:1030 - CMSIS Pack Vendor :STMicroelectronics ThreadX 1.0.0
2025-11-06 15:42:21,449 [INFO] ThirdParty:1030 - CMSIS Pack Vendor :STMicroelectronics FP-SNS-SMARTAG2 1.2.0
2025-11-06 15:42:21,449 [INFO] ThirdParty:1030 - CMSIS Pack Vendor :STMicroelectronics FP-SNS-FLIGHT1 5.1.0
2025-11-06 15:42:21,449 [INFO] ThirdParty:1030 - CMSIS Pack Vendor :STMicroelectronics X-CUBE-AZRTOS-WL 2.0.0
2025-11-06 15:42:21,449 [INFO] ThirdParty:1030 - CMSIS Pack Vendor :SEGGER I-CUBE-embOS 1.3.1
2025-11-06 15:42:21,450 [INFO] ThirdParty:1030 - CMSIS Pack Vendor :STMicroelectronics X-CUBE-ALGOBUILD 1.4.0
2025-11-06 15:42:21,450 [INFO] ThirdParty:1030 - CMSIS Pack Vendor :STMicroelectronics X-CUBE-DPower 1.3.0
2025-11-06 15:42:21,450 [INFO] ThirdParty:1030 - CMSIS Pack Vendor :STMicroelectronics X-CUBE-MEMS1 11.3.0
2025-11-06 15:42:21,450 [INFO] ThirdParty:1030 - CMSIS Pack Vendor :STMicroelectronics USB_DEVICE 1.0.0
2025-11-06 15:42:21,450 [INFO] ThirdParty:1030 - CMSIS Pack Vendor :STMicroelectronics X-CUBE-AZRTOS-L4 2.0.0
2025-11-06 15:42:21,450 [INFO] ThirdParty:1030 - CMSIS Pack Vendor :STMicroelectronics ThreadX 0.0.2
2025-11-06 15:42:21,450 [INFO] ThirdParty:1030 - CMSIS Pack Vendor :STMicroelectronics lwIP 2.1.2
2025-11-06 15:42:21,450 [INFO] ThirdParty:1030 - CMSIS Pack Vendor :STMicroelectronics X-CUBE-SFXS2LP1 4.0.0
2025-11-06 15:42:21,450 [INFO] ThirdParty:1030 - CMSIS Pack Vendor :STMicroelectronics X-CUBE-BLE2 3.3.0
2025-11-06 15:42:21,450 [INFO] ThirdParty:1030 - CMSIS Pack Vendor :STMicroelectronics X-CUBE-TOF1 3.4.3
2025-11-06 15:42:21,450 [INFO] ThirdParty:1030 - CMSIS Pack Vendor :STMicroelectronics PDM2PCM 3.2.0
2025-11-06 15:42:21,450 [INFO] ThirdParty:841 - exiting critical section [change project]
2025-11-06 15:42:21,763 [INFO] PinOutPanel:1589 - setPackage(No Configuration,No Configuration)
2025-11-06 15:42:21,764 [INFO] PinOutPanel:1589 - setPackage(STM32F103RCTx,LQFP64)
2025-11-06 15:42:22,137 [INFO] UtilMem:75 - Before build in PCC Used Memory: 207555480 Bytes (371195904)
2025-11-06 15:42:22,722 [INFO] UtilMem:75 - After build in PCC Used Memory: 273704520 Bytes (371195904)
2025-11-06 15:42:22,799 [INFO] ApiDbMcu:532 - Load IP Config File for FREERTOS
2025-11-06 15:42:22,818 [INFO] IPUIPlugin:80 - create IPUIPlugin
2025-11-06 15:42:22,818 [INFO] IPUIPlugin:80 - create IPUIPlugin
2025-11-06 15:42:22,818 [INFO] IPUIPlugin:80 - create IPUIPlugin
2025-11-06 15:42:22,819 [INFO] IPUIPlugin:80 - create IPUIPlugin
2025-11-06 15:42:22,819 [INFO] IPUIPlugin:80 - create IPUIPlugin
2025-11-06 15:42:22,819 [INFO] IPUIPlugin:80 - create IPUIPlugin
2025-11-06 15:42:22,819 [INFO] IPUIPlugin:80 - create IPUIPlugin
2025-11-06 15:42:22,819 [INFO] IPUIPlugin:80 - create IPUIPlugin
2025-11-06 15:42:22,819 [INFO] IPUIPlugin:80 - create IPUIPlugin
2025-11-06 15:42:22,819 [INFO] IPUIPlugin:80 - create IPUIPlugin
2025-11-06 15:42:22,819 [INFO] IPUIPlugin:80 - create IPUIPlugin
2025-11-06 15:42:22,819 [INFO] IPUIPlugin:80 - create IPUIPlugin
2025-11-06 15:42:22,819 [INFO] IPUIPlugin:80 - create IPUIPlugin
2025-11-06 15:42:22,819 [INFO] IPUIPlugin:80 - create IPUIPlugin
2025-11-06 15:42:22,820 [INFO] IPUIPlugin:80 - create IPUIPlugin
2025-11-06 15:42:22,820 [INFO] IPUIPlugin:80 - create IPUIPlugin
2025-11-06 15:42:22,820 [INFO] IPUIPlugin:80 - create IPUIPlugin
2025-11-06 15:42:22,820 [INFO] IPUIPlugin:80 - create IPUIPlugin
2025-11-06 15:42:22,820 [INFO] IPUIPlugin:80 - create IPUIPlugin
2025-11-06 15:42:22,820 [INFO] IPUIPlugin:80 - create IPUIPlugin
2025-11-06 15:42:22,820 [INFO] IPUIPlugin:80 - create IPUIPlugin
2025-11-06 15:42:22,820 [INFO] IPUIPlugin:80 - create IPUIPlugin
2025-11-06 15:42:22,821 [INFO] IPUIPlugin:80 - create IPUIPlugin
2025-11-06 15:42:22,821 [INFO] IPUIPlugin:80 - create IPUIPlugin
2025-11-06 15:42:22,821 [INFO] IPUIPlugin:80 - create IPUIPlugin
2025-11-06 15:42:22,821 [INFO] IPUIPlugin:80 - create IPUIPlugin
2025-11-06 15:42:22,821 [INFO] IPUIPlugin:80 - create IPUIPlugin
2025-11-06 15:42:22,821 [INFO] IPUIPlugin:80 - create IPUIPlugin
2025-11-06 15:42:22,821 [INFO] IPUIPlugin:80 - create IPUIPlugin
2025-11-06 15:42:22,822 [INFO] IPUIPlugin:80 - create IPUIPlugin
2025-11-06 15:42:22,822 [INFO] IPUIPlugin:80 - create IPUIPlugin
2025-11-06 15:42:22,822 [INFO] IPUIPlugin:80 - create IPUIPlugin
2025-11-06 15:42:22,823 [INFO] IPUIPlugin:80 - create IPUIPlugin
2025-11-06 15:42:22,823 [INFO] IPUIPlugin:80 - create IPUIPlugin
2025-11-06 15:42:22,823 [INFO] IPUIPlugin:80 - create IPUIPlugin
2025-11-06 15:42:22,823 [INFO] IPUIPlugin:80 - create IPUIPlugin
2025-11-06 15:42:22,823 [INFO] IPUIPlugin:80 - create IPUIPlugin
2025-11-06 15:42:22,824 [INFO] IPUIPlugin:80 - create IPUIPlugin
2025-11-06 15:42:22,824 [INFO] IPUIPlugin:80 - create IPUIPlugin
2025-11-06 15:42:22,831 [WARN] IP:2250 - I2C_Coeff_DF not found: check if there is a RefParameter without a condition.
2025-11-06 15:42:22,831 [WARN] IP:2250 - Analog_Filter not found: check if there is a RefParameter without a condition.
2025-11-06 15:42:22,834 [WARN] IP:2250 - I2C_Coeff_DF not found: check if there is a RefParameter without a condition.
2025-11-06 15:42:22,834 [WARN] IP:2250 - Analog_Filter not found: check if there is a RefParameter without a condition.
2025-11-06 15:42:22,852 [WARN] FreeRTOS:1023 - Null or empty value: should not occur! (nothing added to the table)
2025-11-06 15:42:22,996 [INFO] CADModel:165 - CPN selected for project levelSTM32F103RCT6TR
2025-11-06 15:42:22,996 [INFO] CADModel:114 - Register for checkConnection events
2025-11-06 15:42:22,998 [INFO] RtosManager:728 - Active RTOS found at IOC load: FREERTOS [Cortex-M3NS]
2025-11-06 15:42:23,052 [INFO] OpenFileManager:386 - Restore cursor
2025-11-06 15:42:23,219 [WARN] IP:2250 - I2C_Coeff_DF not found: check if there is a RefParameter without a condition.
2025-11-06 15:42:23,220 [WARN] IP:2250 - Analog_Filter not found: check if there is a RefParameter without a condition.
2025-11-06 15:42:23,220 [WARN] IP:2250 - I2C_Coeff_DF not found: check if there is a RefParameter without a condition.
2025-11-06 15:42:23,220 [WARN] IP:2250 - Analog_Filter not found: check if there is a RefParameter without a condition.
2025-11-06 15:42:23,223 [WARN] IP:2250 - I2C_Coeff_DF not found: check if there is a RefParameter without a condition.
2025-11-06 15:42:23,223 [WARN] IP:2250 - Analog_Filter not found: check if there is a RefParameter without a condition.
2025-11-06 15:42:23,224 [WARN] IP:2250 - I2C_Coeff_DF not found: check if there is a RefParameter without a condition.
2025-11-06 15:42:23,224 [WARN] IP:2250 - Analog_Filter not found: check if there is a RefParameter without a condition.
2025-11-06 15:42:29,722 [INFO] Gpio:278 - dependency for GPIO [ADC1, I2C1, I2C2, RCC, SYS]
2025-11-06 15:42:48,313 [INFO] UtilMem:75 - End SaveConfig() Used Memory: 225711080 Bytes (460324864)
2025-11-06 15:42:50,009 [INFO] UtilMem:75 - End SaveConfig() Used Memory: 276516984 Bytes (460324864)
2025-11-06 15:42:50,692 [INFO] UtilMem:75 - End SaveConfig() Used Memory: 322132088 Bytes (460324864)
2025-11-06 15:42:51,456 [INFO] BlockDiagram:2775 - set Specific Code input for plugin: NVIC
2025-11-06 15:42:51,457 [INFO] BlockDiagram:2775 - set Specific Code input for plugin: FREERTOS
2025-11-06 15:42:51,457 [INFO] BlockDiagram:2775 - set Specific Code input for plugin: IWDG
2025-11-06 15:42:51,457 [INFO] BlockDiagram:2775 - set Specific Code input for plugin: DMA
2025-11-06 15:42:51,457 [INFO] BlockDiagram:2775 - set Specific Code input for plugin: SYS
2025-11-06 15:42:51,457 [INFO] BlockDiagram:2775 - set Specific Code input for plugin: GPIO
2025-11-06 15:42:51,457 [INFO] BlockDiagram:2775 - set Specific Code input for plugin: ADC
2025-11-06 15:42:51,457 [INFO] BlockDiagram:2775 - set Specific Code input for plugin: RCC
2025-11-06 15:42:51,457 [INFO] BlockDiagram:2775 - set Specific Code input for plugin: I2C
2025-11-06 15:42:51,457 [INFO] BlockDiagram:2775 - set Specific Code input for plugin: I2C
2025-11-06 15:42:51,459 [INFO] CodeGenerator:892 - code generatio: config db path: C:\ST\STM32CubeIDE_1.19.0\STM32CubeIDE\plugins\com.st.stm32cube.common.mx_6.15.0.202507011659\\db\
2025-11-06 15:42:51,470 [WARN] IP:2250 - I2C_Coeff_DF not found: check if there is a RefParameter without a condition.
2025-11-06 15:42:51,470 [WARN] IP:2250 - Analog_Filter not found: check if there is a RefParameter without a condition.
2025-11-06 15:42:51,471 [WARN] IP:2250 - I2C_Coeff_DF not found: check if there is a RefParameter without a condition.
2025-11-06 15:42:51,471 [WARN] IP:2250 - Analog_Filter not found: check if there is a RefParameter without a condition.
2025-11-06 15:42:51,659 [INFO] CodeEngine:265 - oldGeneratedFile, C:\Users\USER\STM32CubeIDE\workspace_1.19.0\Hip-Pro_Hardware_V1.2\HardwareV1.2\MXTmpFiles\license.tmp_save
2025-11-06 15:42:52,006 [INFO] CodeEngine:289 - Generated code: C:\Users\USER\STM32CubeIDE\workspace_1.19.0\Hip-Pro_Hardware_V1.2\HardwareV1.2\MXTmpFiles\license.tmp
2025-11-06 15:42:52,100 [INFO] CodeEngine:265 - oldGeneratedFile, C:\Users\USER\STM32CubeIDE\workspace_1.19.0\Hip-Pro_Hardware_V1.2\HardwareV1.2\MXTmpFiles\gpio.tmp_save
2025-11-06 15:42:52,233 [INFO] CodeEngine:289 - Generated code: C:\Users\USER\STM32CubeIDE\workspace_1.19.0\Hip-Pro_Hardware_V1.2\HardwareV1.2\MXTmpFiles\gpio.tmp
2025-11-06 15:42:52,523 [INFO] Middleware:1452 - No code input for Bsp Dependency
2025-11-06 15:42:52,533 [INFO] CodeEngine:265 - oldGeneratedFile, C:\Users\USER\STM32CubeIDE\workspace_1.19.0\Hip-Pro_Hardware_V1.2\HardwareV1.2\MXTmpFiles\rtos_inc.tmp_save
2025-11-06 15:42:52,602 [INFO] CodeEngine:289 - Generated code: C:\Users\USER\STM32CubeIDE\workspace_1.19.0\Hip-Pro_Hardware_V1.2\HardwareV1.2\MXTmpFiles\rtos_inc.tmp
2025-11-06 15:42:52,607 [INFO] CodeEngine:265 - oldGeneratedFile, C:\Users\USER\STM32CubeIDE\workspace_1.19.0\Hip-Pro_Hardware_V1.2\HardwareV1.2\MXTmpFiles\rtos_vars.tmp_save
2025-11-06 15:42:52,675 [INFO] CodeEngine:289 - Generated code: C:\Users\USER\STM32CubeIDE\workspace_1.19.0\Hip-Pro_Hardware_V1.2\HardwareV1.2\MXTmpFiles\rtos_vars.tmp
2025-11-06 15:42:52,682 [INFO] CodeEngine:265 - oldGeneratedFile, C:\Users\USER\STM32CubeIDE\workspace_1.19.0\Hip-Pro_Hardware_V1.2\HardwareV1.2\MXTmpFiles\rtos_pfp.tmp_save
2025-11-06 15:42:52,741 [INFO] CodeEngine:289 - Generated code: C:\Users\USER\STM32CubeIDE\workspace_1.19.0\Hip-Pro_Hardware_V1.2\HardwareV1.2\MXTmpFiles\rtos_pfp.tmp
2025-11-06 15:42:52,747 [INFO] CodeEngine:265 - oldGeneratedFile, C:\Users\USER\STM32CubeIDE\workspace_1.19.0\Hip-Pro_Hardware_V1.2\HardwareV1.2\MXTmpFiles\rtos_obj_creat.tmp_save
2025-11-06 15:42:52,802 [INFO] CodeEngine:289 - Generated code: C:\Users\USER\STM32CubeIDE\workspace_1.19.0\Hip-Pro_Hardware_V1.2\HardwareV1.2\MXTmpFiles\rtos_obj_creat.tmp
2025-11-06 15:42:52,807 [INFO] CodeEngine:265 - oldGeneratedFile, C:\Users\USER\STM32CubeIDE\workspace_1.19.0\Hip-Pro_Hardware_V1.2\HardwareV1.2\MXTmpFiles\rtos_kernelStart.tmp_save
2025-11-06 15:42:52,858 [INFO] CodeEngine:289 - Generated code: C:\Users\USER\STM32CubeIDE\workspace_1.19.0\Hip-Pro_Hardware_V1.2\HardwareV1.2\MXTmpFiles\rtos_kernelStart.tmp
2025-11-06 15:42:52,863 [INFO] CodeEngine:265 - oldGeneratedFile, C:\Users\USER\STM32CubeIDE\workspace_1.19.0\Hip-Pro_Hardware_V1.2\HardwareV1.2\MXTmpFiles\rtos_default_thread.tmp_save
2025-11-06 15:42:52,919 [INFO] CodeEngine:289 - Generated code: C:\Users\USER\STM32CubeIDE\workspace_1.19.0\Hip-Pro_Hardware_V1.2\HardwareV1.2\MXTmpFiles\rtos_default_thread.tmp
2025-11-06 15:42:52,924 [INFO] CodeEngine:265 - oldGeneratedFile, C:\Users\USER\STM32CubeIDE\workspace_1.19.0\Hip-Pro_Hardware_V1.2\HardwareV1.2\MXTmpFiles\rtos_threads.tmp_save
2025-11-06 15:42:52,971 [INFO] CodeEngine:289 - Generated code: C:\Users\USER\STM32CubeIDE\workspace_1.19.0\Hip-Pro_Hardware_V1.2\HardwareV1.2\MXTmpFiles\rtos_threads.tmp
2025-11-06 15:42:52,987 [INFO] Middleware:1452 - No code input for Bsp Dependency
2025-11-06 15:42:52,995 [INFO] CodeEngine:265 - oldGeneratedFile, C:\Users\USER\STM32CubeIDE\workspace_1.19.0\Hip-Pro_Hardware_V1.2\HardwareV1.2\MXTmpFiles\rtos_inc.tmp_save
2025-11-06 15:42:53,043 [INFO] CodeEngine:289 - Generated code: C:\Users\USER\STM32CubeIDE\workspace_1.19.0\Hip-Pro_Hardware_V1.2\HardwareV1.2\MXTmpFiles\rtos_inc.tmp
2025-11-06 15:42:53,048 [INFO] CodeEngine:265 - oldGeneratedFile, C:\Users\USER\STM32CubeIDE\workspace_1.19.0\Hip-Pro_Hardware_V1.2\HardwareV1.2\MXTmpFiles\rtos_vars.tmp_save
2025-11-06 15:42:53,097 [INFO] CodeEngine:289 - Generated code: C:\Users\USER\STM32CubeIDE\workspace_1.19.0\Hip-Pro_Hardware_V1.2\HardwareV1.2\MXTmpFiles\rtos_vars.tmp
2025-11-06 15:42:53,103 [INFO] CodeEngine:265 - oldGeneratedFile, C:\Users\USER\STM32CubeIDE\workspace_1.19.0\Hip-Pro_Hardware_V1.2\HardwareV1.2\MXTmpFiles\rtos_pfp.tmp_save
2025-11-06 15:42:53,152 [INFO] CodeEngine:289 - Generated code: C:\Users\USER\STM32CubeIDE\workspace_1.19.0\Hip-Pro_Hardware_V1.2\HardwareV1.2\MXTmpFiles\rtos_pfp.tmp
2025-11-06 15:42:53,157 [INFO] CodeEngine:265 - oldGeneratedFile, C:\Users\USER\STM32CubeIDE\workspace_1.19.0\Hip-Pro_Hardware_V1.2\HardwareV1.2\MXTmpFiles\rtos_obj_creat.tmp_save
2025-11-06 15:42:53,208 [INFO] CodeEngine:289 - Generated code: C:\Users\USER\STM32CubeIDE\workspace_1.19.0\Hip-Pro_Hardware_V1.2\HardwareV1.2\MXTmpFiles\rtos_obj_creat.tmp
2025-11-06 15:42:53,213 [INFO] CodeEngine:265 - oldGeneratedFile, C:\Users\USER\STM32CubeIDE\workspace_1.19.0\Hip-Pro_Hardware_V1.2\HardwareV1.2\MXTmpFiles\rtos_kernelStart.tmp_save
2025-11-06 15:42:53,262 [INFO] CodeEngine:289 - Generated code: C:\Users\USER\STM32CubeIDE\workspace_1.19.0\Hip-Pro_Hardware_V1.2\HardwareV1.2\MXTmpFiles\rtos_kernelStart.tmp
2025-11-06 15:42:53,267 [INFO] CodeEngine:265 - oldGeneratedFile, C:\Users\USER\STM32CubeIDE\workspace_1.19.0\Hip-Pro_Hardware_V1.2\HardwareV1.2\MXTmpFiles\rtos_default_thread.tmp_save
2025-11-06 15:42:53,316 [INFO] CodeEngine:289 - Generated code: C:\Users\USER\STM32CubeIDE\workspace_1.19.0\Hip-Pro_Hardware_V1.2\HardwareV1.2\MXTmpFiles\rtos_default_thread.tmp
2025-11-06 15:42:53,321 [INFO] CodeEngine:265 - oldGeneratedFile, C:\Users\USER\STM32CubeIDE\workspace_1.19.0\Hip-Pro_Hardware_V1.2\HardwareV1.2\MXTmpFiles\rtos_threads.tmp_save
2025-11-06 15:42:53,370 [INFO] CodeEngine:289 - Generated code: C:\Users\USER\STM32CubeIDE\workspace_1.19.0\Hip-Pro_Hardware_V1.2\HardwareV1.2\MXTmpFiles\rtos_threads.tmp
2025-11-06 15:42:53,375 [INFO] CodeEngine:265 - oldGeneratedFile, C:\Users\USER\STM32CubeIDE\workspace_1.19.0\Hip-Pro_Hardware_V1.2\HardwareV1.2\Core\Inc\FreeRTOSConfig.h_save
2025-11-06 15:42:53,442 [INFO] CodeEngine:289 - Generated code: C:\Users\USER\STM32CubeIDE\workspace_1.19.0\Hip-Pro_Hardware_V1.2\HardwareV1.2\Core\Inc\FreeRTOSConfig.h
2025-11-06 15:42:53,448 [INFO] CodeEngine:265 - oldGeneratedFile, C:\Users\USER\STM32CubeIDE\workspace_1.19.0\Hip-Pro_Hardware_V1.2\HardwareV1.2\Core\Src\freertos.c_save
2025-11-06 15:42:53,502 [INFO] CodeEngine:289 - Generated code: C:\Users\USER\STM32CubeIDE\workspace_1.19.0\Hip-Pro_Hardware_V1.2\HardwareV1.2\Core\Src\freertos.c
2025-11-06 15:42:53,530 [INFO] CodeEngine:265 - oldGeneratedFile, C:\Users\USER\STM32CubeIDE\workspace_1.19.0\Hip-Pro_Hardware_V1.2\HardwareV1.2\MXTmpFiles\dma.tmp_save
2025-11-06 15:42:53,590 [INFO] CodeEngine:289 - Generated code: C:\Users\USER\STM32CubeIDE\workspace_1.19.0\Hip-Pro_Hardware_V1.2\HardwareV1.2\MXTmpFiles\dma.tmp
2025-11-06 15:42:53,601 [INFO] CodeEngine:265 - oldGeneratedFile, C:\Users\USER\STM32CubeIDE\workspace_1.19.0\Hip-Pro_Hardware_V1.2\HardwareV1.2\MXTmpFiles\dma_GV.tmp_save
2025-11-06 15:42:53,652 [INFO] CodeEngine:289 - Generated code: C:\Users\USER\STM32CubeIDE\workspace_1.19.0\Hip-Pro_Hardware_V1.2\HardwareV1.2\MXTmpFiles\dma_GV.tmp
2025-11-06 15:42:53,666 [INFO] CodeEngine:265 - oldGeneratedFile, C:\Users\USER\STM32CubeIDE\workspace_1.19.0\Hip-Pro_Hardware_V1.2\HardwareV1.2\Core\Src\stm32f1xx_it.c_save
2025-11-06 15:42:53,747 [INFO] CodeEngine:289 - Generated code: C:\Users\USER\STM32CubeIDE\workspace_1.19.0\Hip-Pro_Hardware_V1.2\HardwareV1.2\Core\Src\stm32f1xx_it.c
2025-11-06 15:42:53,753 [INFO] CodeEngine:265 - oldGeneratedFile, C:\Users\USER\STM32CubeIDE\workspace_1.19.0\Hip-Pro_Hardware_V1.2\HardwareV1.2\Core\Inc\stm32f1xx_it.h_save
2025-11-06 15:42:53,807 [INFO] CodeEngine:289 - Generated code: C:\Users\USER\STM32CubeIDE\workspace_1.19.0\Hip-Pro_Hardware_V1.2\HardwareV1.2\Core\Inc\stm32f1xx_it.h
2025-11-06 15:42:53,822 [INFO] CodeEngine:265 - oldGeneratedFile, C:\Users\USER\STM32CubeIDE\workspace_1.19.0\Hip-Pro_Hardware_V1.2\HardwareV1.2\Core\Src\stm32f1xx_hal_msp.c_save
2025-11-06 15:42:53,917 [INFO] CodeEngine:289 - Generated code: C:\Users\USER\STM32CubeIDE\workspace_1.19.0\Hip-Pro_Hardware_V1.2\HardwareV1.2\Core\Src\stm32f1xx_hal_msp.c
2025-11-06 15:42:53,922 [INFO] CodeEngine:265 - oldGeneratedFile, C:\Users\USER\STM32CubeIDE\workspace_1.19.0\Hip-Pro_Hardware_V1.2\HardwareV1.2\MXTmpFiles\system.tmp_save
2025-11-06 15:42:53,970 [INFO] CodeEngine:289 - Generated code: C:\Users\USER\STM32CubeIDE\workspace_1.19.0\Hip-Pro_Hardware_V1.2\HardwareV1.2\MXTmpFiles\system.tmp
2025-11-06 15:42:53,975 [INFO] CodeEngine:265 - oldGeneratedFile, C:\Users\USER\STM32CubeIDE\workspace_1.19.0\Hip-Pro_Hardware_V1.2\HardwareV1.2\Core\Src\stm32f1xx_hal_timebase_tim.c_save
2025-11-06 15:42:54,028 [INFO] CodeEngine:289 - Generated code: C:\Users\USER\STM32CubeIDE\workspace_1.19.0\Hip-Pro_Hardware_V1.2\HardwareV1.2\Core\Src\stm32f1xx_hal_timebase_tim.c
2025-11-06 15:42:54,038 [INFO] CodeEngine:321 - oldGeneratedFile, C:\Users\USER\STM32CubeIDE\workspace_1.19.0\Hip-Pro_Hardware_V1.2\HardwareV1.2\Core\Inc\stm32f1xx_hal_conf.h_save
2025-11-06 15:42:54,093 [INFO] CodeEngine:345 - Generated code: C:\Users\USER\STM32CubeIDE\workspace_1.19.0\Hip-Pro_Hardware_V1.2\HardwareV1.2\Core\Inc\stm32f1xx_hal_conf.h
2025-11-06 15:42:54,114 [INFO] ApiDbMcu:532 - Load IP Config File for ADC1
2025-11-06 15:42:54,116 [INFO] ApiDbMcu:532 - Load IP Config File for I2C1
2025-11-06 15:42:54,118 [INFO] ApiDbMcu:532 - Load IP Config File for I2C2
2025-11-06 15:42:54,119 [INFO] ApiDbMcu:532 - Load IP Config File for IWDG
2025-11-06 15:42:54,121 [INFO] ApiDbMcu:532 - Load IP Config File for RCC
2025-11-06 15:42:54,129 [INFO] CodeEngine:265 - oldGeneratedFile, C:\Users\USER\STM32CubeIDE\workspace_1.19.0\Hip-Pro_Hardware_V1.2\HardwareV1.2\Core\Inc\main.h_save
2025-11-06 15:42:54,198 [INFO] CodeEngine:289 - Generated code: C:\Users\USER\STM32CubeIDE\workspace_1.19.0\Hip-Pro_Hardware_V1.2\HardwareV1.2\Core\Inc\main.h
2025-11-06 15:42:54,204 [INFO] CodeEngine:265 - oldGeneratedFile, C:\Users\USER\STM32CubeIDE\workspace_1.19.0\Hip-Pro_Hardware_V1.2\HardwareV1.2\Core\Src\main.c_save
2025-11-06 15:42:54,345 [INFO] CodeEngine:289 - Generated code: C:\Users\USER\STM32CubeIDE\workspace_1.19.0\Hip-Pro_Hardware_V1.2\HardwareV1.2\Core\Src\main.c
2025-11-06 15:42:54,774 [INFO] ProjectBuilder:3606 - Time for Copy HAL[1] : 220mS.
2025-11-06 15:42:54,781 [INFO] ProjectBuilder:5216 - Project Generator version: 4.7.0-B52
2025-11-06 15:42:54,853 [INFO] ConfigFileManager:1595 - The Die is : DIE414
2025-11-06 15:42:54,858 [INFO] ApiDbMcu:532 - Load IP Config File for FATFS
2025-11-06 15:42:54,862 [INFO] ApiDbMcu:532 - Load IP Config File for USB_DEVICE
2025-11-06 15:42:55,216 [INFO] LogOutputStream:77 - [STDOUT_REDIRECT] 
2025-11-06 15:42:56,435 [INFO] ProjectBuilder:5496 - Time for Generating toolchain IDE Files: 1653mS.
2025-11-06 15:42:56,436 [INFO] ProjectBuilder:3463 - Time for Copy CMSIS : 1mS.
2025-11-06 15:42:56,444 [INFO] ProjectBuilder:3463 - Time for Copy CMSIS : 1mS.
2025-11-06 15:59:13,236 [INFO] NvicIntPanel:101 - NVIC parent = com.st.microxplorer.plugins.ip.nvic.MultiNvicIntPanel[,2,27,494x474,layout=javax.swing.BoxLayout,alignmentX=0.0,alignmentY=0.0,border=,flags=9,maximumSize=,minimumSize=,preferredSize=]
2025-11-06 15:59:17,064 [INFO] Gpio:278 - dependency for GPIO [ADC1, I2C1, I2C2, RCC, SYS]
2025-11-06 15:59:21,542 [INFO] UtilMem:75 - End SaveConfig() Used Memory: 263591344 Bytes (499122176)
2025-11-06 15:59:23,246 [INFO] UtilMem:75 - End SaveConfig() Used Memory: 284562864 Bytes (499122176)
2025-11-06 15:59:23,639 [INFO] UtilMem:75 - End SaveConfig() Used Memory: 316542384 Bytes (499122176)
2025-11-06 15:59:23,924 [INFO] BlockDiagram:2775 - set Specific Code input for plugin: NVIC
2025-11-06 15:59:23,924 [INFO] BlockDiagram:2775 - set Specific Code input for plugin: FREERTOS
2025-11-06 15:59:23,924 [INFO] BlockDiagram:2775 - set Specific Code input for plugin: IWDG
2025-11-06 15:59:23,924 [INFO] BlockDiagram:2775 - set Specific Code input for plugin: DMA
2025-11-06 15:59:23,924 [INFO] BlockDiagram:2775 - set Specific Code input for plugin: SYS
2025-11-06 15:59:23,925 [INFO] BlockDiagram:2775 - set Specific Code input for plugin: GPIO
2025-11-06 15:59:23,925 [INFO] BlockDiagram:2775 - set Specific Code input for plugin: ADC
2025-11-06 15:59:23,925 [INFO] BlockDiagram:2775 - set Specific Code input for plugin: RCC
2025-11-06 15:59:23,925 [INFO] BlockDiagram:2775 - set Specific Code input for plugin: I2C
2025-11-06 15:59:23,925 [INFO] BlockDiagram:2775 - set Specific Code input for plugin: I2C
2025-11-06 15:59:23,926 [INFO] CodeGenerator:892 - code generatio: config db path: C:\ST\STM32CubeIDE_1.19.0\STM32CubeIDE\plugins\com.st.stm32cube.common.mx_6.15.0.202507011659\\db\
2025-11-06 15:59:23,933 [INFO] Argument:325 - Argument : hdmavalue: null
2025-11-06 15:59:23,933 [INFO] Argument:327 - 	 sub Args: 
2025-11-06 15:59:23,933 [INFO] Argument:325 - Argument : Instancevalue: DMA1_Channel1
2025-11-06 15:59:23,933 [INFO] Argument:335 - Argument : Instancevalue: DMA1_Channel1
2025-11-06 15:59:23,933 [INFO] Argument:325 - Argument : Initvalue: null
2025-11-06 15:59:23,933 [INFO] Argument:327 - 	 sub Args: 
2025-11-06 15:59:23,934 [INFO] Argument:325 - Argument : Directionvalue: DMA_PERIPH_TO_MEMORY
2025-11-06 15:59:23,934 [INFO] Argument:335 - Argument : Directionvalue: DMA_PERIPH_TO_MEMORY
2025-11-06 15:59:23,934 [INFO] Argument:325 - Argument : PeriphIncvalue: DMA_PINC_DISABLE
2025-11-06 15:59:23,934 [INFO] Argument:335 - Argument : PeriphIncvalue: DMA_PINC_DISABLE
2025-11-06 15:59:23,934 [INFO] Argument:325 - Argument : MemIncvalue: DMA_MINC_ENABLE
2025-11-06 15:59:23,934 [INFO] Argument:335 - Argument : MemIncvalue: DMA_MINC_ENABLE
2025-11-06 15:59:23,934 [INFO] Argument:325 - Argument : PeriphDataAlignmentvalue: DMA_PDATAALIGN_HALFWORD
2025-11-06 15:59:23,934 [INFO] Argument:335 - Argument : PeriphDataAlignmentvalue: DMA_PDATAALIGN_HALFWORD
2025-11-06 15:59:23,934 [INFO] Argument:325 - Argument : MemDataAlignmentvalue: DMA_MDATAALIGN_HALFWORD
2025-11-06 15:59:23,934 [INFO] Argument:335 - Argument : MemDataAlignmentvalue: DMA_MDATAALIGN_HALFWORD
2025-11-06 15:59:23,934 [INFO] Argument:325 - Argument : Modevalue: DMA_CIRCULAR
2025-11-06 15:59:23,935 [INFO] Argument:335 - Argument : Modevalue: DMA_CIRCULAR
2025-11-06 15:59:23,935 [INFO] Argument:325 - Argument : Priorityvalue: DMA_PRIORITY_LOW
2025-11-06 15:59:23,935 [INFO] Argument:335 - Argument : Priorityvalue: DMA_PRIORITY_LOW
2025-11-06 15:59:23,935 [INFO] Argument:325 - Argument : Lockvalue: null
2025-11-06 15:59:23,935 [INFO] Argument:335 - Argument : Lockvalue: null
2025-11-06 15:59:23,935 [INFO] Argument:325 - Argument : Statevalue: null
2025-11-06 15:59:23,935 [INFO] Argument:335 - Argument : Statevalue: null
2025-11-06 15:59:23,935 [INFO] Argument:325 - Argument : Parentvalue: null
2025-11-06 15:59:23,935 [INFO] Argument:335 - Argument : Parentvalue: null
2025-11-06 15:59:23,935 [INFO] Argument:325 - Argument : XferCpltCallbackvalue: null
2025-11-06 15:59:23,935 [INFO] Argument:335 - Argument : XferCpltCallbackvalue: null
2025-11-06 15:59:23,935 [INFO] Argument:325 - Argument : XferHalfCpltCallbackvalue: null
2025-11-06 15:59:23,935 [INFO] Argument:335 - Argument : XferHalfCpltCallbackvalue: null
2025-11-06 15:59:23,935 [INFO] Argument:325 - Argument : XferErrorCallbackvalue: null
2025-11-06 15:59:23,936 [INFO] Argument:335 - Argument : XferErrorCallbackvalue: null
2025-11-06 15:59:23,936 [INFO] Argument:325 - Argument : ErrorCodevalue: null
2025-11-06 15:59:23,936 [INFO] Argument:335 - Argument : ErrorCodevalue: null
2025-11-06 15:59:23,942 [WARN] IP:2250 - I2C_Coeff_DF not found: check if there is a RefParameter without a condition.
2025-11-06 15:59:23,942 [WARN] IP:2250 - Analog_Filter not found: check if there is a RefParameter without a condition.
2025-11-06 15:59:23,944 [WARN] IP:2250 - I2C_Coeff_DF not found: check if there is a RefParameter without a condition.
2025-11-06 15:59:23,944 [WARN] IP:2250 - Analog_Filter not found: check if there is a RefParameter without a condition.
2025-11-06 15:59:24,029 [INFO] CodeEngine:265 - oldGeneratedFile, C:\Users\USER\STM32CubeIDE\workspace_1.19.0\Hip-Pro_Hardware_V1.2\HardwareV1.2\MXTmpFiles\license.tmp_save
2025-11-06 15:59:24,248 [INFO] CodeEngine:289 - Generated code: C:\Users\USER\STM32CubeIDE\workspace_1.19.0\Hip-Pro_Hardware_V1.2\HardwareV1.2\MXTmpFiles\license.tmp
2025-11-06 15:59:24,315 [INFO] CodeEngine:265 - oldGeneratedFile, C:\Users\USER\STM32CubeIDE\workspace_1.19.0\Hip-Pro_Hardware_V1.2\HardwareV1.2\MXTmpFiles\gpio.tmp_save
2025-11-06 15:59:24,433 [INFO] CodeEngine:289 - Generated code: C:\Users\USER\STM32CubeIDE\workspace_1.19.0\Hip-Pro_Hardware_V1.2\HardwareV1.2\MXTmpFiles\gpio.tmp
2025-11-06 15:59:24,708 [INFO] Middleware:1452 - No code input for Bsp Dependency
2025-11-06 15:59:24,719 [INFO] CodeEngine:265 - oldGeneratedFile, C:\Users\USER\STM32CubeIDE\workspace_1.19.0\Hip-Pro_Hardware_V1.2\HardwareV1.2\MXTmpFiles\rtos_inc.tmp_save
2025-11-06 15:59:24,792 [INFO] CodeEngine:289 - Generated code: C:\Users\USER\STM32CubeIDE\workspace_1.19.0\Hip-Pro_Hardware_V1.2\HardwareV1.2\MXTmpFiles\rtos_inc.tmp
2025-11-06 15:59:24,796 [INFO] CodeEngine:265 - oldGeneratedFile, C:\Users\USER\STM32CubeIDE\workspace_1.19.0\Hip-Pro_Hardware_V1.2\HardwareV1.2\MXTmpFiles\rtos_vars.tmp_save
2025-11-06 15:59:24,871 [INFO] CodeEngine:289 - Generated code: C:\Users\USER\STM32CubeIDE\workspace_1.19.0\Hip-Pro_Hardware_V1.2\HardwareV1.2\MXTmpFiles\rtos_vars.tmp
2025-11-06 15:59:24,876 [INFO] CodeEngine:265 - oldGeneratedFile, C:\Users\USER\STM32CubeIDE\workspace_1.19.0\Hip-Pro_Hardware_V1.2\HardwareV1.2\MXTmpFiles\rtos_pfp.tmp_save
2025-11-06 15:59:24,940 [INFO] CodeEngine:289 - Generated code: C:\Users\USER\STM32CubeIDE\workspace_1.19.0\Hip-Pro_Hardware_V1.2\HardwareV1.2\MXTmpFiles\rtos_pfp.tmp
2025-11-06 15:59:24,946 [INFO] CodeEngine:265 - oldGeneratedFile, C:\Users\USER\STM32CubeIDE\workspace_1.19.0\Hip-Pro_Hardware_V1.2\HardwareV1.2\MXTmpFiles\rtos_obj_creat.tmp_save
2025-11-06 15:59:25,011 [INFO] CodeEngine:289 - Generated code: C:\Users\USER\STM32CubeIDE\workspace_1.19.0\Hip-Pro_Hardware_V1.2\HardwareV1.2\MXTmpFiles\rtos_obj_creat.tmp
2025-11-06 15:59:25,016 [INFO] CodeEngine:265 - oldGeneratedFile, C:\Users\USER\STM32CubeIDE\workspace_1.19.0\Hip-Pro_Hardware_V1.2\HardwareV1.2\MXTmpFiles\rtos_kernelStart.tmp_save
2025-11-06 15:59:25,073 [INFO] CodeEngine:289 - Generated code: C:\Users\USER\STM32CubeIDE\workspace_1.19.0\Hip-Pro_Hardware_V1.2\HardwareV1.2\MXTmpFiles\rtos_kernelStart.tmp
2025-11-06 15:59:25,078 [INFO] CodeEngine:265 - oldGeneratedFile, C:\Users\USER\STM32CubeIDE\workspace_1.19.0\Hip-Pro_Hardware_V1.2\HardwareV1.2\MXTmpFiles\rtos_default_thread.tmp_save
2025-11-06 15:59:25,132 [INFO] CodeEngine:289 - Generated code: C:\Users\USER\STM32CubeIDE\workspace_1.19.0\Hip-Pro_Hardware_V1.2\HardwareV1.2\MXTmpFiles\rtos_default_thread.tmp
2025-11-06 15:59:25,137 [INFO] CodeEngine:265 - oldGeneratedFile, C:\Users\USER\STM32CubeIDE\workspace_1.19.0\Hip-Pro_Hardware_V1.2\HardwareV1.2\MXTmpFiles\rtos_threads.tmp_save
2025-11-06 15:59:25,193 [INFO] CodeEngine:289 - Generated code: C:\Users\USER\STM32CubeIDE\workspace_1.19.0\Hip-Pro_Hardware_V1.2\HardwareV1.2\MXTmpFiles\rtos_threads.tmp
2025-11-06 15:59:25,212 [INFO] Middleware:1452 - No code input for Bsp Dependency
2025-11-06 15:59:25,221 [INFO] CodeEngine:265 - oldGeneratedFile, C:\Users\USER\STM32CubeIDE\workspace_1.19.0\Hip-Pro_Hardware_V1.2\HardwareV1.2\MXTmpFiles\rtos_inc.tmp_save
2025-11-06 15:59:25,277 [INFO] CodeEngine:289 - Generated code: C:\Users\USER\STM32CubeIDE\workspace_1.19.0\Hip-Pro_Hardware_V1.2\HardwareV1.2\MXTmpFiles\rtos_inc.tmp
2025-11-06 15:59:25,284 [INFO] CodeEngine:265 - oldGeneratedFile, C:\Users\USER\STM32CubeIDE\workspace_1.19.0\Hip-Pro_Hardware_V1.2\HardwareV1.2\MXTmpFiles\rtos_vars.tmp_save
2025-11-06 15:59:25,337 [INFO] CodeEngine:289 - Generated code: C:\Users\USER\STM32CubeIDE\workspace_1.19.0\Hip-Pro_Hardware_V1.2\HardwareV1.2\MXTmpFiles\rtos_vars.tmp
2025-11-06 15:59:25,343 [INFO] CodeEngine:265 - oldGeneratedFile, C:\Users\USER\STM32CubeIDE\workspace_1.19.0\Hip-Pro_Hardware_V1.2\HardwareV1.2\MXTmpFiles\rtos_pfp.tmp_save
2025-11-06 15:59:25,393 [INFO] CodeEngine:289 - Generated code: C:\Users\USER\STM32CubeIDE\workspace_1.19.0\Hip-Pro_Hardware_V1.2\HardwareV1.2\MXTmpFiles\rtos_pfp.tmp
2025-11-06 15:59:25,399 [INFO] CodeEngine:265 - oldGeneratedFile, C:\Users\USER\STM32CubeIDE\workspace_1.19.0\Hip-Pro_Hardware_V1.2\HardwareV1.2\MXTmpFiles\rtos_obj_creat.tmp_save
2025-11-06 15:59:25,462 [INFO] CodeEngine:289 - Generated code: C:\Users\USER\STM32CubeIDE\workspace_1.19.0\Hip-Pro_Hardware_V1.2\HardwareV1.2\MXTmpFiles\rtos_obj_creat.tmp
2025-11-06 15:59:25,469 [INFO] CodeEngine:265 - oldGeneratedFile, C:\Users\USER\STM32CubeIDE\workspace_1.19.0\Hip-Pro_Hardware_V1.2\HardwareV1.2\MXTmpFiles\rtos_kernelStart.tmp_save
2025-11-06 15:59:25,531 [INFO] CodeEngine:289 - Generated code: C:\Users\USER\STM32CubeIDE\workspace_1.19.0\Hip-Pro_Hardware_V1.2\HardwareV1.2\MXTmpFiles\rtos_kernelStart.tmp
2025-11-06 15:59:25,538 [INFO] CodeEngine:265 - oldGeneratedFile, C:\Users\USER\STM32CubeIDE\workspace_1.19.0\Hip-Pro_Hardware_V1.2\HardwareV1.2\MXTmpFiles\rtos_default_thread.tmp_save
2025-11-06 15:59:25,589 [INFO] CodeEngine:289 - Generated code: C:\Users\USER\STM32CubeIDE\workspace_1.19.0\Hip-Pro_Hardware_V1.2\HardwareV1.2\MXTmpFiles\rtos_default_thread.tmp
2025-11-06 15:59:25,594 [INFO] CodeEngine:265 - oldGeneratedFile, C:\Users\USER\STM32CubeIDE\workspace_1.19.0\Hip-Pro_Hardware_V1.2\HardwareV1.2\MXTmpFiles\rtos_threads.tmp_save
2025-11-06 15:59:25,642 [INFO] CodeEngine:289 - Generated code: C:\Users\USER\STM32CubeIDE\workspace_1.19.0\Hip-Pro_Hardware_V1.2\HardwareV1.2\MXTmpFiles\rtos_threads.tmp
2025-11-06 15:59:25,648 [INFO] CodeEngine:265 - oldGeneratedFile, C:\Users\USER\STM32CubeIDE\workspace_1.19.0\Hip-Pro_Hardware_V1.2\HardwareV1.2\Core\Inc\FreeRTOSConfig.h_save
2025-11-06 15:59:25,710 [INFO] CodeEngine:289 - Generated code: C:\Users\USER\STM32CubeIDE\workspace_1.19.0\Hip-Pro_Hardware_V1.2\HardwareV1.2\Core\Inc\FreeRTOSConfig.h
2025-11-06 15:59:25,716 [INFO] CodeEngine:265 - oldGeneratedFile, C:\Users\USER\STM32CubeIDE\workspace_1.19.0\Hip-Pro_Hardware_V1.2\HardwareV1.2\Core\Src\freertos.c_save
2025-11-06 15:59:25,770 [INFO] CodeEngine:289 - Generated code: C:\Users\USER\STM32CubeIDE\workspace_1.19.0\Hip-Pro_Hardware_V1.2\HardwareV1.2\Core\Src\freertos.c
2025-11-06 15:59:25,785 [INFO] CodeEngine:265 - oldGeneratedFile, C:\Users\USER\STM32CubeIDE\workspace_1.19.0\Hip-Pro_Hardware_V1.2\HardwareV1.2\MXTmpFiles\dma.tmp_save
2025-11-06 15:59:25,834 [INFO] CodeEngine:289 - Generated code: C:\Users\USER\STM32CubeIDE\workspace_1.19.0\Hip-Pro_Hardware_V1.2\HardwareV1.2\MXTmpFiles\dma.tmp
2025-11-06 15:59:25,838 [INFO] CodeEngine:265 - oldGeneratedFile, C:\Users\USER\STM32CubeIDE\workspace_1.19.0\Hip-Pro_Hardware_V1.2\HardwareV1.2\MXTmpFiles\dma_GV.tmp_save
2025-11-06 15:59:25,883 [INFO] CodeEngine:289 - Generated code: C:\Users\USER\STM32CubeIDE\workspace_1.19.0\Hip-Pro_Hardware_V1.2\HardwareV1.2\MXTmpFiles\dma_GV.tmp
2025-11-06 15:59:25,893 [INFO] CodeEngine:265 - oldGeneratedFile, C:\Users\USER\STM32CubeIDE\workspace_1.19.0\Hip-Pro_Hardware_V1.2\HardwareV1.2\Core\Src\stm32f1xx_it.c_save
2025-11-06 15:59:26,045 [INFO] CodeEngine:289 - Generated code: C:\Users\USER\STM32CubeIDE\workspace_1.19.0\Hip-Pro_Hardware_V1.2\HardwareV1.2\Core\Src\stm32f1xx_it.c
2025-11-06 15:59:26,050 [INFO] CodeEngine:265 - oldGeneratedFile, C:\Users\USER\STM32CubeIDE\workspace_1.19.0\Hip-Pro_Hardware_V1.2\HardwareV1.2\Core\Inc\stm32f1xx_it.h_save
2025-11-06 15:59:26,103 [INFO] CodeEngine:289 - Generated code: C:\Users\USER\STM32CubeIDE\workspace_1.19.0\Hip-Pro_Hardware_V1.2\HardwareV1.2\Core\Inc\stm32f1xx_it.h
2025-11-06 15:59:26,116 [INFO] CodeEngine:265 - oldGeneratedFile, C:\Users\USER\STM32CubeIDE\workspace_1.19.0\Hip-Pro_Hardware_V1.2\HardwareV1.2\Core\Src\stm32f1xx_hal_msp.c_save
2025-11-06 15:59:26,207 [INFO] CodeEngine:289 - Generated code: C:\Users\USER\STM32CubeIDE\workspace_1.19.0\Hip-Pro_Hardware_V1.2\HardwareV1.2\Core\Src\stm32f1xx_hal_msp.c
2025-11-06 15:59:26,212 [INFO] CodeEngine:265 - oldGeneratedFile, C:\Users\USER\STM32CubeIDE\workspace_1.19.0\Hip-Pro_Hardware_V1.2\HardwareV1.2\MXTmpFiles\system.tmp_save
2025-11-06 15:59:26,261 [INFO] CodeEngine:289 - Generated code: C:\Users\USER\STM32CubeIDE\workspace_1.19.0\Hip-Pro_Hardware_V1.2\HardwareV1.2\MXTmpFiles\system.tmp
2025-11-06 15:59:26,267 [INFO] CodeEngine:265 - oldGeneratedFile, C:\Users\USER\STM32CubeIDE\workspace_1.19.0\Hip-Pro_Hardware_V1.2\HardwareV1.2\Core\Src\stm32f1xx_hal_timebase_tim.c_save
2025-11-06 15:59:26,322 [INFO] CodeEngine:289 - Generated code: C:\Users\USER\STM32CubeIDE\workspace_1.19.0\Hip-Pro_Hardware_V1.2\HardwareV1.2\Core\Src\stm32f1xx_hal_timebase_tim.c
2025-11-06 15:59:26,331 [INFO] CodeEngine:321 - oldGeneratedFile, C:\Users\USER\STM32CubeIDE\workspace_1.19.0\Hip-Pro_Hardware_V1.2\HardwareV1.2\Core\Inc\stm32f1xx_hal_conf.h_save
2025-11-06 15:59:26,385 [INFO] CodeEngine:345 - Generated code: C:\Users\USER\STM32CubeIDE\workspace_1.19.0\Hip-Pro_Hardware_V1.2\HardwareV1.2\Core\Inc\stm32f1xx_hal_conf.h
2025-11-06 15:59:26,408 [INFO] CodeEngine:265 - oldGeneratedFile, C:\Users\USER\STM32CubeIDE\workspace_1.19.0\Hip-Pro_Hardware_V1.2\HardwareV1.2\Core\Inc\main.h_save
2025-11-06 15:59:26,477 [INFO] CodeEngine:289 - Generated code: C:\Users\USER\STM32CubeIDE\workspace_1.19.0\Hip-Pro_Hardware_V1.2\HardwareV1.2\Core\Inc\main.h
2025-11-06 15:59:26,483 [INFO] CodeEngine:265 - oldGeneratedFile, C:\Users\USER\STM32CubeIDE\workspace_1.19.0\Hip-Pro_Hardware_V1.2\HardwareV1.2\Core\Src\main.c_save
2025-11-06 15:59:26,593 [INFO] CodeEngine:289 - Generated code: C:\Users\USER\STM32CubeIDE\workspace_1.19.0\Hip-Pro_Hardware_V1.2\HardwareV1.2\Core\Src\main.c
2025-11-06 15:59:26,900 [INFO] ProjectBuilder:3606 - Time for Copy HAL[1] : 154mS.
2025-11-06 15:59:26,904 [INFO] ProjectBuilder:5216 - Project Generator version: 4.7.0-B52
2025-11-06 15:59:26,980 [INFO] ConfigFileManager:1595 - The Die is : DIE414
2025-11-06 15:59:28,006 [INFO] ProjectBuilder:5496 - Time for Generating toolchain IDE Files: 1101mS.
2025-11-06 15:59:28,007 [INFO] ProjectBuilder:3463 - Time for Copy CMSIS : 1mS.
2025-11-06 15:59:28,012 [INFO] ProjectBuilder:3463 - Time for Copy CMSIS : 1mS.
2025-11-06 16:59:16,144 [ERROR] ConfigurationRetriever:142 - IOException on connection: Connect timed out
2025-11-06 16:59:18,147 [ERROR] ConfigurationRetriever:142 - IOException on connection: Connect timed out
2025-11-06 16:59:35,414 [ERROR] AdobePublisher:162 - Exception while opening the connection: java.net.SocketTimeoutException: Read timed out
2025-11-06 16:59:37,416 [ERROR] AdobePublisher:162 - Exception while opening the connection: java.net.SocketTimeoutException: Connect timed out
2025-11-06 16:59:43,159 [ERROR] AdobePublisher:187 - Exception while getting the server answer: java.net.SocketTimeoutException: Read timed out
2025-11-06 18:48:40,980 [ERROR] ConfigurationRetriever:142 - IOException on connection: Received fatal alert: internal_error
2025-11-06 18:48:42,076 [ERROR] ConfigurationRetriever:142 - IOException on connection: Received fatal alert: internal_error
2025-11-06 18:48:45,636 [ERROR] ConfigurationRetriever:142 - IOException on connection: Read timed out
2025-11-06 18:48:47,401 [ERROR] ConfigurationRetriever:142 - IOException on connection: Received fatal alert: internal_error
2025-11-06 19:33:34,190 [INFO] Gpio:278 - dependency for GPIO [ADC1, I2C1, I2C2, RCC, SYS]
2025-11-06 19:33:34,675 [INFO] Gpio:278 - dependency for GPIO [ADC1, I2C1, I2C2, RCC, SYS]
2025-11-06 19:33:37,835 [INFO] UtilMem:75 - End SaveConfig() Used Memory: 437273848 Bytes (631242752)
2025-11-06 19:33:38,993 [INFO] UtilMem:75 - End SaveConfig() Used Memory: 460868856 Bytes (631242752)
2025-11-06 19:33:39,433 [INFO] UtilMem:75 - End SaveConfig() Used Memory: 497042680 Bytes (631242752)
2025-11-06 19:33:39,893 [INFO] BlockDiagram:2775 - set Specific Code input for plugin: NVIC
2025-11-06 19:33:39,894 [INFO] BlockDiagram:2775 - set Specific Code input for plugin: FREERTOS
2025-11-06 19:33:39,894 [INFO] BlockDiagram:2775 - set Specific Code input for plugin: IWDG
2025-11-06 19:33:39,894 [INFO] BlockDiagram:2775 - set Specific Code input for plugin: DMA
2025-11-06 19:33:39,894 [INFO] BlockDiagram:2775 - set Specific Code input for plugin: SYS
2025-11-06 19:33:39,894 [INFO] BlockDiagram:2775 - set Specific Code input for plugin: GPIO
2025-11-06 19:33:39,894 [INFO] BlockDiagram:2775 - set Specific Code input for plugin: ADC
2025-11-06 19:33:39,894 [INFO] BlockDiagram:2775 - set Specific Code input for plugin: RCC
2025-11-06 19:33:39,894 [INFO] BlockDiagram:2775 - set Specific Code input for plugin: I2C
2025-11-06 19:33:39,894 [INFO] BlockDiagram:2775 - set Specific Code input for plugin: I2C
2025-11-06 19:33:39,896 [INFO] CodeGenerator:892 - code generatio: config db path: C:\ST\STM32CubeIDE_1.19.0\STM32CubeIDE\plugins\com.st.stm32cube.common.mx_6.15.0.202507011659\\db\
2025-11-06 19:33:39,901 [INFO] Argument:325 - Argument : hdmavalue: null
2025-11-06 19:33:39,901 [INFO] Argument:327 - 	 sub Args: 
2025-11-06 19:33:39,901 [INFO] Argument:325 - Argument : Instancevalue: DMA1_Channel1
2025-11-06 19:33:39,901 [INFO] Argument:335 - Argument : Instancevalue: DMA1_Channel1
2025-11-06 19:33:39,901 [INFO] Argument:325 - Argument : Initvalue: null
2025-11-06 19:33:39,901 [INFO] Argument:327 - 	 sub Args: 
2025-11-06 19:33:39,902 [INFO] Argument:325 - Argument : Directionvalue: DMA_PERIPH_TO_MEMORY
2025-11-06 19:33:39,902 [INFO] Argument:335 - Argument : Directionvalue: DMA_PERIPH_TO_MEMORY
2025-11-06 19:33:39,902 [INFO] Argument:325 - Argument : PeriphIncvalue: DMA_PINC_DISABLE
2025-11-06 19:33:39,902 [INFO] Argument:335 - Argument : PeriphIncvalue: DMA_PINC_DISABLE
2025-11-06 19:33:39,902 [INFO] Argument:325 - Argument : MemIncvalue: DMA_MINC_ENABLE
2025-11-06 19:33:39,902 [INFO] Argument:335 - Argument : MemIncvalue: DMA_MINC_ENABLE
2025-11-06 19:33:39,902 [INFO] Argument:325 - Argument : PeriphDataAlignmentvalue: DMA_PDATAALIGN_HALFWORD
2025-11-06 19:33:39,902 [INFO] Argument:335 - Argument : PeriphDataAlignmentvalue: DMA_PDATAALIGN_HALFWORD
2025-11-06 19:33:39,902 [INFO] Argument:325 - Argument : MemDataAlignmentvalue: DMA_MDATAALIGN_HALFWORD
2025-11-06 19:33:39,902 [INFO] Argument:335 - Argument : MemDataAlignmentvalue: DMA_MDATAALIGN_HALFWORD
2025-11-06 19:33:39,902 [INFO] Argument:325 - Argument : Modevalue: DMA_CIRCULAR
2025-11-06 19:33:39,903 [INFO] Argument:335 - Argument : Modevalue: DMA_CIRCULAR
2025-11-06 19:33:39,903 [INFO] Argument:325 - Argument : Priorityvalue: DMA_PRIORITY_LOW
2025-11-06 19:33:39,903 [INFO] Argument:335 - Argument : Priorityvalue: DMA_PRIORITY_LOW
2025-11-06 19:33:39,903 [INFO] Argument:325 - Argument : Lockvalue: null
2025-11-06 19:33:39,903 [INFO] Argument:335 - Argument : Lockvalue: null
2025-11-06 19:33:39,903 [INFO] Argument:325 - Argument : Statevalue: null
2025-11-06 19:33:39,903 [INFO] Argument:335 - Argument : Statevalue: null
2025-11-06 19:33:39,903 [INFO] Argument:325 - Argument : Parentvalue: null
2025-11-06 19:33:39,903 [INFO] Argument:335 - Argument : Parentvalue: null
2025-11-06 19:33:39,903 [INFO] Argument:325 - Argument : XferCpltCallbackvalue: null
2025-11-06 19:33:39,903 [INFO] Argument:335 - Argument : XferCpltCallbackvalue: null
2025-11-06 19:33:39,903 [INFO] Argument:325 - Argument : XferHalfCpltCallbackvalue: null
2025-11-06 19:33:39,903 [INFO] Argument:335 - Argument : XferHalfCpltCallbackvalue: null
2025-11-06 19:33:39,904 [INFO] Argument:325 - Argument : XferErrorCallbackvalue: null
2025-11-06 19:33:39,904 [INFO] Argument:335 - Argument : XferErrorCallbackvalue: null
2025-11-06 19:33:39,904 [INFO] Argument:325 - Argument : ErrorCodevalue: null
2025-11-06 19:33:39,904 [INFO] Argument:335 - Argument : ErrorCodevalue: null
2025-11-06 19:33:39,912 [WARN] IP:2250 - I2C_Coeff_DF not found: check if there is a RefParameter without a condition.
2025-11-06 19:33:39,912 [WARN] IP:2250 - Analog_Filter not found: check if there is a RefParameter without a condition.
2025-11-06 19:33:39,913 [WARN] IP:2250 - I2C_Coeff_DF not found: check if there is a RefParameter without a condition.
2025-11-06 19:33:39,913 [WARN] IP:2250 - Analog_Filter not found: check if there is a RefParameter without a condition.
2025-11-06 19:33:40,001 [INFO] CodeEngine:265 - oldGeneratedFile, C:\Users\USER\STM32CubeIDE\workspace_1.19.0\Hip-Pro_Hardware_V1.2\HardwareV1.2\MXTmpFiles\license.tmp_save
2025-11-06 19:33:40,264 [INFO] CodeEngine:289 - Generated code: C:\Users\USER\STM32CubeIDE\workspace_1.19.0\Hip-Pro_Hardware_V1.2\HardwareV1.2\MXTmpFiles\license.tmp
2025-11-06 19:33:40,314 [INFO] CodeEngine:265 - oldGeneratedFile, C:\Users\USER\STM32CubeIDE\workspace_1.19.0\Hip-Pro_Hardware_V1.2\HardwareV1.2\MXTmpFiles\gpio.tmp_save
2025-11-06 19:33:40,446 [INFO] CodeEngine:289 - Generated code: C:\Users\USER\STM32CubeIDE\workspace_1.19.0\Hip-Pro_Hardware_V1.2\HardwareV1.2\MXTmpFiles\gpio.tmp
2025-11-06 19:33:40,654 [INFO] Middleware:1452 - No code input for Bsp Dependency
2025-11-06 19:33:40,661 [INFO] CodeEngine:265 - oldGeneratedFile, C:\Users\USER\STM32CubeIDE\workspace_1.19.0\Hip-Pro_Hardware_V1.2\HardwareV1.2\MXTmpFiles\rtos_inc.tmp_save
2025-11-06 19:33:40,759 [INFO] CodeEngine:289 - Generated code: C:\Users\USER\STM32CubeIDE\workspace_1.19.0\Hip-Pro_Hardware_V1.2\HardwareV1.2\MXTmpFiles\rtos_inc.tmp
2025-11-06 19:33:40,764 [INFO] CodeEngine:265 - oldGeneratedFile, C:\Users\USER\STM32CubeIDE\workspace_1.19.0\Hip-Pro_Hardware_V1.2\HardwareV1.2\MXTmpFiles\rtos_vars.tmp_save
2025-11-06 19:33:40,844 [INFO] CodeEngine:289 - Generated code: C:\Users\USER\STM32CubeIDE\workspace_1.19.0\Hip-Pro_Hardware_V1.2\HardwareV1.2\MXTmpFiles\rtos_vars.tmp
2025-11-06 19:33:40,851 [INFO] CodeEngine:265 - oldGeneratedFile, C:\Users\USER\STM32CubeIDE\workspace_1.19.0\Hip-Pro_Hardware_V1.2\HardwareV1.2\MXTmpFiles\rtos_pfp.tmp_save
2025-11-06 19:33:40,924 [INFO] CodeEngine:289 - Generated code: C:\Users\USER\STM32CubeIDE\workspace_1.19.0\Hip-Pro_Hardware_V1.2\HardwareV1.2\MXTmpFiles\rtos_pfp.tmp
2025-11-06 19:33:40,929 [INFO] CodeEngine:265 - oldGeneratedFile, C:\Users\USER\STM32CubeIDE\workspace_1.19.0\Hip-Pro_Hardware_V1.2\HardwareV1.2\MXTmpFiles\rtos_obj_creat.tmp_save
2025-11-06 19:33:40,996 [INFO] CodeEngine:289 - Generated code: C:\Users\USER\STM32CubeIDE\workspace_1.19.0\Hip-Pro_Hardware_V1.2\HardwareV1.2\MXTmpFiles\rtos_obj_creat.tmp
2025-11-06 19:33:41,002 [INFO] CodeEngine:265 - oldGeneratedFile, C:\Users\USER\STM32CubeIDE\workspace_1.19.0\Hip-Pro_Hardware_V1.2\HardwareV1.2\MXTmpFiles\rtos_kernelStart.tmp_save
2025-11-06 19:33:41,057 [INFO] CodeEngine:289 - Generated code: C:\Users\USER\STM32CubeIDE\workspace_1.19.0\Hip-Pro_Hardware_V1.2\HardwareV1.2\MXTmpFiles\rtos_kernelStart.tmp
2025-11-06 19:33:41,061 [INFO] CodeEngine:265 - oldGeneratedFile, C:\Users\USER\STM32CubeIDE\workspace_1.19.0\Hip-Pro_Hardware_V1.2\HardwareV1.2\MXTmpFiles\rtos_default_thread.tmp_save
2025-11-06 19:33:41,117 [INFO] CodeEngine:289 - Generated code: C:\Users\USER\STM32CubeIDE\workspace_1.19.0\Hip-Pro_Hardware_V1.2\HardwareV1.2\MXTmpFiles\rtos_default_thread.tmp
2025-11-06 19:33:41,121 [INFO] CodeEngine:265 - oldGeneratedFile, C:\Users\USER\STM32CubeIDE\workspace_1.19.0\Hip-Pro_Hardware_V1.2\HardwareV1.2\MXTmpFiles\rtos_threads.tmp_save
2025-11-06 19:33:41,176 [INFO] CodeEngine:289 - Generated code: C:\Users\USER\STM32CubeIDE\workspace_1.19.0\Hip-Pro_Hardware_V1.2\HardwareV1.2\MXTmpFiles\rtos_threads.tmp
2025-11-06 19:33:41,192 [INFO] Middleware:1452 - No code input for Bsp Dependency
2025-11-06 19:33:41,201 [INFO] CodeEngine:265 - oldGeneratedFile, C:\Users\USER\STM32CubeIDE\workspace_1.19.0\Hip-Pro_Hardware_V1.2\HardwareV1.2\MXTmpFiles\rtos_inc.tmp_save
2025-11-06 19:33:41,258 [INFO] CodeEngine:289 - Generated code: C:\Users\USER\STM32CubeIDE\workspace_1.19.0\Hip-Pro_Hardware_V1.2\HardwareV1.2\MXTmpFiles\rtos_inc.tmp
2025-11-06 19:33:41,265 [INFO] CodeEngine:265 - oldGeneratedFile, C:\Users\USER\STM32CubeIDE\workspace_1.19.0\Hip-Pro_Hardware_V1.2\HardwareV1.2\MXTmpFiles\rtos_vars.tmp_save
2025-11-06 19:33:41,330 [INFO] CodeEngine:289 - Generated code: C:\Users\USER\STM32CubeIDE\workspace_1.19.0\Hip-Pro_Hardware_V1.2\HardwareV1.2\MXTmpFiles\rtos_vars.tmp
2025-11-06 19:33:41,336 [INFO] CodeEngine:265 - oldGeneratedFile, C:\Users\USER\STM32CubeIDE\workspace_1.19.0\Hip-Pro_Hardware_V1.2\HardwareV1.2\MXTmpFiles\rtos_pfp.tmp_save
2025-11-06 19:33:41,386 [INFO] CodeEngine:289 - Generated code: C:\Users\USER\STM32CubeIDE\workspace_1.19.0\Hip-Pro_Hardware_V1.2\HardwareV1.2\MXTmpFiles\rtos_pfp.tmp
2025-11-06 19:33:41,391 [INFO] CodeEngine:265 - oldGeneratedFile, C:\Users\USER\STM32CubeIDE\workspace_1.19.0\Hip-Pro_Hardware_V1.2\HardwareV1.2\MXTmpFiles\rtos_obj_creat.tmp_save
2025-11-06 19:33:41,441 [INFO] CodeEngine:289 - Generated code: C:\Users\USER\STM32CubeIDE\workspace_1.19.0\Hip-Pro_Hardware_V1.2\HardwareV1.2\MXTmpFiles\rtos_obj_creat.tmp
2025-11-06 19:33:41,446 [INFO] CodeEngine:265 - oldGeneratedFile, C:\Users\USER\STM32CubeIDE\workspace_1.19.0\Hip-Pro_Hardware_V1.2\HardwareV1.2\MXTmpFiles\rtos_kernelStart.tmp_save
2025-11-06 19:33:41,494 [INFO] CodeEngine:289 - Generated code: C:\Users\USER\STM32CubeIDE\workspace_1.19.0\Hip-Pro_Hardware_V1.2\HardwareV1.2\MXTmpFiles\rtos_kernelStart.tmp
2025-11-06 19:33:41,499 [INFO] CodeEngine:265 - oldGeneratedFile, C:\Users\USER\STM32CubeIDE\workspace_1.19.0\Hip-Pro_Hardware_V1.2\HardwareV1.2\MXTmpFiles\rtos_default_thread.tmp_save
2025-11-06 19:33:41,548 [INFO] CodeEngine:289 - Generated code: C:\Users\USER\STM32CubeIDE\workspace_1.19.0\Hip-Pro_Hardware_V1.2\HardwareV1.2\MXTmpFiles\rtos_default_thread.tmp
2025-11-06 19:33:41,553 [INFO] CodeEngine:265 - oldGeneratedFile, C:\Users\USER\STM32CubeIDE\workspace_1.19.0\Hip-Pro_Hardware_V1.2\HardwareV1.2\MXTmpFiles\rtos_threads.tmp_save
2025-11-06 19:33:41,602 [INFO] CodeEngine:289 - Generated code: C:\Users\USER\STM32CubeIDE\workspace_1.19.0\Hip-Pro_Hardware_V1.2\HardwareV1.2\MXTmpFiles\rtos_threads.tmp
2025-11-06 19:33:41,607 [INFO] CodeEngine:265 - oldGeneratedFile, C:\Users\USER\STM32CubeIDE\workspace_1.19.0\Hip-Pro_Hardware_V1.2\HardwareV1.2\Core\Inc\FreeRTOSConfig.h_save
2025-11-06 19:33:41,669 [INFO] CodeEngine:289 - Generated code: C:\Users\USER\STM32CubeIDE\workspace_1.19.0\Hip-Pro_Hardware_V1.2\HardwareV1.2\Core\Inc\FreeRTOSConfig.h
2025-11-06 19:33:41,674 [INFO] CodeEngine:265 - oldGeneratedFile, C:\Users\USER\STM32CubeIDE\workspace_1.19.0\Hip-Pro_Hardware_V1.2\HardwareV1.2\Core\Src\freertos.c_save
2025-11-06 19:33:41,731 [INFO] CodeEngine:289 - Generated code: C:\Users\USER\STM32CubeIDE\workspace_1.19.0\Hip-Pro_Hardware_V1.2\HardwareV1.2\Core\Src\freertos.c
2025-11-06 19:33:41,745 [INFO] CodeEngine:265 - oldGeneratedFile, C:\Users\USER\STM32CubeIDE\workspace_1.19.0\Hip-Pro_Hardware_V1.2\HardwareV1.2\MXTmpFiles\dma.tmp_save
2025-11-06 19:33:41,794 [INFO] CodeEngine:289 - Generated code: C:\Users\USER\STM32CubeIDE\workspace_1.19.0\Hip-Pro_Hardware_V1.2\HardwareV1.2\MXTmpFiles\dma.tmp
2025-11-06 19:33:41,798 [INFO] CodeEngine:265 - oldGeneratedFile, C:\Users\USER\STM32CubeIDE\workspace_1.19.0\Hip-Pro_Hardware_V1.2\HardwareV1.2\MXTmpFiles\dma_GV.tmp_save
2025-11-06 19:33:41,844 [INFO] CodeEngine:289 - Generated code: C:\Users\USER\STM32CubeIDE\workspace_1.19.0\Hip-Pro_Hardware_V1.2\HardwareV1.2\MXTmpFiles\dma_GV.tmp
2025-11-06 19:33:41,854 [INFO] CodeEngine:265 - oldGeneratedFile, C:\Users\USER\STM32CubeIDE\workspace_1.19.0\Hip-Pro_Hardware_V1.2\HardwareV1.2\Core\Src\stm32f1xx_it.c_save
2025-11-06 19:33:41,980 [INFO] CodeEngine:289 - Generated code: C:\Users\USER\STM32CubeIDE\workspace_1.19.0\Hip-Pro_Hardware_V1.2\HardwareV1.2\Core\Src\stm32f1xx_it.c
2025-11-06 19:33:41,985 [INFO] CodeEngine:265 - oldGeneratedFile, C:\Users\USER\STM32CubeIDE\workspace_1.19.0\Hip-Pro_Hardware_V1.2\HardwareV1.2\Core\Inc\stm32f1xx_it.h_save
2025-11-06 19:33:42,035 [INFO] CodeEngine:289 - Generated code: C:\Users\USER\STM32CubeIDE\workspace_1.19.0\Hip-Pro_Hardware_V1.2\HardwareV1.2\Core\Inc\stm32f1xx_it.h
2025-11-06 19:33:42,046 [INFO] CodeEngine:265 - oldGeneratedFile, C:\Users\USER\STM32CubeIDE\workspace_1.19.0\Hip-Pro_Hardware_V1.2\HardwareV1.2\Core\Src\stm32f1xx_hal_msp.c_save
2025-11-06 19:33:42,133 [INFO] CodeEngine:289 - Generated code: C:\Users\USER\STM32CubeIDE\workspace_1.19.0\Hip-Pro_Hardware_V1.2\HardwareV1.2\Core\Src\stm32f1xx_hal_msp.c
2025-11-06 19:33:42,138 [INFO] CodeEngine:265 - oldGeneratedFile, C:\Users\USER\STM32CubeIDE\workspace_1.19.0\Hip-Pro_Hardware_V1.2\HardwareV1.2\MXTmpFiles\system.tmp_save
2025-11-06 19:33:42,185 [INFO] CodeEngine:289 - Generated code: C:\Users\USER\STM32CubeIDE\workspace_1.19.0\Hip-Pro_Hardware_V1.2\HardwareV1.2\MXTmpFiles\system.tmp
2025-11-06 19:33:42,189 [INFO] CodeEngine:265 - oldGeneratedFile, C:\Users\USER\STM32CubeIDE\workspace_1.19.0\Hip-Pro_Hardware_V1.2\HardwareV1.2\Core\Src\stm32f1xx_hal_timebase_tim.c_save
2025-11-06 19:33:42,243 [INFO] CodeEngine:289 - Generated code: C:\Users\USER\STM32CubeIDE\workspace_1.19.0\Hip-Pro_Hardware_V1.2\HardwareV1.2\Core\Src\stm32f1xx_hal_timebase_tim.c
2025-11-06 19:33:42,252 [INFO] CodeEngine:321 - oldGeneratedFile, C:\Users\USER\STM32CubeIDE\workspace_1.19.0\Hip-Pro_Hardware_V1.2\HardwareV1.2\Core\Inc\stm32f1xx_hal_conf.h_save
2025-11-06 19:33:42,306 [INFO] CodeEngine:345 - Generated code: C:\Users\USER\STM32CubeIDE\workspace_1.19.0\Hip-Pro_Hardware_V1.2\HardwareV1.2\Core\Inc\stm32f1xx_hal_conf.h
2025-11-06 19:33:42,327 [INFO] CodeEngine:265 - oldGeneratedFile, C:\Users\USER\STM32CubeIDE\workspace_1.19.0\Hip-Pro_Hardware_V1.2\HardwareV1.2\Core\Inc\main.h_save
2025-11-06 19:33:42,403 [INFO] CodeEngine:289 - Generated code: C:\Users\USER\STM32CubeIDE\workspace_1.19.0\Hip-Pro_Hardware_V1.2\HardwareV1.2\Core\Inc\main.h
2025-11-06 19:33:42,408 [INFO] CodeEngine:265 - oldGeneratedFile, C:\Users\USER\STM32CubeIDE\workspace_1.19.0\Hip-Pro_Hardware_V1.2\HardwareV1.2\Core\Src\main.c_save
2025-11-06 19:33:42,508 [INFO] CodeEngine:289 - Generated code: C:\Users\USER\STM32CubeIDE\workspace_1.19.0\Hip-Pro_Hardware_V1.2\HardwareV1.2\Core\Src\main.c
2025-11-06 19:33:42,878 [INFO] ProjectBuilder:3606 - Time for Copy HAL[1] : 163mS.
2025-11-06 19:33:42,882 [INFO] ProjectBuilder:5216 - Project Generator version: 4.7.0-B52
2025-11-06 19:33:42,947 [INFO] ConfigFileManager:1595 - The Die is : DIE414
2025-11-06 19:33:43,651 [INFO] ProjectBuilder:5496 - Time for Generating toolchain IDE Files: 768mS.
2025-11-06 19:33:43,652 [INFO] ProjectBuilder:3463 - Time for Copy CMSIS : 1mS.
2025-11-06 19:33:43,658 [INFO] ProjectBuilder:3463 - Time for Copy CMSIS : 0mS.
2025-11-06 19:43:23,250 [ERROR] LogOutputStream:75 - [STDERR_REDIRECT] 
