2025-11-04 12:08:38,401 [INFO] Activator:176 - 


2025-11-04 12:08:38,405 [INFO] Activator:177 - !SESSION log4j initialized
2025-11-04 12:08:43,012 [INFO] LogOutputStream:77 - [STDOUT_REDIRECT] 
2025-11-04 12:08:43,761 [INFO] ApplicationProperties:184 - Using Application install path: C:\ST\STM32CubeIDE_1.19.0\STM32CubeIDE\plugins\com.st.stm32cube.common.mx_6.15.0.202507011659
2025-11-04 12:08:43,775 [INFO] DbMcusXml:78 - Set database path to: C:\ST\STM32CubeIDE_1.19.0\STM32CubeIDE\plugins\com.st.stm32cube.common.mx_6.15.0.202507011659\\db\/mcu/
2025-11-04 12:08:43,775 [INFO] ApiDb:274 - Set plugin database path to: C:\ST\STM32CubeIDE_1.19.0\STM32CubeIDE\plugins\com.st.stm32cube.common.mx_6.15.0.202507011659\\db\/plugins/boardmanager/
2025-11-04 12:08:43,775 [WARN] ApiDb:259 - Overriding images path with different value:  => C:\ST\STM32CubeIDE_1.19.0\STM32CubeIDE\plugins\com.st.stm32cube.common.mx_6.15.0.202507011659\\db\/plugins/mcufinder/images/
2025-11-04 12:08:43,779 [INFO] ApiDb:250 - Set database path to: C:\Users\USER\.stmcufinder\plugins\mcufinder//mcu/
2025-11-04 12:08:43,780 [INFO] DbMcusAds:125 - Set database path to: C:\Users\USER\.stmcufinder\plugins\mcufinder//mcu/
2025-11-04 12:08:43,782 [INFO] CrossReferenceDbSqlite:203 - Set database path to: C:\Users\USER\.stmcufinder\plugins\mcufinder//mcu/cs/
2025-11-04 12:08:43,875 [INFO] RulesReader:64 - Compatibility file has been processed (317 Rules)
2025-11-04 12:08:43,936 [INFO] DbMcusXml:78 - Set database path to: C:\ST\STM32CubeIDE_1.19.0\STM32CubeIDE\plugins\com.st.stm32cube.common.mx_6.15.0.202507011659\\db\/mcu/
2025-11-04 12:08:43,936 [INFO] ApiDb:274 - Set plugin database path to: C:\ST\STM32CubeIDE_1.19.0\STM32CubeIDE\plugins\com.st.stm32cube.common.mx_6.15.0.202507011659\\db\/plugins/boardmanager/
2025-11-04 12:08:43,937 [INFO] ApiDb:261 - Set plugin images path to: C:\ST\STM32CubeIDE_1.19.0\STM32CubeIDE\plugins\com.st.stm32cube.common.mx_6.15.0.202507011659\\db\/plugins/mcufinder/images/
2025-11-04 12:08:43,937 [WARN] DbFile:41 - Overriding database path with different value: C:\Users\USER\.stmcufinder\plugins\mcufinder/ => C:\Users\USER\.stmcufinder\plugins\mcufinder
2025-11-04 12:08:43,937 [INFO] ApiDb:250 - Set database path to: C:\Users\USER\.stmcufinder\plugins\mcufinder//mcu/
2025-11-04 12:08:43,937 [WARN] DbFile:41 - Overriding database path with different value: C:\Users\USER\.stmcufinder\plugins\mcufinder/ => C:\Users\USER\.stmcufinder\plugins\mcufinder
2025-11-04 12:08:43,937 [INFO] DbMcusAds:125 - Set database path to: C:\Users\USER\.stmcufinder\plugins\mcufinder//mcu/
2025-11-04 12:08:43,937 [WARN] DbFile:41 - Overriding database path with different value: C:\Users\USER\.stmcufinder\plugins\mcufinder/ => C:\Users\USER\.stmcufinder\plugins\mcufinder
2025-11-04 12:08:43,937 [WARN] DbFile:41 - Overriding database path with different value: C:\Users\USER\.stmcufinder\plugins\mcufinder/ => C:\Users\USER\.stmcufinder\plugins\mcufinder
2025-11-04 12:08:43,937 [INFO] CrossReferenceDbSqlite:203 - Set database path to: C:\Users\USER\.stmcufinder\plugins\mcufinder//mcu/cs/
2025-11-04 12:08:43,997 [INFO] MainPanel:274 - HeapMemory: 268435456
2025-11-04 12:08:44,059 [INFO] DbMcusXml:78 - Set database path to: C:\ST\STM32CubeIDE_1.19.0\STM32CubeIDE\plugins\com.st.stm32cube.common.mx_6.15.0.202507011659\\db\/mcu/
2025-11-04 12:08:44,059 [INFO] ApiDb:274 - Set plugin database path to: C:\ST\STM32CubeIDE_1.19.0\STM32CubeIDE\plugins\com.st.stm32cube.common.mx_6.15.0.202507011659\\db\/plugins/boardmanager/
2025-11-04 12:08:44,060 [INFO] ApiDb:261 - Set plugin images path to: C:\ST\STM32CubeIDE_1.19.0\STM32CubeIDE\plugins\com.st.stm32cube.common.mx_6.15.0.202507011659\\db\/plugins/mcufinder/images/
2025-11-04 12:08:44,060 [WARN] DbFile:41 - Overriding database path with different value: C:\Users\USER\.stmcufinder\plugins\mcufinder/ => C:\Users\USER\.stmcufinder\plugins\mcufinder
2025-11-04 12:08:44,060 [INFO] ApiDb:250 - Set database path to: C:\Users\USER\.stmcufinder\plugins\mcufinder//mcu/
2025-11-04 12:08:44,060 [WARN] DbFile:41 - Overriding database path with different value: C:\Users\USER\.stmcufinder\plugins\mcufinder/ => C:\Users\USER\.stmcufinder\plugins\mcufinder
2025-11-04 12:08:44,060 [INFO] DbMcusAds:125 - Set database path to: C:\Users\USER\.stmcufinder\plugins\mcufinder//mcu/
2025-11-04 12:08:44,060 [WARN] DbFile:41 - Overriding database path with different value: C:\Users\USER\.stmcufinder\plugins\mcufinder/ => C:\Users\USER\.stmcufinder\plugins\mcufinder
2025-11-04 12:08:44,060 [WARN] DbFile:41 - Overriding database path with different value: C:\Users\USER\.stmcufinder\plugins\mcufinder/ => C:\Users\USER\.stmcufinder\plugins\mcufinder
2025-11-04 12:08:44,060 [INFO] CrossReferenceDbSqlite:203 - Set database path to: C:\Users\USER\.stmcufinder\plugins\mcufinder//mcu/cs/
2025-11-04 12:08:44,073 [INFO] ApplicationProperties:184 - Using Application install path: C:\ST\STM32CubeIDE_1.19.0\STM32CubeIDE\plugins\com.st.stm32cube.common.mx_6.15.0.202507011659
2025-11-04 12:08:44,074 [INFO] PluginManage:196 - Search for loadable plugins [exclusion list=, ]
2025-11-04 12:08:44,075 [INFO] PluginManage:310 - Check plugin analytics
2025-11-04 12:08:44,204 [INFO] AnalyticsPlugin:253 - Accepted Software Licenses: 
2025-11-04 12:08:44,204 [INFO] AnalyticsPlugin:255 - Accepted CMSIS Pack Licenses: 
2025-11-04 12:08:44,204 [INFO] AnalyticsPlugin:257 - Accepted Firmware Licenses: 
2025-11-04 12:08:44,206 [INFO] PluginManage:359 - Loaded plugin analytics (category:tool,tabindex:-1)
2025-11-04 12:08:44,207 [INFO] PluginManage:310 - Check plugin cadmodel
2025-11-04 12:08:44,211 [INFO] CADModel:105 - Init CAD model plugin
2025-11-04 12:08:44,211 [INFO] PluginManage:359 - Loaded plugin cadmodel (category:power,tabindex:5)
2025-11-04 12:08:44,211 [INFO] PluginManage:310 - Check plugin clock
2025-11-04 12:08:44,219 [INFO] PluginManage:359 - Loaded plugin clock (category:base,tabindex:2)
2025-11-04 12:08:44,219 [INFO] PluginManage:310 - Check plugin ddr
2025-11-04 12:08:44,221 [INFO] PluginManage:359 - Loaded plugin ddr (category:tool,tabindex:6)
2025-11-04 12:08:44,221 [INFO] PluginManage:310 - Check plugin filemanager
2025-11-04 12:08:44,350 [INFO] PluginManage:359 - Loaded plugin filemanager (category:base,tabindex:10)
2025-11-04 12:08:44,350 [INFO] PluginManage:310 - Check plugin ipmanager
2025-11-04 12:08:44,356 [INFO] PluginManage:359 - Loaded plugin ipmanager (category:base,tabindex:5)
2025-11-04 12:08:44,356 [INFO] PluginManage:310 - Check plugin lpbam
2025-11-04 12:08:44,362 [INFO] PluginManage:359 - Loaded plugin lpbam (category:base,tabindex:0)
2025-11-04 12:08:44,362 [INFO] PluginManage:310 - Check plugin memorymap
2025-11-04 12:08:44,371 [INFO] PluginManage:359 - Loaded plugin memorymap (category:base,tabindex:4)
2025-11-04 12:08:44,371 [INFO] PluginManage:310 - Check plugin pinoutandconfiguration
2025-11-04 12:08:44,376 [INFO] PluginManage:359 - Loaded plugin pinoutandconfiguration (category:base,tabindex:1)
2025-11-04 12:08:44,377 [INFO] PluginManage:310 - Check plugin pinoutconfig
2025-11-04 12:08:44,441 [WARN] SupportedApi:132 - Cannot load RTOS API schema: s4s-elt-must-match.1: The content of 'definitions' must match (annotation?, (simpleType | complexType)?, (unique | key | keyref)*)). A problem was found starting at: attribute.
2025-11-04 12:08:44,528 [INFO] PluginManage:359 - Loaded plugin pinoutconfig (category:base,tabindex:0)
2025-11-04 12:08:44,529 [INFO] PluginManage:310 - Check plugin power
2025-11-04 12:08:44,533 [INFO] PluginManage:359 - Loaded plugin power (category:power,tabindex:4)
2025-11-04 12:08:44,534 [INFO] PluginManage:310 - Check plugin projectmanager
2025-11-04 12:08:44,544 [INFO] PluginManage:359 - Loaded plugin projectmanager (category:projectmanager,tabindex:4)
2025-11-04 12:08:44,544 [INFO] PluginManage:310 - Check plugin rif
2025-11-04 12:08:44,551 [INFO] PluginManage:359 - Loaded plugin rif (category:base,tabindex:3)
2025-11-04 12:08:44,551 [INFO] PluginManage:310 - Check plugin thirdparty
2025-11-04 12:08:44,647 [INFO] PluginManage:359 - Loaded plugin thirdparty (category:base,tabindex:-1)
2025-11-04 12:08:44,647 [INFO] PluginManage:310 - Check plugin tools
2025-11-04 12:08:44,647 [WARN] IntegrityCheckThread:84 - waiting for thirdparty lock release [integrity check]
2025-11-04 12:08:44,647 [INFO] IntegrityCheckThread:86 - entering critical section [integrity check]
2025-11-04 12:08:44,648 [INFO] ThirdPartyUpdaterWithRetryManager:70 - Updater plugin not ready yet. [1/15]
2025-11-04 12:08:44,650 [INFO] PluginManage:359 - Loaded plugin tools (category:base,tabindex:7)
2025-11-04 12:08:44,650 [INFO] PluginManage:310 - Check plugin tutovideos
2025-11-04 12:08:44,791 [INFO] PluginManage:359 - Loaded plugin tutovideos (category:base,tabindex:-1)
2025-11-04 12:08:44,792 [INFO] PluginManage:310 - Check plugin updater
2025-11-04 12:08:44,807 [INFO] PluginManage:359 - Loaded plugin updater (category:base,tabindex:12)
2025-11-04 12:08:44,808 [INFO] PluginManage:310 - Check plugin userauth
2025-11-04 12:08:44,810 [INFO] UserAuth:118 - Init User Auth plugin
2025-11-04 12:08:44,811 [INFO] PluginManage:359 - Loaded plugin userauth (category:base,tabindex:14)
2025-11-04 12:08:44,811 [INFO] PluginManage:283 - PluginManage : Loaded plugins [18]
2025-11-04 12:08:44,954 [INFO] PinOutPanel:1589 - setPackage(No Configuration,No Configuration)
2025-11-04 12:08:45,017 [INFO] CADModel:165 - CPN selected for project level
2025-11-04 12:08:45,017 [INFO] CADModel:114 - Register for checkConnection events
2025-11-04 12:08:45,030 [INFO] IPUIPlugin:80 - create IPUIPlugin
2025-11-04 12:08:45,030 [INFO] PluginManager:220 - loadIPPluginJar : add adc
2025-11-04 12:08:45,033 [INFO] IPUIPlugin:80 - create IPUIPlugin
2025-11-04 12:08:45,034 [INFO] PluginManager:220 - loadIPPluginJar : add aes
2025-11-04 12:08:45,036 [INFO] IPUIPlugin:80 - create IPUIPlugin
2025-11-04 12:08:45,036 [INFO] PluginManager:220 - loadIPPluginJar : add can
2025-11-04 12:08:45,037 [INFO] IPUIPlugin:80 - create IPUIPlugin
2025-11-04 12:08:45,037 [INFO] PluginManager:220 - loadIPPluginJar : add comp
2025-11-04 12:08:45,039 [INFO] IPUIPlugin:80 - create IPUIPlugin
2025-11-04 12:08:45,039 [INFO] PluginManager:220 - loadIPPluginJar : add cryp
2025-11-04 12:08:45,041 [INFO] IPUIPlugin:80 - create IPUIPlugin
2025-11-04 12:08:45,041 [INFO] PluginManager:220 - loadIPPluginJar : add ddr_ctrl_phy
2025-11-04 12:08:45,043 [INFO] IPUIPlugin:80 - create IPUIPlugin
2025-11-04 12:08:45,043 [INFO] PluginManager:220 - loadIPPluginJar : add dfsdm
2025-11-04 12:08:45,047 [INFO] IPUIPlugin:80 - create IPUIPlugin
2025-11-04 12:08:45,048 [INFO] PluginManager:220 - loadIPPluginJar : add dma
2025-11-04 12:08:45,050 [INFO] IPUIPlugin:80 - create IPUIPlugin
2025-11-04 12:08:45,051 [INFO] PluginManager:220 - loadIPPluginJar : add dma3
2025-11-04 12:08:45,053 [INFO] IPUIPlugin:80 - create IPUIPlugin
2025-11-04 12:08:45,053 [INFO] PluginManager:220 - loadIPPluginJar : add extmemmanager
2025-11-04 12:08:45,054 [INFO] IPUIPlugin:80 - create IPUIPlugin
2025-11-04 12:08:45,054 [INFO] PluginManager:220 - loadIPPluginJar : add fatfs
2025-11-04 12:08:45,058 [INFO] IPUIPlugin:80 - create IPUIPlugin
2025-11-04 12:08:45,058 [INFO] PluginManager:220 - loadIPPluginJar : add fmc
2025-11-04 12:08:45,063 [INFO] IPUIPlugin:80 - create IPUIPlugin
2025-11-04 12:08:45,064 [INFO] PluginManager:220 - loadIPPluginJar : add freertos
2025-11-04 12:08:45,065 [INFO] IPUIPlugin:80 - create IPUIPlugin
2025-11-04 12:08:45,065 [INFO] PluginManager:220 - loadIPPluginJar : add genericplugin
2025-11-04 12:08:45,067 [INFO] IPUIPlugin:80 - create IPUIPlugin
2025-11-04 12:08:45,067 [INFO] PluginManager:220 - loadIPPluginJar : add gfxmmu
2025-11-04 12:08:45,070 [INFO] IPUIPlugin:80 - create IPUIPlugin
2025-11-04 12:08:45,071 [INFO] PluginManager:220 - loadIPPluginJar : add gic
2025-11-04 12:08:45,074 [INFO] IPUIPlugin:80 - create IPUIPlugin
2025-11-04 12:08:45,074 [INFO] PluginManager:220 - loadIPPluginJar : add gpio
2025-11-04 12:08:45,077 [INFO] IPUIPlugin:80 - create IPUIPlugin
2025-11-04 12:08:45,077 [INFO] PluginManager:220 - loadIPPluginJar : add gtzc
2025-11-04 12:08:45,078 [INFO] IPUIPlugin:80 - create IPUIPlugin
2025-11-04 12:08:45,079 [INFO] PluginManager:220 - loadIPPluginJar : add hash
2025-11-04 12:08:45,080 [INFO] IPUIPlugin:80 - create IPUIPlugin
2025-11-04 12:08:45,081 [INFO] PluginManager:220 - loadIPPluginJar : add i2c
2025-11-04 12:08:45,082 [INFO] IPUIPlugin:80 - create IPUIPlugin
2025-11-04 12:08:45,082 [INFO] PluginManager:220 - loadIPPluginJar : add i2s
2025-11-04 12:08:45,084 [INFO] IPUIPlugin:80 - create IPUIPlugin
2025-11-04 12:08:45,085 [INFO] PluginManager:220 - loadIPPluginJar : add i3c
2025-11-04 12:08:45,087 [INFO] IPUIPlugin:80 - create IPUIPlugin
2025-11-04 12:08:45,087 [INFO] PluginManager:220 - loadIPPluginJar : add ipddr
2025-11-04 12:08:45,093 [INFO] IPUIPlugin:80 - create IPUIPlugin
2025-11-04 12:08:45,093 [INFO] PluginManager:220 - loadIPPluginJar : add linkedlist
2025-11-04 12:08:45,095 [INFO] IPUIPlugin:80 - create IPUIPlugin
2025-11-04 12:08:45,096 [INFO] PluginManager:220 - loadIPPluginJar : add lorawan
2025-11-04 12:08:45,096 [INFO] IPUIPlugin:80 - create IPUIPlugin
2025-11-04 12:08:45,096 [INFO] PluginManager:220 - loadIPPluginJar : add ltdc
2025-11-04 12:08:45,100 [INFO] IPUIPlugin:80 - create IPUIPlugin
2025-11-04 12:08:45,100 [INFO] PluginManager:220 - loadIPPluginJar : add mdma
2025-11-04 12:08:45,102 [INFO] IPUIPlugin:80 - create IPUIPlugin
2025-11-04 12:08:45,102 [INFO] PluginManager:220 - loadIPPluginJar : add nvic
2025-11-04 12:08:45,104 [INFO] IPUIPlugin:80 - create IPUIPlugin
2025-11-04 12:08:45,104 [INFO] PluginManager:220 - loadIPPluginJar : add opamp
2025-11-04 12:08:45,105 [INFO] IPUIPlugin:80 - create IPUIPlugin
2025-11-04 12:08:45,105 [INFO] PluginManager:220 - loadIPPluginJar : add openamp
2025-11-04 12:08:45,107 [INFO] IPUIPlugin:80 - create IPUIPlugin
2025-11-04 12:08:45,107 [INFO] PluginManager:220 - loadIPPluginJar : add pdm2pcm
2025-11-04 12:08:45,111 [INFO] IPUIPlugin:80 - create IPUIPlugin
2025-11-04 12:08:45,113 [INFO] PluginManager:220 - loadIPPluginJar : add plateformsettings
2025-11-04 12:08:45,114 [INFO] IPUIPlugin:80 - create IPUIPlugin
2025-11-04 12:08:45,114 [INFO] PluginManager:220 - loadIPPluginJar : add quadspi
2025-11-04 12:08:45,116 [INFO] IPUIPlugin:80 - create IPUIPlugin
2025-11-04 12:08:45,116 [INFO] PluginManager:220 - loadIPPluginJar : add radio
2025-11-04 12:08:45,118 [INFO] IPUIPlugin:80 - create IPUIPlugin
2025-11-04 12:08:45,118 [INFO] PluginManager:220 - loadIPPluginJar : add resmgrutility
2025-11-04 12:08:45,120 [INFO] IPUIPlugin:80 - create IPUIPlugin
2025-11-04 12:08:45,120 [INFO] PluginManager:220 - loadIPPluginJar : add sai
2025-11-04 12:08:45,122 [INFO] IPUIPlugin:80 - create IPUIPlugin
2025-11-04 12:08:45,122 [INFO] PluginManager:220 - loadIPPluginJar : add spi
2025-11-04 12:08:45,127 [INFO] IPUIPlugin:80 - create IPUIPlugin
2025-11-04 12:08:45,127 [INFO] PluginManager:220 - loadIPPluginJar : add stm32_wpan
2025-11-04 12:08:45,128 [INFO] IPUIPlugin:80 - create IPUIPlugin
2025-11-04 12:08:45,128 [INFO] PluginManager:220 - loadIPPluginJar : add tim
2025-11-04 12:08:45,130 [INFO] IPUIPlugin:80 - create IPUIPlugin
2025-11-04 12:08:45,130 [INFO] PluginManager:220 - loadIPPluginJar : add touchsensing
2025-11-04 12:08:45,131 [INFO] IPUIPlugin:80 - create IPUIPlugin
2025-11-04 12:08:45,131 [INFO] PluginManager:220 - loadIPPluginJar : add tracer_emb
2025-11-04 12:08:45,132 [INFO] IPUIPlugin:80 - create IPUIPlugin
2025-11-04 12:08:45,132 [INFO] PluginManager:220 - loadIPPluginJar : add ts
2025-11-04 12:08:45,133 [INFO] IPUIPlugin:80 - create IPUIPlugin
2025-11-04 12:08:45,133 [INFO] PluginManager:220 - loadIPPluginJar : add tsc
2025-11-04 12:08:45,134 [INFO] IPUIPlugin:80 - create IPUIPlugin
2025-11-04 12:08:45,134 [INFO] PluginManager:220 - loadIPPluginJar : add ucpd
2025-11-04 12:08:45,136 [INFO] IPUIPlugin:80 - create IPUIPlugin
2025-11-04 12:08:45,136 [INFO] PluginManager:220 - loadIPPluginJar : add usart
2025-11-04 12:08:45,138 [INFO] IPUIPlugin:80 - create IPUIPlugin
2025-11-04 12:08:45,138 [INFO] PluginManager:220 - loadIPPluginJar : add usbx
2025-11-04 12:08:45,249 [FATAL] Updater:351 - Updater called before beeing initialized
2025-11-04 12:08:45,268 [INFO] RulesReader:64 - Compatibility file has been processed (317 Rules)
2025-11-04 12:08:45,277 [INFO] RulesReader:64 - Compatibility file has been processed (317 Rules)
2025-11-04 12:08:45,285 [INFO] CADModel:165 - CPN selected for project level
2025-11-04 12:08:45,285 [INFO] CADModel:114 - Register for checkConnection events
2025-11-04 12:08:45,285 [FATAL] Updater:351 - Updater called before beeing initialized
2025-11-04 12:08:45,285 [ERROR] CADModel:125 - Updater not yet initialized, retry later 
2025-11-04 12:08:45,394 [FATAL] Updater:351 - Updater called before beeing initialized
2025-11-04 12:08:45,395 [INFO] CADModel:165 - CPN selected for project level
2025-11-04 12:08:45,395 [INFO] CADModel:114 - Register for checkConnection events
2025-11-04 12:08:45,396 [FATAL] Updater:351 - Updater called before beeing initialized
2025-11-04 12:08:45,396 [ERROR] CADModel:125 - Updater not yet initialized, retry later 
2025-11-04 12:08:45,398 [FATAL] Updater:351 - Updater called before beeing initialized
2025-11-04 12:08:45,492 [FATAL] Updater:351 - Updater called before beeing initialized
2025-11-04 12:08:45,495 [INFO] DbMcusAds:53 - JSON generation date=Thu Oct 02 15:06:05 IST 2025 (1759397765645)
2025-11-04 12:08:45,495 [FATAL] Updater:351 - Updater called before beeing initialized
2025-11-04 12:08:45,522 [WARN] DetailPanel:346 - Failed to get advertising image, set to default
2025-11-04 12:08:45,608 [FATAL] Updater:351 - Updater called before beeing initialized
2025-11-04 12:08:45,610 [FATAL] Updater:351 - Updater called before beeing initialized
2025-11-04 12:08:45,610 [FATAL] Updater:351 - Updater called before beeing initialized
2025-11-04 12:08:45,610 [WARN] DetailPanel:346 - Failed to get advertising image, set to default
2025-11-04 12:08:45,611 [FATAL] Updater:351 - Updater called before beeing initialized
2025-11-04 12:08:45,667 [ERROR] Updater:1198 - MainUpdater not yet initialized. External WinMGr cannot be set.
2025-11-04 12:08:45,669 [INFO] Updater:1134 - Updater Version found : 6.15.0
2025-11-04 12:08:45,681 [INFO] ApplicationProperties:184 - Using Application install path: C:\ST\STM32CubeIDE_1.19.0\STM32CubeIDE\plugins\com.st.stm32cube.common.mx_6.15.0.202507011659
2025-11-04 12:08:47,245 [ERROR] LogOutputStream:75 - [STDERR_REDIRECT] Nov 04, 2025 12:08:47 PM java.util.prefs.WindowsPreferences <init>
2025-11-04 12:08:47,247 [ERROR] LogOutputStream:75 - [STDERR_REDIRECT] WARNING: Could not open/create prefs root node Software\JavaSoft\Prefs at root 0xffffffff80000002. Windows RegCreateKeyEx(...) returned error code 5.
2025-11-04 12:08:47,247 [ERROR] LogOutputStream:75 - [STDERR_REDIRECT] 
2025-11-04 12:08:47,498 [INFO] MainUpdater:2872 - connection check result : 10
2025-11-04 12:08:47,498 [INFO] MainUpdater:289 - Updater Check For Update Now.
2025-11-04 12:08:47,499 [INFO] MicroXplorer:498 - Change Database Version : DB.6.0.150
2025-11-04 12:08:47,503 [INFO] McuFinderGlobals:63 - Set McuFinder mode to 2 (CubeIDE integrated)
2025-11-04 12:08:47,503 [INFO] UserAuth:171 - activating auth plugin
2025-11-04 12:08:47,505 [INFO] UserAuth:487 - Internet connection configuration mode: 1
2025-11-04 12:08:47,518 [INFO] JxBrowserEngine:152 - Initiate JxBrowser Engine with user profile folder
2025-11-04 12:08:47,650 [WARN] MainUpdater:1193 - Updater busy. Cannot search thirdparties
2025-11-04 12:08:47,650 [INFO] ThirdPartyUpdaterWithRetryManager:96 - Updater plugin is busy. [1/15]
2025-11-04 12:08:47,669 [INFO] CheckServerUpdateThread:120 - End of CheckServer Thread
2025-11-04 12:08:47,977 [INFO] WebApp:169 - Instantiating new browser for Auth
2025-11-04 12:08:48,470 [INFO] WebApp:463 - Apply proxy settings
2025-11-04 12:08:48,471 [INFO] WebApp:548 - Chromium requires no authentication
2025-11-04 12:08:48,477 [INFO] WebApp:491 - Direct internet connection detected
2025-11-04 12:08:48,491 [INFO] WebApp:900 - Register for checkConnection events
2025-11-04 12:08:48,492 [INFO] WebApp:463 - Apply proxy settings
2025-11-04 12:08:48,492 [INFO] WebApp:548 - Chromium requires no authentication
2025-11-04 12:08:48,492 [INFO] WebApp:491 - Direct internet connection detected
2025-11-04 12:08:48,588 [INFO] WebApp:225 - Starting web application
2025-11-04 12:08:48,588 [INFO] WebApp:593 - Web application path used C:\ST\STM32CubeIDE_1.19.0\STM32CubeIDE\plugins\com.st.stm32cube.common.mx_6.15.0.202507011659\db\plugins\mcufinder\reactClient1\index.html
2025-11-04 12:08:48,847 [INFO] WebApp:191 - Connection restablished
2025-11-04 12:08:49,138 [INFO] McuFinderGlobals:63 - Set McuFinder mode to 2 (CubeIDE integrated)
2025-11-04 12:08:49,142 [INFO] MainUpdater:2872 - connection check result : 10
2025-11-04 12:08:49,143 [INFO] MainUpdater:2872 - connection check result : 10
2025-11-04 12:08:49,164 [INFO] MicroXplorer:468 - Change Database Path : 
2025-11-04 12:08:49,165 [INFO] MicroXplorer:498 - Change Database Version : DB.6.0.150
2025-11-04 12:08:49,171 [WARN] ThirdParty:871 - waiting for thirdparty lock release [close project]
2025-11-04 12:08:50,813 [WARN] PackLoader:240 - Cannot read IP mode file for STMicroelectronics.FP-SNS-MOTENVWB1.1.4.0
2025-11-04 12:08:50,821 [WARN] PackLoader:240 - Cannot read IP mode file for STMicroelectronics.FP-ATR-ASTRA1.2.0.2
2025-11-04 12:08:50,826 [WARN] PackLoader:240 - Cannot read IP mode file for STMicroelectronics.X-CUBE-SMBUS.2.1.0
2025-11-04 12:08:50,847 [WARN] PackLoader:240 - Cannot read IP mode file for STMicroelectronics.X-CUBE-AZRTOS-F7.1.1.0
2025-11-04 12:08:50,854 [WARN] PackLoader:240 - Cannot read IP mode file for Cesanta.I-CUBE-Mongoose.7.19.0
2025-11-04 12:08:50,858 [WARN] PackLoader:240 - Cannot read IP mode file for STMicroelectronics.FP-SNS-MOTENV1.5.1.0
2025-11-04 12:08:50,865 [WARN] PackLoader:240 - Cannot read IP mode file for WES.I-CUBE-Cesium.1.4.0
2025-11-04 12:08:50,883 [WARN] PackLoader:240 - Cannot read IP mode file for Infineon.AIROC-Wi-Fi-Bluetooth-STM32.1.7.1
2025-11-04 12:08:50,919 [WARN] PackLoader:240 - Cannot read IP mode file for STMicroelectronics.X-CUBE-AZRTOS-H7.3.4.0
2025-11-04 12:08:50,928 [WARN] PackLoader:240 - Cannot read IP mode file for STMicroelectronics.X-CUBE-DISPLAY.3.0.0
2025-11-04 12:08:50,940 [WARN] PackLoader:240 - Cannot read IP mode file for STMicroelectronics.X-CUBE-NFC10.1.0.0
2025-11-04 12:08:50,945 [WARN] PackLoader:240 - Cannot read IP mode file for STMicroelectronics.X-CUBE-ST60.1.1.0
2025-11-04 12:08:50,951 [WARN] PackLoader:240 - Cannot read IP mode file for emotas.I-CUBE-CANOPEN.1.3.0
2025-11-04 12:08:50,956 [WARN] PackLoader:240 - Cannot read IP mode file for STMicroelectronics.X-CUBE-GNSS1.7.1.0
2025-11-04 12:08:50,962 [WARN] PackLoader:240 - Cannot read IP mode file for STMicroelectronics.FP-SNS-STBOX1.2.1.0
2025-11-04 12:08:50,968 [WARN] PackLoader:240 - Cannot read IP mode file for STMicroelectronics.FP-SNS-SMARTAG2.1.2.0
2025-11-04 12:08:50,972 [WARN] PackLoader:240 - Cannot read IP mode file for STMicroelectronics.FP-SNS-FLIGHT1.5.1.0
2025-11-04 12:08:50,978 [INFO] LogOutputStream:77 - [STDOUT_REDIRECT] 1 : Invalid condition id : UX_CORESTACK_Condition cause : null
2025-11-04 12:08:50,978 [INFO] LogOutputStream:77 - [STDOUT_REDIRECT] 1 : Invalid condition id : UX_CORESTACK_Condition cause : null
2025-11-04 12:08:50,979 [INFO] LogOutputStream:77 - [STDOUT_REDIRECT] 1 : Invalid condition id : UX_CORESTACK_Condition cause : null
2025-11-04 12:08:50,979 [INFO] LogOutputStream:77 - [STDOUT_REDIRECT] 1 : Invalid condition id : UX_CORESTACK_Condition cause : null
2025-11-04 12:08:50,980 [INFO] LogOutputStream:77 - [STDOUT_REDIRECT] 1 : Invalid condition id : UX_CORESTACK_Condition cause : null
2025-11-04 12:08:50,982 [WARN] PackLoader:240 - Cannot read IP mode file for STMicroelectronics.X-CUBE-AZRTOS-WL.2.0.0
2025-11-04 12:08:50,988 [WARN] PackLoader:240 - Cannot read IP mode file for STMicroelectronics.X-CUBE-BLE2.3.3.0
2025-11-04 12:08:50,993 [WARN] PackLoader:240 - Cannot read IP mode file for STMicroelectronics.X-CUBE-NFC9.1.0.0
2025-11-04 12:08:50,997 [WARN] PackLoader:240 - Cannot read IP mode file for wolfSSL.I-CUBE-wolfSSL.5.8.2
2025-11-04 12:08:51,001 [WARN] PackLoader:240 - Cannot read IP mode file for STMicroelectronics.X-CUBE-BLE1.7.1.0
2025-11-04 12:08:51,004 [WARN] PackLoader:240 - Cannot read IP mode file for wolfSSL.I-CUBE-wolfMQTT.1.19.2
2025-11-04 12:08:51,007 [WARN] PackLoader:240 - Cannot read IP mode file for STMicroelectronics.X-CUBE-EEPRMA1.5.2.0
2025-11-04 12:08:51,012 [WARN] PackLoader:240 - Cannot read IP mode file for STMicroelectronics.X-CUBE-ST67W61.1.1.0
2025-11-04 12:08:51,024 [WARN] PackLoader:240 - Cannot read IP mode file for STMicroelectronics.X-CUBE-AZRTOS-G0.1.1.0
2025-11-04 12:08:51,031 [WARN] PackLoader:240 - Cannot read IP mode file for STMicroelectronics.X-CUBE-SAFEA1.1.2.2
2025-11-04 12:08:51,037 [WARN] PackLoader:240 - Cannot read IP mode file for STMicroelectronics.X-CUBE-NFC4.3.0.0
2025-11-04 12:08:51,044 [WARN] PackLoader:240 - Cannot read IP mode file for EmbeddedOffice.I-CUBE-FS-RTOS.1.0.1
2025-11-04 12:08:51,049 [WARN] PackLoader:240 - Cannot read IP mode file for STMicroelectronics.X-CUBE-WB05N.2.0.0
2025-11-04 12:08:51,054 [WARN] PackLoader:240 - Cannot read IP mode file for wolfSSL.I-CUBE-wolfTPM.3.8.0
2025-11-04 12:08:51,058 [WARN] PackLoader:240 - Cannot read IP mode file for STMicroelectronics.X-CUBE-TCPP.4.2.0
2025-11-04 12:08:51,063 [WARN] PackLoader:240 - Cannot read IP mode file for RealThread.X-CUBE-RT-Thread_Nano.4.1.1
2025-11-04 12:08:51,066 [WARN] PackLoader:240 - Cannot read IP mode file for STMicroelectronics.FP-ATR-SIGFOX1.3.2.0
2025-11-04 12:08:51,072 [WARN] PackLoader:240 - Cannot read IP mode file for ITTIA_DB.I-CUBE-ITTIADB.8.9.0
2025-11-04 12:08:51,076 [WARN] PackLoader:240 - Cannot read IP mode file for STMicroelectronics.X-CUBE-AI.10.2.0
2025-11-04 12:08:51,106 [WARN] PackLoader:240 - Cannot read IP mode file for SEGGER.I-CUBE-embOS.1.3.1
2025-11-04 12:08:51,143 [WARN] PackLoader:240 - Cannot read IP mode file for STMicroelectronics.X-CUBE-ALGOBUILD.1.4.0
2025-11-04 12:08:51,213 [WARN] PackLoader:240 - Cannot read IP mode file for STMicroelectronics.X-CUBE-MEMS1.11.3.0
2025-11-04 12:08:51,326 [WARN] PackLoader:240 - Cannot read IP mode file for STMicroelectronics.X-CUBE-PM33A1.1.0.0
2025-11-04 12:08:51,346 [WARN] PackLoader:240 - Cannot read IP mode file for STMicroelectronics.X-CUBE-AZRTOS-F4.1.1.0
2025-11-04 12:08:51,353 [WARN] PackLoader:240 - Cannot read IP mode file for STMicroelectronics.X-CUBE-ISPU.2.1.0
2025-11-04 12:08:51,369 [WARN] PackLoader:240 - Cannot read IP mode file for STMicroelectronics.X-CUBE-IPS.3.2.0
2025-11-04 12:08:51,383 [WARN] PackLoader:240 - Cannot read IP mode file for STMicroelectronics.X-CUBE-NFC12.1.0.0
2025-11-04 12:08:51,398 [WARN] PackLoader:240 - Cannot read IP mode file for STMicroelectronics.X-CUBE-AZRTOS-L5.2.0.0
2025-11-04 12:08:51,408 [WARN] PackLoader:240 - Cannot read IP mode file for STMicroelectronics.X-CUBE-NFC6.3.1.0
2025-11-04 12:08:51,416 [WARN] PackLoader:240 - Cannot read IP mode file for STMicroelectronics.X-CUBE-FREERTOS.1.3.1
2025-11-04 12:08:51,424 [WARN] PackLoader:240 - Cannot read IP mode file for STMicroelectronics.X-CUBE-TOUCHGFX.4.26.0
2025-11-04 12:08:51,430 [WARN] PackLoader:240 - Cannot read IP mode file for STMicroelectronics.FP-SNS-STAIOTCFT.1.0.0
2025-11-04 12:08:51,437 [WARN] PackLoader:240 - Cannot read IP mode file for STMicroelectronics.X-CUBE-DPower.1.3.0
2025-11-04 12:08:51,454 [WARN] ConditionMgr:438 - getConditionDescription Invalid condition id : LAN8742 Phy interface Condition cause : null
2025-11-04 12:08:51,454 [WARN] PackLoader:240 - Cannot read IP mode file for STMicroelectronics.X-CUBE-AZRTOS-L4.2.0.0
2025-11-04 12:08:51,455 [WARN] ConditionMgr:1044 - genDependencies : Invalid condition id : LAN8742 Phy interface Condition cause : null
2025-11-04 12:08:51,455 [WARN] ConditionMgr:1044 - genDependencies : Invalid condition id : LAN8742 Phy interface Condition cause : null
2025-11-04 12:08:51,456 [WARN] ConditionMgr:1044 - genDependencies : Invalid condition id : LAN8742 Phy interface Condition cause : null
2025-11-04 12:08:51,463 [WARN] PackLoader:240 - Cannot read IP mode file for STMicroelectronics.X-CUBE-SFXS2LP1.4.0.0
2025-11-04 12:08:51,474 [WARN] PackLoader:240 - Cannot read IP mode file for STMicroelectronics.X-CUBE-BLEMGR.4.1.0
2025-11-04 12:08:51,488 [WARN] ConditionMgr:438 - getConditionDescription Invalid condition id : UX DEVICE CLASS RTOS Condition cause : null
2025-11-04 12:08:51,489 [WARN] ConditionMgr:438 - getConditionDescription Invalid condition id : UX DEVICE CLASS RTOS Condition cause : null
2025-11-04 12:08:51,490 [WARN] PackLoader:240 - Cannot read IP mode file for STMicroelectronics.X-CUBE-AZRTOS-WB.2.0.0
2025-11-04 12:08:51,491 [WARN] ConditionMgr:1044 - genDependencies : Invalid condition id : UX DEVICE CLASS RTOS Condition cause : null
2025-11-04 12:08:51,491 [WARN] ConditionMgr:1044 - genDependencies : Invalid condition id : UX DEVICE CLASS RTOS Condition cause : null
2025-11-04 12:08:51,491 [WARN] ConditionMgr:1044 - genDependencies : Invalid condition id : UX DEVICE CLASS RTOS Condition cause : null
2025-11-04 12:08:51,491 [WARN] ConditionMgr:1044 - genDependencies : Invalid condition id : UX DEVICE CLASS RTOS Condition cause : null
2025-11-04 12:08:51,491 [WARN] ConditionMgr:1044 - genDependencies : Invalid condition id : UX DEVICE CLASS RTOS Condition cause : null
2025-11-04 12:08:51,496 [WARN] ConditionMgr:438 - getConditionDescription Invalid condition id : Cortex-A Device cause : null
2025-11-04 12:08:51,512 [WARN] ConditionMgr:1044 - genDependencies : Invalid condition id : Cortex-A Device cause : null
2025-11-04 12:08:51,512 [WARN] ConditionMgr:1044 - genDependencies : Invalid condition id : Cortex-A Device cause : null
2025-11-04 12:08:51,512 [WARN] ConditionMgr:1044 - genDependencies : Invalid condition id : Cortex-A Device cause : null
2025-11-04 12:08:51,521 [WARN] PackLoader:240 - Cannot read IP mode file for STMicroelectronics.X-CUBE-SUBG2.5.0.0
2025-11-04 12:08:51,539 [WARN] PackLoader:240 - Cannot read IP mode file for STMicroelectronics.X-CUBE-AZRTOS-H7RS.1.1.0
2025-11-04 12:08:51,557 [WARN] PackLoader:240 - Cannot read IP mode file for STMicroelectronics.X-CUBE-AZRTOS-G4.2.0.0
2025-11-04 12:08:51,562 [WARN] PackLoader:240 - Cannot read IP mode file for wolfSSL.I-CUBE-wolfSSH.1.4.20
2025-11-04 12:08:51,566 [WARN] PackLoader:240 - Cannot read IP mode file for STMicroelectronics.X-CUBE-NFC7.2.0.0
2025-11-04 12:08:51,570 [WARN] PackLoader:240 - Cannot read IP mode file for STMicroelectronics.X-CUBE-ALS.1.0.2
2025-11-04 12:08:51,574 [WARN] PackLoader:240 - Cannot read IP mode file for STMicroelectronics.X-CUBE-STSE01.1.0.0
2025-11-04 12:08:51,581 [WARN] PackLoader:240 - Cannot read IP mode file for STMicroelectronics.X-CUBE-TOF1.3.4.3
2025-11-04 12:08:51,589 [INFO] ThirdParty:978 - Integrity check success = true
2025-11-04 12:08:51,589 [INFO] IntegrityCheckThread:100 - exiting critical section [integrity check]
2025-11-04 12:08:51,589 [INFO] IntegrityCheckThread:103 - End integrity checks thread
2025-11-04 12:08:51,590 [INFO] ThirdParty:873 - entering critical section [close project]
2025-11-04 12:08:51,590 [INFO] ThirdParty:883 - exiting critical section [close project]
2025-11-04 12:08:51,594 [INFO] PinOutPanel:1589 - setPackage(No Configuration,No Configuration)
2025-11-04 12:08:51,596 [INFO] UtilMem:75 - Begin LoadConfig() Used Memory: 186452264 Bytes (342884352)
2025-11-04 12:08:51,598 [INFO] MicroXplorer:468 - Change Database Path : 
2025-11-04 12:08:51,598 [INFO] MicroXplorer:498 - Change Database Version : DB.6.0.150
2025-11-04 12:08:51,599 [INFO] OpenFileManager:355 - Change cursor
2025-11-04 12:08:51,626 [INFO] Mcu:2029 - Initializing MCU STM32F103R(C-D-E)Tx STM32F103RCTx STM32F103RCT6TR
2025-11-04 12:08:52,430 [INFO] Context:786 - Trying to add GPIOservice into a context  which must be forbidden
2025-11-04 12:08:52,689 [INFO] ImportTextPane:234 - (OptionalMessage_ERROR) Pin25 (VP_RIF_VS_RIF1) cannot be retrieved for this MCU
2025-11-04 12:08:52,773 [INFO] RtosManager:558 - Registered RTOS mode: class=CMSIS, group=RTOS, mode=CMSIS_V1, owner=FREERTOS
2025-11-04 12:08:52,773 [INFO] RtosManager:558 - Registered RTOS mode: class=CMSIS, group=RTOS2, mode=CMSIS_V2, owner=FREERTOS
2025-11-04 12:08:52,773 [INFO] RtosManager:558 - Registered RTOS mode: class=RTOS, group=Core, mode=CMSIS_V1, owner=FREERTOS
2025-11-04 12:08:52,773 [INFO] RtosManager:558 - Registered RTOS mode: class=RTOS, group=Core, mode=CMSIS_V2, owner=FREERTOS
2025-11-04 12:08:52,773 [WARN] ModelIntegratedComponent:184 - Missing modes for component STMicroelectronics:FreeRTOS:0.0.1:STMicroelectronics:RTOS:FreeRTOS:Core:::10.2.0:
2025-11-04 12:08:52,795 [WARN] ModelIntegratedComponent:63 - No mode defined for component null
2025-11-04 12:08:52,795 [WARN] ModelIntegratedComponent:63 - No mode defined for component null
2025-11-04 12:08:52,795 [WARN] ModelIntegratedComponent:63 - No mode defined for component null
2025-11-04 12:08:52,795 [WARN] ModelIntegratedComponent:63 - No mode defined for component null
2025-11-04 12:08:52,795 [WARN] ModelIntegratedComponent:63 - No mode defined for component null
2025-11-04 12:08:52,795 [WARN] ModelIntegratedComponent:63 - No mode defined for component null
2025-11-04 12:08:52,795 [WARN] ModelIntegratedComponent:63 - No mode defined for component null
2025-11-04 12:08:52,795 [WARN] ModelIntegratedComponent:63 - No mode defined for component null
2025-11-04 12:08:52,795 [WARN] ModelIntegratedComponent:63 - No mode defined for component null
2025-11-04 12:08:52,795 [WARN] ModelIntegratedComponent:63 - No mode defined for component null
2025-11-04 12:08:52,795 [WARN] ModelIntegratedComponent:63 - No mode defined for component null
2025-11-04 12:08:52,796 [WARN] ModelIntegratedComponent:63 - No mode defined for component null
2025-11-04 12:08:52,796 [WARN] ModelIntegratedComponent:63 - No mode defined for component null
2025-11-04 12:08:52,796 [WARN] ModelIntegratedComponent:63 - No mode defined for component null
2025-11-04 12:08:52,796 [WARN] ModelIntegratedComponent:63 - No mode defined for component null
2025-11-04 12:08:52,796 [WARN] ModelIntegratedComponent:63 - No mode defined for component null
2025-11-04 12:08:52,796 [WARN] ModelIntegratedComponent:63 - No mode defined for component null
2025-11-04 12:08:52,796 [WARN] ModelIntegratedComponent:63 - No mode defined for component null
2025-11-04 12:08:52,796 [WARN] ModelIntegratedComponent:63 - No mode defined for component null
2025-11-04 12:08:52,796 [WARN] ModelIntegratedComponent:63 - No mode defined for component null
2025-11-04 12:08:52,796 [WARN] ModelIntegratedComponent:63 - No mode defined for component null
2025-11-04 12:08:52,796 [WARN] ModelIntegratedComponent:63 - No mode defined for component null
2025-11-04 12:08:52,796 [WARN] ModelIntegratedComponent:63 - No mode defined for component null
2025-11-04 12:08:52,796 [WARN] ModelIntegratedComponent:63 - No mode defined for component null
2025-11-04 12:08:52,796 [WARN] ModelIntegratedComponent:63 - No mode defined for component null
2025-11-04 12:08:52,796 [WARN] ModelIntegratedComponent:63 - No mode defined for component null
2025-11-04 12:08:52,796 [WARN] ModelIntegratedComponent:63 - No mode defined for component null
2025-11-04 12:08:52,796 [WARN] ModelIntegratedComponent:63 - No mode defined for component null
2025-11-04 12:08:52,796 [WARN] ModelIntegratedComponent:63 - No mode defined for component null
2025-11-04 12:08:52,796 [WARN] ModelIntegratedComponent:63 - No mode defined for component null
2025-11-04 12:08:52,797 [WARN] ModelIntegratedComponent:63 - No mode defined for component null
2025-11-04 12:08:52,797 [WARN] ModelIntegratedComponent:63 - No mode defined for component null
2025-11-04 12:08:52,797 [WARN] ModelIntegratedComponent:63 - No mode defined for component null
2025-11-04 12:08:52,797 [WARN] ModelIntegratedComponent:63 - No mode defined for component null
2025-11-04 12:08:52,797 [WARN] ModelIntegratedComponent:63 - No mode defined for component null
2025-11-04 12:08:52,797 [WARN] ModelPack:524 - Component already loaded: STMicroelectronics:HAL Drivers:0.0.0:STMicroelectronics:Device:STMicro_Driver:XSPI:HAL::0.0.1:HAL_XSPI
2025-11-04 12:08:52,871 [INFO] ThirdPartyModel:298 - Start build external matchings
2025-11-04 12:08:53,137 [INFO] ThirdPartyModel:316 - End build external matchings
2025-11-04 12:08:53,151 [INFO] RtosManager:1018 - Current active RTOS is FREERTOS [Cortex-M3NS]
2025-11-04 12:08:53,157 [INFO] ImportTextPane:234 - (OptionalMessage_ERROR) IP (DMA) : Parameter (Instance) has Id (ADC1) currently not set
2025-11-04 12:08:53,157 [INFO] ImportTextPane:234 - (OptionalMessage_ERROR) IP (DMA) : Parameter (Direction) has Id (ADC1) currently not set
2025-11-04 12:08:53,157 [INFO] ImportTextPane:234 - (OptionalMessage_ERROR) IP (DMA) : Parameter (PeriphInc) has Id (ADC1) currently not set
2025-11-04 12:08:53,157 [INFO] ImportTextPane:234 - (OptionalMessage_ERROR) IP (DMA) : Parameter (MemInc) has Id (ADC1) currently not set
2025-11-04 12:08:53,157 [INFO] ImportTextPane:234 - (OptionalMessage_ERROR) IP (DMA) : Parameter (PeriphDataAlignment) has Id (ADC1) currently not set
2025-11-04 12:08:53,158 [INFO] ImportTextPane:234 - (OptionalMessage_ERROR) IP (DMA) : Parameter (MemDataAlignment) has Id (ADC1) currently not set
2025-11-04 12:08:53,158 [INFO] ImportTextPane:234 - (OptionalMessage_ERROR) IP (DMA) : Parameter (Mode) has Id (ADC1) currently not set
2025-11-04 12:08:53,158 [INFO] ImportTextPane:234 - (OptionalMessage_ERROR) IP (DMA) : Parameter (Priority) has Id (ADC1) currently not set
2025-11-04 12:08:53,163 [INFO] ImportTextPane:234 - (OptionalMessage_ERROR) IP (RCC) : Invalid parameter (FamilyName)
2025-11-04 12:08:53,163 [INFO] ImportTextPane:234 - (OptionalMessage_ERROR) IP (RCC) : Parameter (MCOFreq_Value) has invalid value (72000000)
2025-11-04 12:08:53,163 [INFO] ImportTextPane:234 - (OptionalMessage_ERROR) IP (RCC) : Parameter (USBFreq_Value) has invalid value (72000000)
2025-11-04 12:08:53,387 [INFO] ApiDb:581 - Connected to CubeFinder SQLite database (C:\Users\USER\.stmcufinder\plugins\mcufinder\mcu\cube-finder-db.db)
2025-11-04 12:08:53,446 [INFO] ApiDb:668 - CubeFinder database Data Model version=2.1
2025-11-04 12:08:53,446 [INFO] ApiDb:669 - CubeFinder database Configuration version=3.0.39
2025-11-04 12:08:53,446 [INFO] ApiDb:670 - CubeFinder database generation date=2025-10-27 (1761571959)
2025-11-04 12:08:53,446 [INFO] ApiDb:671 - CubeFinder database FW Pack versions=[FP-ATR-ASTRA1_V2.0.0, FP-SNS-FLIGHT1_V5.1.0, FP-SNS-MOTENV1_V5.0.0, FP-SNS-MOTENVWB1_V1.4.0, FP-SNS-SMARTAG2_V1.2.0, FP-SNS-STBOX1_V2.1.0, STM32Cube_FW_C0_V1.4.0, STM32Cube_FW_F4_V1.28.3, STM32Cube_FW_F7_V1.17.4, STM32Cube_FW_G0_V1.6.2, STM32Cube_FW_G4_V1.6.1, STM32Cube_FW_H5_V1.5.0, STM32Cube_FW_H7RS_V1.2.0, STM32Cube_FW_H7_V1.12.1, STM32Cube_FW_L0_V1.12.2, STM32Cube_FW_L4_V1.18.1, STM32Cube_FW_L5_V1.5.1, STM32Cube_FW_N6_V1.2.0, STM32Cube_FW_U0_V1.3.0, STM32Cube_FW_U3_V1.2.1, STM32Cube_FW_U5_V1.8.0, STM32Cube_FW_WB0_V1.3.0, STM32Cube_FW_WBA_V1.7.0, STM32Cube_FW_WB_V1.23.0, STM32Cube_FW_WL3_V1.2.0, STM32Cube_FW_WL_V1.3.1, X-CUBE-ALGOBUILD_V1.4.0, X-CUBE-ALS_V1.0.2, X-CUBE-AZRTOS-F4_V1.1.0, X-CUBE-AZRTOS-F7_V1.1.0, X-CUBE-AZRTOS-G0_V1.1.0, X-CUBE-AZRTOS-G4_V2.0.0, X-CUBE-AZRTOS-H7RS_V1.1.0, X-CUBE-AZRTOS-H7_V3.4.0, X-CUBE-AZRTOS-L4_V2.0.0, X-CUBE-AZRTOS-L5_V2.0.0, X-CUBE-AZRTOS-WB_V2.0.0, X-CUBE-AZRTOS-WL_V2.0.0, X-CUBE-BLE1_V7.1.0, X-CUBE-BLE2_V3.3.0, X-CUBE-BLEMGR_V4.1.0, X-CUBE-EEPRMA1_V5.2.0, X-CUBE-FREERTOS_V1.3.1, X-CUBE-GNSS1_V6.0.0, X-CUBE-MEMS1_V11.3.0, X-CUBE-NFC4_V3.0.0, X-CUBE-NFC7_V2.0.0, X-CUBE-SFXS2LP1_V4.0.0, X-CUBE-ST67W61_V1.1.0, X-CUBE-SUBG2_V5.0.0, X-CUBE-TOF1_V3.4.3]
2025-11-04 12:08:53,496 [INFO] DbBoardsSqlite:226 - include board P-NUCLEO-WB55-NUCLEO as a kit item of type 'Nucleo-64'
2025-11-04 12:08:53,496 [INFO] DbBoardsSqlite:226 - include board P-NUCLEO-WB55-USBDONGLE as a kit item of type 'Nucleo USB Dongle'
2025-11-04 12:08:53,497 [INFO] DbBoardsSqlite:226 - include board STEVAL-IDP005V1 as a kit item of type 'Evaluation Board'
2025-11-04 12:08:53,497 [INFO] DbBoardsSqlite:226 - include board STEVAL-IDP005V2 as a kit item of type 'Evaluation Board'
2025-11-04 12:08:53,551 [INFO] ApiDb:240 - Found 880 in-development CPN: [B-G473E-ZEST1S, B-WB1M-WPAN1, B-WBA5M-WPAN, B-WL5M-SUBG1, NUCLEO-C031C6, NUCLEO-C051C8, NUCLEO-C071RB, NUCLEO-C092RC, NUCLEO-H503RB, NUCLEO-H533RE, NUCLEO-H563ZI, NUCLEO-H7S3L8, NUCLEO-N657X0-Q, NUCLEO-U031R8, NUCLEO-U083RC, NUCLEO-U385RG-Q, NUCLEO-U545RE-Q, NUCLEO-U5A5ZJ-Q, NUCLEO-WB05KZ, NUCLEO-WB07CC, NUCLEO-WB09KE, NUCLEO-WBA52CG, NUCLEO-WBA55CG, NUCLEO-WL33CC1, NUCLEO-WL33CC2, STEVAL-PROTEUS1, STEVAL-SMARTAG2, STEVAL-STWINBX1, STM320518-EVAL, STM32C0116-DK, STM32C011D6Y3TR, STM32C011D6Y6TR, STM32C011F4P3, STM32C011F4P6, STM32C011F4U3, STM32C011F4U6TR, STM32C011F6P3, STM32C011F6P6, STM32C011F6U3, STM32C011F6U6TR, STM32C011J4M3, STM32C011J4M6, STM32C011J6M3, STM32C011J6M6, STM32C0316-DK, STM32C031C4T3, STM32C031C4T6, STM32C031C4U3, STM32C031C4U6, STM32C031C6T3, STM32C031C6T6, STM32C031C6U3, STM32C031C6U6, STM32C031F4P3, STM32C031F4P6, STM32C031F6P3, STM32C031F6P6, STM32C031G4U3, STM32C031G4U6, STM32C031G6U3, STM32C031G6U6, STM32C031K4T3, STM32C031K4T6, STM32C031K4U3, STM32C031K4U6, STM32C031K6T3, STM32C031K6T6, STM32C031K6U3, STM32C031K6U6, STM32C051C6T6, STM32C051C6U6, STM32C051C8T6, STM32C051C8U6, STM32C051D8Y6TR, STM32C051F6P6, STM32C051F8P6, STM32C051G6U6, STM32C051G8U6, STM32C051K6T6, STM32C051K6U6, STM32C051K8T6, STM32C071C8T6, STM32C071C8T6N, STM32C071C8U6, STM32C071C8U6N, STM32C071CBT6, STM32C071CBT6N, STM32C071CBU6, STM32C071CBU6N, STM32C071F8P6, STM32C071F8P6N, STM32C071FBP6, STM32C071FBP6N, STM32C071FBY6TR, STM32C071G8U6, STM32C071G8U6N, STM32C071GBU6, STM32C071GBU6N, STM32C071K8T6, STM32C071K8T6N, STM32C071K8U6, STM32C071K8U6N, STM32C071KBT6, STM32C071KBT6N, STM32C071KBU6, STM32C071KBU6N, STM32C071R8T6, STM32C071R8T6N, STM32C071RBI6N, STM32C071RBT6, STM32C071RBT6N, STM32C091CBT6, STM32C091CBU6, STM32C091CCT6, STM32C091CCU6, STM32C091ECY6TR, STM32C091FBP6, STM32C091FCP6, STM32C091GBU6, STM32C091GCU6, STM32C091KBT6, STM32C091KBU6, STM32C091KCT6, STM32C091KCU6, STM32C091RBT6, STM32C091RCI6, STM32C091RCT6, STM32C092CBT6, STM32C092CBU6, STM32C092CCT6, STM32C092CCU6, STM32C092ECY6TR, STM32C092FBP6, STM32C092FCP6, STM32C092GBU6, STM32C092GCU6, STM32C092KBT6, STM32C092KBU6, STM32C092KCT6, STM32C092KCU6, STM32C092RBT6, STM32C092RCI6, STM32C092RCT6, STM32G071K8TXN, STM32G071K8UXN, STM32G081GBU6N, STM32G081KBT6N, STM32G081KBUXN, STM32G0B1CCT6N, STM32G0B1KCT6, STM32G0B1NEY6TR, STM32G0B1RCT6N, STM32G0C1CCT6, STM32G0C1CCT6N, STM32G0C1CCU6N, STM32G0C1CET6N, STM32G0C1CEU6N, STM32G0C1KCT6, STM32G0C1NEY6TR, STM32G0C1RCI6N, STM32G0C1RCT6N, STM32G0C1REI6N, STM32G0C1RET6N, STM32G0C1VCI6, STM32G0C1VEI6, STM32G411C6T3, STM32G411C6T6, STM32G411C6U3, STM32G411C6U6, STM32G411C8T3, STM32G411C8T6, STM32G411C8U3, STM32G411C8U6, STM32G411CBT3, STM32G411CBT6, STM32G411CBU3, STM32G411CBU6, STM32G411K6T3, STM32G411K6T6, STM32G411K6U3, STM32G411K6U6, STM32G411K8T3, STM32G411K8T6, STM32G411K8U3, STM32G411K8U6, STM32G411KBT3, STM32G411KBT6, STM32G411KBU3, STM32G411KBU6, STM32G411M6T3, STM32G411M6T6, STM32G411M8T3, STM32G411M8T6, STM32G411MBT3, STM32G411MBT6, STM32G411R6T3, STM32G411R6T6, STM32G411R8T3, STM32G411R8T6, STM32G411RBT3, STM32G411RBT6, STM32G414CBT3, STM32G414CBT6, STM32G414CBU3, STM32G414CBU6, STM32G414CCT3, STM32G414CCT6, STM32G414CCU3, STM32G414CCU6, STM32G414MBT3, STM32G414MBT6, STM32G414MCT3, STM32G414MCT6, STM32G414RBT3, STM32G414RBT6, STM32G414RCT3, STM32G414RCT6, STM32G414VBT3, STM32G414VBT6, STM32G414VCT3, STM32G414VCT6, STM32G431CBT3Z, STM32G431RBT3Z, STM32G471CCT6, STM32G471CCU6, STM32G471CET3, STM32G471CET6, STM32G471CEU3, STM32G471CEU6, STM32G471MCT6, STM32G471MET3, STM32G471MET6, STM32G471MEY6TR, STM32G471QCT6, STM32G471QET3, STM32G471RCT6, STM32G471RET3, STM32G471RET6, STM32G471VCH6, STM32G471VCI6, STM32G471VCT6, STM32G471VEH3, STM32G471VEH6, STM32G471VEI3, STM32G471VEI6, STM32G471VET3, STM32G471VET6, STM32G473QET3Z, STM32G473RET3Z, STM32G474CCT6, STM32G491RET3Z, STM32H503CBT6, STM32H503CBU6, STM32H503EBY6TR, STM32H503KBU6, STM32H503RBT6, STM32H523CCT6, STM32H523CCU6, STM32H523CET6, STM32H523CEU6, STM32H523HEY6TR, STM32H523RCT6, STM32H523RET6, STM32H523VCI6, STM32H523VCT6, STM32H523VEI6, STM32H523VET6, STM32H523ZCJ6, STM32H523ZCT6, STM32H523ZEJ6, STM32H523ZET6, STM32H533CET6, STM32H533CEU6, STM32H533HEY6TR, STM32H533RET6, STM32H533VEI6, STM32H533VET6, STM32H533ZEJ6, STM32H533ZET6, STM32H562AGI6, STM32H562AII6, STM32H562IGK6, STM32H562IGT6, STM32H562IIK6, STM32H562IIT6, STM32H562RGT6, STM32H562RGV6, STM32H562RIT6, STM32H562RIV6, STM32H562VGT6, STM32H562VIT6, STM32H562ZGT6, STM32H562ZIT6, STM32H563AGI6, STM32H563AII3Q, STM32H563AII6, STM32H563IGK6, STM32H563IGT6, STM32H563IIK3Q, STM32H563IIK6, STM32H563IIT3Q, STM32H563IIT6, STM32H563MIY3QTR, STM32H563RGT6, STM32H563RGV6, STM32H563RIT6, STM32H563RIV6, STM32H563VGT6, STM32H563VIT3Q, STM32H563VIT6, STM32H563ZGT6, STM32H563ZIT3Q, STM32H563ZIT6, STM32H573AII3Q, STM32H573AII6, STM32H573I-DK, STM32H573IIK3Q, STM32H573IIK6, STM32H573IIT3Q, STM32H573IIT6, STM32H573MIY3QTR, STM32H573RIT6, STM32H573RIV6, STM32H573VIT3Q, STM32H573VIT6, STM32H573ZIT3Q, STM32H573ZIT6, STM32H7R3A8I6, STM32H7R3I8K6, STM32H7R3I8T6, STM32H7R3L8H6, STM32H7R3L8H6H, STM32H7R3R8V6, STM32H7R3V8H6, STM32H7R3V8T6, STM32H7R3V8Y6TR, STM32H7R3Z8J6, STM32H7R3Z8T6, STM32H7R7A8I6, STM32H7R7I8K6, STM32H7R7I8T6, STM32H7R7L8H6, STM32H7R7L8H6H, STM32H7R7Z8J6, STM32H7S3A8I6, STM32H7S3I8K6, STM32H7S3I8T6, STM32H7S3L8H6, STM32H7S3L8H6H, STM32H7S3R8V6, STM32H7S3V8H6, STM32H7S3V8T6, STM32H7S3V8Y6TR, STM32H7S3Z8J6, STM32H7S3Z8T6, STM32H7S78-DK, STM32H7S7A8I6, STM32H7S7I8K6, STM32H7S7I8T6, STM32H7S7L8H6, STM32H7S7L8H6H, STM32H7S7Z8J6, STM32L4R5QGI6STR, STM32MP131AAE3, STM32MP131AAF3, STM32MP131AAG3, STM32MP131CAE3, STM32MP131CAF3, STM32MP131CAG3, STM32MP131DAE7, STM32MP131DAF7, STM32MP131DAG7, STM32MP131FAE7, STM32MP131FAF7, STM32MP131FAG7, STM32MP133AAE3, STM32MP133AAF3, STM32MP133AAG3, STM32MP133CAE3, STM32MP133CAF3, STM32MP133CAG3, STM32MP133DAE7, STM32MP133DAF7, STM32MP133DAG7, STM32MP133FAE7, STM32MP133FAF7, STM32MP133FAG7, STM32MP135AAE3, STM32MP135AAF3, STM32MP135AAG3, STM32MP135CAE3, STM32MP135CAF3, STM32MP135CAG3, STM32MP135DAE7, STM32MP135DAF7, STM32MP135DAG7, STM32MP135F-DK, STM32MP135FAE7, STM32MP135FAF7, STM32MP135FAF7T, STM32MP135FAF7U, STM32MP135FAG7, STM32MP211AAL3, STM32MP211AAM3, STM32MP211AAN3, STM32MP211AAO3, STM32MP211CAL3, STM32MP211CAM3, STM32MP211CAN3, STM32MP211CAO3, STM32MP211DAL3, STM32MP211DAM3, STM32MP211DAN3, STM32MP211DAO3, STM32MP211FAL3, STM32MP211FAM3, STM32MP211FAN3, STM32MP211FAO3, STM32MP213AAL3, STM32MP213AAM3, STM32MP213AAN3, STM32MP213AAO3, STM32MP213CAL3, STM32MP213CAM3, STM32MP213CAN3, STM32MP213CAO3, STM32MP213DAL3, STM32MP213DAM3, STM32MP213DAN3, STM32MP213DAO3, STM32MP213FAL3, STM32MP213FAM3, STM32MP213FAN3, STM32MP213FAO3, STM32MP215AAL3, STM32MP215AAM3, STM32MP215AAN3, STM32MP215AAO3, STM32MP215CAL3, STM32MP215CAM3, STM32MP215CAN3, STM32MP215CAO3, STM32MP215DAL3, STM32MP215DAM3, STM32MP215DAN3, STM32MP215DAO3, STM32MP215F-DK, STM32MP215FAL3, STM32MP215FAM3, STM32MP215FAN3, STM32MP215FAO3, STM32MP231AAJ3, STM32MP231AAK3, STM32MP231AAL3, STM32MP231CAJ3, STM32MP231CAK3, STM32MP231CAL3, STM32MP231DAJ3, STM32MP231DAK3, STM32MP231DAL3, STM32MP231FAJ3, STM32MP231FAK3, STM32MP231FAL3, STM32MP233AAJ3, STM32MP233AAK3, STM32MP233AAL3, STM32MP233CAJ3, STM32MP233CAK3, STM32MP233CAL3, STM32MP233DAJ3, STM32MP233DAK3, STM32MP233DAL3, STM32MP233FAJ3, STM32MP233FAK3, STM32MP233FAL3, STM32MP235AAJ3, STM32MP235AAK3, STM32MP235AAL3, STM32MP235CAJ3, STM32MP235CAK3, STM32MP235CAL3, STM32MP235DAJ3, STM32MP235DAK3, STM32MP235DAL3, STM32MP235FAJ3, STM32MP235FAK3, STM32MP235FAL3, STM32MP251AAI3, STM32MP251AAK3, STM32MP251AAL3, STM32MP251CAI3, STM32MP251CAK3, STM32MP251CAL3, STM32MP251DAI3, STM32MP251DAK3, STM32MP251DAL3, STM32MP251FAI3, STM32MP251FAK3, STM32MP251FAL3, STM32MP253AAI3, STM32MP253AAK3, STM32MP253AAL3, STM32MP253CAI3, STM32MP253CAK3, STM32MP253CAL3, STM32MP253DAI3, STM32MP253DAK3, STM32MP253DAL3, STM32MP253FAI3, STM32MP253FAK3, STM32MP253FAL3, STM32MP255AAI3, STM32MP255AAK3, STM32MP255AAL3, STM32MP255CAI3, STM32MP255CAK3, STM32MP255CAL3, STM32MP255DAI3, STM32MP255DAK3, STM32MP255DAL3, STM32MP255FAI3, STM32MP255FAK3, STM32MP255FAL3, STM32MP257AAI3, STM32MP257AAK3, STM32MP257AAL3, STM32MP257CAI3, STM32MP257CAK3, STM32MP257CAL3, STM32MP257DAI3, STM32MP257DAK3, STM32MP257DAL3, STM32MP257F-DK, STM32MP257F-EV1, STM32MP257FAI3, STM32MP257FAK3, STM32MP257FAL3, STM32N645A0H3Q, STM32N645B0H3Q, STM32N645I0H3Q, STM32N645L0H3Q, STM32N645X0H3Q, STM32N645Z0H3Q, STM32N647A0H3Q, STM32N647B0H3Q, STM32N647I0H3Q, STM32N647L0H3Q, STM32N647X0H3Q, STM32N647Z0H3Q, STM32N655A0H3Q, STM32N655B0H3Q, STM32N655I0H3Q, STM32N655L0H3Q, STM32N655X0H3Q, STM32N655Z0H3Q, STM32N6570-DK, STM32N657A0H3Q, STM32N657B0H3Q, STM32N657I0H3Q, STM32N657L0H3Q, STM32N657X0H3Q, STM32N657Z0H3Q, STM32U031C6T6, STM32U031C6U6, STM32U031C8T6, STM32U031C8U6, STM32U031F4P6, STM32U031F6P6, STM32U031F8P6, STM32U031G6Y6TR, STM32U031G8Y6TR, STM32U031K4U6, STM32U031K6U6, STM32U031K8U6, STM32U031R6I6, STM32U031R6T6, STM32U031R8I6, STM32U031R8T6, STM32U073C8T6, STM32U073C8U6, STM32U073CBT6, STM32U073CBU6, STM32U073CCT6, STM32U073CCU6, STM32U073H8Y6TR, STM32U073HBY6TR, STM32U073HCY6TR, STM32U073K8U6, STM32U073KBU6, STM32U073KCU6, STM32U073M8I6, STM32U073M8T6, STM32U073MBI6, STM32U073MBT6, STM32U073MCI6, STM32U073MCT6, STM32U073R8I6, STM32U073R8T6, STM32U073RBI6, STM32U073RBT6, STM32U073RCI6, STM32U073RCT6, STM32U083C-DK, STM32U083CCT6, STM32U083CCU6, STM32U083HCY6TR, STM32U083KCU6, STM32U083MCI6, STM32U083MCT6, STM32U083RCI6, STM32U083RCT6, STM32U375CET6, STM32U375CET6Q, STM32U375CEU6, STM32U375CEU6Q, STM32U375CEY6QTR, STM32U375CGT6, STM32U375CGT6Q, STM32U375CGU6, STM32U375CGU6Q, STM32U375CGY6QTR, STM32U375KEU6, STM32U375KGU6, STM32U375REI6, STM32U375REI6Q, STM32U375RET6, STM32U375RET6Q, STM32U375REY6GTR, STM32U375REY6QTR, STM32U375RGI6, STM32U375RGI6Q, STM32U375RGT6, STM32U375RGT6Q, STM32U375RGY6GTR, STM32U375RGY6QTR, STM32U375VEI6, STM32U375VEI6Q, STM32U375VET6, STM32U375VET6Q, STM32U375VGI6, STM32U375VGI6Q, STM32U375VGT6, STM32U375VGT6Q, STM32U385CGT6, STM32U385CGT6Q, STM32U385CGU6, STM32U385CGU6Q, STM32U385CGY6QTR, STM32U385KGU6, STM32U385RGI6, STM32U385RGI6Q, STM32U385RGT6, STM32U385RGT6Q, STM32U385RGY6GTR, STM32U385RGY6QTR, STM32U385VGI6, STM32U385VGI6Q, STM32U385VGT6, STM32U385VGT6Q, STM32U535CBT6, STM32U535CBT6Q, STM32U535CBU6, STM32U535CBU6Q, STM32U535CCT6, STM32U535CCT6Q, STM32U535CCU6, STM32U535CCU6Q, STM32U535CET6, STM32U535CET6Q, STM32U535CEU6, STM32U535CEU6Q, STM32U535JEY6QTR, STM32U535NCY6QTR, STM32U535NEY6QTR, STM32U535RBI6, STM32U535RBI6Q, STM32U535RBT6, STM32U535RBT6Q, STM32U535RCI6, STM32U535RCI6Q, STM32U535RCT6, STM32U535RCT6Q, STM32U535REI6, STM32U535REI6Q, STM32U535RET6, STM32U535RET6Q, STM32U535VCI6, STM32U535VCI6Q, STM32U535VCT6, STM32U535VCT6Q, STM32U535VEI6, STM32U535VEI6Q, STM32U535VET6, STM32U535VET6Q, STM32U545CET6, STM32U545CET6Q, STM32U545CEU6, STM32U545CEU6Q, STM32U545JEY6QTR, STM32U545NEY6QTR, STM32U545REI6, STM32U545REI6Q, STM32U545RET6, STM32U545RET6Q, STM32U545VEI6, STM32U545VEI6Q, STM32U545VET6, STM32U545VET6Q, STM32U595AIH6, STM32U595AIH6Q, STM32U595AJH6, STM32U595AJH6Q, STM32U595QII6, STM32U595QII6Q, STM32U595QJI6, STM32U595QJI6Q, STM32U595RIT6, STM32U595RIT6Q, STM32U595RJT6, STM32U595RJT6Q, STM32U595VIT6, STM32U595VIT6Q, STM32U595VJT6, STM32U595VJT6Q, STM32U595ZIT6, STM32U595ZIT6Q, STM32U595ZIY6QTR, STM32U595ZJT6, STM32U595ZJT6Q, STM32U595ZJY6QTR, STM32U599BJY6QTR, STM32U599NIH6Q, STM32U599NJH6Q, STM32U599VIT6Q, STM32U599VJT6, STM32U599VJT6Q, STM32U599ZIT6Q, STM32U599ZIY6QTR, STM32U599ZJT6Q, STM32U599ZJY6QTR, STM32U5A5AJH6, STM32U5A5AJH6Q, STM32U5A5QII3Q , STM32U5A5QJI6, STM32U5A5QJI6Q, STM32U5A5RJT6, STM32U5A5RJT6Q, STM32U5A5VJT6, STM32U5A5VJT6Q, STM32U5A5ZJT6, STM32U5A5ZJT6Q, STM32U5A5ZJY6QTR, STM32U5A9BJY6QTR, STM32U5A9J-DK, STM32U5A9NJH6Q, STM32U5A9VJT6Q, STM32U5A9ZJT6Q, STM32U5A9ZJY6QTR, STM32U5F7VIT6, STM32U5F7VIT6Q, STM32U5F7VJT6, STM32U5F7VJT6Q, STM32U5F9BJY6QTR, STM32U5F9NJH6Q, STM32U5F9VIT6Q, STM32U5F9VJT6Q, STM32U5F9ZIJ6QTR, STM32U5F9ZIT6Q, STM32U5F9ZJJ6QTR, STM32U5F9ZJT6Q, STM32U5G7VJT6, STM32U5G7VJT6Q, STM32U5G9BJY6QTR, STM32U5G9J-DK1, STM32U5G9J-DK2, STM32U5G9NJH6Q, STM32U5G9VJT6Q, STM32U5G9ZJJ6QTR, STM32U5G9ZJT6Q, STM32WB05KZV6TR, STM32WB05KZV7TR, STM32WB05TZF6TR, STM32WB05TZF7TR, STM32WB06CCF6TR, STM32WB06CCF7TR, STM32WB06CCV6TR, STM32WB06CCV7TR, STM32WB06KCV6TR, STM32WB06KCV7TR, STM32WB07CCF6TR, STM32WB07CCF7TR, STM32WB07CCV6TR, STM32WB07CCV7TR, STM32WB07KCV6TR, STM32WB07KCV7TR, STM32WB09KEV6TR, STM32WB09KEV7TR, STM32WB09TEF6TR, STM32WB09TEF7TR, STM32WB1MMCH6, STM32WBA50KGU6, STM32WBA50KGU6TR, STM32WBA52CEU6, STM32WBA52CEU6TR, STM32WBA52CEU7, STM32WBA52CEU7TR, STM32WBA52CGU6, STM32WBA52CGU6TR, STM32WBA52CGU6U, STM32WBA52CGU7, STM32WBA52CGU7TR, STM32WBA52KEU6, STM32WBA52KEU6TR, STM32WBA52KGU6, STM32WBA52KGU6TR, STM32WBA54CEU6, STM32WBA54CEU6TR, STM32WBA54CEU7, STM32WBA54CEU7TR, STM32WBA54CGU6, STM32WBA54CGU6TR, STM32WBA54CGU7, STM32WBA54CGU7TR, STM32WBA54KEU6, STM32WBA54KEU6TR, STM32WBA54KEU7, STM32WBA54KEU7TR, STM32WBA54KGU6, STM32WBA54KGU6TR, STM32WBA54KGU7, STM32WBA54KGU7TR, STM32WBA55CEU6, STM32WBA55CEU6TR, STM32WBA55CEU7, STM32WBA55CEU7TR, STM32WBA55CGU6, STM32WBA55CGU6TR, STM32WBA55CGU6U, STM32WBA55CGU7, STM32WBA55CGU7TR, STM32WBA55G-DK1, STM32WBA55HEF6, STM32WBA55HEF7, STM32WBA55HGF6, STM32WBA55HGF7, STM32WBA55UEI6, STM32WBA55UEI6TR, STM32WBA55UEI7, STM32WBA55UEI7TR, STM32WBA55UGI6, STM32WBA55UGI6TR, STM32WBA55UGI7, STM32WBA55UGI7TR, STM32WBA5MMGH6TR, STM32WBA62MGF6, STM32WBA62MIF6, STM32WBA65MGF7, STM32WBA65MIF6, STM32WBA65MIF7, STM32WL30K8V6, STM32WL30KBV6, STM32WL31C8V6, STM32WL31CBV6, STM32WL31K8V6, STM32WL31KBV6, STM32WL33C8V6, STM32WL33C8V6X, STM32WL33CBV6, STM32WL33CBV6X, STM32WL33CCV6, STM32WL33CCV6A, STM32WL33CCV6X, STM32WL33K8V7, STM32WL33K8V7X, STM32WL33KBV7 , STM32WL33KBV7X, STM32WL33KCV7, STM32WL33KCV7X, STM32WL5MOCH6, STM32WL5MOCH6TR]
2025-11-04 12:08:53,800 [INFO] BoardInfo:889 - No configuration file found for board P-NUCLEO-WB55
2025-11-04 12:08:53,802 [INFO] DbBoards:161 - Kit is not supported: P-NUCLEO-WB55
2025-11-04 12:08:53,818 [INFO] BoardInfo:889 - No configuration file found for board STEVAL-BFA001V1B
2025-11-04 12:08:53,819 [INFO] DbBoards:161 - Kit is not supported: STEVAL-BFA001V1B
2025-11-04 12:08:53,821 [INFO] BoardInfo:889 - No configuration file found for board STEVAL-BFA001V2B
2025-11-04 12:08:53,822 [INFO] DbBoards:161 - Kit is not supported: STEVAL-BFA001V2B
2025-11-04 12:08:54,090 [INFO] DbBoards:168 - Found 212 boards, 209 are supported
2025-11-04 12:08:54,090 [INFO] DbBoards:169 - Found 212 boards, 43 of them is supported for  Bsp
2025-11-04 12:08:54,094 [INFO] ApiDb:668 - CubeFinder database Data Model version=2.1
2025-11-04 12:08:54,094 [INFO] ApiDb:669 - CubeFinder database Configuration version=3.0.39
2025-11-04 12:08:54,094 [INFO] ApiDb:670 - CubeFinder database generation date=2025-10-27 (1761571959)
2025-11-04 12:08:54,094 [INFO] ApiDb:671 - CubeFinder database FW Pack versions=[FP-ATR-ASTRA1_V2.0.0, FP-SNS-FLIGHT1_V5.1.0, FP-SNS-MOTENV1_V5.0.0, FP-SNS-MOTENVWB1_V1.4.0, FP-SNS-SMARTAG2_V1.2.0, FP-SNS-STBOX1_V2.1.0, STM32Cube_FW_C0_V1.4.0, STM32Cube_FW_F4_V1.28.3, STM32Cube_FW_F7_V1.17.4, STM32Cube_FW_G0_V1.6.2, STM32Cube_FW_G4_V1.6.1, STM32Cube_FW_H5_V1.5.0, STM32Cube_FW_H7RS_V1.2.0, STM32Cube_FW_H7_V1.12.1, STM32Cube_FW_L0_V1.12.2, STM32Cube_FW_L4_V1.18.1, STM32Cube_FW_L5_V1.5.1, STM32Cube_FW_N6_V1.2.0, STM32Cube_FW_U0_V1.3.0, STM32Cube_FW_U3_V1.2.1, STM32Cube_FW_U5_V1.8.0, STM32Cube_FW_WB0_V1.3.0, STM32Cube_FW_WBA_V1.7.0, STM32Cube_FW_WB_V1.23.0, STM32Cube_FW_WL3_V1.2.0, STM32Cube_FW_WL_V1.3.1, X-CUBE-ALGOBUILD_V1.4.0, X-CUBE-ALS_V1.0.2, X-CUBE-AZRTOS-F4_V1.1.0, X-CUBE-AZRTOS-F7_V1.1.0, X-CUBE-AZRTOS-G0_V1.1.0, X-CUBE-AZRTOS-G4_V2.0.0, X-CUBE-AZRTOS-H7RS_V1.1.0, X-CUBE-AZRTOS-H7_V3.4.0, X-CUBE-AZRTOS-L4_V2.0.0, X-CUBE-AZRTOS-L5_V2.0.0, X-CUBE-AZRTOS-WB_V2.0.0, X-CUBE-AZRTOS-WL_V2.0.0, X-CUBE-BLE1_V7.1.0, X-CUBE-BLE2_V3.3.0, X-CUBE-BLEMGR_V4.1.0, X-CUBE-EEPRMA1_V5.2.0, X-CUBE-FREERTOS_V1.3.1, X-CUBE-GNSS1_V6.0.0, X-CUBE-MEMS1_V11.3.0, X-CUBE-NFC4_V3.0.0, X-CUBE-NFC7_V2.0.0, X-CUBE-SFXS2LP1_V4.0.0, X-CUBE-ST67W61_V1.1.0, X-CUBE-SUBG2_V5.0.0, X-CUBE-TOF1_V3.4.3]
2025-11-04 12:08:55,834 [INFO] ApiDb:240 - Found 880 in-development CPN: [B-G473E-ZEST1S, B-WB1M-WPAN1, B-WBA5M-WPAN, B-WL5M-SUBG1, NUCLEO-C031C6, NUCLEO-C051C8, NUCLEO-C071RB, NUCLEO-C092RC, NUCLEO-H503RB, NUCLEO-H533RE, NUCLEO-H563ZI, NUCLEO-H7S3L8, NUCLEO-N657X0-Q, NUCLEO-U031R8, NUCLEO-U083RC, NUCLEO-U385RG-Q, NUCLEO-U545RE-Q, NUCLEO-U5A5ZJ-Q, NUCLEO-WB05KZ, NUCLEO-WB07CC, NUCLEO-WB09KE, NUCLEO-WBA52CG, NUCLEO-WBA55CG, NUCLEO-WL33CC1, NUCLEO-WL33CC2, STEVAL-PROTEUS1, STEVAL-SMARTAG2, STEVAL-STWINBX1, STM320518-EVAL, STM32C0116-DK, STM32C011D6Y3TR, STM32C011D6Y6TR, STM32C011F4P3, STM32C011F4P6, STM32C011F4U3, STM32C011F4U6TR, STM32C011F6P3, STM32C011F6P6, STM32C011F6U3, STM32C011F6U6TR, STM32C011J4M3, STM32C011J4M6, STM32C011J6M3, STM32C011J6M6, STM32C0316-DK, STM32C031C4T3, STM32C031C4T6, STM32C031C4U3, STM32C031C4U6, STM32C031C6T3, STM32C031C6T6, STM32C031C6U3, STM32C031C6U6, STM32C031F4P3, STM32C031F4P6, STM32C031F6P3, STM32C031F6P6, STM32C031G4U3, STM32C031G4U6, STM32C031G6U3, STM32C031G6U6, STM32C031K4T3, STM32C031K4T6, STM32C031K4U3, STM32C031K4U6, STM32C031K6T3, STM32C031K6T6, STM32C031K6U3, STM32C031K6U6, STM32C051C6T6, STM32C051C6U6, STM32C051C8T6, STM32C051C8U6, STM32C051D8Y6TR, STM32C051F6P6, STM32C051F8P6, STM32C051G6U6, STM32C051G8U6, STM32C051K6T6, STM32C051K6U6, STM32C051K8T6, STM32C071C8T6, STM32C071C8T6N, STM32C071C8U6, STM32C071C8U6N, STM32C071CBT6, STM32C071CBT6N, STM32C071CBU6, STM32C071CBU6N, STM32C071F8P6, STM32C071F8P6N, STM32C071FBP6, STM32C071FBP6N, STM32C071FBY6TR, STM32C071G8U6, STM32C071G8U6N, STM32C071GBU6, STM32C071GBU6N, STM32C071K8T6, STM32C071K8T6N, STM32C071K8U6, STM32C071K8U6N, STM32C071KBT6, STM32C071KBT6N, STM32C071KBU6, STM32C071KBU6N, STM32C071R8T6, STM32C071R8T6N, STM32C071RBI6N, STM32C071RBT6, STM32C071RBT6N, STM32C091CBT6, STM32C091CBU6, STM32C091CCT6, STM32C091CCU6, STM32C091ECY6TR, STM32C091FBP6, STM32C091FCP6, STM32C091GBU6, STM32C091GCU6, STM32C091KBT6, STM32C091KBU6, STM32C091KCT6, STM32C091KCU6, STM32C091RBT6, STM32C091RCI6, STM32C091RCT6, STM32C092CBT6, STM32C092CBU6, STM32C092CCT6, STM32C092CCU6, STM32C092ECY6TR, STM32C092FBP6, STM32C092FCP6, STM32C092GBU6, STM32C092GCU6, STM32C092KBT6, STM32C092KBU6, STM32C092KCT6, STM32C092KCU6, STM32C092RBT6, STM32C092RCI6, STM32C092RCT6, STM32G071K8TXN, STM32G071K8UXN, STM32G081GBU6N, STM32G081KBT6N, STM32G081KBUXN, STM32G0B1CCT6N, STM32G0B1KCT6, STM32G0B1NEY6TR, STM32G0B1RCT6N, STM32G0C1CCT6, STM32G0C1CCT6N, STM32G0C1CCU6N, STM32G0C1CET6N, STM32G0C1CEU6N, STM32G0C1KCT6, STM32G0C1NEY6TR, STM32G0C1RCI6N, STM32G0C1RCT6N, STM32G0C1REI6N, STM32G0C1RET6N, STM32G0C1VCI6, STM32G0C1VEI6, STM32G411C6T3, STM32G411C6T6, STM32G411C6U3, STM32G411C6U6, STM32G411C8T3, STM32G411C8T6, STM32G411C8U3, STM32G411C8U6, STM32G411CBT3, STM32G411CBT6, STM32G411CBU3, STM32G411CBU6, STM32G411K6T3, STM32G411K6T6, STM32G411K6U3, STM32G411K6U6, STM32G411K8T3, STM32G411K8T6, STM32G411K8U3, STM32G411K8U6, STM32G411KBT3, STM32G411KBT6, STM32G411KBU3, STM32G411KBU6, STM32G411M6T3, STM32G411M6T6, STM32G411M8T3, STM32G411M8T6, STM32G411MBT3, STM32G411MBT6, STM32G411R6T3, STM32G411R6T6, STM32G411R8T3, STM32G411R8T6, STM32G411RBT3, STM32G411RBT6, STM32G414CBT3, STM32G414CBT6, STM32G414CBU3, STM32G414CBU6, STM32G414CCT3, STM32G414CCT6, STM32G414CCU3, STM32G414CCU6, STM32G414MBT3, STM32G414MBT6, STM32G414MCT3, STM32G414MCT6, STM32G414RBT3, STM32G414RBT6, STM32G414RCT3, STM32G414RCT6, STM32G414VBT3, STM32G414VBT6, STM32G414VCT3, STM32G414VCT6, STM32G431CBT3Z, STM32G431RBT3Z, STM32G471CCT6, STM32G471CCU6, STM32G471CET3, STM32G471CET6, STM32G471CEU3, STM32G471CEU6, STM32G471MCT6, STM32G471MET3, STM32G471MET6, STM32G471MEY6TR, STM32G471QCT6, STM32G471QET3, STM32G471RCT6, STM32G471RET3, STM32G471RET6, STM32G471VCH6, STM32G471VCI6, STM32G471VCT6, STM32G471VEH3, STM32G471VEH6, STM32G471VEI3, STM32G471VEI6, STM32G471VET3, STM32G471VET6, STM32G473QET3Z, STM32G473RET3Z, STM32G474CCT6, STM32G491RET3Z, STM32H503CBT6, STM32H503CBU6, STM32H503EBY6TR, STM32H503KBU6, STM32H503RBT6, STM32H523CCT6, STM32H523CCU6, STM32H523CET6, STM32H523CEU6, STM32H523HEY6TR, STM32H523RCT6, STM32H523RET6, STM32H523VCI6, STM32H523VCT6, STM32H523VEI6, STM32H523VET6, STM32H523ZCJ6, STM32H523ZCT6, STM32H523ZEJ6, STM32H523ZET6, STM32H533CET6, STM32H533CEU6, STM32H533HEY6TR, STM32H533RET6, STM32H533VEI6, STM32H533VET6, STM32H533ZEJ6, STM32H533ZET6, STM32H562AGI6, STM32H562AII6, STM32H562IGK6, STM32H562IGT6, STM32H562IIK6, STM32H562IIT6, STM32H562RGT6, STM32H562RGV6, STM32H562RIT6, STM32H562RIV6, STM32H562VGT6, STM32H562VIT6, STM32H562ZGT6, STM32H562ZIT6, STM32H563AGI6, STM32H563AII3Q, STM32H563AII6, STM32H563IGK6, STM32H563IGT6, STM32H563IIK3Q, STM32H563IIK6, STM32H563IIT3Q, STM32H563IIT6, STM32H563MIY3QTR, STM32H563RGT6, STM32H563RGV6, STM32H563RIT6, STM32H563RIV6, STM32H563VGT6, STM32H563VIT3Q, STM32H563VIT6, STM32H563ZGT6, STM32H563ZIT3Q, STM32H563ZIT6, STM32H573AII3Q, STM32H573AII6, STM32H573I-DK, STM32H573IIK3Q, STM32H573IIK6, STM32H573IIT3Q, STM32H573IIT6, STM32H573MIY3QTR, STM32H573RIT6, STM32H573RIV6, STM32H573VIT3Q, STM32H573VIT6, STM32H573ZIT3Q, STM32H573ZIT6, STM32H7R3A8I6, STM32H7R3I8K6, STM32H7R3I8T6, STM32H7R3L8H6, STM32H7R3L8H6H, STM32H7R3R8V6, STM32H7R3V8H6, STM32H7R3V8T6, STM32H7R3V8Y6TR, STM32H7R3Z8J6, STM32H7R3Z8T6, STM32H7R7A8I6, STM32H7R7I8K6, STM32H7R7I8T6, STM32H7R7L8H6, STM32H7R7L8H6H, STM32H7R7Z8J6, STM32H7S3A8I6, STM32H7S3I8K6, STM32H7S3I8T6, STM32H7S3L8H6, STM32H7S3L8H6H, STM32H7S3R8V6, STM32H7S3V8H6, STM32H7S3V8T6, STM32H7S3V8Y6TR, STM32H7S3Z8J6, STM32H7S3Z8T6, STM32H7S78-DK, STM32H7S7A8I6, STM32H7S7I8K6, STM32H7S7I8T6, STM32H7S7L8H6, STM32H7S7L8H6H, STM32H7S7Z8J6, STM32L4R5QGI6STR, STM32MP131AAE3, STM32MP131AAF3, STM32MP131AAG3, STM32MP131CAE3, STM32MP131CAF3, STM32MP131CAG3, STM32MP131DAE7, STM32MP131DAF7, STM32MP131DAG7, STM32MP131FAE7, STM32MP131FAF7, STM32MP131FAG7, STM32MP133AAE3, STM32MP133AAF3, STM32MP133AAG3, STM32MP133CAE3, STM32MP133CAF3, STM32MP133CAG3, STM32MP133DAE7, STM32MP133DAF7, STM32MP133DAG7, STM32MP133FAE7, STM32MP133FAF7, STM32MP133FAG7, STM32MP135AAE3, STM32MP135AAF3, STM32MP135AAG3, STM32MP135CAE3, STM32MP135CAF3, STM32MP135CAG3, STM32MP135DAE7, STM32MP135DAF7, STM32MP135DAG7, STM32MP135F-DK, STM32MP135FAE7, STM32MP135FAF7, STM32MP135FAF7T, STM32MP135FAF7U, STM32MP135FAG7, STM32MP211AAL3, STM32MP211AAM3, STM32MP211AAN3, STM32MP211AAO3, STM32MP211CAL3, STM32MP211CAM3, STM32MP211CAN3, STM32MP211CAO3, STM32MP211DAL3, STM32MP211DAM3, STM32MP211DAN3, STM32MP211DAO3, STM32MP211FAL3, STM32MP211FAM3, STM32MP211FAN3, STM32MP211FAO3, STM32MP213AAL3, STM32MP213AAM3, STM32MP213AAN3, STM32MP213AAO3, STM32MP213CAL3, STM32MP213CAM3, STM32MP213CAN3, STM32MP213CAO3, STM32MP213DAL3, STM32MP213DAM3, STM32MP213DAN3, STM32MP213DAO3, STM32MP213FAL3, STM32MP213FAM3, STM32MP213FAN3, STM32MP213FAO3, STM32MP215AAL3, STM32MP215AAM3, STM32MP215AAN3, STM32MP215AAO3, STM32MP215CAL3, STM32MP215CAM3, STM32MP215CAN3, STM32MP215CAO3, STM32MP215DAL3, STM32MP215DAM3, STM32MP215DAN3, STM32MP215DAO3, STM32MP215F-DK, STM32MP215FAL3, STM32MP215FAM3, STM32MP215FAN3, STM32MP215FAO3, STM32MP231AAJ3, STM32MP231AAK3, STM32MP231AAL3, STM32MP231CAJ3, STM32MP231CAK3, STM32MP231CAL3, STM32MP231DAJ3, STM32MP231DAK3, STM32MP231DAL3, STM32MP231FAJ3, STM32MP231FAK3, STM32MP231FAL3, STM32MP233AAJ3, STM32MP233AAK3, STM32MP233AAL3, STM32MP233CAJ3, STM32MP233CAK3, STM32MP233CAL3, STM32MP233DAJ3, STM32MP233DAK3, STM32MP233DAL3, STM32MP233FAJ3, STM32MP233FAK3, STM32MP233FAL3, STM32MP235AAJ3, STM32MP235AAK3, STM32MP235AAL3, STM32MP235CAJ3, STM32MP235CAK3, STM32MP235CAL3, STM32MP235DAJ3, STM32MP235DAK3, STM32MP235DAL3, STM32MP235FAJ3, STM32MP235FAK3, STM32MP235FAL3, STM32MP251AAI3, STM32MP251AAK3, STM32MP251AAL3, STM32MP251CAI3, STM32MP251CAK3, STM32MP251CAL3, STM32MP251DAI3, STM32MP251DAK3, STM32MP251DAL3, STM32MP251FAI3, STM32MP251FAK3, STM32MP251FAL3, STM32MP253AAI3, STM32MP253AAK3, STM32MP253AAL3, STM32MP253CAI3, STM32MP253CAK3, STM32MP253CAL3, STM32MP253DAI3, STM32MP253DAK3, STM32MP253DAL3, STM32MP253FAI3, STM32MP253FAK3, STM32MP253FAL3, STM32MP255AAI3, STM32MP255AAK3, STM32MP255AAL3, STM32MP255CAI3, STM32MP255CAK3, STM32MP255CAL3, STM32MP255DAI3, STM32MP255DAK3, STM32MP255DAL3, STM32MP255FAI3, STM32MP255FAK3, STM32MP255FAL3, STM32MP257AAI3, STM32MP257AAK3, STM32MP257AAL3, STM32MP257CAI3, STM32MP257CAK3, STM32MP257CAL3, STM32MP257DAI3, STM32MP257DAK3, STM32MP257DAL3, STM32MP257F-DK, STM32MP257F-EV1, STM32MP257FAI3, STM32MP257FAK3, STM32MP257FAL3, STM32N645A0H3Q, STM32N645B0H3Q, STM32N645I0H3Q, STM32N645L0H3Q, STM32N645X0H3Q, STM32N645Z0H3Q, STM32N647A0H3Q, STM32N647B0H3Q, STM32N647I0H3Q, STM32N647L0H3Q, STM32N647X0H3Q, STM32N647Z0H3Q, STM32N655A0H3Q, STM32N655B0H3Q, STM32N655I0H3Q, STM32N655L0H3Q, STM32N655X0H3Q, STM32N655Z0H3Q, STM32N6570-DK, STM32N657A0H3Q, STM32N657B0H3Q, STM32N657I0H3Q, STM32N657L0H3Q, STM32N657X0H3Q, STM32N657Z0H3Q, STM32U031C6T6, STM32U031C6U6, STM32U031C8T6, STM32U031C8U6, STM32U031F4P6, STM32U031F6P6, STM32U031F8P6, STM32U031G6Y6TR, STM32U031G8Y6TR, STM32U031K4U6, STM32U031K6U6, STM32U031K8U6, STM32U031R6I6, STM32U031R6T6, STM32U031R8I6, STM32U031R8T6, STM32U073C8T6, STM32U073C8U6, STM32U073CBT6, STM32U073CBU6, STM32U073CCT6, STM32U073CCU6, STM32U073H8Y6TR, STM32U073HBY6TR, STM32U073HCY6TR, STM32U073K8U6, STM32U073KBU6, STM32U073KCU6, STM32U073M8I6, STM32U073M8T6, STM32U073MBI6, STM32U073MBT6, STM32U073MCI6, STM32U073MCT6, STM32U073R8I6, STM32U073R8T6, STM32U073RBI6, STM32U073RBT6, STM32U073RCI6, STM32U073RCT6, STM32U083C-DK, STM32U083CCT6, STM32U083CCU6, STM32U083HCY6TR, STM32U083KCU6, STM32U083MCI6, STM32U083MCT6, STM32U083RCI6, STM32U083RCT6, STM32U375CET6, STM32U375CET6Q, STM32U375CEU6, STM32U375CEU6Q, STM32U375CEY6QTR, STM32U375CGT6, STM32U375CGT6Q, STM32U375CGU6, STM32U375CGU6Q, STM32U375CGY6QTR, STM32U375KEU6, STM32U375KGU6, STM32U375REI6, STM32U375REI6Q, STM32U375RET6, STM32U375RET6Q, STM32U375REY6GTR, STM32U375REY6QTR, STM32U375RGI6, STM32U375RGI6Q, STM32U375RGT6, STM32U375RGT6Q, STM32U375RGY6GTR, STM32U375RGY6QTR, STM32U375VEI6, STM32U375VEI6Q, STM32U375VET6, STM32U375VET6Q, STM32U375VGI6, STM32U375VGI6Q, STM32U375VGT6, STM32U375VGT6Q, STM32U385CGT6, STM32U385CGT6Q, STM32U385CGU6, STM32U385CGU6Q, STM32U385CGY6QTR, STM32U385KGU6, STM32U385RGI6, STM32U385RGI6Q, STM32U385RGT6, STM32U385RGT6Q, STM32U385RGY6GTR, STM32U385RGY6QTR, STM32U385VGI6, STM32U385VGI6Q, STM32U385VGT6, STM32U385VGT6Q, STM32U535CBT6, STM32U535CBT6Q, STM32U535CBU6, STM32U535CBU6Q, STM32U535CCT6, STM32U535CCT6Q, STM32U535CCU6, STM32U535CCU6Q, STM32U535CET6, STM32U535CET6Q, STM32U535CEU6, STM32U535CEU6Q, STM32U535JEY6QTR, STM32U535NCY6QTR, STM32U535NEY6QTR, STM32U535RBI6, STM32U535RBI6Q, STM32U535RBT6, STM32U535RBT6Q, STM32U535RCI6, STM32U535RCI6Q, STM32U535RCT6, STM32U535RCT6Q, STM32U535REI6, STM32U535REI6Q, STM32U535RET6, STM32U535RET6Q, STM32U535VCI6, STM32U535VCI6Q, STM32U535VCT6, STM32U535VCT6Q, STM32U535VEI6, STM32U535VEI6Q, STM32U535VET6, STM32U535VET6Q, STM32U545CET6, STM32U545CET6Q, STM32U545CEU6, STM32U545CEU6Q, STM32U545JEY6QTR, STM32U545NEY6QTR, STM32U545REI6, STM32U545REI6Q, STM32U545RET6, STM32U545RET6Q, STM32U545VEI6, STM32U545VEI6Q, STM32U545VET6, STM32U545VET6Q, STM32U595AIH6, STM32U595AIH6Q, STM32U595AJH6, STM32U595AJH6Q, STM32U595QII6, STM32U595QII6Q, STM32U595QJI6, STM32U595QJI6Q, STM32U595RIT6, STM32U595RIT6Q, STM32U595RJT6, STM32U595RJT6Q, STM32U595VIT6, STM32U595VIT6Q, STM32U595VJT6, STM32U595VJT6Q, STM32U595ZIT6, STM32U595ZIT6Q, STM32U595ZIY6QTR, STM32U595ZJT6, STM32U595ZJT6Q, STM32U595ZJY6QTR, STM32U599BJY6QTR, STM32U599NIH6Q, STM32U599NJH6Q, STM32U599VIT6Q, STM32U599VJT6, STM32U599VJT6Q, STM32U599ZIT6Q, STM32U599ZIY6QTR, STM32U599ZJT6Q, STM32U599ZJY6QTR, STM32U5A5AJH6, STM32U5A5AJH6Q, STM32U5A5QII3Q , STM32U5A5QJI6, STM32U5A5QJI6Q, STM32U5A5RJT6, STM32U5A5RJT6Q, STM32U5A5VJT6, STM32U5A5VJT6Q, STM32U5A5ZJT6, STM32U5A5ZJT6Q, STM32U5A5ZJY6QTR, STM32U5A9BJY6QTR, STM32U5A9J-DK, STM32U5A9NJH6Q, STM32U5A9VJT6Q, STM32U5A9ZJT6Q, STM32U5A9ZJY6QTR, STM32U5F7VIT6, STM32U5F7VIT6Q, STM32U5F7VJT6, STM32U5F7VJT6Q, STM32U5F9BJY6QTR, STM32U5F9NJH6Q, STM32U5F9VIT6Q, STM32U5F9VJT6Q, STM32U5F9ZIJ6QTR, STM32U5F9ZIT6Q, STM32U5F9ZJJ6QTR, STM32U5F9ZJT6Q, STM32U5G7VJT6, STM32U5G7VJT6Q, STM32U5G9BJY6QTR, STM32U5G9J-DK1, STM32U5G9J-DK2, STM32U5G9NJH6Q, STM32U5G9VJT6Q, STM32U5G9ZJJ6QTR, STM32U5G9ZJT6Q, STM32WB05KZV6TR, STM32WB05KZV7TR, STM32WB05TZF6TR, STM32WB05TZF7TR, STM32WB06CCF6TR, STM32WB06CCF7TR, STM32WB06CCV6TR, STM32WB06CCV7TR, STM32WB06KCV6TR, STM32WB06KCV7TR, STM32WB07CCF6TR, STM32WB07CCF7TR, STM32WB07CCV6TR, STM32WB07CCV7TR, STM32WB07KCV6TR, STM32WB07KCV7TR, STM32WB09KEV6TR, STM32WB09KEV7TR, STM32WB09TEF6TR, STM32WB09TEF7TR, STM32WB1MMCH6, STM32WBA50KGU6, STM32WBA50KGU6TR, STM32WBA52CEU6, STM32WBA52CEU6TR, STM32WBA52CEU7, STM32WBA52CEU7TR, STM32WBA52CGU6, STM32WBA52CGU6TR, STM32WBA52CGU6U, STM32WBA52CGU7, STM32WBA52CGU7TR, STM32WBA52KEU6, STM32WBA52KEU6TR, STM32WBA52KGU6, STM32WBA52KGU6TR, STM32WBA54CEU6, STM32WBA54CEU6TR, STM32WBA54CEU7, STM32WBA54CEU7TR, STM32WBA54CGU6, STM32WBA54CGU6TR, STM32WBA54CGU7, STM32WBA54CGU7TR, STM32WBA54KEU6, STM32WBA54KEU6TR, STM32WBA54KEU7, STM32WBA54KEU7TR, STM32WBA54KGU6, STM32WBA54KGU6TR, STM32WBA54KGU7, STM32WBA54KGU7TR, STM32WBA55CEU6, STM32WBA55CEU6TR, STM32WBA55CEU7, STM32WBA55CEU7TR, STM32WBA55CGU6, STM32WBA55CGU6TR, STM32WBA55CGU6U, STM32WBA55CGU7, STM32WBA55CGU7TR, STM32WBA55G-DK1, STM32WBA55HEF6, STM32WBA55HEF7, STM32WBA55HGF6, STM32WBA55HGF7, STM32WBA55UEI6, STM32WBA55UEI6TR, STM32WBA55UEI7, STM32WBA55UEI7TR, STM32WBA55UGI6, STM32WBA55UGI6TR, STM32WBA55UGI7, STM32WBA55UGI7TR, STM32WBA5MMGH6TR, STM32WBA62MGF6, STM32WBA62MIF6, STM32WBA65MGF7, STM32WBA65MIF6, STM32WBA65MIF7, STM32WL30K8V6, STM32WL30KBV6, STM32WL31C8V6, STM32WL31CBV6, STM32WL31K8V6, STM32WL31KBV6, STM32WL33C8V6, STM32WL33C8V6X, STM32WL33CBV6, STM32WL33CBV6X, STM32WL33CCV6, STM32WL33CCV6A, STM32WL33CCV6X, STM32WL33K8V7, STM32WL33K8V7X, STM32WL33KBV7 , STM32WL33KBV7X, STM32WL33KCV7, STM32WL33KCV7X, STM32WL5MOCH6, STM32WL5MOCH6TR]
2025-11-04 12:08:55,839 [INFO] DbMcus:218 - Found 4801 MCUs, 4801 are supported
2025-11-04 12:08:55,839 [INFO] ApiDb:423 - Load user favorites file C:\Users\USER/.stm32cubeide/favorites.mcus.txt: 0 item(s)
2025-11-04 12:08:55,839 [INFO] ApiDb:427 - User favorites MCUs=[]
2025-11-04 12:08:55,839 [INFO] DbMcus:224 - Set 0 / 0 favorites MCUs
2025-11-04 12:08:56,126 [INFO] ApiDb:423 - Load user favorites file C:\Users\USER/.stm32cubeide/favorites.boards.txt: 0 item(s)
2025-11-04 12:08:56,126 [INFO] ApiDb:427 - User favorites Boards=[]
2025-11-04 12:08:56,126 [INFO] DbBoards:198 - Set 0 / 0 favorites Boards
2025-11-04 12:08:56,181 [INFO] UtilMem:75 - End LoadConfig() Used Memory: 280188720 Bytes (344981504)
2025-11-04 12:08:56,283 [WARN] ThirdParty:833 - waiting for thirdparty lock release [change project]
2025-11-04 12:08:56,283 [INFO] ThirdParty:835 - entering critical section [change project]
2025-11-04 12:08:56,283 [INFO] ThirdParty:1030 - CMSIS Pack Vendor :STMicroelectronics X-CUBE-PM33A1 1.0.0
2025-11-04 12:08:56,283 [INFO] ThirdParty:1030 - CMSIS Pack Vendor :STMicroelectronics USBPD 4.1
2025-11-04 12:08:56,283 [INFO] ThirdParty:1030 - CMSIS Pack Vendor :STMicroelectronics X-CUBE-NFC9 1.0.0
2025-11-04 12:08:56,283 [INFO] ThirdParty:1030 - CMSIS Pack Vendor :STMicroelectronics USB_HOST 2.0.0
2025-11-04 12:08:56,284 [INFO] ThirdParty:1030 - CMSIS Pack Vendor :STMicroelectronics FP-SNS-MOTENVWB1 1.4.0
2025-11-04 12:08:56,284 [INFO] ThirdParty:1030 - CMSIS Pack Vendor :STMicroelectronics X-CUBE-AZRTOS-F4 1.1.0
2025-11-04 12:08:56,284 [INFO] ThirdParty:1030 - CMSIS Pack Vendor :STMicroelectronics LIBJPEG 8.0.0
2025-11-04 12:08:56,284 [INFO] ThirdParty:1030 - CMSIS Pack Vendor :STMicroelectronics FP-ATR-ASTRA1 2.0.2
2025-11-04 12:08:56,284 [INFO] ThirdParty:1030 - CMSIS Pack Vendor :wolfSSL I-CUBE-wolfSSL 5.8.2
2025-11-04 12:08:56,284 [INFO] ThirdParty:1030 - CMSIS Pack Vendor :STMicroelectronics X-CUBE-BLE1 7.1.0
2025-11-04 12:08:56,284 [INFO] ThirdParty:1030 - CMSIS Pack Vendor :STMicroelectronics X-CUBE-SMBUS 2.1.0
2025-11-04 12:08:56,284 [INFO] ThirdParty:1030 - CMSIS Pack Vendor :wolfSSL I-CUBE-wolfMQTT 1.19.2
2025-11-04 12:08:56,284 [INFO] ThirdParty:1030 - CMSIS Pack Vendor :STMicroelectronics USB_DEVICE 3.0.0
2025-11-04 12:08:56,284 [INFO] ThirdParty:1030 - CMSIS Pack Vendor :STMicroelectronics X-CUBE-ISPU 2.1.0
2025-11-04 12:08:56,284 [INFO] ThirdParty:1030 - CMSIS Pack Vendor :STMicroelectronics X-CUBE-EEPRMA1 5.2.0
2025-11-04 12:08:56,284 [INFO] ThirdParty:1030 - CMSIS Pack Vendor :STMicroelectronics X-CUBE-IPS 3.2.0
2025-11-04 12:08:56,284 [INFO] ThirdParty:1030 - CMSIS Pack Vendor :STMicroelectronics X-CUBE-BLEMGR 4.1.0
2025-11-04 12:08:56,284 [INFO] ThirdParty:1030 - CMSIS Pack Vendor :STMicroelectronics X-CUBE-AZRTOS-WB 2.0.0
2025-11-04 12:08:56,284 [INFO] ThirdParty:1030 - CMSIS Pack Vendor :STMicroelectronics X-CUBE-NFC12 1.0.0
2025-11-04 12:08:56,284 [INFO] ThirdParty:1030 - CMSIS Pack Vendor :STMicroelectronics X-CUBE-AZRTOS-F7 1.1.0
2025-11-04 12:08:56,284 [INFO] ThirdParty:1030 - CMSIS Pack Vendor :STMicroelectronics X-CUBE-AZRTOS-L5 2.0.0
2025-11-04 12:08:56,284 [INFO] ThirdParty:1030 - CMSIS Pack Vendor :STMicroelectronics USB_DEVICE 2.0.0
2025-11-04 12:08:56,284 [INFO] ThirdParty:1030 - CMSIS Pack Vendor :STMicroelectronics X-CUBE-NFC6 3.1.0
2025-11-04 12:08:56,284 [INFO] ThirdParty:1030 - CMSIS Pack Vendor :STMicroelectronics X-CUBE-ST67W61 1.1.0
2025-11-04 12:08:56,284 [INFO] ThirdParty:1030 - CMSIS Pack Vendor :Cesanta I-CUBE-Mongoose 7.19.0
2025-11-04 12:08:56,284 [INFO] ThirdParty:1030 - CMSIS Pack Vendor :quantropi X-CUBE-qispace-sdk-base 2.1.0
2025-11-04 12:08:56,284 [INFO] ThirdParty:1030 - CMSIS Pack Vendor :STMicroelectronics FP-SNS-MOTENV1 5.1.0
2025-11-04 12:08:56,284 [INFO] ThirdParty:1030 - CMSIS Pack Vendor :STMicroelectronics FreeRTOS 0.0.1
2025-11-04 12:08:56,284 [INFO] ThirdParty:1030 - CMSIS Pack Vendor :STMicroelectronics X-CUBE-AZRTOS-G0 1.1.0
2025-11-04 12:08:56,284 [INFO] ThirdParty:1030 - CMSIS Pack Vendor :STMicroelectronics X-CUBE-SAFEA1 1.2.2
2025-11-04 12:08:56,284 [INFO] ThirdParty:1030 - CMSIS Pack Vendor :STMicroelectronics X-CUBE-NFC4 3.0.0
2025-11-04 12:08:56,284 [INFO] ThirdParty:1030 - CMSIS Pack Vendor :STMicroelectronics X-CUBE-SUBG2 5.0.0
2025-11-04 12:08:56,284 [INFO] ThirdParty:1030 - CMSIS Pack Vendor :STMicroelectronics X-CUBE-AZRTOS-H7RS 1.1.0
2025-11-04 12:08:56,284 [INFO] ThirdParty:1030 - CMSIS Pack Vendor :STMicroelectronics STM32_WPAN 1.0.0
2025-11-04 12:08:56,284 [INFO] ThirdParty:1030 - CMSIS Pack Vendor :EmbeddedOffice I-CUBE-FS-RTOS 1.0.1
2025-11-04 12:08:56,284 [INFO] ThirdParty:1030 - CMSIS Pack Vendor :STMicroelectronics lwIP 2.0.3
2025-11-04 12:08:56,284 [INFO] ThirdParty:1030 - CMSIS Pack Vendor :WES I-CUBE-Cesium 1.4.0
2025-11-04 12:08:56,284 [INFO] ThirdParty:1030 - CMSIS Pack Vendor :STMicroelectronics USB_HOST 1.0.0
2025-11-04 12:08:56,284 [INFO] ThirdParty:1030 - CMSIS Pack Vendor :Infineon AIROC-Wi-Fi-Bluetooth-STM32 1.7.1
2025-11-04 12:08:56,284 [INFO] ThirdParty:1030 - CMSIS Pack Vendor :STMicroelectronics X-CUBE-AZRTOS-G4 2.0.0
2025-11-04 12:08:56,285 [INFO] ThirdParty:1030 - CMSIS Pack Vendor :STMicroelectronics X-CUBE-WB05N 2.0.0
2025-11-04 12:08:56,285 [INFO] ThirdParty:1030 - CMSIS Pack Vendor :STMicroelectronics PDM2PCM 3.1.0
2025-11-04 12:08:56,285 [INFO] ThirdParty:1030 - CMSIS Pack Vendor :STMicroelectronics PDM2PCM 3.3.0
2025-11-04 12:08:56,285 [INFO] ThirdParty:1030 - CMSIS Pack Vendor :wolfSSL I-CUBE-wolfTPM 3.8.0
2025-11-04 12:08:56,285 [INFO] ThirdParty:1030 - CMSIS Pack Vendor :STMicroelectronics X-CUBE-AZRTOS-H7 3.4.0
2025-11-04 12:08:56,285 [INFO] ThirdParty:1030 - CMSIS Pack Vendor :STMicroelectronics X-CUBE-DISPLAY 3.0.0
2025-11-04 12:08:56,285 [INFO] ThirdParty:1030 - CMSIS Pack Vendor :wolfSSL I-CUBE-wolfSSH 1.4.20
2025-11-04 12:08:56,285 [INFO] ThirdParty:1030 - CMSIS Pack Vendor :STMicroelectronics X-CUBE-NFC7 2.0.0
2025-11-04 12:08:56,285 [INFO] ThirdParty:1030 - CMSIS Pack Vendor :STMicroelectronics X-CUBE-TCPP 4.2.0
2025-11-04 12:08:56,285 [INFO] ThirdParty:1030 - CMSIS Pack Vendor :RealThread X-CUBE-RT-Thread_Nano 4.1.1
2025-11-04 12:08:56,285 [INFO] ThirdParty:1030 - CMSIS Pack Vendor :STMicroelectronics FP-ATR-SIGFOX1 3.2.0
2025-11-04 12:08:56,285 [INFO] ThirdParty:1030 - CMSIS Pack Vendor :STMicroelectronics X-CUBE-NFC10 1.0.0
2025-11-04 12:08:56,285 [INFO] ThirdParty:1030 - CMSIS Pack Vendor :STMicroelectronics X-CUBE-FREERTOS 1.3.1
2025-11-04 12:08:56,285 [INFO] ThirdParty:1030 - CMSIS Pack Vendor :STMicroelectronics HAL Drivers 0.0.0
2025-11-04 12:08:56,285 [INFO] ThirdParty:1030 - CMSIS Pack Vendor :STMicroelectronics MBEDTLS 2.16.2
2025-11-04 12:08:56,285 [INFO] ThirdParty:1030 - CMSIS Pack Vendor :STMicroelectronics X-CUBE-ST60 1.1.0
2025-11-04 12:08:56,285 [INFO] ThirdParty:1030 - CMSIS Pack Vendor :STMicroelectronics X-CUBE-ALS 1.0.2
2025-11-04 12:08:56,285 [INFO] ThirdParty:1030 - CMSIS Pack Vendor :emotas I-CUBE-CANOPEN 1.3.0
2025-11-04 12:08:56,285 [INFO] ThirdParty:1030 - CMSIS Pack Vendor :STMicroelectronics MBEDTLS 2.14.1
2025-11-04 12:08:56,285 [INFO] ThirdParty:1030 - CMSIS Pack Vendor :STMicroelectronics X-CUBE-GNSS1 7.1.0
2025-11-04 12:08:56,285 [INFO] ThirdParty:1030 - CMSIS Pack Vendor :ITTIA_DB I-CUBE-ITTIADB 8.9.0
2025-11-04 12:08:56,285 [INFO] ThirdParty:1030 - CMSIS Pack Vendor :STMicroelectronics X-CUBE-TOUCHGFX 4.26.0
2025-11-04 12:08:56,285 [INFO] ThirdParty:1030 - CMSIS Pack Vendor :STMicroelectronics X-CUBE-STSE01 1.0.0
2025-11-04 12:08:56,285 [INFO] ThirdParty:1030 - CMSIS Pack Vendor :STMicroelectronics FP-SNS-STBOX1 2.1.0
2025-11-04 12:08:56,285 [INFO] ThirdParty:1030 - CMSIS Pack Vendor :STMicroelectronics X-CUBE-AI 10.2.0
2025-11-04 12:08:56,285 [INFO] ThirdParty:1030 - CMSIS Pack Vendor :STMicroelectronics FP-SNS-STAIOTCFT 1.0.0
2025-11-04 12:08:56,285 [INFO] ThirdParty:1030 - CMSIS Pack Vendor :STMicroelectronics ThreadX 1.0.0
2025-11-04 12:08:56,285 [INFO] ThirdParty:1030 - CMSIS Pack Vendor :STMicroelectronics FP-SNS-SMARTAG2 1.2.0
2025-11-04 12:08:56,285 [INFO] ThirdParty:1030 - CMSIS Pack Vendor :STMicroelectronics FP-SNS-FLIGHT1 5.1.0
2025-11-04 12:08:56,285 [INFO] ThirdParty:1030 - CMSIS Pack Vendor :STMicroelectronics X-CUBE-AZRTOS-WL 2.0.0
2025-11-04 12:08:56,285 [INFO] ThirdParty:1030 - CMSIS Pack Vendor :SEGGER I-CUBE-embOS 1.3.1
2025-11-04 12:08:56,285 [INFO] ThirdParty:1030 - CMSIS Pack Vendor :STMicroelectronics X-CUBE-ALGOBUILD 1.4.0
2025-11-04 12:08:56,285 [INFO] ThirdParty:1030 - CMSIS Pack Vendor :STMicroelectronics X-CUBE-DPower 1.3.0
2025-11-04 12:08:56,285 [INFO] ThirdParty:1030 - CMSIS Pack Vendor :STMicroelectronics X-CUBE-MEMS1 11.3.0
2025-11-04 12:08:56,285 [INFO] ThirdParty:1030 - CMSIS Pack Vendor :STMicroelectronics USB_DEVICE 1.0.0
2025-11-04 12:08:56,285 [INFO] ThirdParty:1030 - CMSIS Pack Vendor :STMicroelectronics X-CUBE-AZRTOS-L4 2.0.0
2025-11-04 12:08:56,286 [INFO] ThirdParty:1030 - CMSIS Pack Vendor :STMicroelectronics ThreadX 0.0.2
2025-11-04 12:08:56,286 [INFO] ThirdParty:1030 - CMSIS Pack Vendor :STMicroelectronics lwIP 2.1.2
2025-11-04 12:08:56,286 [INFO] ThirdParty:1030 - CMSIS Pack Vendor :STMicroelectronics X-CUBE-SFXS2LP1 4.0.0
2025-11-04 12:08:56,286 [INFO] ThirdParty:1030 - CMSIS Pack Vendor :STMicroelectronics X-CUBE-BLE2 3.3.0
2025-11-04 12:08:56,286 [INFO] ThirdParty:1030 - CMSIS Pack Vendor :STMicroelectronics X-CUBE-TOF1 3.4.3
2025-11-04 12:08:56,286 [INFO] ThirdParty:1030 - CMSIS Pack Vendor :STMicroelectronics PDM2PCM 3.2.0
2025-11-04 12:08:56,286 [INFO] ThirdParty:841 - exiting critical section [change project]
2025-11-04 12:08:56,583 [INFO] PinOutPanel:1589 - setPackage(No Configuration,No Configuration)
2025-11-04 12:08:56,585 [INFO] PinOutPanel:1589 - setPackage(STM32F103RCTx,LQFP64)
2025-11-04 12:08:56,982 [INFO] UtilMem:75 - Before build in PCC Used Memory: 228197560 Bytes (379584512)
2025-11-04 12:08:57,523 [INFO] UtilMem:75 - After build in PCC Used Memory: 296976488 Bytes (379584512)
2025-11-04 12:08:57,589 [INFO] ApiDbMcu:532 - Load IP Config File for FREERTOS
2025-11-04 12:08:57,609 [INFO] IPUIPlugin:80 - create IPUIPlugin
2025-11-04 12:08:57,609 [INFO] IPUIPlugin:80 - create IPUIPlugin
2025-11-04 12:08:57,609 [INFO] IPUIPlugin:80 - create IPUIPlugin
2025-11-04 12:08:57,609 [INFO] IPUIPlugin:80 - create IPUIPlugin
2025-11-04 12:08:57,609 [INFO] IPUIPlugin:80 - create IPUIPlugin
2025-11-04 12:08:57,610 [INFO] IPUIPlugin:80 - create IPUIPlugin
2025-11-04 12:08:57,610 [INFO] IPUIPlugin:80 - create IPUIPlugin
2025-11-04 12:08:57,610 [INFO] IPUIPlugin:80 - create IPUIPlugin
2025-11-04 12:08:57,610 [INFO] IPUIPlugin:80 - create IPUIPlugin
2025-11-04 12:08:57,610 [INFO] IPUIPlugin:80 - create IPUIPlugin
2025-11-04 12:08:57,610 [INFO] IPUIPlugin:80 - create IPUIPlugin
2025-11-04 12:08:57,610 [INFO] IPUIPlugin:80 - create IPUIPlugin
2025-11-04 12:08:57,610 [INFO] IPUIPlugin:80 - create IPUIPlugin
2025-11-04 12:08:57,610 [INFO] IPUIPlugin:80 - create IPUIPlugin
2025-11-04 12:08:57,611 [INFO] IPUIPlugin:80 - create IPUIPlugin
2025-11-04 12:08:57,611 [INFO] IPUIPlugin:80 - create IPUIPlugin
2025-11-04 12:08:57,611 [INFO] IPUIPlugin:80 - create IPUIPlugin
2025-11-04 12:08:57,611 [INFO] IPUIPlugin:80 - create IPUIPlugin
2025-11-04 12:08:57,611 [INFO] IPUIPlugin:80 - create IPUIPlugin
2025-11-04 12:08:57,611 [INFO] IPUIPlugin:80 - create IPUIPlugin
2025-11-04 12:08:57,611 [INFO] IPUIPlugin:80 - create IPUIPlugin
2025-11-04 12:08:57,611 [INFO] IPUIPlugin:80 - create IPUIPlugin
2025-11-04 12:08:57,612 [INFO] IPUIPlugin:80 - create IPUIPlugin
2025-11-04 12:08:57,612 [INFO] IPUIPlugin:80 - create IPUIPlugin
2025-11-04 12:08:57,612 [INFO] IPUIPlugin:80 - create IPUIPlugin
2025-11-04 12:08:57,612 [INFO] IPUIPlugin:80 - create IPUIPlugin
2025-11-04 12:08:57,612 [INFO] IPUIPlugin:80 - create IPUIPlugin
2025-11-04 12:08:57,612 [INFO] IPUIPlugin:80 - create IPUIPlugin
2025-11-04 12:08:57,613 [INFO] IPUIPlugin:80 - create IPUIPlugin
2025-11-04 12:08:57,613 [INFO] IPUIPlugin:80 - create IPUIPlugin
2025-11-04 12:08:57,613 [INFO] IPUIPlugin:80 - create IPUIPlugin
2025-11-04 12:08:57,613 [INFO] IPUIPlugin:80 - create IPUIPlugin
2025-11-04 12:08:57,613 [INFO] IPUIPlugin:80 - create IPUIPlugin
2025-11-04 12:08:57,613 [INFO] IPUIPlugin:80 - create IPUIPlugin
2025-11-04 12:08:57,613 [INFO] IPUIPlugin:80 - create IPUIPlugin
2025-11-04 12:08:57,614 [INFO] IPUIPlugin:80 - create IPUIPlugin
2025-11-04 12:08:57,614 [INFO] IPUIPlugin:80 - create IPUIPlugin
2025-11-04 12:08:57,614 [INFO] IPUIPlugin:80 - create IPUIPlugin
2025-11-04 12:08:57,614 [INFO] IPUIPlugin:80 - create IPUIPlugin
2025-11-04 12:08:57,641 [WARN] FreeRTOS:1023 - Null or empty value: should not occur! (nothing added to the table)
2025-11-04 12:08:57,807 [INFO] CADModel:165 - CPN selected for project levelSTM32F103RCT6TR
2025-11-04 12:08:57,807 [INFO] CADModel:114 - Register for checkConnection events
2025-11-04 12:08:57,809 [INFO] RtosManager:728 - Active RTOS found at IOC load: FREERTOS [Cortex-M3NS]
2025-11-04 12:08:57,865 [INFO] OpenFileManager:386 - Restore cursor
2025-11-04 12:09:03,535 [ERROR] RtosPanel:558 - Can not restore the selected Tab for FREERTOS(A reason can be that the tab is no more available.)
2025-11-04 12:09:17,471 [INFO] TasksAndQueuesTab:757 - Dynamic
2025-11-04 12:09:17,472 [WARN] TasksAndQueuesTab:763 - 128 128
2025-11-04 12:09:17,472 [WARN] TasksAndQueuesTab:775 - max value is: 768.0
2025-11-04 12:09:34,406 [INFO] EditThreadDialog:704 - RAM SIZE (in KB): 48
2025-11-04 12:09:34,407 [INFO] EditThreadDialog:706 - RAM SIZE (in words): 12288
2025-11-04 12:10:43,394 [INFO] TasksAndQueuesTab:757 - Dynamic
2025-11-04 12:10:43,394 [WARN] TasksAndQueuesTab:763 - 128 128
2025-11-04 12:10:43,394 [WARN] TasksAndQueuesTab:775 - max value is: 768.0
2025-11-04 12:10:43,394 [INFO] TasksAndQueuesTab:757 - Dynamic
2025-11-04 12:10:43,394 [WARN] TasksAndQueuesTab:763 - 128 128
2025-11-04 12:10:43,394 [WARN] TasksAndQueuesTab:775 - max value is: 768.0
2025-11-04 12:11:09,853 [INFO] UtilMem:75 - End SaveConfig() Used Memory: 639631360 Bytes (1050673152)
2025-11-04 12:11:11,880 [INFO] UtilMem:75 - End SaveConfig() Used Memory: 658030032 Bytes (1050673152)
2025-11-04 12:11:12,606 [INFO] UtilMem:75 - End SaveConfig() Used Memory: 692493960 Bytes (1050673152)
2025-11-04 12:11:13,218 [INFO] BlockDiagram:2775 - set Specific Code input for plugin: NVIC
2025-11-04 12:11:13,218 [INFO] BlockDiagram:2775 - set Specific Code input for plugin: FREERTOS
2025-11-04 12:11:13,218 [INFO] BlockDiagram:2775 - set Specific Code input for plugin: IWDG
2025-11-04 12:11:13,218 [INFO] BlockDiagram:2775 - set Specific Code input for plugin: DMA
2025-11-04 12:11:13,218 [INFO] BlockDiagram:2775 - set Specific Code input for plugin: SYS
2025-11-04 12:11:13,219 [INFO] BlockDiagram:2775 - set Specific Code input for plugin: GPIO
2025-11-04 12:11:13,219 [INFO] BlockDiagram:2775 - set Specific Code input for plugin: ADC
2025-11-04 12:11:13,219 [INFO] BlockDiagram:2775 - set Specific Code input for plugin: RCC
2025-11-04 12:11:13,220 [INFO] CodeGenerator:892 - code generatio: config db path: C:\ST\STM32CubeIDE_1.19.0\STM32CubeIDE\plugins\com.st.stm32cube.common.mx_6.15.0.202507011659\\db\
2025-11-04 12:11:13,366 [INFO] CodeEngine:265 - oldGeneratedFile, C:\Users\USER\STM32CubeIDE\workspace_1.19.0\Hip-Pro_Hardware_V1.2\HardwareV1.2\MXTmpFiles\license.tmp_save
2025-11-04 12:11:13,713 [INFO] CodeEngine:289 - Generated code: C:\Users\USER\STM32CubeIDE\workspace_1.19.0\Hip-Pro_Hardware_V1.2\HardwareV1.2\MXTmpFiles\license.tmp
2025-11-04 12:11:13,807 [INFO] CodeEngine:265 - oldGeneratedFile, C:\Users\USER\STM32CubeIDE\workspace_1.19.0\Hip-Pro_Hardware_V1.2\HardwareV1.2\MXTmpFiles\gpio.tmp_save
2025-11-04 12:11:13,946 [INFO] CodeEngine:289 - Generated code: C:\Users\USER\STM32CubeIDE\workspace_1.19.0\Hip-Pro_Hardware_V1.2\HardwareV1.2\MXTmpFiles\gpio.tmp
2025-11-04 12:11:14,147 [INFO] Middleware:1452 - No code input for Bsp Dependency
2025-11-04 12:11:14,155 [INFO] CodeEngine:265 - oldGeneratedFile, C:\Users\USER\STM32CubeIDE\workspace_1.19.0\Hip-Pro_Hardware_V1.2\HardwareV1.2\MXTmpFiles\rtos_inc.tmp_save
2025-11-04 12:11:14,224 [INFO] CodeEngine:289 - Generated code: C:\Users\USER\STM32CubeIDE\workspace_1.19.0\Hip-Pro_Hardware_V1.2\HardwareV1.2\MXTmpFiles\rtos_inc.tmp
2025-11-04 12:11:14,231 [INFO] CodeEngine:265 - oldGeneratedFile, C:\Users\USER\STM32CubeIDE\workspace_1.19.0\Hip-Pro_Hardware_V1.2\HardwareV1.2\MXTmpFiles\rtos_vars.tmp_save
2025-11-04 12:11:14,294 [INFO] CodeEngine:289 - Generated code: C:\Users\USER\STM32CubeIDE\workspace_1.19.0\Hip-Pro_Hardware_V1.2\HardwareV1.2\MXTmpFiles\rtos_vars.tmp
2025-11-04 12:11:14,300 [INFO] CodeEngine:265 - oldGeneratedFile, C:\Users\USER\STM32CubeIDE\workspace_1.19.0\Hip-Pro_Hardware_V1.2\HardwareV1.2\MXTmpFiles\rtos_pfp.tmp_save
2025-11-04 12:11:14,356 [INFO] CodeEngine:289 - Generated code: C:\Users\USER\STM32CubeIDE\workspace_1.19.0\Hip-Pro_Hardware_V1.2\HardwareV1.2\MXTmpFiles\rtos_pfp.tmp
2025-11-04 12:11:14,362 [INFO] CodeEngine:265 - oldGeneratedFile, C:\Users\USER\STM32CubeIDE\workspace_1.19.0\Hip-Pro_Hardware_V1.2\HardwareV1.2\MXTmpFiles\rtos_obj_creat.tmp_save
2025-11-04 12:11:14,423 [INFO] CodeEngine:289 - Generated code: C:\Users\USER\STM32CubeIDE\workspace_1.19.0\Hip-Pro_Hardware_V1.2\HardwareV1.2\MXTmpFiles\rtos_obj_creat.tmp
2025-11-04 12:11:14,428 [INFO] CodeEngine:265 - oldGeneratedFile, C:\Users\USER\STM32CubeIDE\workspace_1.19.0\Hip-Pro_Hardware_V1.2\HardwareV1.2\MXTmpFiles\rtos_kernelStart.tmp_save
2025-11-04 12:11:14,483 [INFO] CodeEngine:289 - Generated code: C:\Users\USER\STM32CubeIDE\workspace_1.19.0\Hip-Pro_Hardware_V1.2\HardwareV1.2\MXTmpFiles\rtos_kernelStart.tmp
2025-11-04 12:11:14,489 [INFO] CodeEngine:265 - oldGeneratedFile, C:\Users\USER\STM32CubeIDE\workspace_1.19.0\Hip-Pro_Hardware_V1.2\HardwareV1.2\MXTmpFiles\rtos_default_thread.tmp_save
2025-11-04 12:11:14,553 [INFO] CodeEngine:289 - Generated code: C:\Users\USER\STM32CubeIDE\workspace_1.19.0\Hip-Pro_Hardware_V1.2\HardwareV1.2\MXTmpFiles\rtos_default_thread.tmp
2025-11-04 12:11:14,560 [INFO] CodeEngine:265 - oldGeneratedFile, C:\Users\USER\STM32CubeIDE\workspace_1.19.0\Hip-Pro_Hardware_V1.2\HardwareV1.2\MXTmpFiles\rtos_threads.tmp_save
2025-11-04 12:11:14,611 [INFO] CodeEngine:289 - Generated code: C:\Users\USER\STM32CubeIDE\workspace_1.19.0\Hip-Pro_Hardware_V1.2\HardwareV1.2\MXTmpFiles\rtos_threads.tmp
2025-11-04 12:11:14,626 [INFO] Middleware:1452 - No code input for Bsp Dependency
2025-11-04 12:11:14,633 [INFO] CodeEngine:265 - oldGeneratedFile, C:\Users\USER\STM32CubeIDE\workspace_1.19.0\Hip-Pro_Hardware_V1.2\HardwareV1.2\MXTmpFiles\rtos_inc.tmp_save
2025-11-04 12:11:14,684 [INFO] CodeEngine:289 - Generated code: C:\Users\USER\STM32CubeIDE\workspace_1.19.0\Hip-Pro_Hardware_V1.2\HardwareV1.2\MXTmpFiles\rtos_inc.tmp
2025-11-04 12:11:14,689 [INFO] CodeEngine:265 - oldGeneratedFile, C:\Users\USER\STM32CubeIDE\workspace_1.19.0\Hip-Pro_Hardware_V1.2\HardwareV1.2\MXTmpFiles\rtos_vars.tmp_save
2025-11-04 12:11:14,743 [INFO] CodeEngine:289 - Generated code: C:\Users\USER\STM32CubeIDE\workspace_1.19.0\Hip-Pro_Hardware_V1.2\HardwareV1.2\MXTmpFiles\rtos_vars.tmp
2025-11-04 12:11:14,748 [INFO] CodeEngine:265 - oldGeneratedFile, C:\Users\USER\STM32CubeIDE\workspace_1.19.0\Hip-Pro_Hardware_V1.2\HardwareV1.2\MXTmpFiles\rtos_pfp.tmp_save
2025-11-04 12:11:14,800 [INFO] CodeEngine:289 - Generated code: C:\Users\USER\STM32CubeIDE\workspace_1.19.0\Hip-Pro_Hardware_V1.2\HardwareV1.2\MXTmpFiles\rtos_pfp.tmp
2025-11-04 12:11:14,805 [INFO] CodeEngine:265 - oldGeneratedFile, C:\Users\USER\STM32CubeIDE\workspace_1.19.0\Hip-Pro_Hardware_V1.2\HardwareV1.2\MXTmpFiles\rtos_obj_creat.tmp_save
2025-11-04 12:11:14,857 [INFO] CodeEngine:289 - Generated code: C:\Users\USER\STM32CubeIDE\workspace_1.19.0\Hip-Pro_Hardware_V1.2\HardwareV1.2\MXTmpFiles\rtos_obj_creat.tmp
2025-11-04 12:11:14,862 [INFO] CodeEngine:265 - oldGeneratedFile, C:\Users\USER\STM32CubeIDE\workspace_1.19.0\Hip-Pro_Hardware_V1.2\HardwareV1.2\MXTmpFiles\rtos_kernelStart.tmp_save
2025-11-04 12:11:14,910 [INFO] CodeEngine:289 - Generated code: C:\Users\USER\STM32CubeIDE\workspace_1.19.0\Hip-Pro_Hardware_V1.2\HardwareV1.2\MXTmpFiles\rtos_kernelStart.tmp
2025-11-04 12:11:14,915 [INFO] CodeEngine:265 - oldGeneratedFile, C:\Users\USER\STM32CubeIDE\workspace_1.19.0\Hip-Pro_Hardware_V1.2\HardwareV1.2\MXTmpFiles\rtos_default_thread.tmp_save
2025-11-04 12:11:14,967 [INFO] CodeEngine:289 - Generated code: C:\Users\USER\STM32CubeIDE\workspace_1.19.0\Hip-Pro_Hardware_V1.2\HardwareV1.2\MXTmpFiles\rtos_default_thread.tmp
2025-11-04 12:11:14,972 [INFO] CodeEngine:265 - oldGeneratedFile, C:\Users\USER\STM32CubeIDE\workspace_1.19.0\Hip-Pro_Hardware_V1.2\HardwareV1.2\MXTmpFiles\rtos_threads.tmp_save
2025-11-04 12:11:15,022 [INFO] CodeEngine:289 - Generated code: C:\Users\USER\STM32CubeIDE\workspace_1.19.0\Hip-Pro_Hardware_V1.2\HardwareV1.2\MXTmpFiles\rtos_threads.tmp
2025-11-04 12:11:15,028 [INFO] CodeEngine:265 - oldGeneratedFile, C:\Users\USER\STM32CubeIDE\workspace_1.19.0\Hip-Pro_Hardware_V1.2\HardwareV1.2\Core\Inc\FreeRTOSConfig.h_save
2025-11-04 12:11:15,098 [INFO] CodeEngine:289 - Generated code: C:\Users\USER\STM32CubeIDE\workspace_1.19.0\Hip-Pro_Hardware_V1.2\HardwareV1.2\Core\Inc\FreeRTOSConfig.h
2025-11-04 12:11:15,104 [INFO] CodeEngine:265 - oldGeneratedFile, C:\Users\USER\STM32CubeIDE\workspace_1.19.0\Hip-Pro_Hardware_V1.2\HardwareV1.2\Core\Src\freertos.c_save
2025-11-04 12:11:15,165 [INFO] CodeEngine:289 - Generated code: C:\Users\USER\STM32CubeIDE\workspace_1.19.0\Hip-Pro_Hardware_V1.2\HardwareV1.2\Core\Src\freertos.c
2025-11-04 12:11:15,181 [INFO] CodeEngine:265 - oldGeneratedFile, C:\Users\USER\STM32CubeIDE\workspace_1.19.0\Hip-Pro_Hardware_V1.2\HardwareV1.2\MXTmpFiles\dma.tmp_save
2025-11-04 12:11:15,234 [INFO] CodeEngine:289 - Generated code: C:\Users\USER\STM32CubeIDE\workspace_1.19.0\Hip-Pro_Hardware_V1.2\HardwareV1.2\MXTmpFiles\dma.tmp
2025-11-04 12:11:15,238 [INFO] CodeEngine:265 - oldGeneratedFile, C:\Users\USER\STM32CubeIDE\workspace_1.19.0\Hip-Pro_Hardware_V1.2\HardwareV1.2\MXTmpFiles\dma_GV.tmp_save
2025-11-04 12:11:15,285 [INFO] CodeEngine:289 - Generated code: C:\Users\USER\STM32CubeIDE\workspace_1.19.0\Hip-Pro_Hardware_V1.2\HardwareV1.2\MXTmpFiles\dma_GV.tmp
2025-11-04 12:11:15,297 [INFO] CodeEngine:265 - oldGeneratedFile, C:\Users\USER\STM32CubeIDE\workspace_1.19.0\Hip-Pro_Hardware_V1.2\HardwareV1.2\Core\Src\stm32f1xx_it.c_save
2025-11-04 12:11:15,375 [INFO] CodeEngine:289 - Generated code: C:\Users\USER\STM32CubeIDE\workspace_1.19.0\Hip-Pro_Hardware_V1.2\HardwareV1.2\Core\Src\stm32f1xx_it.c
2025-11-04 12:11:15,381 [INFO] CodeEngine:265 - oldGeneratedFile, C:\Users\USER\STM32CubeIDE\workspace_1.19.0\Hip-Pro_Hardware_V1.2\HardwareV1.2\Core\Inc\stm32f1xx_it.h_save
2025-11-04 12:11:15,461 [INFO] CodeEngine:289 - Generated code: C:\Users\USER\STM32CubeIDE\workspace_1.19.0\Hip-Pro_Hardware_V1.2\HardwareV1.2\Core\Inc\stm32f1xx_it.h
2025-11-04 12:11:15,475 [INFO] CodeEngine:265 - oldGeneratedFile, C:\Users\USER\STM32CubeIDE\workspace_1.19.0\Hip-Pro_Hardware_V1.2\HardwareV1.2\Core\Src\stm32f1xx_hal_msp.c_save
2025-11-04 12:11:15,568 [INFO] CodeEngine:289 - Generated code: C:\Users\USER\STM32CubeIDE\workspace_1.19.0\Hip-Pro_Hardware_V1.2\HardwareV1.2\Core\Src\stm32f1xx_hal_msp.c
2025-11-04 12:11:15,573 [INFO] CodeEngine:265 - oldGeneratedFile, C:\Users\USER\STM32CubeIDE\workspace_1.19.0\Hip-Pro_Hardware_V1.2\HardwareV1.2\MXTmpFiles\system.tmp_save
2025-11-04 12:11:15,623 [INFO] CodeEngine:289 - Generated code: C:\Users\USER\STM32CubeIDE\workspace_1.19.0\Hip-Pro_Hardware_V1.2\HardwareV1.2\MXTmpFiles\system.tmp
2025-11-04 12:11:15,629 [INFO] CodeEngine:265 - oldGeneratedFile, C:\Users\USER\STM32CubeIDE\workspace_1.19.0\Hip-Pro_Hardware_V1.2\HardwareV1.2\Core\Src\stm32f1xx_hal_timebase_tim.c_save
2025-11-04 12:11:15,685 [INFO] CodeEngine:289 - Generated code: C:\Users\USER\STM32CubeIDE\workspace_1.19.0\Hip-Pro_Hardware_V1.2\HardwareV1.2\Core\Src\stm32f1xx_hal_timebase_tim.c
2025-11-04 12:11:15,697 [INFO] CodeEngine:321 - oldGeneratedFile, C:\Users\USER\STM32CubeIDE\workspace_1.19.0\Hip-Pro_Hardware_V1.2\HardwareV1.2\Core\Inc\stm32f1xx_hal_conf.h_save
2025-11-04 12:11:15,753 [INFO] CodeEngine:345 - Generated code: C:\Users\USER\STM32CubeIDE\workspace_1.19.0\Hip-Pro_Hardware_V1.2\HardwareV1.2\Core\Inc\stm32f1xx_hal_conf.h
2025-11-04 12:11:15,777 [INFO] ApiDbMcu:532 - Load IP Config File for ADC1
2025-11-04 12:11:15,778 [INFO] ApiDbMcu:532 - Load IP Config File for IWDG
2025-11-04 12:11:15,780 [INFO] ApiDbMcu:532 - Load IP Config File for RCC
2025-11-04 12:11:15,789 [INFO] CodeEngine:265 - oldGeneratedFile, C:\Users\USER\STM32CubeIDE\workspace_1.19.0\Hip-Pro_Hardware_V1.2\HardwareV1.2\Core\Inc\main.h_save
2025-11-04 12:11:15,865 [INFO] CodeEngine:289 - Generated code: C:\Users\USER\STM32CubeIDE\workspace_1.19.0\Hip-Pro_Hardware_V1.2\HardwareV1.2\Core\Inc\main.h
2025-11-04 12:11:15,872 [INFO] CodeEngine:265 - oldGeneratedFile, C:\Users\USER\STM32CubeIDE\workspace_1.19.0\Hip-Pro_Hardware_V1.2\HardwareV1.2\Core\Src\main.c_save
2025-11-04 12:11:15,998 [INFO] CodeEngine:289 - Generated code: C:\Users\USER\STM32CubeIDE\workspace_1.19.0\Hip-Pro_Hardware_V1.2\HardwareV1.2\Core\Src\main.c
2025-11-04 12:11:16,517 [INFO] ProjectBuilder:3606 - Time for Copy HAL[1] : 273mS.
2025-11-04 12:11:16,525 [INFO] ProjectBuilder:5216 - Project Generator version: 4.7.0-B52
2025-11-04 12:11:16,605 [INFO] ConfigFileManager:1595 - The Die is : DIE414
2025-11-04 12:11:16,613 [INFO] ApiDbMcu:532 - Load IP Config File for FATFS
2025-11-04 12:11:16,618 [INFO] ApiDbMcu:532 - Load IP Config File for USB_DEVICE
2025-11-04 12:11:16,974 [INFO] LogOutputStream:77 - [STDOUT_REDIRECT] 
2025-11-04 12:11:18,083 [INFO] ProjectBuilder:5496 - Time for Generating toolchain IDE Files: 1558mS.
2025-11-04 12:11:18,084 [INFO] ProjectBuilder:3463 - Time for Copy CMSIS : 1mS.
2025-11-04 12:11:18,089 [INFO] ProjectBuilder:3463 - Time for Copy CMSIS : 0mS.
2025-11-04 14:03:06,540 [INFO] WebApp:194 - Connection lost
2025-11-04 14:03:09,050 [INFO] WebApp:191 - Connection restablished
2025-11-04 14:03:10,952 [INFO] WebApp:194 - Connection lost
2025-11-04 14:03:13,963 [INFO] WebApp:191 - Connection restablished
2025-11-04 14:18:50,273 [WARN] IP:2250 - I2C_Coeff_DF not found: check if there is a RefParameter without a condition.
2025-11-04 14:18:50,273 [WARN] IP:2250 - Analog_Filter not found: check if there is a RefParameter without a condition.
2025-11-04 14:18:50,299 [WARN] IP:2250 - I2C_Coeff_DF not found: check if there is a RefParameter without a condition.
2025-11-04 14:18:50,299 [WARN] IP:2250 - Analog_Filter not found: check if there is a RefParameter without a condition.
2025-11-04 14:18:50,300 [WARN] IP:2250 - I2C_Coeff_DF not found: check if there is a RefParameter without a condition.
2025-11-04 14:18:50,300 [WARN] IP:2250 - Analog_Filter not found: check if there is a RefParameter without a condition.
2025-11-04 14:18:50,561 [WARN] IP:2250 - I2C_Coeff_DF not found: check if there is a RefParameter without a condition.
2025-11-04 14:18:50,562 [WARN] IP:2250 - Analog_Filter not found: check if there is a RefParameter without a condition.
2025-11-04 14:18:50,565 [WARN] IP:2250 - I2C_Coeff_DF not found: check if there is a RefParameter without a condition.
2025-11-04 14:18:50,565 [WARN] IP:2250 - Analog_Filter not found: check if there is a RefParameter without a condition.
2025-11-04 14:18:54,975 [INFO] NvicIntPanel:101 - NVIC parent = com.st.microxplorer.plugins.ip.nvic.MultiNvicIntPanel[,0,0,568x423,layout=javax.swing.BoxLayout,alignmentX=0.0,alignmentY=0.0,border=,flags=9,maximumSize=,minimumSize=,preferredSize=]
2025-11-04 14:19:04,222 [WARN] IP:2250 - I2C_Coeff_DF not found: check if there is a RefParameter without a condition.
2025-11-04 14:19:04,222 [WARN] IP:2250 - Analog_Filter not found: check if there is a RefParameter without a condition.
2025-11-04 14:19:04,249 [INFO] NvicIntPanel:101 - NVIC parent = com.st.microxplorer.plugins.ip.nvic.MultiNvicIntPanel[,0,0,0x0,invalid,layout=javax.swing.BoxLayout,alignmentX=0.0,alignmentY=0.0,border=,flags=9,maximumSize=,minimumSize=,preferredSize=]
2025-11-04 14:19:04,901 [INFO] NvicIntPanel:101 - NVIC parent = com.st.microxplorer.plugins.ip.nvic.MultiNvicIntPanel[,0,0,0x0,invalid,layout=javax.swing.BoxLayout,alignmentX=0.0,alignmentY=0.0,border=,flags=9,maximumSize=,minimumSize=,preferredSize=]
2025-11-04 14:19:10,352 [WARN] IP:2250 - I2C_Coeff_DF not found: check if there is a RefParameter without a condition.
2025-11-04 14:19:10,352 [WARN] IP:2250 - Analog_Filter not found: check if there is a RefParameter without a condition.
2025-11-04 14:19:10,355 [WARN] IP:2250 - I2C_Coeff_DF not found: check if there is a RefParameter without a condition.
2025-11-04 14:19:10,355 [WARN] IP:2250 - Analog_Filter not found: check if there is a RefParameter without a condition.
2025-11-04 14:19:17,985 [WARN] IP:2250 - I2C_Coeff_DF not found: check if there is a RefParameter without a condition.
2025-11-04 14:19:17,985 [WARN] IP:2250 - Analog_Filter not found: check if there is a RefParameter without a condition.
2025-11-04 14:19:17,988 [WARN] IP:2250 - I2C_Coeff_DF not found: check if there is a RefParameter without a condition.
2025-11-04 14:19:17,988 [WARN] IP:2250 - Analog_Filter not found: check if there is a RefParameter without a condition.
2025-11-04 14:20:03,947 [INFO] WebApp:194 - Connection lost
2025-11-04 14:20:04,449 [INFO] WebApp:191 - Connection restablished
2025-11-04 14:20:29,492 [WARN] IP:2250 - I2C_Coeff_DF not found: check if there is a RefParameter without a condition.
2025-11-04 14:20:29,492 [WARN] IP:2250 - Analog_Filter not found: check if there is a RefParameter without a condition.
2025-11-04 14:20:29,502 [WARN] IP:2250 - I2C_Coeff_DF not found: check if there is a RefParameter without a condition.
2025-11-04 14:20:29,502 [WARN] IP:2250 - Analog_Filter not found: check if there is a RefParameter without a condition.
2025-11-04 14:20:29,502 [WARN] IP:2250 - I2C_Coeff_DF not found: check if there is a RefParameter without a condition.
2025-11-04 14:20:29,502 [WARN] IP:2250 - Analog_Filter not found: check if there is a RefParameter without a condition.
2025-11-04 14:20:29,544 [WARN] IP:2250 - I2C_Coeff_DF not found: check if there is a RefParameter without a condition.
2025-11-04 14:20:29,544 [WARN] IP:2250 - Analog_Filter not found: check if there is a RefParameter without a condition.
2025-11-04 14:20:29,545 [WARN] IP:2250 - I2C_Coeff_DF not found: check if there is a RefParameter without a condition.
2025-11-04 14:20:29,545 [WARN] IP:2250 - Analog_Filter not found: check if there is a RefParameter without a condition.
2025-11-04 14:20:31,345 [WARN] IP:2250 - I2C_Coeff_DF not found: check if there is a RefParameter without a condition.
2025-11-04 14:20:31,345 [WARN] IP:2250 - Analog_Filter not found: check if there is a RefParameter without a condition.
2025-11-04 14:20:41,404 [WARN] IP:2250 - I2C_Coeff_DF not found: check if there is a RefParameter without a condition.
2025-11-04 14:20:41,404 [WARN] IP:2250 - Analog_Filter not found: check if there is a RefParameter without a condition.
2025-11-04 14:20:41,404 [WARN] IP:2250 - I2C_Coeff_DF not found: check if there is a RefParameter without a condition.
2025-11-04 14:20:41,404 [WARN] IP:2250 - Analog_Filter not found: check if there is a RefParameter without a condition.
2025-11-04 14:20:41,493 [WARN] IP:2250 - I2C_Coeff_DF not found: check if there is a RefParameter without a condition.
2025-11-04 14:20:41,493 [WARN] IP:2250 - Analog_Filter not found: check if there is a RefParameter without a condition.
2025-11-04 14:22:00,291 [WARN] IP:2250 - I2C_Coeff_DF not found: check if there is a RefParameter without a condition.
2025-11-04 14:22:00,291 [WARN] IP:2250 - Analog_Filter not found: check if there is a RefParameter without a condition.
2025-11-04 14:22:01,836 [WARN] IP:2250 - I2C_Coeff_DF not found: check if there is a RefParameter without a condition.
2025-11-04 14:22:01,836 [WARN] IP:2250 - Analog_Filter not found: check if there is a RefParameter without a condition.
2025-11-04 14:22:14,241 [INFO] UtilMem:75 - End SaveConfig() Used Memory: 266844704 Bytes (751828992)
2025-11-04 14:22:15,671 [INFO] UtilMem:75 - End SaveConfig() Used Memory: 290119680 Bytes (751828992)
2025-11-04 14:22:22,135 [INFO] UtilMem:75 - End SaveConfig() Used Memory: 409927184 Bytes (751828992)
2025-11-04 14:22:22,350 [INFO] BlockDiagram:2775 - set Specific Code input for plugin: NVIC
2025-11-04 14:22:22,350 [INFO] BlockDiagram:2775 - set Specific Code input for plugin: FREERTOS
2025-11-04 14:22:22,350 [INFO] BlockDiagram:2775 - set Specific Code input for plugin: IWDG
2025-11-04 14:22:22,350 [INFO] BlockDiagram:2775 - set Specific Code input for plugin: DMA
2025-11-04 14:22:22,350 [INFO] BlockDiagram:2775 - set Specific Code input for plugin: SYS
2025-11-04 14:22:22,351 [INFO] BlockDiagram:2775 - set Specific Code input for plugin: GPIO
2025-11-04 14:22:22,351 [INFO] BlockDiagram:2775 - set Specific Code input for plugin: ADC
2025-11-04 14:22:22,351 [INFO] BlockDiagram:2775 - set Specific Code input for plugin: RCC
2025-11-04 14:22:22,351 [INFO] BlockDiagram:2775 - set Specific Code input for plugin: I2C
2025-11-04 14:22:22,351 [INFO] BlockDiagram:2775 - set Specific Code input for plugin: I2C
2025-11-04 14:22:22,352 [INFO] CodeGenerator:892 - code generatio: config db path: C:\ST\STM32CubeIDE_1.19.0\STM32CubeIDE\plugins\com.st.stm32cube.common.mx_6.15.0.202507011659\\db\
2025-11-04 14:22:22,360 [INFO] Argument:325 - Argument : hdmavalue: null
2025-11-04 14:22:22,360 [INFO] Argument:327 - 	 sub Args: 
2025-11-04 14:22:22,360 [INFO] Argument:325 - Argument : Instancevalue: DMA1_Channel1
2025-11-04 14:22:22,360 [INFO] Argument:335 - Argument : Instancevalue: DMA1_Channel1
2025-11-04 14:22:22,360 [INFO] Argument:325 - Argument : Initvalue: null
2025-11-04 14:22:22,360 [INFO] Argument:327 - 	 sub Args: 
2025-11-04 14:22:22,360 [INFO] Argument:325 - Argument : Directionvalue: DMA_PERIPH_TO_MEMORY
2025-11-04 14:22:22,360 [INFO] Argument:335 - Argument : Directionvalue: DMA_PERIPH_TO_MEMORY
2025-11-04 14:22:22,360 [INFO] Argument:325 - Argument : PeriphIncvalue: DMA_PINC_DISABLE
2025-11-04 14:22:22,360 [INFO] Argument:335 - Argument : PeriphIncvalue: DMA_PINC_DISABLE
2025-11-04 14:22:22,360 [INFO] Argument:325 - Argument : MemIncvalue: DMA_MINC_ENABLE
2025-11-04 14:22:22,360 [INFO] Argument:335 - Argument : MemIncvalue: DMA_MINC_ENABLE
2025-11-04 14:22:22,360 [INFO] Argument:325 - Argument : PeriphDataAlignmentvalue: DMA_PDATAALIGN_HALFWORD
2025-11-04 14:22:22,360 [INFO] Argument:335 - Argument : PeriphDataAlignmentvalue: DMA_PDATAALIGN_HALFWORD
2025-11-04 14:22:22,360 [INFO] Argument:325 - Argument : MemDataAlignmentvalue: DMA_MDATAALIGN_HALFWORD
2025-11-04 14:22:22,360 [INFO] Argument:335 - Argument : MemDataAlignmentvalue: DMA_MDATAALIGN_HALFWORD
2025-11-04 14:22:22,360 [INFO] Argument:325 - Argument : Modevalue: DMA_CIRCULAR
2025-11-04 14:22:22,360 [INFO] Argument:335 - Argument : Modevalue: DMA_CIRCULAR
2025-11-04 14:22:22,360 [INFO] Argument:325 - Argument : Priorityvalue: DMA_PRIORITY_LOW
2025-11-04 14:22:22,360 [INFO] Argument:335 - Argument : Priorityvalue: DMA_PRIORITY_LOW
2025-11-04 14:22:22,360 [INFO] Argument:325 - Argument : Lockvalue: null
2025-11-04 14:22:22,360 [INFO] Argument:335 - Argument : Lockvalue: null
2025-11-04 14:22:22,360 [INFO] Argument:325 - Argument : Statevalue: null
2025-11-04 14:22:22,360 [INFO] Argument:335 - Argument : Statevalue: null
2025-11-04 14:22:22,360 [INFO] Argument:325 - Argument : Parentvalue: null
2025-11-04 14:22:22,360 [INFO] Argument:335 - Argument : Parentvalue: null
2025-11-04 14:22:22,360 [INFO] Argument:325 - Argument : XferCpltCallbackvalue: null
2025-11-04 14:22:22,360 [INFO] Argument:335 - Argument : XferCpltCallbackvalue: null
2025-11-04 14:22:22,360 [INFO] Argument:325 - Argument : XferHalfCpltCallbackvalue: null
2025-11-04 14:22:22,360 [INFO] Argument:335 - Argument : XferHalfCpltCallbackvalue: null
2025-11-04 14:22:22,360 [INFO] Argument:325 - Argument : XferErrorCallbackvalue: null
2025-11-04 14:22:22,360 [INFO] Argument:335 - Argument : XferErrorCallbackvalue: null
2025-11-04 14:22:22,360 [INFO] Argument:325 - Argument : ErrorCodevalue: null
2025-11-04 14:22:22,360 [INFO] Argument:335 - Argument : ErrorCodevalue: null
2025-11-04 14:22:22,365 [WARN] IP:2250 - I2C_Coeff_DF not found: check if there is a RefParameter without a condition.
2025-11-04 14:22:22,365 [WARN] IP:2250 - Analog_Filter not found: check if there is a RefParameter without a condition.
2025-11-04 14:22:22,366 [WARN] IP:2250 - I2C_Coeff_DF not found: check if there is a RefParameter without a condition.
2025-11-04 14:22:22,366 [WARN] IP:2250 - Analog_Filter not found: check if there is a RefParameter without a condition.
2025-11-04 14:22:22,451 [INFO] CodeEngine:265 - oldGeneratedFile, C:\Users\USER\STM32CubeIDE\workspace_1.19.0\Hip-Pro_Hardware_V1.2\HardwareV1.2\MXTmpFiles\license.tmp_save
2025-11-04 14:22:22,659 [INFO] CodeEngine:289 - Generated code: C:\Users\USER\STM32CubeIDE\workspace_1.19.0\Hip-Pro_Hardware_V1.2\HardwareV1.2\MXTmpFiles\license.tmp
2025-11-04 14:22:22,712 [INFO] CodeEngine:265 - oldGeneratedFile, C:\Users\USER\STM32CubeIDE\workspace_1.19.0\Hip-Pro_Hardware_V1.2\HardwareV1.2\MXTmpFiles\gpio.tmp_save
2025-11-04 14:22:22,838 [INFO] CodeEngine:289 - Generated code: C:\Users\USER\STM32CubeIDE\workspace_1.19.0\Hip-Pro_Hardware_V1.2\HardwareV1.2\MXTmpFiles\gpio.tmp
2025-11-04 14:22:23,094 [INFO] Middleware:1452 - No code input for Bsp Dependency
2025-11-04 14:22:23,101 [INFO] CodeEngine:265 - oldGeneratedFile, C:\Users\USER\STM32CubeIDE\workspace_1.19.0\Hip-Pro_Hardware_V1.2\HardwareV1.2\MXTmpFiles\rtos_inc.tmp_save
2025-11-04 14:22:23,180 [INFO] CodeEngine:289 - Generated code: C:\Users\USER\STM32CubeIDE\workspace_1.19.0\Hip-Pro_Hardware_V1.2\HardwareV1.2\MXTmpFiles\rtos_inc.tmp
2025-11-04 14:22:23,185 [INFO] CodeEngine:265 - oldGeneratedFile, C:\Users\USER\STM32CubeIDE\workspace_1.19.0\Hip-Pro_Hardware_V1.2\HardwareV1.2\MXTmpFiles\rtos_vars.tmp_save
2025-11-04 14:22:23,256 [INFO] CodeEngine:289 - Generated code: C:\Users\USER\STM32CubeIDE\workspace_1.19.0\Hip-Pro_Hardware_V1.2\HardwareV1.2\MXTmpFiles\rtos_vars.tmp
2025-11-04 14:22:23,262 [INFO] CodeEngine:265 - oldGeneratedFile, C:\Users\USER\STM32CubeIDE\workspace_1.19.0\Hip-Pro_Hardware_V1.2\HardwareV1.2\MXTmpFiles\rtos_pfp.tmp_save
2025-11-04 14:22:23,320 [INFO] CodeEngine:289 - Generated code: C:\Users\USER\STM32CubeIDE\workspace_1.19.0\Hip-Pro_Hardware_V1.2\HardwareV1.2\MXTmpFiles\rtos_pfp.tmp
2025-11-04 14:22:23,327 [INFO] CodeEngine:265 - oldGeneratedFile, C:\Users\USER\STM32CubeIDE\workspace_1.19.0\Hip-Pro_Hardware_V1.2\HardwareV1.2\MXTmpFiles\rtos_obj_creat.tmp_save
2025-11-04 14:22:23,382 [INFO] CodeEngine:289 - Generated code: C:\Users\USER\STM32CubeIDE\workspace_1.19.0\Hip-Pro_Hardware_V1.2\HardwareV1.2\MXTmpFiles\rtos_obj_creat.tmp
2025-11-04 14:22:23,387 [INFO] CodeEngine:265 - oldGeneratedFile, C:\Users\USER\STM32CubeIDE\workspace_1.19.0\Hip-Pro_Hardware_V1.2\HardwareV1.2\MXTmpFiles\rtos_kernelStart.tmp_save
2025-11-04 14:22:23,444 [INFO] CodeEngine:289 - Generated code: C:\Users\USER\STM32CubeIDE\workspace_1.19.0\Hip-Pro_Hardware_V1.2\HardwareV1.2\MXTmpFiles\rtos_kernelStart.tmp
2025-11-04 14:22:23,450 [INFO] CodeEngine:265 - oldGeneratedFile, C:\Users\USER\STM32CubeIDE\workspace_1.19.0\Hip-Pro_Hardware_V1.2\HardwareV1.2\MXTmpFiles\rtos_default_thread.tmp_save
2025-11-04 14:22:23,511 [INFO] CodeEngine:289 - Generated code: C:\Users\USER\STM32CubeIDE\workspace_1.19.0\Hip-Pro_Hardware_V1.2\HardwareV1.2\MXTmpFiles\rtos_default_thread.tmp
2025-11-04 14:22:23,517 [INFO] CodeEngine:265 - oldGeneratedFile, C:\Users\USER\STM32CubeIDE\workspace_1.19.0\Hip-Pro_Hardware_V1.2\HardwareV1.2\MXTmpFiles\rtos_threads.tmp_save
2025-11-04 14:22:23,585 [INFO] CodeEngine:289 - Generated code: C:\Users\USER\STM32CubeIDE\workspace_1.19.0\Hip-Pro_Hardware_V1.2\HardwareV1.2\MXTmpFiles\rtos_threads.tmp
2025-11-04 14:22:23,608 [INFO] Middleware:1452 - No code input for Bsp Dependency
2025-11-04 14:22:23,618 [INFO] CodeEngine:265 - oldGeneratedFile, C:\Users\USER\STM32CubeIDE\workspace_1.19.0\Hip-Pro_Hardware_V1.2\HardwareV1.2\MXTmpFiles\rtos_inc.tmp_save
2025-11-04 14:22:23,678 [INFO] CodeEngine:289 - Generated code: C:\Users\USER\STM32CubeIDE\workspace_1.19.0\Hip-Pro_Hardware_V1.2\HardwareV1.2\MXTmpFiles\rtos_inc.tmp
2025-11-04 14:22:23,685 [INFO] CodeEngine:265 - oldGeneratedFile, C:\Users\USER\STM32CubeIDE\workspace_1.19.0\Hip-Pro_Hardware_V1.2\HardwareV1.2\MXTmpFiles\rtos_vars.tmp_save
2025-11-04 14:22:23,743 [INFO] CodeEngine:289 - Generated code: C:\Users\USER\STM32CubeIDE\workspace_1.19.0\Hip-Pro_Hardware_V1.2\HardwareV1.2\MXTmpFiles\rtos_vars.tmp
2025-11-04 14:22:23,749 [INFO] CodeEngine:265 - oldGeneratedFile, C:\Users\USER\STM32CubeIDE\workspace_1.19.0\Hip-Pro_Hardware_V1.2\HardwareV1.2\MXTmpFiles\rtos_pfp.tmp_save
2025-11-04 14:22:23,802 [INFO] CodeEngine:289 - Generated code: C:\Users\USER\STM32CubeIDE\workspace_1.19.0\Hip-Pro_Hardware_V1.2\HardwareV1.2\MXTmpFiles\rtos_pfp.tmp
2025-11-04 14:22:23,808 [INFO] CodeEngine:265 - oldGeneratedFile, C:\Users\USER\STM32CubeIDE\workspace_1.19.0\Hip-Pro_Hardware_V1.2\HardwareV1.2\MXTmpFiles\rtos_obj_creat.tmp_save
2025-11-04 14:22:23,865 [INFO] CodeEngine:289 - Generated code: C:\Users\USER\STM32CubeIDE\workspace_1.19.0\Hip-Pro_Hardware_V1.2\HardwareV1.2\MXTmpFiles\rtos_obj_creat.tmp
2025-11-04 14:22:23,872 [INFO] CodeEngine:265 - oldGeneratedFile, C:\Users\USER\STM32CubeIDE\workspace_1.19.0\Hip-Pro_Hardware_V1.2\HardwareV1.2\MXTmpFiles\rtos_kernelStart.tmp_save
2025-11-04 14:22:23,926 [INFO] CodeEngine:289 - Generated code: C:\Users\USER\STM32CubeIDE\workspace_1.19.0\Hip-Pro_Hardware_V1.2\HardwareV1.2\MXTmpFiles\rtos_kernelStart.tmp
2025-11-04 14:22:23,931 [INFO] CodeEngine:265 - oldGeneratedFile, C:\Users\USER\STM32CubeIDE\workspace_1.19.0\Hip-Pro_Hardware_V1.2\HardwareV1.2\MXTmpFiles\rtos_default_thread.tmp_save
2025-11-04 14:22:23,986 [INFO] CodeEngine:289 - Generated code: C:\Users\USER\STM32CubeIDE\workspace_1.19.0\Hip-Pro_Hardware_V1.2\HardwareV1.2\MXTmpFiles\rtos_default_thread.tmp
2025-11-04 14:22:23,992 [INFO] CodeEngine:265 - oldGeneratedFile, C:\Users\USER\STM32CubeIDE\workspace_1.19.0\Hip-Pro_Hardware_V1.2\HardwareV1.2\MXTmpFiles\rtos_threads.tmp_save
2025-11-04 14:22:24,042 [INFO] CodeEngine:289 - Generated code: C:\Users\USER\STM32CubeIDE\workspace_1.19.0\Hip-Pro_Hardware_V1.2\HardwareV1.2\MXTmpFiles\rtos_threads.tmp
2025-11-04 14:22:24,047 [INFO] CodeEngine:265 - oldGeneratedFile, C:\Users\USER\STM32CubeIDE\workspace_1.19.0\Hip-Pro_Hardware_V1.2\HardwareV1.2\Core\Inc\FreeRTOSConfig.h_save
2025-11-04 14:22:24,113 [INFO] CodeEngine:289 - Generated code: C:\Users\USER\STM32CubeIDE\workspace_1.19.0\Hip-Pro_Hardware_V1.2\HardwareV1.2\Core\Inc\FreeRTOSConfig.h
2025-11-04 14:22:24,119 [INFO] CodeEngine:265 - oldGeneratedFile, C:\Users\USER\STM32CubeIDE\workspace_1.19.0\Hip-Pro_Hardware_V1.2\HardwareV1.2\Core\Src\freertos.c_save
2025-11-04 14:22:24,179 [INFO] CodeEngine:289 - Generated code: C:\Users\USER\STM32CubeIDE\workspace_1.19.0\Hip-Pro_Hardware_V1.2\HardwareV1.2\Core\Src\freertos.c
2025-11-04 14:22:24,197 [INFO] CodeEngine:265 - oldGeneratedFile, C:\Users\USER\STM32CubeIDE\workspace_1.19.0\Hip-Pro_Hardware_V1.2\HardwareV1.2\MXTmpFiles\dma.tmp_save
2025-11-04 14:22:24,248 [INFO] CodeEngine:289 - Generated code: C:\Users\USER\STM32CubeIDE\workspace_1.19.0\Hip-Pro_Hardware_V1.2\HardwareV1.2\MXTmpFiles\dma.tmp
2025-11-04 14:22:24,252 [INFO] CodeEngine:265 - oldGeneratedFile, C:\Users\USER\STM32CubeIDE\workspace_1.19.0\Hip-Pro_Hardware_V1.2\HardwareV1.2\MXTmpFiles\dma_GV.tmp_save
2025-11-04 14:22:24,301 [INFO] CodeEngine:289 - Generated code: C:\Users\USER\STM32CubeIDE\workspace_1.19.0\Hip-Pro_Hardware_V1.2\HardwareV1.2\MXTmpFiles\dma_GV.tmp
2025-11-04 14:22:24,315 [INFO] CodeEngine:265 - oldGeneratedFile, C:\Users\USER\STM32CubeIDE\workspace_1.19.0\Hip-Pro_Hardware_V1.2\HardwareV1.2\Core\Src\stm32f1xx_it.c_save
2025-11-04 14:22:24,465 [INFO] CodeEngine:289 - Generated code: C:\Users\USER\STM32CubeIDE\workspace_1.19.0\Hip-Pro_Hardware_V1.2\HardwareV1.2\Core\Src\stm32f1xx_it.c
2025-11-04 14:22:24,472 [INFO] CodeEngine:265 - oldGeneratedFile, C:\Users\USER\STM32CubeIDE\workspace_1.19.0\Hip-Pro_Hardware_V1.2\HardwareV1.2\Core\Inc\stm32f1xx_it.h_save
2025-11-04 14:22:24,526 [INFO] CodeEngine:289 - Generated code: C:\Users\USER\STM32CubeIDE\workspace_1.19.0\Hip-Pro_Hardware_V1.2\HardwareV1.2\Core\Inc\stm32f1xx_it.h
2025-11-04 14:22:24,539 [INFO] CodeEngine:265 - oldGeneratedFile, C:\Users\USER\STM32CubeIDE\workspace_1.19.0\Hip-Pro_Hardware_V1.2\HardwareV1.2\Core\Src\stm32f1xx_hal_msp.c_save
2025-11-04 14:22:24,645 [INFO] CodeEngine:289 - Generated code: C:\Users\USER\STM32CubeIDE\workspace_1.19.0\Hip-Pro_Hardware_V1.2\HardwareV1.2\Core\Src\stm32f1xx_hal_msp.c
2025-11-04 14:22:24,650 [INFO] CodeEngine:265 - oldGeneratedFile, C:\Users\USER\STM32CubeIDE\workspace_1.19.0\Hip-Pro_Hardware_V1.2\HardwareV1.2\MXTmpFiles\system.tmp_save
2025-11-04 14:22:24,699 [INFO] CodeEngine:289 - Generated code: C:\Users\USER\STM32CubeIDE\workspace_1.19.0\Hip-Pro_Hardware_V1.2\HardwareV1.2\MXTmpFiles\system.tmp
2025-11-04 14:22:24,704 [INFO] CodeEngine:265 - oldGeneratedFile, C:\Users\USER\STM32CubeIDE\workspace_1.19.0\Hip-Pro_Hardware_V1.2\HardwareV1.2\Core\Src\stm32f1xx_hal_timebase_tim.c_save
2025-11-04 14:22:24,763 [INFO] CodeEngine:289 - Generated code: C:\Users\USER\STM32CubeIDE\workspace_1.19.0\Hip-Pro_Hardware_V1.2\HardwareV1.2\Core\Src\stm32f1xx_hal_timebase_tim.c
2025-11-04 14:22:24,772 [INFO] CodeEngine:321 - oldGeneratedFile, C:\Users\USER\STM32CubeIDE\workspace_1.19.0\Hip-Pro_Hardware_V1.2\HardwareV1.2\Core\Inc\stm32f1xx_hal_conf.h_save
2025-11-04 14:22:24,828 [INFO] CodeEngine:345 - Generated code: C:\Users\USER\STM32CubeIDE\workspace_1.19.0\Hip-Pro_Hardware_V1.2\HardwareV1.2\Core\Inc\stm32f1xx_hal_conf.h
2025-11-04 14:22:24,844 [INFO] ApiDbMcu:532 - Load IP Config File for I2C1
2025-11-04 14:22:24,846 [INFO] ApiDbMcu:532 - Load IP Config File for I2C2
2025-11-04 14:22:24,853 [INFO] CodeEngine:265 - oldGeneratedFile, C:\Users\USER\STM32CubeIDE\workspace_1.19.0\Hip-Pro_Hardware_V1.2\HardwareV1.2\Core\Inc\main.h_save
2025-11-04 14:22:24,945 [INFO] CodeEngine:289 - Generated code: C:\Users\USER\STM32CubeIDE\workspace_1.19.0\Hip-Pro_Hardware_V1.2\HardwareV1.2\Core\Inc\main.h
2025-11-04 14:22:24,951 [INFO] CodeEngine:265 - oldGeneratedFile, C:\Users\USER\STM32CubeIDE\workspace_1.19.0\Hip-Pro_Hardware_V1.2\HardwareV1.2\Core\Src\main.c_save
2025-11-04 14:22:25,078 [INFO] CodeEngine:289 - Generated code: C:\Users\USER\STM32CubeIDE\workspace_1.19.0\Hip-Pro_Hardware_V1.2\HardwareV1.2\Core\Src\main.c
2025-11-04 14:22:25,377 [INFO] ProjectBuilder:3606 - Time for Copy HAL[1] : 163mS.
2025-11-04 14:22:25,381 [INFO] ProjectBuilder:5216 - Project Generator version: 4.7.0-B52
2025-11-04 14:22:25,447 [INFO] ConfigFileManager:1595 - The Die is : DIE414
2025-11-04 14:22:26,537 [INFO] ProjectBuilder:5496 - Time for Generating toolchain IDE Files: 1155mS.
2025-11-04 14:22:26,537 [INFO] ProjectBuilder:3463 - Time for Copy CMSIS : 0mS.
2025-11-04 14:22:26,545 [INFO] ProjectBuilder:3463 - Time for Copy CMSIS : 0mS.
2025-11-04 14:40:52,355 [ERROR] ConfigurationRetriever:142 - IOException on connection: Connect timed out
2025-11-04 14:40:54,357 [ERROR] ConfigurationRetriever:142 - IOException on connection: Connect timed out
2025-11-04 17:43:46,273 [INFO] WebApp:194 - Connection lost
2025-11-04 17:44:16,249 [INFO] WebApp:191 - Connection restablished
2025-11-04 17:55:11,922 [ERROR] ConfigurationRetriever:142 - IOException on connection: sw-center.st.com
2025-11-04 17:55:11,922 [ERROR] ConfigurationRetriever:142 - IOException on connection: sw-center.st.com
2025-11-04 17:55:11,922 [ERROR] ConfigurationRetriever:142 - IOException on connection: sw-center.st.com
2025-11-04 17:57:38,126 [ERROR] ConfigurationRetriever:142 - IOException on connection: PKIX path building failed: sun.security.provider.certpath.SunCertPathBuilderException: unable to find valid certification path to requested target
2025-11-04 17:57:38,136 [ERROR] ConfigurationRetriever:142 - IOException on connection: PKIX path building failed: sun.security.provider.certpath.SunCertPathBuilderException: unable to find valid certification path to requested target
2025-11-04 17:57:38,145 [ERROR] ConfigurationRetriever:142 - IOException on connection: PKIX path building failed: sun.security.provider.certpath.SunCertPathBuilderException: unable to find valid certification path to requested target
2025-11-04 17:59:24,196 [ERROR] ConfigurationRetriever:142 - IOException on connection: PKIX path building failed: sun.security.provider.certpath.SunCertPathBuilderException: unable to find valid certification path to requested target
2025-11-04 17:59:24,204 [ERROR] ConfigurationRetriever:142 - IOException on connection: PKIX path building failed: sun.security.provider.certpath.SunCertPathBuilderException: unable to find valid certification path to requested target
2025-11-04 17:59:24,212 [ERROR] ConfigurationRetriever:142 - IOException on connection: PKIX path building failed: sun.security.provider.certpath.SunCertPathBuilderException: unable to find valid certification path to requested target
2025-11-04 17:59:30,708 [ERROR] ConfigurationRetriever:142 - IOException on connection: PKIX path building failed: sun.security.provider.certpath.SunCertPathBuilderException: unable to find valid certification path to requested target
2025-11-04 17:59:30,718 [ERROR] ConfigurationRetriever:142 - IOException on connection: PKIX path building failed: sun.security.provider.certpath.SunCertPathBuilderException: unable to find valid certification path to requested target
2025-11-04 17:59:30,725 [ERROR] ConfigurationRetriever:142 - IOException on connection: PKIX path building failed: sun.security.provider.certpath.SunCertPathBuilderException: unable to find valid certification path to requested target
2025-11-04 18:01:34,344 [INFO] MainUpdater:2872 - connection check result : 10
2025-11-04 18:01:34,344 [INFO] MainUpdater:2872 - connection check result : 10
2025-11-04 18:01:34,383 [INFO] MicroXplorer:468 - Change Database Path : 
2025-11-04 18:01:34,383 [INFO] MicroXplorer:498 - Change Database Version : DB.6.0.150
2025-11-04 18:01:34,453 [ERROR] ProjectManagerView:395 - 
java.lang.NullPointerException: Cannot invoke "javax.swing.JTextField.getText()" because the return value of "java.util.List.get(int)" is null
	at com.st.microxplorer.plugins.projectmanager.gui.ProjectChoiceTab$9.caretUpdate(ProjectChoiceTab.java:2706) ~[filemanager.jar:?]
	at javax.swing.text.JTextComponent.fireCaretUpdate(JTextComponent.java:408) ~[?:?]
	at javax.swing.text.JTextComponent$MutableCaretEvent.fire(JTextComponent.java:4484) ~[?:?]
	at javax.swing.text.JTextComponent$MutableCaretEvent.stateChanged(JTextComponent.java:4506) ~[?:?]
	at javax.swing.text.DefaultCaret.fireStateChanged(DefaultCaret.java:857) ~[?:?]
	at javax.swing.text.DefaultCaret.changeCaretPosition(DefaultCaret.java:1343) ~[?:?]
	at javax.swing.text.DefaultCaret.handleSetDot(DefaultCaret.java:1242) ~[?:?]
	at javax.swing.text.DefaultCaret.setDot(DefaultCaret.java:1223) ~[?:?]
	at javax.swing.text.DefaultCaret$Handler.insertUpdate(DefaultCaret.java:1819) ~[?:?]
	at javax.swing.text.AbstractDocument.fireInsertUpdate(AbstractDocument.java:227) ~[?:?]
	at javax.swing.text.AbstractDocument.handleInsertString(AbstractDocument.java:781) ~[?:?]
	at javax.swing.text.AbstractDocument.insertString(AbstractDocument.java:740) ~[?:?]
	at javax.swing.text.PlainDocument.insertString(PlainDocument.java:131) ~[?:?]
	at javax.swing.text.AbstractDocument.replace(AbstractDocument.java:699) ~[?:?]
	at javax.swing.text.JTextComponent.setText(JTextComponent.java:1725) ~[?:?]
	at com.st.microxplorer.plugins.projectmanager.gui.ProjectChoiceTab.createHeapStackFields(ProjectChoiceTab.java:993) ~[filemanager.jar:?]
	at com.st.microxplorer.plugins.projectmanager.gui.ProjectChoiceTab.buildLinkSettingsPanel(ProjectChoiceTab.java:3813) ~[filemanager.jar:?]
	at com.st.microxplorer.plugins.projectmanager.gui.ProjectChoiceTab.defineWindowsFields(ProjectChoiceTab.java:1987) ~[filemanager.jar:?]
	at com.st.microxplorer.plugins.projectmanager.gui.ProjectChoiceTab.updateSettings(ProjectChoiceTab.java:558) ~[filemanager.jar:?]
	at com.st.microxplorer.plugins.projectmanager.gui.ProjectSettingsPanel.UpdateDialog(ProjectSettingsPanel.java:247) ~[filemanager.jar:?]
	at com.st.microxplorer.plugins.projectmanager.ProjectManagerView.propertyChange(ProjectManagerView.java:392) ~[filemanager.jar:?]
	at java.beans.PropertyChangeSupport.fire(PropertyChangeSupport.java:343) ~[?:?]
	at java.beans.PropertyChangeSupport.firePropertyChange(PropertyChangeSupport.java:335) ~[?:?]
	at java.beans.PropertyChangeSupport.firePropertyChange(PropertyChangeSupport.java:268) ~[?:?]
	at com.st.microxplorer.util.MXPropertyChangeSupport.firePropertyChange(MXPropertyChangeSupport.java:54) ~[STM32CubeMX.jar:?]
	at com.st.microxplorer.mxsystem.MxSystem.closeConfig(MxSystem.java:899) ~[STM32CubeMX.jar:?]
	at com.st.microxplorer.maingui.MainPanel.closeConfig(MainPanel.java:792) ~[STM32CubeMX.jar:?]
	at com.st.microxplorer.plugins.filemanager.engine.OpenFileManager.loadConfigurationFile(OpenFileManager.java:288) ~[filemanager.jar:?]
	at com.st.microxplorer.plugins.filemanager.engine.MainFileManager.userLoadConfig(MainFileManager.java:364) ~[filemanager.jar:?]
	at com.st.microxplorer.plugins.filemanager.engine.MainFileManager.userLoadConfig(MainFileManager.java:342) ~[filemanager.jar:?]
	at com.st.microxplorer.plugins.filemanager.FileManagerView.getSpecificTask(FileManagerView.java:264) ~[filemanager.jar:?]
	at com.st.stm32cube.common.mx.editor.CubeMxEditor.getMxTabbedPaneInstance(CubeMxEditor.java:1198) ~[com.st.stm32cube.common.mx_6.15.0.202507011659/:?]
	at com.st.stm32cube.common.mx.editor.CubeMxEditor$12$1.createSwingComponent(CubeMxEditor.java:1068) ~[com.st.stm32cube.common.mx_6.15.0.202507011659/:?]
	at com.st.stm32cube.common.mx.oss.core.awtswtbridge.EmbeddedSwingComposite.doComponentCreation(EmbeddedSwingComposite.java:492) ~[com.st.stm32cube.common.mx.oss_6.15.0.202507011659/:?]
	at com.st.stm32cube.common.mx.oss.core.awtswtbridge.EmbeddedSwingComposite$4.run(EmbeddedSwingComposite.java:291) ~[com.st.stm32cube.common.mx.oss_6.15.0.202507011659/:?]
	at com.st.stm32cube.common.mx.oss.core.awtswtbridge.AwtEnvironment$2.run(AwtEnvironment.java:166) ~[com.st.stm32cube.common.mx.oss_6.15.0.202507011659/:?]
	at java.awt.event.InvocationEvent.dispatch(InvocationEvent.java:318) ~[?:?]
	at java.awt.EventQueue.dispatchEventImpl(EventQueue.java:773) ~[?:?]
	at java.awt.EventQueue$4.run(EventQueue.java:720) ~[?:?]
	at java.awt.EventQueue$4.run(EventQueue.java:714) ~[?:?]
	at java.security.AccessController.doPrivileged(AccessController.java:400) ~[?:?]
	at java.security.ProtectionDomain$JavaSecurityAccessImpl.doIntersectionPrivilege(ProtectionDomain.java:87) ~[?:?]
	at java.awt.EventQueue.dispatchEvent(EventQueue.java:742) ~[?:?]
	at java.awt.EventDispatchThread.pumpOneEventForFilters(EventDispatchThread.java:203) ~[?:?]
	at java.awt.EventDispatchThread.pumpEventsForFilter(EventDispatchThread.java:124) ~[?:?]
	at java.awt.EventDispatchThread.pumpEventsForHierarchy(EventDispatchThread.java:113) ~[?:?]
	at java.awt.EventDispatchThread.pumpEvents(EventDispatchThread.java:109) ~[?:?]
	at java.awt.EventDispatchThread.pumpEvents(EventDispatchThread.java:101) ~[?:?]
	at java.awt.EventDispatchThread.run(EventDispatchThread.java:90) ~[?:?]
2025-11-04 18:01:34,470 [WARN] ThirdParty:871 - waiting for thirdparty lock release [close project]
2025-11-04 18:01:34,471 [INFO] ThirdParty:873 - entering critical section [close project]
2025-11-04 18:01:34,471 [INFO] ThirdParty:883 - exiting critical section [close project]
2025-11-04 18:01:34,474 [INFO] PinOutPanel:1589 - setPackage(No Configuration,No Configuration)
2025-11-04 18:01:34,491 [INFO] UtilMem:75 - Begin LoadConfig() Used Memory: 348041976 Bytes (751828992)
2025-11-04 18:01:34,493 [INFO] MicroXplorer:468 - Change Database Path : 
2025-11-04 18:01:34,493 [INFO] MicroXplorer:498 - Change Database Version : DB.6.0.150
2025-11-04 18:01:34,493 [INFO] OpenFileManager:355 - Change cursor
2025-11-04 18:01:34,525 [INFO] RulesReader:64 - Compatibility file has been processed (317 Rules)
2025-11-04 18:01:34,532 [INFO] Mcu:2029 - Initializing MCU STM32F103R(C-D-E)Tx STM32F103RCTx STM32F103RCT6TR
2025-11-04 18:01:35,439 [INFO] Context:786 - Trying to add GPIOservice into a context  which must be forbidden
2025-11-04 18:01:35,783 [INFO] ImportTextPane:234 - (OptionalMessage_ERROR) Pin29 (VP_RIF_VS_RIF1) cannot be retrieved for this MCU
2025-11-04 18:01:35,839 [INFO] RtosManager:558 - Registered RTOS mode: class=CMSIS, group=RTOS, mode=CMSIS_V1, owner=FREERTOS
2025-11-04 18:01:35,839 [INFO] RtosManager:558 - Registered RTOS mode: class=CMSIS, group=RTOS2, mode=CMSIS_V2, owner=FREERTOS
2025-11-04 18:01:35,840 [INFO] RtosManager:558 - Registered RTOS mode: class=RTOS, group=Core, mode=CMSIS_V1, owner=FREERTOS
2025-11-04 18:01:35,840 [INFO] RtosManager:558 - Registered RTOS mode: class=RTOS, group=Core, mode=CMSIS_V2, owner=FREERTOS
2025-11-04 18:01:35,840 [WARN] ModelIntegratedComponent:184 - Missing modes for component STMicroelectronics:FreeRTOS:0.0.1:STMicroelectronics:RTOS:FreeRTOS:Core:::10.2.0:
2025-11-04 18:01:35,854 [WARN] ModelIntegratedComponent:63 - No mode defined for component null
2025-11-04 18:01:35,855 [WARN] ModelIntegratedComponent:63 - No mode defined for component null
2025-11-04 18:01:35,855 [WARN] ModelIntegratedComponent:63 - No mode defined for component null
2025-11-04 18:01:35,855 [WARN] ModelIntegratedComponent:63 - No mode defined for component null
2025-11-04 18:01:35,855 [WARN] ModelIntegratedComponent:63 - No mode defined for component null
2025-11-04 18:01:35,855 [WARN] ModelIntegratedComponent:63 - No mode defined for component null
2025-11-04 18:01:35,855 [WARN] ModelIntegratedComponent:63 - No mode defined for component null
2025-11-04 18:01:35,855 [WARN] ModelIntegratedComponent:63 - No mode defined for component null
2025-11-04 18:01:35,855 [WARN] ModelIntegratedComponent:63 - No mode defined for component null
2025-11-04 18:01:35,855 [WARN] ModelIntegratedComponent:63 - No mode defined for component null
2025-11-04 18:01:35,855 [WARN] ModelIntegratedComponent:63 - No mode defined for component null
2025-11-04 18:01:35,855 [WARN] ModelIntegratedComponent:63 - No mode defined for component null
2025-11-04 18:01:35,855 [WARN] ModelIntegratedComponent:63 - No mode defined for component null
2025-11-04 18:01:35,855 [WARN] ModelIntegratedComponent:63 - No mode defined for component null
2025-11-04 18:01:35,855 [WARN] ModelIntegratedComponent:63 - No mode defined for component null
2025-11-04 18:01:35,855 [WARN] ModelIntegratedComponent:63 - No mode defined for component null
2025-11-04 18:01:35,856 [WARN] ModelIntegratedComponent:63 - No mode defined for component null
2025-11-04 18:01:35,856 [WARN] ModelIntegratedComponent:63 - No mode defined for component null
2025-11-04 18:01:35,856 [WARN] ModelIntegratedComponent:63 - No mode defined for component null
2025-11-04 18:01:35,856 [WARN] ModelIntegratedComponent:63 - No mode defined for component null
2025-11-04 18:01:35,856 [WARN] ModelIntegratedComponent:63 - No mode defined for component null
2025-11-04 18:01:35,856 [WARN] ModelIntegratedComponent:63 - No mode defined for component null
2025-11-04 18:01:35,856 [WARN] ModelIntegratedComponent:63 - No mode defined for component null
2025-11-04 18:01:35,856 [WARN] ModelIntegratedComponent:63 - No mode defined for component null
2025-11-04 18:01:35,856 [WARN] ModelIntegratedComponent:63 - No mode defined for component null
2025-11-04 18:01:35,856 [WARN] ModelIntegratedComponent:63 - No mode defined for component null
2025-11-04 18:01:35,856 [WARN] ModelIntegratedComponent:63 - No mode defined for component null
2025-11-04 18:01:35,856 [WARN] ModelIntegratedComponent:63 - No mode defined for component null
2025-11-04 18:01:35,856 [WARN] ModelIntegratedComponent:63 - No mode defined for component null
2025-11-04 18:01:35,856 [WARN] ModelIntegratedComponent:63 - No mode defined for component null
2025-11-04 18:01:35,856 [WARN] ModelIntegratedComponent:63 - No mode defined for component null
2025-11-04 18:01:35,856 [WARN] ModelIntegratedComponent:63 - No mode defined for component null
2025-11-04 18:01:35,856 [WARN] ModelIntegratedComponent:63 - No mode defined for component null
2025-11-04 18:01:35,856 [WARN] ModelIntegratedComponent:63 - No mode defined for component null
2025-11-04 18:01:35,856 [WARN] ModelIntegratedComponent:63 - No mode defined for component null
2025-11-04 18:01:35,856 [WARN] ModelPack:524 - Component already loaded: STMicroelectronics:HAL Drivers:0.0.0:STMicroelectronics:Device:STMicro_Driver:XSPI:HAL::0.0.1:HAL_XSPI
2025-11-04 18:01:35,932 [INFO] ThirdPartyModel:298 - Start build external matchings
2025-11-04 18:01:36,185 [INFO] ThirdPartyModel:316 - End build external matchings
2025-11-04 18:01:36,196 [INFO] RtosManager:1018 - Current active RTOS is FREERTOS [Cortex-M3NS]
2025-11-04 18:01:36,199 [INFO] ImportTextPane:234 - (OptionalMessage_ERROR) IP (DMA) : Parameter (Instance) has Id (ADC1) currently not set
2025-11-04 18:01:36,200 [INFO] ImportTextPane:234 - (OptionalMessage_ERROR) IP (DMA) : Parameter (Direction) has Id (ADC1) currently not set
2025-11-04 18:01:36,200 [INFO] ImportTextPane:234 - (OptionalMessage_ERROR) IP (DMA) : Parameter (PeriphInc) has Id (ADC1) currently not set
2025-11-04 18:01:36,200 [INFO] ImportTextPane:234 - (OptionalMessage_ERROR) IP (DMA) : Parameter (MemInc) has Id (ADC1) currently not set
2025-11-04 18:01:36,200 [INFO] ImportTextPane:234 - (OptionalMessage_ERROR) IP (DMA) : Parameter (PeriphDataAlignment) has Id (ADC1) currently not set
2025-11-04 18:01:36,201 [INFO] ImportTextPane:234 - (OptionalMessage_ERROR) IP (DMA) : Parameter (MemDataAlignment) has Id (ADC1) currently not set
2025-11-04 18:01:36,201 [INFO] ImportTextPane:234 - (OptionalMessage_ERROR) IP (DMA) : Parameter (Mode) has Id (ADC1) currently not set
2025-11-04 18:01:36,201 [INFO] ImportTextPane:234 - (OptionalMessage_ERROR) IP (DMA) : Parameter (Priority) has Id (ADC1) currently not set
2025-11-04 18:01:36,208 [INFO] ImportTextPane:234 - (OptionalMessage_ERROR) IP (RCC) : Invalid parameter (FamilyName)
2025-11-04 18:01:36,208 [INFO] ImportTextPane:234 - (OptionalMessage_ERROR) IP (RCC) : Parameter (MCOFreq_Value) has invalid value (72000000)
2025-11-04 18:01:36,208 [INFO] ImportTextPane:234 - (OptionalMessage_ERROR) IP (RCC) : Parameter (USBFreq_Value) has invalid value (72000000)
2025-11-04 18:01:36,440 [INFO] UtilMem:75 - End LoadConfig() Used Memory: 555130216 Bytes (751828992)
2025-11-04 18:01:36,482 [WARN] ThirdParty:833 - waiting for thirdparty lock release [change project]
2025-11-04 18:01:36,482 [INFO] ThirdParty:835 - entering critical section [change project]
2025-11-04 18:01:36,482 [INFO] ThirdParty:1030 - CMSIS Pack Vendor :STMicroelectronics X-CUBE-PM33A1 1.0.0
2025-11-04 18:01:36,482 [INFO] ThirdParty:1030 - CMSIS Pack Vendor :STMicroelectronics USBPD 4.1
2025-11-04 18:01:36,482 [INFO] ThirdParty:1030 - CMSIS Pack Vendor :STMicroelectronics X-CUBE-NFC9 1.0.0
2025-11-04 18:01:36,482 [INFO] ThirdParty:1030 - CMSIS Pack Vendor :STMicroelectronics USB_HOST 2.0.0
2025-11-04 18:01:36,482 [INFO] ThirdParty:1030 - CMSIS Pack Vendor :STMicroelectronics FP-SNS-MOTENVWB1 1.4.0
2025-11-04 18:01:36,483 [INFO] ThirdParty:1030 - CMSIS Pack Vendor :STMicroelectronics X-CUBE-AZRTOS-F4 1.1.0
2025-11-04 18:01:36,483 [INFO] ThirdParty:1030 - CMSIS Pack Vendor :STMicroelectronics LIBJPEG 8.0.0
2025-11-04 18:01:36,483 [INFO] ThirdParty:1030 - CMSIS Pack Vendor :STMicroelectronics FP-ATR-ASTRA1 2.0.2
2025-11-04 18:01:36,483 [INFO] ThirdParty:1030 - CMSIS Pack Vendor :wolfSSL I-CUBE-wolfSSL 5.8.2
2025-11-04 18:01:36,483 [INFO] ThirdParty:1030 - CMSIS Pack Vendor :STMicroelectronics X-CUBE-BLE1 7.1.0
2025-11-04 18:01:36,483 [INFO] ThirdParty:1030 - CMSIS Pack Vendor :STMicroelectronics X-CUBE-SMBUS 2.1.0
2025-11-04 18:01:36,483 [INFO] ThirdParty:1030 - CMSIS Pack Vendor :wolfSSL I-CUBE-wolfMQTT 1.19.2
2025-11-04 18:01:36,484 [INFO] ThirdParty:1030 - CMSIS Pack Vendor :STMicroelectronics USB_DEVICE 3.0.0
2025-11-04 18:01:36,484 [INFO] ThirdParty:1030 - CMSIS Pack Vendor :STMicroelectronics X-CUBE-ISPU 2.1.0
2025-11-04 18:01:36,484 [INFO] ThirdParty:1030 - CMSIS Pack Vendor :STMicroelectronics X-CUBE-EEPRMA1 5.2.0
2025-11-04 18:01:36,484 [INFO] ThirdParty:1030 - CMSIS Pack Vendor :STMicroelectronics X-CUBE-IPS 3.2.0
2025-11-04 18:01:36,484 [INFO] ThirdParty:1030 - CMSIS Pack Vendor :STMicroelectronics X-CUBE-BLEMGR 4.1.0
2025-11-04 18:01:36,484 [INFO] ThirdParty:1030 - CMSIS Pack Vendor :STMicroelectronics X-CUBE-AZRTOS-WB 2.0.0
2025-11-04 18:01:36,485 [INFO] ThirdParty:1030 - CMSIS Pack Vendor :STMicroelectronics X-CUBE-NFC12 1.0.0
2025-11-04 18:01:36,485 [INFO] ThirdParty:1030 - CMSIS Pack Vendor :STMicroelectronics X-CUBE-AZRTOS-F7 1.1.0
2025-11-04 18:01:36,485 [INFO] ThirdParty:1030 - CMSIS Pack Vendor :STMicroelectronics X-CUBE-AZRTOS-L5 2.0.0
2025-11-04 18:01:36,486 [INFO] ThirdParty:1030 - CMSIS Pack Vendor :STMicroelectronics USB_DEVICE 2.0.0
2025-11-04 18:01:36,486 [INFO] ThirdParty:1030 - CMSIS Pack Vendor :STMicroelectronics X-CUBE-NFC6 3.1.0
2025-11-04 18:01:36,487 [INFO] ThirdParty:1030 - CMSIS Pack Vendor :STMicroelectronics X-CUBE-ST67W61 1.1.0
2025-11-04 18:01:36,487 [INFO] ThirdParty:1030 - CMSIS Pack Vendor :Cesanta I-CUBE-Mongoose 7.19.0
2025-11-04 18:01:36,487 [INFO] ThirdParty:1030 - CMSIS Pack Vendor :quantropi X-CUBE-qispace-sdk-base 2.1.0
2025-11-04 18:01:36,487 [INFO] ThirdParty:1030 - CMSIS Pack Vendor :STMicroelectronics FP-SNS-MOTENV1 5.1.0
2025-11-04 18:01:36,487 [INFO] ThirdParty:1030 - CMSIS Pack Vendor :STMicroelectronics FreeRTOS 0.0.1
2025-11-04 18:01:36,487 [INFO] ThirdParty:1030 - CMSIS Pack Vendor :STMicroelectronics X-CUBE-AZRTOS-G0 1.1.0
2025-11-04 18:01:36,487 [INFO] ThirdParty:1030 - CMSIS Pack Vendor :STMicroelectronics X-CUBE-SAFEA1 1.2.2
2025-11-04 18:01:36,487 [INFO] ThirdParty:1030 - CMSIS Pack Vendor :STMicroelectronics X-CUBE-NFC4 3.0.0
2025-11-04 18:01:36,488 [INFO] ThirdParty:1030 - CMSIS Pack Vendor :STMicroelectronics X-CUBE-SUBG2 5.0.0
2025-11-04 18:01:36,488 [INFO] ThirdParty:1030 - CMSIS Pack Vendor :STMicroelectronics X-CUBE-AZRTOS-H7RS 1.1.0
2025-11-04 18:01:36,488 [INFO] ThirdParty:1030 - CMSIS Pack Vendor :STMicroelectronics STM32_WPAN 1.0.0
2025-11-04 18:01:36,488 [INFO] ThirdParty:1030 - CMSIS Pack Vendor :EmbeddedOffice I-CUBE-FS-RTOS 1.0.1
2025-11-04 18:01:36,488 [INFO] ThirdParty:1030 - CMSIS Pack Vendor :STMicroelectronics lwIP 2.0.3
2025-11-04 18:01:36,488 [INFO] ThirdParty:1030 - CMSIS Pack Vendor :WES I-CUBE-Cesium 1.4.0
2025-11-04 18:01:36,488 [INFO] ThirdParty:1030 - CMSIS Pack Vendor :STMicroelectronics USB_HOST 1.0.0
2025-11-04 18:01:36,488 [INFO] ThirdParty:1030 - CMSIS Pack Vendor :Infineon AIROC-Wi-Fi-Bluetooth-STM32 1.7.1
2025-11-04 18:01:36,488 [INFO] ThirdParty:1030 - CMSIS Pack Vendor :STMicroelectronics X-CUBE-AZRTOS-G4 2.0.0
2025-11-04 18:01:36,488 [INFO] ThirdParty:1030 - CMSIS Pack Vendor :STMicroelectronics X-CUBE-WB05N 2.0.0
2025-11-04 18:01:36,489 [INFO] ThirdParty:1030 - CMSIS Pack Vendor :STMicroelectronics PDM2PCM 3.1.0
2025-11-04 18:01:36,489 [INFO] ThirdParty:1030 - CMSIS Pack Vendor :STMicroelectronics PDM2PCM 3.3.0
2025-11-04 18:01:36,489 [INFO] ThirdParty:1030 - CMSIS Pack Vendor :wolfSSL I-CUBE-wolfTPM 3.8.0
2025-11-04 18:01:36,489 [INFO] ThirdParty:1030 - CMSIS Pack Vendor :STMicroelectronics X-CUBE-AZRTOS-H7 3.4.0
2025-11-04 18:01:36,489 [INFO] ThirdParty:1030 - CMSIS Pack Vendor :STMicroelectronics X-CUBE-DISPLAY 3.0.0
2025-11-04 18:01:36,489 [INFO] ThirdParty:1030 - CMSIS Pack Vendor :wolfSSL I-CUBE-wolfSSH 1.4.20
2025-11-04 18:01:36,489 [INFO] ThirdParty:1030 - CMSIS Pack Vendor :STMicroelectronics X-CUBE-NFC7 2.0.0
2025-11-04 18:01:36,489 [INFO] ThirdParty:1030 - CMSIS Pack Vendor :STMicroelectronics X-CUBE-TCPP 4.2.0
2025-11-04 18:01:36,489 [INFO] ThirdParty:1030 - CMSIS Pack Vendor :RealThread X-CUBE-RT-Thread_Nano 4.1.1
2025-11-04 18:01:36,489 [INFO] ThirdParty:1030 - CMSIS Pack Vendor :STMicroelectronics FP-ATR-SIGFOX1 3.2.0
2025-11-04 18:01:36,489 [INFO] ThirdParty:1030 - CMSIS Pack Vendor :STMicroelectronics X-CUBE-NFC10 1.0.0
2025-11-04 18:01:36,489 [INFO] ThirdParty:1030 - CMSIS Pack Vendor :STMicroelectronics X-CUBE-FREERTOS 1.3.1
2025-11-04 18:01:36,489 [INFO] ThirdParty:1030 - CMSIS Pack Vendor :STMicroelectronics HAL Drivers 0.0.0
2025-11-04 18:01:36,489 [INFO] ThirdParty:1030 - CMSIS Pack Vendor :STMicroelectronics MBEDTLS 2.16.2
2025-11-04 18:01:36,489 [INFO] ThirdParty:1030 - CMSIS Pack Vendor :STMicroelectronics X-CUBE-ST60 1.1.0
2025-11-04 18:01:36,489 [INFO] ThirdParty:1030 - CMSIS Pack Vendor :STMicroelectronics X-CUBE-ALS 1.0.2
2025-11-04 18:01:36,489 [INFO] ThirdParty:1030 - CMSIS Pack Vendor :emotas I-CUBE-CANOPEN 1.3.0
2025-11-04 18:01:36,489 [INFO] ThirdParty:1030 - CMSIS Pack Vendor :STMicroelectronics MBEDTLS 2.14.1
2025-11-04 18:01:36,489 [INFO] ThirdParty:1030 - CMSIS Pack Vendor :STMicroelectronics X-CUBE-GNSS1 7.1.0
2025-11-04 18:01:36,489 [INFO] ThirdParty:1030 - CMSIS Pack Vendor :ITTIA_DB I-CUBE-ITTIADB 8.9.0
2025-11-04 18:01:36,490 [INFO] ThirdParty:1030 - CMSIS Pack Vendor :STMicroelectronics X-CUBE-TOUCHGFX 4.26.0
2025-11-04 18:01:36,490 [INFO] ThirdParty:1030 - CMSIS Pack Vendor :STMicroelectronics X-CUBE-STSE01 1.0.0
2025-11-04 18:01:36,490 [INFO] ThirdParty:1030 - CMSIS Pack Vendor :STMicroelectronics FP-SNS-STBOX1 2.1.0
2025-11-04 18:01:36,490 [INFO] ThirdParty:1030 - CMSIS Pack Vendor :STMicroelectronics X-CUBE-AI 10.2.0
2025-11-04 18:01:36,490 [INFO] ThirdParty:1030 - CMSIS Pack Vendor :STMicroelectronics FP-SNS-STAIOTCFT 1.0.0
2025-11-04 18:01:36,490 [INFO] ThirdParty:1030 - CMSIS Pack Vendor :STMicroelectronics ThreadX 1.0.0
2025-11-04 18:01:36,490 [INFO] ThirdParty:1030 - CMSIS Pack Vendor :STMicroelectronics FP-SNS-SMARTAG2 1.2.0
2025-11-04 18:01:36,490 [INFO] ThirdParty:1030 - CMSIS Pack Vendor :STMicroelectronics FP-SNS-FLIGHT1 5.1.0
2025-11-04 18:01:36,490 [INFO] ThirdParty:1030 - CMSIS Pack Vendor :STMicroelectronics X-CUBE-AZRTOS-WL 2.0.0
2025-11-04 18:01:36,490 [INFO] ThirdParty:1030 - CMSIS Pack Vendor :SEGGER I-CUBE-embOS 1.3.1
2025-11-04 18:01:36,490 [INFO] ThirdParty:1030 - CMSIS Pack Vendor :STMicroelectronics X-CUBE-ALGOBUILD 1.4.0
2025-11-04 18:01:36,490 [INFO] ThirdParty:1030 - CMSIS Pack Vendor :STMicroelectronics X-CUBE-DPower 1.3.0
2025-11-04 18:01:36,490 [INFO] ThirdParty:1030 - CMSIS Pack Vendor :STMicroelectronics X-CUBE-MEMS1 11.3.0
2025-11-04 18:01:36,490 [INFO] ThirdParty:1030 - CMSIS Pack Vendor :STMicroelectronics USB_DEVICE 1.0.0
2025-11-04 18:01:36,490 [INFO] ThirdParty:1030 - CMSIS Pack Vendor :STMicroelectronics X-CUBE-AZRTOS-L4 2.0.0
2025-11-04 18:01:36,490 [INFO] ThirdParty:1030 - CMSIS Pack Vendor :STMicroelectronics ThreadX 0.0.2
2025-11-04 18:01:36,490 [INFO] ThirdParty:1030 - CMSIS Pack Vendor :STMicroelectronics lwIP 2.1.2
2025-11-04 18:01:36,490 [INFO] ThirdParty:1030 - CMSIS Pack Vendor :STMicroelectronics X-CUBE-SFXS2LP1 4.0.0
2025-11-04 18:01:36,490 [INFO] ThirdParty:1030 - CMSIS Pack Vendor :STMicroelectronics X-CUBE-BLE2 3.3.0
2025-11-04 18:01:36,490 [INFO] ThirdParty:1030 - CMSIS Pack Vendor :STMicroelectronics X-CUBE-TOF1 3.4.3
2025-11-04 18:01:36,490 [INFO] ThirdParty:1030 - CMSIS Pack Vendor :STMicroelectronics PDM2PCM 3.2.0
2025-11-04 18:01:36,490 [INFO] ThirdParty:841 - exiting critical section [change project]
2025-11-04 18:01:36,746 [INFO] PinOutPanel:1589 - setPackage(No Configuration,No Configuration)
2025-11-04 18:01:36,747 [INFO] PinOutPanel:1589 - setPackage(STM32F103RCTx,LQFP64)
2025-11-04 18:01:37,147 [INFO] UtilMem:75 - Before build in PCC Used Memory: 345332256 Bytes (751828992)
2025-11-04 18:01:37,453 [INFO] UtilMem:75 - After build in PCC Used Memory: 388850208 Bytes (751828992)
2025-11-04 18:01:37,465 [INFO] ApiDbMcu:532 - Load IP Config File for FREERTOS
2025-11-04 18:01:37,493 [INFO] IPUIPlugin:80 - create IPUIPlugin
2025-11-04 18:01:37,494 [INFO] IPUIPlugin:80 - create IPUIPlugin
2025-11-04 18:01:37,494 [INFO] IPUIPlugin:80 - create IPUIPlugin
2025-11-04 18:01:37,494 [INFO] IPUIPlugin:80 - create IPUIPlugin
2025-11-04 18:01:37,494 [INFO] IPUIPlugin:80 - create IPUIPlugin
2025-11-04 18:01:37,494 [INFO] IPUIPlugin:80 - create IPUIPlugin
2025-11-04 18:01:37,494 [INFO] IPUIPlugin:80 - create IPUIPlugin
2025-11-04 18:01:37,494 [INFO] IPUIPlugin:80 - create IPUIPlugin
2025-11-04 18:01:37,495 [INFO] IPUIPlugin:80 - create IPUIPlugin
2025-11-04 18:01:37,495 [INFO] IPUIPlugin:80 - create IPUIPlugin
2025-11-04 18:01:37,495 [INFO] IPUIPlugin:80 - create IPUIPlugin
2025-11-04 18:01:37,495 [INFO] IPUIPlugin:80 - create IPUIPlugin
2025-11-04 18:01:37,495 [INFO] IPUIPlugin:80 - create IPUIPlugin
2025-11-04 18:01:37,495 [INFO] IPUIPlugin:80 - create IPUIPlugin
2025-11-04 18:01:37,495 [INFO] IPUIPlugin:80 - create IPUIPlugin
2025-11-04 18:01:37,496 [INFO] IPUIPlugin:80 - create IPUIPlugin
2025-11-04 18:01:37,496 [INFO] IPUIPlugin:80 - create IPUIPlugin
2025-11-04 18:01:37,496 [INFO] IPUIPlugin:80 - create IPUIPlugin
2025-11-04 18:01:37,496 [INFO] IPUIPlugin:80 - create IPUIPlugin
2025-11-04 18:01:37,496 [INFO] IPUIPlugin:80 - create IPUIPlugin
2025-11-04 18:01:37,497 [INFO] IPUIPlugin:80 - create IPUIPlugin
2025-11-04 18:01:37,497 [INFO] IPUIPlugin:80 - create IPUIPlugin
2025-11-04 18:01:37,497 [INFO] IPUIPlugin:80 - create IPUIPlugin
2025-11-04 18:01:37,497 [INFO] IPUIPlugin:80 - create IPUIPlugin
2025-11-04 18:01:37,497 [INFO] IPUIPlugin:80 - create IPUIPlugin
2025-11-04 18:01:37,497 [INFO] IPUIPlugin:80 - create IPUIPlugin
2025-11-04 18:01:37,498 [INFO] IPUIPlugin:80 - create IPUIPlugin
2025-11-04 18:01:37,498 [INFO] IPUIPlugin:80 - create IPUIPlugin
2025-11-04 18:01:37,498 [INFO] IPUIPlugin:80 - create IPUIPlugin
2025-11-04 18:01:37,498 [INFO] IPUIPlugin:80 - create IPUIPlugin
2025-11-04 18:01:37,498 [INFO] IPUIPlugin:80 - create IPUIPlugin
2025-11-04 18:01:37,499 [INFO] IPUIPlugin:80 - create IPUIPlugin
2025-11-04 18:01:37,499 [INFO] IPUIPlugin:80 - create IPUIPlugin
2025-11-04 18:01:37,499 [INFO] IPUIPlugin:80 - create IPUIPlugin
2025-11-04 18:01:37,499 [INFO] IPUIPlugin:80 - create IPUIPlugin
2025-11-04 18:01:37,499 [INFO] IPUIPlugin:80 - create IPUIPlugin
2025-11-04 18:01:37,500 [INFO] IPUIPlugin:80 - create IPUIPlugin
2025-11-04 18:01:37,500 [INFO] IPUIPlugin:80 - create IPUIPlugin
2025-11-04 18:01:37,500 [INFO] IPUIPlugin:80 - create IPUIPlugin
2025-11-04 18:01:37,504 [WARN] IP:2250 - I2C_Coeff_DF not found: check if there is a RefParameter without a condition.
2025-11-04 18:01:37,504 [WARN] IP:2250 - Analog_Filter not found: check if there is a RefParameter without a condition.
2025-11-04 18:01:37,506 [WARN] IP:2250 - I2C_Coeff_DF not found: check if there is a RefParameter without a condition.
2025-11-04 18:01:37,506 [WARN] IP:2250 - Analog_Filter not found: check if there is a RefParameter without a condition.
2025-11-04 18:01:37,513 [WARN] FreeRTOS:1023 - Null or empty value: should not occur! (nothing added to the table)
2025-11-04 18:01:37,567 [INFO] CADModel:165 - CPN selected for project levelSTM32F103RCT6TR
2025-11-04 18:01:37,567 [INFO] CADModel:114 - Register for checkConnection events
2025-11-04 18:01:37,570 [INFO] RtosManager:728 - Active RTOS found at IOC load: FREERTOS [Cortex-M3NS]
2025-11-04 18:01:37,642 [INFO] OpenFileManager:386 - Restore cursor
2025-11-04 18:01:37,907 [WARN] IP:2250 - I2C_Coeff_DF not found: check if there is a RefParameter without a condition.
2025-11-04 18:01:37,907 [WARN] IP:2250 - Analog_Filter not found: check if there is a RefParameter without a condition.
2025-11-04 18:01:37,907 [WARN] IP:2250 - I2C_Coeff_DF not found: check if there is a RefParameter without a condition.
2025-11-04 18:01:37,907 [WARN] IP:2250 - Analog_Filter not found: check if there is a RefParameter without a condition.
2025-11-04 18:01:37,910 [WARN] IP:2250 - I2C_Coeff_DF not found: check if there is a RefParameter without a condition.
2025-11-04 18:01:37,910 [WARN] IP:2250 - Analog_Filter not found: check if there is a RefParameter without a condition.
2025-11-04 18:01:37,910 [WARN] IP:2250 - I2C_Coeff_DF not found: check if there is a RefParameter without a condition.
2025-11-04 18:01:37,910 [WARN] IP:2250 - Analog_Filter not found: check if there is a RefParameter without a condition.
2025-11-04 18:01:48,292 [WARN] IP:2250 - I2C_Coeff_DF not found: check if there is a RefParameter without a condition.
2025-11-04 18:01:48,292 [WARN] IP:2250 - Analog_Filter not found: check if there is a RefParameter without a condition.
2025-11-04 18:01:58,774 [INFO] NvicIntPanel:101 - NVIC parent = com.st.microxplorer.plugins.ip.nvic.MultiNvicIntPanel[,0,0,568x453,layout=javax.swing.BoxLayout,alignmentX=0.0,alignmentY=0.0,border=,flags=9,maximumSize=,minimumSize=,preferredSize=]
2025-11-04 18:01:59,847 [WARN] IP:2250 - I2C_Coeff_DF not found: check if there is a RefParameter without a condition.
2025-11-04 18:01:59,847 [WARN] IP:2250 - Analog_Filter not found: check if there is a RefParameter without a condition.
2025-11-04 18:02:07,990 [WARN] IP:2250 - I2C_Coeff_DF not found: check if there is a RefParameter without a condition.
2025-11-04 18:02:07,990 [WARN] IP:2250 - Analog_Filter not found: check if there is a RefParameter without a condition.
2025-11-04 18:06:11,660 [ERROR] ConfigurationRetriever:142 - IOException on connection: PKIX path building failed: sun.security.provider.certpath.SunCertPathBuilderException: unable to find valid certification path to requested target
2025-11-04 18:06:11,667 [ERROR] ConfigurationRetriever:142 - IOException on connection: PKIX path building failed: sun.security.provider.certpath.SunCertPathBuilderException: unable to find valid certification path to requested target
2025-11-04 18:06:11,676 [ERROR] ConfigurationRetriever:142 - IOException on connection: PKIX path building failed: sun.security.provider.certpath.SunCertPathBuilderException: unable to find valid certification path to requested target
2025-11-04 18:21:46,807 [INFO] WebApp:194 - Connection lost
2025-11-04 18:21:49,255 [INFO] WebApp:191 - Connection restablished
2025-11-04 18:21:56,347 [INFO] WebApp:194 - Connection lost
2025-11-04 18:21:58,300 [INFO] WebApp:191 - Connection restablished
2025-11-04 19:49:57,293 [ERROR] LogOutputStream:75 - [STDERR_REDIRECT] 
